0,0
0,0.0307377049180251
0,0.0614753966700895
1.43956961464939e-28,0.092213086246362
-7.89476861030401e-22,0.122950768682782
3.72192095231044e-21,0.153688443903541
-3.21158163545284e-20,0.18442611202778
-1.25757061972392e-19,0.215163773929652
6.13009128258465e-19,0.245901430156468
3.80825538165139e-18,0.276639079228242
3.95653638176333e-18,0.307376709260129
-2.49129851613926e-17,0.338114336859519
-1.12709416950592e-16,0.368851975572232
-1.91586493841584e-16,0.399589605489803
6.50127642394946e-17,0.430327218183962
1.22218433196032e-15,0.461064830582972
3.46118563000687e-15,0.491802453982045
5.15875269134027e-15,0.522540080247207
1.41364408624188e-15,0.553277702549043
-1.53321566420142e-14,0.584015323967917
-4.96950652399869e-14,0.614752924332377
-9.15294412137641e-14,0.645490516274442
-1.01798669007795e-13,0.676228119355895
-7.71601599156742e-15,0.706965729339527
2.75328622499401e-13,0.737703337062513
7.80152229333599e-13,0.768440949471849
1.38508019956467e-12,0.79917855577111
1.70811747288759e-12,0.829916144059464
1.0738926918523e-12,0.860653732340542
-1.34508454564846e-12,0.891391297293058
-6.12807438408841e-12,0.922128847398725
-1.29447453019913e-11,0.952866394544463
-1.97833488152057e-11,0.983603944045274
-2.24095493818392e-11,1.01434150661726
-1.45540837404231e-11,1.04507904724371
1.06501772357127e-11,1.07581656906353
5.76731470486049e-11,1.10655409283412
1.24226989716986e-10,1.13729163496663
1.96484714218871e-10,1.16802918535225
2.45660767733847e-10,1.19876674473686
2.28375126297247e-10,1.22950430150081
9.32989335968601e-11,1.26024186983107
-2.04241834673158e-10,1.29097945774341
-6.79939778838473e-10,1.32171701919901
-1.2935880557089e-09,1.35245454909552
-1.92410990716263e-09,1.38319210368468
-2.35617466923006e-09,1.41392961926299
-2.28963051109726e-09,1.44466711633911
-1.38198596892015e-09,1.47540461784992
6.70395731287999e-10,1.50614214091578
4.01510653310864e-09,1.53687969623242
8.50476748987315e-09,1.56761728800484
1.35635984943423e-08,1.59835489587906
1.80982743393846e-08,1.62909251109773
2.04985952975535e-08,1.65983012621135
1.87717929890883e-08,1.69056775098553
1.08413505756976e-08,1.72130536834506
-4.98427296066464e-09,1.75204298075149
-2.94043931621829e-08,1.78278059646538
-6.14559096840288e-08,1.81351821861179
-9.79006094921743e-08,1.84425583150085
-1.32826443440446e-07,1.87499344145354
-1.57636984200327e-07,1.90573105694243
-1.61592670813251e-07,1.93646866991313
-1.33021490323716e-07,1.96720627709557
-6.12335814355035e-08,1.99794387816545
6.09427295259155e-08,2.02868147747752
2.34225968569969e-07,2.05941907860443
4.49915755758907e-07,2.09015668178257
6.8739308589859e-07,2.12089428232074
9.12669128688975e-07,2.15163188011659
1.07858259150366e-06,2.18236947763251
1.12717332615338e-06,2.21310707427274
9.94583816349196e-07,2.24384466770805
6.18561192462636e-07,2.27458226057855
-5.17312629292014e-08,2.30531985463653
-1.04430214289151e-06,2.33605744460813
-2.35245506896151e-06,2.36679503374296
-3.92397362655321e-06,2.39753262531497
-5.65320186060008e-06,2.4282702130547
-7.37801966443068e-06,2.45900779861663
-8.88370582753878e-06,2.48974538595099
-9.91545538314592e-06,2.52048297242627
-1.02008109044657e-05,2.55122055507143
-9.48245396212017e-06,2.58195813822969
-7.56077995872003e-06,2.61269572190794
-4.34459729101656e-06,2.64343329299941
9.29160079887921e-08,2.67417085535392
5.45756504171257e-06,2.70490841438612
1.11822279635074e-05,2.73564596600546
1.63796369816616e-05,2.76638351082011
1.97858856626689e-05,2.797121057031
1.96705751554505e-05,2.82785861072003
1.36943494397913e-05,2.85859615657924
-1.29147064607953e-06,2.8893336983773
-2.94975639978877e-05,2.92007124514766
-7.64937120179314e-05,2.95080879335153
-0.000149535099413678,2.98154633940485
-0.000257886115798193,3.01228388932094
-0.000413140389181129,3.04302144035233
-0.000629636653912297,3.07375897496485
-0.000925106493885429,3.10449649993973
-0.00132160583924333,3.13523402480085
-0.00184670991292369,3.16597154570593
-0.00253494981878887,3.19670904912333
-0.00342947244292453,3.22744654094373
-0.00458391365560968,3.25818402489934
-0.00606455758877372,3.28892150278033
-0.00795295813500495,3.31965897993268
-0.0103491262180923,3.35039646694123
-0.0133751788087844,3.38113394442709
-0.01717938810312,3.41187141835185
-0.0219410617078935,3.44260889167796
-0.0278763538691117,3.47334636936577
-0.035243531461485,3.50408384334582
-0.0443454822550559,3.53482131450884
-0.0555284823597118,3.56555878170309
-0.0691777006781473,3.59629625576355
-0.0857104883627884,3.62703373916518
-0.105568387534811,3.65777121473949
-0.129208378618887,3.68850868366583
-0.157093526833594,3.71924615602871
-0.189682799871741,3.74998363983664
-0.227419975327418,3.7807211184813
-0.270722068436631,3.8114585871987
-0.319968780952868,3.84219604359927
-0.375494779245857,3.87293348707869
-0.437585946213572,3.90367092087873
-0.506479497923,3.93440835638943
-0.582366913022196,3.9651458031682
-0.665398716287652,3.99588323612949
-0.755689588541673,4.02662066342781
-0.853323253770806,4.05735809787429
-0.958355734225437,4.08809551945441
-1.07082199291917,4.11883254191276
-1.19073758670155,4.14956924817533
-1.31810139401584,4.1803056829462
-1.45289735671994,4.21104191688151
-1.59509515097625,4.24177803972909
-1.74464983988582,4.27251411812159
-1.90150079849621,4.30325017316942
-2.06557040028508,4.33398621557665
-2.23676341060427,4.36472228647609
-2.41496830362433,4.39545843021019
-2.60006110108817,4.42619463191752
-2.79190915567681,4.45693087941377
-2.99037370242926,4.48766717483715
-3.19531103554842,4.51840353530914
-3.40657314705535,4.54913997351127
-3.62400839169955,4.57987648517662
-3.84746222089655,4.61061306159018
-4.0767781046403,4.6413497081172
-4.31179913228728,4.67208643809173
-4.5523703211001,4.7028232565976
-4.79834148274577,4.7335601454795
-5.04956946549169,4.76429709780639
-5.30591970471561,4.79503411861573
-5.56726720000609,4.82577121504001
-5.83349727031901,4.8565083846916
-6.10450619236635,4.88724561949705
-6.38020158373184,4.91798291554276
-6.66050234359635,4.94872027535161
-6.94533811539796,4.979457700715
-7.23464801448851,5.01019518616414
-7.52837982366418,5.04093268804242
-7.82648786719021,5.07167019708818
-8.12893076188163,5.10240771669718
-8.43566932558114,5.13314525068526
-8.74666438235632,5.16388280339748
-9.0618744990003,5.19462036996291
-9.38125473089932,5.22535793377233
-9.70475656325172,5.2560954972625
-10.0323287443851,5.2868330558875
-10.363916203513,5.31757060869165
-10.6994571373867,5.348308157466
-11.0388796780176,5.37904570409449
-11.3820981606754,5.4097832503655
-11.7290085456218,5.44052079761664
-12.0794830315879,5.47125834815924
-12.4333640339119,5.50199589296608
-12.7904579221571,5.53273342355077
-13.1505300749603,5.56347093947583
-13.5133021242324,5.5942084409732
-13.878450739691,5.62494592785282
-14.2456074012816,5.65568339947417
-14.6143572131669,5.68642085637581
-14.9842369669711,5.71715829905984
-15.3547340734693,5.74789572797361
-15.7252875896376,5.77863314349688
-16.0952910200564,5.80937054560015
-16.4640958098006,5.84010793343786
-16.8310204858654,5.87084530648247
-17.195375735664,5.9015826646711
-17.5565000881664,5.93232000790676
-17.9137900008201,5.96305733607735
-18.266715241734,5.99379464907411
-18.6148207454818,6.02453194680869
-18.957721453591,6.05526922922763
-19.2950954820657,6.08600649603153
-19.6266792316588,6.116743746741
-19.9522631600265,6.14748098090424
-20.2716879179128,6.17821819719869
-20.5848406681952,6.2089553956445
-20.8916530800311,6.23969257635527
-21.192102820093,6.27042973657057
-21.4862143548244,6.30116687331877
-21.7740546785246,6.33190398657803
-22.0557223594297,6.36264107655357
-22.3313230773576,6.39337814367871
-22.6009571855363,6.42411518860304
-22.8647201213204,6.45485221216982
-23.1227024576199,6.48558921538617
-23.374986247793,6.51632619938949
-23.6216400481126,6.5470631654133
-23.8627157126323,6.57780011475514
-24.0982459000308,6.60853704874852
-24.3282378150134,6.63927396729404
-24.5526636095702,6.67001086588268
-24.7714537862736,6.70074774579697
-24.9844983429894,6.73148460850446
-25.1916536250083,6.7622214556427
-25.3927513979553,6.79295828900365
-25.5876092511167,6.82369511051795
-25.7760429114337,6.85443192223896
-25.9578815703682,6.88516872632646
-26.1329868393983,6.91590552502959
-26.3012714165804,6.94664232066855
-26.4627100811119,6.97737911561463
-26.6173403986884,7.00811591226848
-26.7652562237794,7.03885271303696
-26.906598334069,7.06958952030964
-27.0415447990397,7.10032633643584
-27.1703022542295,7.13106316370365
-27.293098491443,7.16180000432151
-27.4101761187881,7.19253686040257
-27.5217866977533,7.2232737339517
-27.6281850248428,7.2540106268543
-27.7296237481513,7.28474754086645
-27.8263485138026,7.31548447760581
-27.9185936111924,7.34622143854338
-28.006578400251,7.37695842499609
-28.0905052639506,7.40769543812112
-28.1705593617062,7.4384324789125
-28.2469093751666,7.4691695482009
-28.3197084140889,7.49990664665739
-28.3890949129201,7.53064377480156
-28.4551935815698,7.56138093301421
-28.5181164687031,7.59211812155479
-28.5779642096374,7.62285534058371
-28.6348275441733,7.65359259018911
-28.6887891546759,7.68432987041615
-28.7399258213253,7.71506718129446
-28.7883108413128,7.74580452285781
-28.8340166198162,7.77654189161867
-28.877117267622,7.80727927890496
-28.9176909548759,7.83801667739312
-28.9558217282702,7.86875409188753
-28.9916006362981,7.89949152656732
-29.0251260097513,7.93022898503897
-29.0565029654916,7.96096645244006
-29.0858421280096,7.99170392747885
-29.1132578104241,8.02244141274563
-29.1388659040006,8.05317890471282
-29.1627817193015,8.08391639544812
-29.1851179647047,8.11465388584316
-29.2059830574441,8.14539137305661
-29.2254798228689,8.17612886118787
-29.2437046165706,8.2068663564858
-29.260746861717,8.23760385565525
-29.276688932772,8.26834135283792
-29.2916063234119,8.2990788427264
-29.3055680163203,8.32981632838265
-29.3186370107085,8.36055380723493
-29.330870931531,8.39129127999741
-29.3423226700753,8.42202874993356
-29.3530410267369,8.45276621130795
-29.363071300665,8.48350366635523
-29.3724558081982,8.51424111886387
-29.3812343277022,8.54497855835867
-29.3894444405722,8.5757159841242
-29.3971217793079,8.60645340022753
-29.404300191298,8.63719081029395
-29.4110118289678,8.6679282174996
-29.4172871894299,8.69866561851804
-29.423155115265,8.72940301602743
-29.4286427814701,8.76014041304561
-29.4337756842413,8.79087781214947
-29.4385776439343,8.82161521549128
-29.4430708301806,8.85235262370208
-29.4472758127185,8.88309003469901
-29.4512116352063,8.91382744750163
-29.4548959094796,8.94456486048741
-29.4583449224255,8.97530227571793
-29.4615737504568,9.00603969378766
-29.4645963770712,9.03677710900118
-29.4674258039384,9.06751452340937
-29.4700741547364,9.09825193908479
-29.4725527680161,9.12898935778922
-29.474872277359,9.1597267810108
-29.4770426781076,9.19046420999726
-29.4790733811493,9.22120164407437
-29.480973255777,9.25193907816326
-29.482750661387,9.28267651337066
-29.4844134726035,9.3134139478837
-29.4859690984514,9.34415138352158
-29.4874244991896,9.37488881899155
-29.488786201962,9.4056262533111
-29.4900603167597,9.43636368691204
-29.4912525536725,9.46710112075948
-29.4923682419066,9.49783855527132
-29.4934123502218,9.52857599209311
-29.4943895088654,9.55931343045686
-29.4953040323584,9.59005086870006
-29.4961599422577,9.62078830836032
-29.496960989569,9.65152575070626
-29.4977106765633,9.68226319252149
-29.4984122767899,9.71300063496192
-29.499068853482,9.74373807775948
-29.4996832761324,9.7744755184637
-29.5002582348258,9.80521295872603
-29.50079625275,9.83595039998303
-29.5012996970479,9.86668784274192
-29.5017707882321,9.89742528791699
-29.5022116084971,9.9281627366392
-29.5026241092911,9.95890018886628
-29.5030101183321,9.9896376449817
-29.503371346248,10.0203751057875
-29.503709393131,10.0511125680709
-29.5040257548947,10.0818500299156
-29.5043218295201,10.1125874911675
-29.5045989231908,10.1433249529402
-29.5048582563072,10.1740624162249
-29.5051009693034,10.204799881901
-29.5053281282981,10.2355373478382
-29.5055407304387,10.2662748131715
-29.5057397089118,10.2970122789982
-29.5059259376165,10.3277497462941
-29.5061002354529,10.3584872159243
-29.5062633702058,10.3892246886518
-29.5064160620184,10.4199621651443
-29.5065589864647,10.4506996459798
-29.5066927772444,10.481437131651
-29.5068180285381,10.5121746225701
-29.5069352970708,10.5429121190731
-29.507045103938,10.5736496214249
-29.5071479362533,10.6043871298245
-29.507244248672,10.6351246444115
-29.5073344648427,10.6658621652718
-29.5074189788321,10.6965996924453
-29.507498156557,10.7273372259319
-29.5075723372507,10.7580747656989
-29.5076418349798,10.7888123116872
-29.5077069402185,10.8195498638169
-29.5077679214757,10.8502874219923
-29.5078250269838,10.8810249834922
-29.5078784864016,10.9117625484465
-29.5079285125328,10.942500117162
-29.5079753030274,10.9732376898864
-29.5080190420392,11.0039752668169
-29.5080599018096,11.0347128481075
-29.5080980441498,11.0654504338752
-29.508133621796,11.0961880242051
-29.5081667796169,11.1269256191552
-29.5081976556578,11.1576632187594
-29.5082263820099,11.1884008229423
-29.5082530855045,11.2191384313073
-29.5082778882324,11.2498760438702
-29.5083009078994,11.2806136596433
-29.508322258035,11.3113512772148
-29.5083420480664,11.3420888968921
-29.5083603832857,11.372826518936
-29.5083773647329,11.4035641435634
-29.5083930890186,11.4343017709496
-29.5084076481111,11.4650394012312
-29.5084211291124,11.4957770345072
-29.5084336140446,11.5265146708421
-29.5084451796669,11.5572523102676
-29.5084558973422,11.5879899527851
-29.5084658329674,11.6187275983688
-29.5084750469732,11.6494652528191
-29.5084835944157,11.6802029098672
-29.5084915251458,11.7109405694254
-29.5084988840633,11.7416782313997
-29.508505711447,11.7724158956916
-29.5085120433487,11.8031535622012
-29.5085179120381,11.8338912308287
-29.5085233464778,11.8646289014764
-29.5085283728124,11.8953665740505
-29.5085330148495,11.9261042484617
-29.5085372945163,11.9568419246266
-29.5085412322749,11.9875796024676
-29.5085448474851,12.0183172819135
-29.5085481587037,12.0490549628987
-29.5085511839186,12.0797926453629
-29.5085539407137,12.1105303292507
-29.5085564463712,12.14126801451
-29.5085587179133,12.1720057010916
-29.5085607720956,12.202743388948
-29.5085626253595,12.2334810780325
-29.5085642937557,12.2642187682982
-29.5085657928492,12.2949564596975
-29.5085671376172,12.3256941521816
-29.5085683423475,12.3564318456997
-29.508569420547,12.3871695401997
-29.5085703848656,12.4179072356274
-29.5085712470392,12.4486449319273
-29.5085720178553,12.4793826290429
-29.5085727071412,12.5101203269168
-29.5085733237738,12.5408580254919
-29.5085738757094,12.5715957247114
-29.5085743700304,12.60233342452
-29.5085748130046,12.6330711248641
-29.5085752101547,12.6638088256924
-29.5085755663326,12.6945465269566
-29.5085758857958,12.7252842286113
-29.5085761722829,12.7560219306149
-29.508576429085,12.7867596329291
-29.5085766591114,12.8174973355195
-29.5085768649479,12.8482350383551
-29.508577048908,12.8789727414085
-29.5085772130752,12.9097104446555
-29.5085773593386,12.940448148075
-29.50857748942,12.9711858516485
-29.5085776048961,13.0019235553599
-29.5085777072146,13.0326612591954
-29.5085777977065,13.0633989631427
-29.508577877595,13.0941366671913
-29.5085779480023,13.1248743713315
-29.508578009955,13.1556120755551
-29.5085780643883,13.1863497798544
-29.5085781121508,13.2170874842225
-29.5085781540085,13.247825188653
-29.5085781906495,13.2785628931401
-29.5085782226889,13.3093005976781
-29.5085782506743,13.340038302262
-29.5085782750911,13.370776006887
-29.5085782963681,13.4015137115486
-29.5085783148834,13.4322514162427
-29.50857833097,13.4629891209656
-29.5085783449206,13.4937268257137
-29.5085783569929,13.5244645304839
-29.5085783674138,13.5552022352734
-29.5085783763837,13.5859399400799
-29.5085783840796,13.616677644901
-29.5085783906582,13.6474153497349
-29.5085783962588,13.6781530545798
-29.5085784010049,13.7088907594345
-29.5085784050066,13.7396284642977
-29.5085784083617,13.7703661691683
-29.5085784111571,13.8011038740454
-29.50857841347,13.8318415789283
-29.5085784153686,13.8625792838162
-29.5085784169132,13.8933169887086
-29.5085784181568,13.9240546936049
-29.5085784191458,13.9547923985047
-29.5085784199208,13.9855301034075
-29.5085784205167,14.016267808313
-29.508578420964,14.0470055132201
-29.5085784212886,14.0777432181281
-29.5085784215128,14.1084809230369
-29.5085784216555,14.1392186279465
-29.5085784217328,14.1699563328565
-29.508578421758,14.2006940377671
-29.5085784217424,14.2314317426782
-29.5085784216954,14.2621694475899
-29.5085784216247,14.2929071525021
-29.5085784215367,14.3236448574148
-29.5085784214367,14.3543825623279
-29.5085784213289,14.3851202672415
-29.5085784212166,14.4158579721554
-29.5085784211028,14.4465956770697
-29.5085784209895,14.4773333819843
-29.5085784208785,14.5080710868991
-29.5085784207711,14.538808791814
-29.5085784206684,14.5695464967292
-29.508578420571,14.6002842016445
-29.5085784204796,14.6310219065599
-29.5085784203944,14.6617596114753
-29.5085784203157,14.6924973163907
-29.5085784202435,14.7232350213062
-29.5085784201778,14.7539727262217
-29.5085784201185,14.7847104311373
-29.5085784200654,14.815448136053
-29.5085784200183,14.8461858409689
-29.5085784199767,14.8769235458849
-29.5085784199405,14.9076612508011
-29.5085784199091,14.9383989557175
-29.5085784198822,14.9691366606341
-29.5085784198595,14.9998743655508
-29.5085784198405,15.0306120704677
-29.5085784198248,15.0613497753848
-29.5085784198121,15.092087480302
-29.508578419802,15.1228251852194
-29.5085784197942,15.1535628901368
-29.5085784197884,15.1843005950544
-29.5085784197843,15.2150382999721
-29.5085784197817,15.2457760048897
-29.5085784197804,15.2765137098074
-29.5085784197801,15.3072514147252
-29.5085784197808,15.3379891196429
-29.5085784197823,15.3687268245607
-29.5085784197843,15.3994645294785
-29.508578419787,15.4302022343963
-29.50857841979,15.4609399393141
-29.5085784197935,15.4916776442319
-29.5085784197971,15.5224153491498
-29.508578419801,15.5531530540676
-29.5085784198051,15.5838907589855
-29.5085784198092,15.6146284639034
-29.5085784198133,15.6453661688213
-29.5085784198174,15.6761038737392
-29.5085784198215,15.7068415786571
-29.5085784198254,15.737579283575
-29.5085784198293,15.7683169884929
-29.508578419833,15.7990546934109
-29.5085784198365,15.8297923983288
-29.5085784198399,15.8605301032468
-29.508578419843,15.8912678081647
-29.508578419846,15.9220055130827
-29.5085784198489,15.9527432180006
-29.5085784198515,15.9834809229186
-29.5085784198539,16.0142186278366
-29.5085784198562,16.0449563327546
-29.5085784198583,16.0756940376725
-29.5085784198603,16.1064317425905
-29.5085784198621,16.1371694475085
-29.5085784198638,16.1679071524265
-29.5085784198654,16.1986448573445
-29.5085784198668,16.2293825622625
-29.5085784198681,16.2601202671805
-29.5085784198693,16.2908579720985
-29.5085784198703,16.3215956770165
-29.5085784198713,16.3523333819345
-29.5085784198722,16.3830710868525
-29.508578419873,16.4138087917705
-29.5085784198737,16.4445464966885
-29.5085784198744,16.4752842016065
-29.5085784198749,16.5060219065246
-29.5085784198754,16.5367596114426
-29.5085784198759,16.5674973163606
-29.5085784198762,16.5982350212786
-29.5085784198766,16.6289727261966
-29.5085784198769,16.6597104311146
-29.5085784198771,16.6904481360326
-29.5085784198773,16.7211858409507
-29.5085784198775,16.7519235458687
-29.5085784198777,16.7826612507867
-29.5085784198778,16.8133989557047
-29.5085784198779,16.8441366606227
-29.508578419878,16.8748743655408
-29.5085784198781,16.9056120704588
-29.5085784198781,16.9363497753768
-29.5085784198782,16.9670874802948
-29.5085784198782,16.9978251852128
-29.5085784198782,17.0285628901309
-29.5085784198783,17.0593005950489
-29.5085784198783,17.0900382999669
-29.5085784198783,17.1207760048849
-29.5085784198783,17.151513709803
-29.5085784198782,17.182251414721
-29.5085784198782,17.212989119639
-29.5085784198782,17.243726824557
-29.5085784198782,17.2744645294751
-29.5085784198782,17.3052022343931
-29.5085784198781,17.3359399393111
-29.5085784198781,17.3666776442291
-29.5085784198781,17.3974153491472
-29.508578419878,17.4281530540652
-29.508578419878,17.4588907589832
-29.508578419878,17.4896284639012
-29.508578419878,17.5203661688193
-29.5085784198779,17.5511038737373
-29.5085784198779,17.5818415786553
-29.5085784198779,17.6125792835733
-29.5085784198779,17.6433169884914
-29.5085784198778,17.6740546934094
-29.5085784198778,17.7047923983274
-29.5085784198778,17.7355301032454
-29.5085784198778,17.7662678081635
-29.5085784198778,17.7970055130815
-29.5085784198777,17.8277432179995
-29.5085784198777,17.8584809229175
-29.5085784198777,17.8892186278356
-29.5085784198777,17.9199563327536
-29.5085784198777,17.9506940376716
-29.5085784198777,17.9814317425896
-29.5085784198777,18.0121694475076
-29.5085784198776,18.0429071524257
-29.5085784198776,18.0736448573437
-29.5085784198776,18.1043825622617
-29.5085784198776,18.1351202671797
-29.5085784198776,18.1658579720978
-29.5085784198776,18.1965956770158
-29.5085784198776,18.2273333819338
-29.5085784198776,18.2580710868518
-29.5085784198776,18.2888087917699
-29.5085784198776,18.3195464966879
-29.5085784198776,18.3502842016059
-29.5085784198776,18.3810219065239
-29.5085784198776,18.411759611442
-29.5085784198776,18.44249731636
-29.5085784198776,18.473235021278
-29.5085784198776,18.503972726196
-29.5085784198775,18.5347104311141
-29.5085784198775,18.5654481360321
-29.5085784198775,18.5961858409501
-29.5085784198775,18.6269235458681
-29.5085784198775,18.6576612507862
-29.5085784198775,18.6883989557042
-29.5085784198775,18.7191366606222
-29.5085784198775,18.7498743655402
-29.5085784198775,18.7806120704583
-29.5085784198775,18.8113497753763
-29.5085784198775,18.8420874802943
-29.5085784198775,18.8728251852123
-29.5085784198775,18.9035628901304
-29.5085784198775,18.9343005950484
-29.5085784198775,18.9650382999664
-29.5085784198775,18.9957760048844
-29.5085784198775,19.0265137098025
-29.5085784198775,19.0572514147205
-29.5085784198775,19.0879891196385
-29.5085784198775,19.1187268245565
-29.5085784198775,19.1494645294746
-29.5085784198775,19.1802022343926
-29.5085784198775,19.2109399393106
-29.5085784198775,19.2416776442286
-29.5085784198775,19.2724153491467
-29.5085784198775,19.3031530540647
-29.5085784198775,19.3338907589827
-29.5085784198775,19.3646284639007
-29.5085784198775,19.3953661688188
-29.5085784198775,19.4261038737368
-29.5085784198775,19.4568415786548
-29.5085784198775,19.4875792835728
-29.5085784198775,19.5183169884909
-29.5085784198775,19.5490546934089
-29.5085784198775,19.5797923983269
-29.5085784198775,19.6105301032449
-29.5085784198775,19.641267808163
-29.5085784198775,19.672005513081
-29.5085784198775,19.702743217999
-29.5085784198775,19.733480922917
-29.5085784198775,19.7642186278351
-29.5085784198775,19.7949563327531
-29.5085784198775,19.8256940376711
-29.5085784198775,19.8564317425891
-29.5085784198775,19.8871694475072
-29.5085784198775,19.9179071524252
-29.5085784198775,19.9486448573432
-29.5085784198775,19.9793825622612
-29.5085784198775,20.0101202671792
-29.5085784198775,20.0408579720973
-29.5085784198775,20.0715956770153
-29.5085784198775,20.1023333819333
-29.5085784198775,20.1330710868513
-29.5085784198775,20.1638087917694
-29.5085784198775,20.1945464966874
-29.5085784198775,20.2252842016054
-29.5085784198775,20.2560219065234
-29.5085784198775,20.2867596114415
-29.5085784198775,20.3174973163595
-29.5085784198775,20.3482350212775
-29.5085784198775,20.3789727261955
-29.5085784198775,20.4097104311136
-29.5085784198775,20.4404481360316
-29.5085784198775,20.4711858409496
-29.5085784198775,20.5019235458676
-29.5085784198775,20.5326612507857
-29.5085784198775,20.5633989557037
-29.5085784198775,20.5941366606217
-29.5085784198775,20.6248743655397
-29.5085784198775,20.6556120704578
-29.5085784198775,20.6863497753758
-29.5085784198775,20.7170874802938
-29.5085784198775,20.7478251852118
-29.5085784198775,20.7785628901299
-29.5085784198775,20.8093005950479
-29.5085784198775,20.8400382999659
-29.5085784198775,20.8707760048839
-29.5085784198775,20.901513709802
-29.5085784198775,20.93225141472
-29.5085784198775,20.962989119638
-29.5085784198775,20.993726824556
-29.5085784198775,21.0244645294741
-29.5085784198775,21.0552022343921
-29.5085784198775,21.0859399393101
-29.5085784198775,21.1166776442281
-29.5085784198775,21.1474153491462
-29.5085784198775,21.1781530540642
-29.5085784198775,21.2088907589822
-29.5085784198775,21.2396284639002
-29.5085784198775,21.2703661688183
-29.5085784198775,21.3011038737363
-29.5085784198775,21.3318415786543
-29.5085784198775,21.3625792835723
-29.5085784198775,21.3933169884904
-29.5085784198775,21.4240546934084
-29.5085784198775,21.4547923983264
-29.5085784198775,21.4855301032444
-29.5085784198775,21.5162678081625
-29.5085784198775,21.5470055130805
-29.5085784198775,21.5777432179985
-29.5085784198775,21.6084809229165
-29.5085784198775,21.6392186278346
-29.5085784198775,21.6699563327526
-29.5085784198775,21.7006940376706
-29.5085784198775,21.7314317425886
-29.5085784198775,21.7621694475067
-29.5085784198775,21.7929071524247
-29.5085784198775,21.8236448573427
-29.5085784198775,21.8543825622607
-29.5085784198775,21.8851202671788
-29.5085784198775,21.9158579720968
-29.5085784198775,21.9465956770148
-29.5085784198775,21.9773333819328
-29.5085784198775,22.0080710868509
-29.5085784198775,22.0388087917689
-29.5085784198775,22.0695464966869
-29.5085784198775,22.1002842016049
-29.5085784198775,22.1310219065229
-29.5085784198775,22.161759611441
-29.5085784198775,22.192497316359
-29.5085784198775,22.223235021277
-29.5085784198775,22.253972726195
-29.5085784198775,22.2847104311131
-29.5085784198775,22.3154481360311
-29.5085784198775,22.3461858409491
-29.5085784198775,22.3769235458671
-29.5085784198775,22.4076612507852
-29.5085784198775,22.4383989557032
-29.5085784198775,22.4691366606212
-29.5085784198775,22.4998743655392
-29.5085784198775,22.5306120704573
-29.5085784198775,22.5613497753753
-29.5085784198775,22.5920874802933
-29.5085784198775,22.6228251852113
-29.5085784198775,22.6535628901294
-29.5085784198775,22.6843005950474
-29.5085784198775,22.7150382999654
-29.5085784198775,22.7457760048834
-29.5085784198775,22.7765137098015
-29.5085784198775,22.8072514147195
-29.5085784198775,22.8379891196375
-29.5085784198775,22.8687268245555
-29.5085784198775,22.8994645294736
-29.5085784198775,22.9302022343916
-29.5085784198775,22.9609399393096
-29.5085784198775,22.9916776442276
-29.5085784198775,23.0224153491457
-29.5085784198775,23.0531530540637
-29.5085784198775,23.0838907589817
-29.5085784198775,23.1146284638997
-29.5085784198775,23.1453661688178
-29.5085784198775,23.1761038737358
-29.5085784198775,23.2068415786538
-29.5085784198775,23.2375792835718
-29.5085784198775,23.2683169884899
-29.5085784198775,23.2990546934079
-29.5085784198775,23.3297923983259
-29.5085784198775,23.3605301032439
-29.5085784198775,23.391267808162
-29.5085784198775,23.42200551308
-29.5085784198775,23.452743217998
-29.5085784198775,23.483480922916
-29.5085784198775,23.5142186278341
-29.5085784198775,23.5449563327521
-29.5085784198775,23.5756940376701
-29.5085784198775,23.6064317425881
-29.5085784198775,23.6371694475062
-29.5085784198775,23.6679071524242
-29.5085784198775,23.6986448573422
-29.5085784198775,23.7293825622602
-29.5085784198775,23.7601202671783
-29.5085784198775,23.7908579720963
-29.5085784198775,23.8215956770143
-29.5085784198775,23.8523333819323
-29.5085784198775,23.8830710868504
-29.5085784198775,23.9138087917684
-29.5085784198775,23.9445464966864
-29.5085784198775,23.9752842016044
-29.5085784198775,24.0060219065225
-29.5085784198775,24.0367596114405
-29.5085784198775,24.0674973163585
-29.5085784198775,24.0982350212765
-29.5085784198775,24.1289727261946
-29.5085784198775,24.1597104311126
-29.5085784198775,24.1904481360306
-29.5085784198775,24.2211858409486
-29.5085784198775,24.2519235458666
-29.5085784198775,24.2826612507847
-29.5085784198775,24.3133989557027
-29.5085784198775,24.3441366606207
-29.5085784198775,24.3748743655387
-29.5085784198775,24.4056120704568
-29.5085784198775,24.4363497753748
-29.5085784198775,24.4670874802928
-29.5085784198775,24.4978251852108
-29.5085784198775,24.5285628901289
-29.5085784198775,24.5593005950469
-29.5085784198775,24.5900382999649
-29.5085784198775,24.6207760048829
-29.5085784198775,24.651513709801
-29.5085784198775,24.682251414719
-29.5085784198775,24.712989119637
-29.5085784198775,24.743726824555
-29.5085784198775,24.7744645294731
-29.5085784198775,24.8052022343911
-29.5085784198775,24.8359399393091
-29.5085784198775,24.8666776442271
-29.5085784198775,24.8974153491452
-29.5085784198775,24.9281530540632
-29.5085784198775,24.9588907589812
-29.5085784198775,24.9896284638992
-29.5085784198775,25.0203661688173
-29.5085784198775,25.0511038737353
-29.5085784198775,25.0818415786533
-29.5085784198775,25.1125792835713
-29.5085784198775,25.1433169884894
-29.5085784198775,25.1740546934074
-29.5085784198775,25.2047923983254
-29.5085784198775,25.2355301032434
-29.5085784198775,25.2662678081615
-29.5085784198775,25.2970055130795
-29.5085784198775,25.3277432179975
-29.5085784198775,25.3584809229155
-29.5085784198775,25.3892186278336
-29.5085784198775,25.4199563327516
-29.5085784198775,25.4506940376696
-29.5085784198775,25.4814317425876
-29.5085784198775,25.5121694475057
-29.5085784198775,25.5429071524237
-29.5085784198775,25.5736448573417
-29.5085784198775,25.6043825622597
-29.5085784198775,25.6351202671778
-29.5085784198775,25.6658579720958
-29.5085784198775,25.6965956770138
-29.5085784198775,25.7273333819318
-29.5085784198775,25.7580710868499
-29.5085784198775,25.7888087917679
-29.5085784198775,25.8195464966859
-29.5085784198775,25.8502842016039
-29.5085784198775,25.881021906522
-29.5085784198775,25.91175961144
-29.5085784198775,25.942497316358
-29.5085784198775,25.973235021276
-29.5085784198775,26.0039727261941
-29.5085784198775,26.0347104311121
-29.5085784198775,26.0654481360301
-29.5085784198775,26.0961858409481
-29.5085784198775,26.1269235458662
-29.5085784198775,26.1576612507842
-29.5085784198775,26.1883989557022
-29.5085784198775,26.2191366606202
-29.5085784198775,26.2498743655383
-29.5085784198775,26.2806120704563
-29.5085784198775,26.3113497753743
-29.5085784198775,26.3420874802923
-29.5085784198775,26.3728251852103
-29.5085784198775,26.4035628901284
-29.5085784198775,26.4343005950464
-29.5085784198775,26.4650382999644
-29.5085784198775,26.4957760048824
-29.5085784198775,26.5265137098005
-29.5085784198775,26.5572514147185
-29.5085784198775,26.5879891196365
-29.5085784198775,26.6187268245545
-29.5085784198775,26.6494645294726
-29.5085784198775,26.6802022343906
-29.5085784198775,26.7109399393086
-29.5085784198775,26.7416776442266
-29.5085784198775,26.7724153491447
-29.5085784198775,26.8031530540627
-29.5085784198775,26.8338907589807
-29.5085784198775,26.8646284638987
-29.5085784198775,26.8953661688168
-29.5085784198775,26.9261038737348
-29.5085784198775,26.9568415786528
-29.5085784198775,26.9875792835708
-29.5085784198775,27.0183169884889
-29.5085784198775,27.0490546934069
-29.5085784198775,27.0797923983249
-29.5085784198775,27.1105301032429
-29.5085784198775,27.141267808161
-29.5085784198775,27.172005513079
-29.5085784198775,27.202743217997
-29.5085784198775,27.233480922915
-29.5085784198775,27.2642186278331
-29.5085784198775,27.2949563327511
-29.5085784198775,27.3256940376691
-29.5085784198775,27.3564317425871
-29.5085784198775,27.3871694475052
-29.5085784198775,27.4179071524232
-29.5085784198775,27.4486448573412
-29.5085784198775,27.4793825622592
-29.5085784198775,27.5101202671773
-29.5085784198775,27.5408579720953
-29.5085784198775,27.5715956770133
-29.5085784198775,27.6023333819313
-29.5085784198775,27.6330710868494
-29.5085784198775,27.6638087917674
-29.5085784198775,27.6945464966854
-29.5085784198775,27.7252842016034
-29.5085784198775,27.7560219065215
-29.5085784198775,27.7867596114395
-29.5085784198775,27.8174973163575
-29.5085784198775,27.8482350212755
-29.5085784198775,27.8789727261936
-29.5085784198775,27.9097104311116
-29.5085784198775,27.9404481360296
-29.5085784198775,27.9711858409476
-29.5085784198775,28.0019235458657
-29.5085784198775,28.0326612507837
-29.5085784198775,28.0633989557017
-29.5085784198775,28.0941366606197
-29.5085784198775,28.1248743655378
-29.5085784198775,28.1556120704558
-29.5085784198775,28.1863497753738
-29.5085784198775,28.2170874802918
-29.5085784198775,28.2478251852099
-29.5085784198775,28.2785628901279
-29.5085784198775,28.3093005950459
-29.5085784198775,28.3400382999639
-29.5085784198775,28.370776004882
-29.5085784198775,28.4015137098
-29.5085784198775,28.432251414718
-29.5085784198775,28.462989119636
-29.5085784198775,28.493726824554
-29.5085784198775,28.5244645294721
-29.5085784198775,28.5552022343901
-29.5085784198775,28.5859399393081
-29.5085784198775,28.6166776442261
-29.5085784198775,28.6474153491442
-29.5085784198775,28.6781530540622
-29.5085784198775,28.7088907589802
-29.5085784198775,28.7396284638982
-29.5085784198775,28.7703661688163
-29.5085784198775,28.8011038737343
-29.5085784198775,28.8318415786523
-29.5085784198775,28.8625792835703
-29.5085784198775,28.8933169884884
-29.5085784198775,28.9240546934064
-29.5085784198775,28.9547923983244
-29.5085784198775,28.9855301032424
-29.5085784198775,29.0162678081605
-29.5085784198775,29.0470055130785
-29.5085784198775,29.0777432179965
-29.5085784198775,29.1084809229145
-29.5085784198775,29.1392186278326
-29.5085784198775,29.1699563327506
-29.5085784198775,29.2006940376686
-29.5085784198775,29.2314317425866
-29.5085784198775,29.2621694475047
-29.5085784198775,29.2929071524227
-29.5085784198775,29.3236448573407
-29.5085784198775,29.3543825622587
-29.5085784198775,29.3851202671768
-29.5085784198775,29.4158579720948
-29.5085784198775,29.4465956770128
-29.5085784198775,29.4773333819308
-29.5085784198775,29.5080710868489
-29.5085784198775,29.5388087917669
-29.5085784198775,29.5695464966849
-29.5085784198775,29.6002842016029
-29.5085784198775,29.631021906521
-29.5085784198775,29.661759611439
-29.5085784198775,29.692497316357
-29.5085784198775,29.723235021275
-29.5085784198775,29.7539727261931
-29.5085784198775,29.7847104311111
-29.5085784198775,29.8154481360291
-29.5085784198775,29.8461858409471
-29.5085784198775,29.8769235458652
-29.5085784198775,29.9076612507832
-29.5085784198775,29.9383989557012
-29.5085784198775,29.9691366606192
-29.5085784198775,29.9998743655373
-29.5085784198775,30.0306120704553
-29.5085784198775,30.0613497753733
-29.5085784198775,30.0920874802913
-29.5085784198775,30.1228251852094
-29.5085784198775,30.1535628901274
-29.5085784198775,30.1843005950454
-29.5085784198775,30.2150382999634
-29.5085784198775,30.2457760048815
-29.5085784198775,30.2765137097995
-29.5085784198775,30.3072514147175
-29.5085784198775,30.3379891196355
-29.5085784198775,30.3687268245536
-29.5085784198775,30.3994645294716
-29.5085784198775,30.4302022343896
-29.5085784198775,30.4609399393076
-29.5085784198775,30.4916776442256
-29.5085784198775,30.5224153491437
-29.5085784198775,30.5531530540617
-29.5085784198775,30.5838907589797
-29.5085784198775,30.6146284638977
-29.5085784198775,30.6453661688158
-29.5085784198775,30.6761038737338
-29.5085784198775,30.7068415786518
-29.5085784198775,30.7375792835698
-29.5085784198775,30.7683169884879
-29.5085784198775,30.7990546934059
-29.5085784198775,30.8297923983239
-29.5085784198775,30.8605301032419
-29.5085784198775,30.89126780816
-29.5085784198775,30.922005513078
-29.5085784198775,30.952743217996
-29.5085784198775,30.983480922914
-29.5085784198775,31.0142186278321
-29.5085784198775,31.0449563327501
-29.5085784198775,31.0756940376681
-29.5085784198775,31.1064317425861
-29.5085784198775,31.1371694475042
-29.5085784198775,31.1679071524222
-29.5085784198775,31.1986448573402
-29.5085784198775,31.2293825622582
-29.5085784198775,31.2601202671763
-29.5085784198775,31.2908579720943
-29.5085784198775,31.3215956770123
-29.5085784198775,31.3523333819303
-29.5085784198775,31.3830710868484
-29.5085784198775,31.4138087917664
-29.5085784198775,31.4445464966844
-29.5085784198775,31.4752842016024
-29.5085784198775,31.5060219065205
-29.5085784198775,31.5367596114385
-29.5085784198775,31.5674973163565
-29.5085784198775,31.5982350212745
-29.5085784198775,31.6289727261926
-29.5085784198775,31.6597104311106
-29.5085784198775,31.6904481360286
-29.5085784198775,31.7211858409466
-29.5085784198775,31.7519235458647
-29.5085784198775,31.7826612507827
-29.5085784198775,31.8133989557007
-29.5085784198775,31.8441366606187
-29.5085784198775,31.8748743655368
-29.5085784198775,31.9056120704548
-29.5085784198775,31.9363497753728
-29.5085784198775,31.9670874802908
-29.5085784198775,31.9978251852089
-29.5085784198775,32.0285628901269
-29.5085784198775,32.0593005950449
-29.5085784198775,32.0900382999629
-29.5085784198775,32.120776004881
-29.5085784198775,32.151513709799
-29.5085784198775,32.182251414717
-29.5085784198775,32.212989119635
-29.5085784198775,32.2437268245531
-29.5085784198775,32.2744645294711
-29.5085784198775,32.3052022343891
-29.5085784198775,32.3359399393071
-29.5085784198775,32.3666776442252
-29.5085784198775,32.3974153491432
-29.5085784198775,32.4281530540612
-29.5085784198775,32.4588907589792
-29.5085784198775,32.4896284638973
-29.5085784198775,32.5203661688153
-29.5085784198775,32.5511038737333
-29.5085784198775,32.5818415786513
-29.5085784198775,32.6125792835694
-29.5085784198775,32.6433169884874
-29.5085784198775,32.6740546934054
-29.5085784198775,32.7047923983234
-29.5085784198775,32.7355301032415
-29.5085784198775,32.7662678081595
-29.5085784198775,32.7970055130775
-29.5085784198775,32.8277432179955
-29.5085784198775,32.8584809229136
-29.5085784198775,32.8892186278316
-29.5085784198775,32.9199563327496
-29.5085784198775,32.9506940376676
-29.5085784198775,32.9814317425856
-29.5085784198775,33.0121694475037
-29.5085784198775,33.0429071524217
-29.5085784198775,33.0736448573397
-29.5085784198775,33.1043825622577
-29.5085784198775,33.1351202671758
-29.5085784198775,33.1658579720938
-29.5085784198775,33.1965956770118
-29.5085784198775,33.2273333819298
-29.5085784198775,33.2580710868479
-29.5085784198775,33.2888087917659
-29.5085784198775,33.3195464966839
-29.5085784198775,33.3502842016019
-29.5085784198775,33.38102190652
-29.5085784198775,33.411759611438
-29.5085784198775,33.442497316356
-29.5085784198775,33.473235021274
-29.5085784198775,33.5039727261921
-29.5085784198775,33.5347104311101
-29.5085784198775,33.5654481360281
-29.5085784198775,33.5961858409461
-29.5085784198775,33.6269235458642
-29.5085784198775,33.6576612507822
-29.5085784198775,33.6883989557002
-29.5085784198775,33.7191366606182
-29.5085784198775,33.7498743655363
-29.5085784198775,33.7806120704543
-29.5085784198775,33.8113497753723
-29.5085784198775,33.8420874802903
-29.5085784198775,33.8728251852084
-29.5085784198775,33.9035628901264
-29.5085784198775,33.9343005950444
-29.5085784198775,33.9650382999624
-29.5085784198775,33.9957760048805
-29.5085784198775,34.0265137097985
-29.5085784198775,34.0572514147165
-29.5085784198775,34.0879891196345
-29.5085784198775,34.1187268245526
-29.5085784198775,34.1494645294706
-29.5085784198775,34.1802022343886
-29.5085784198775,34.2109399393066
-29.5085784198775,34.2416776442247
-29.5085784198775,34.2724153491427
-29.5085784198775,34.3031530540607
-29.5085784198775,34.3338907589787
-29.5085784198775,34.3646284638968
-29.5085784198775,34.3953661688148
-29.5085784198775,34.4261038737328
-29.5085784198775,34.4568415786508
-29.5085784198775,34.4875792835689
-29.5085784198775,34.5183169884869
-29.5085784198775,34.5490546934049
-29.5085784198775,34.5797923983229
-29.5085784198775,34.610530103241
-29.5085784198775,34.641267808159
-29.5085784198775,34.672005513077
-29.5085784198775,34.702743217995
-29.5085784198775,34.7334809229131
-29.5085784198775,34.7642186278311
-29.5085784198775,34.7949563327491
-29.5085784198775,34.8256940376671
-29.5085784198775,34.8564317425852
-29.5085784198775,34.8871694475032
-29.5085784198775,34.9179071524212
-29.5085784198775,34.9486448573392
-29.5085784198775,34.9793825622572
-29.5085784198775,35.0101202671753
-29.5085784198775,35.0408579720933
-29.5085784198775,35.0715956770113
-29.5085784198775,35.1023333819293
-29.5085784198775,35.1330710868474
-29.5085784198775,35.1638087917654
-29.5085784198775,35.1945464966834
-29.5085784198775,35.2252842016014
-29.5085784198775,35.2560219065195
-29.5085784198775,35.2867596114375
-29.5085784198775,35.3174973163555
-29.5085784198775,35.3482350212735
-29.5085784198775,35.3789727261916
-29.5085784198775,35.4097104311096
-29.5085784198775,35.4404481360276
-29.5085784198775,35.4711858409456
-29.5085784198775,35.5019235458637
-29.5085784198775,35.5326612507817
-29.5085784198775,35.5633989556997
-29.5085784198775,35.5941366606177
-29.5085784198775,35.6248743655358
-29.5085784198775,35.6556120704538
-29.5085784198775,35.6863497753718
-29.5085784198775,35.7170874802898
-29.5085784198775,35.7478251852079
-29.5085784198775,35.7785628901259
-29.5085784198775,35.8093005950439
-29.5085784198775,35.8400382999619
-29.5085784198775,35.87077600488
-29.5085784198775,35.901513709798
-29.5085784198775,35.932251414716
-29.5085784198775,35.962989119634
-29.5085784198775,35.9937268245521
-29.5085784198775,36.0244645294701
-29.5085784198775,36.0552022343881
-29.5085784198775,36.0859399393061
-29.5085784198775,36.1166776442242
-29.5085784198775,36.1474153491422
-29.5085784198775,36.1781530540602
-29.5085784198775,36.2088907589782
-29.5085784198775,36.2396284638963
-29.5085784198775,36.2703661688143
-29.5085784198775,36.3011038737323
-29.5085784198775,36.3318415786503
-29.5085784198775,36.3625792835684
-29.5085784198775,36.3933169884864
-29.5085784198775,36.4240546934044
-29.5085784198775,36.4547923983224
-29.5085784198775,36.4855301032405
-29.5085784198775,36.5162678081585
-29.5085784198775,36.5470055130765
-29.5085784198775,36.5777432179945
-29.5085784198775,36.6084809229126
-29.5085784198775,36.6392186278306
-29.5085784198775,36.6699563327486
-29.5085784198775,36.7006940376666
-29.5085784198775,36.7314317425847
-29.5085784198775,36.7621694475027
-29.5085784198775,36.7929071524207
-29.5085784198775,36.8236448573387
-29.5085784198775,36.8543825622568
-29.5085784198775,36.8851202671748
-29.5085784198775,36.9158579720928
-29.5085784198775,36.9465956770108
-29.5085784198775,36.9773333819289
-29.5085784198775,37.0080710868469
-29.5085784198775,37.0388087917649
-29.5085784198775,37.0695464966829
-29.5085784198775,37.1002842016009
-29.5085784198775,37.131021906519
-29.5085784198775,37.161759611437
-29.5085784198775,37.192497316355
-29.5085784198775,37.223235021273
-29.5085784198775,37.2539727261911
-29.5085784198775,37.2847104311091
-29.5085784198775,37.3154481360271
-29.5085784198775,37.3461858409451
-29.5085784198775,37.3769235458632
-29.5085784198775,37.4076612507812
-29.5085784198775,37.4383989556992
-29.5085784198775,37.4691366606172
-29.5085784198775,37.4998743655353
-29.5085784198775,37.5306120704533
-29.5085784198775,37.5613497753713
-29.5085784198775,37.5920874802893
-29.5085784198775,37.6228251852074
-29.5085784198775,37.6535628901254
-29.5085784198775,37.6843005950434
-29.5085784198775,37.7150382999614
-29.5085784198775,37.7457760048795
-29.5085784198775,37.7765137097975
-29.5085784198775,37.8072514147155
-29.5085784198775,37.8379891196335
-29.5085784198775,37.8687268245516
-29.5085784198775,37.8994645294696
-29.5085784198775,37.9302022343876
-29.5085784198775,37.9609399393056
-29.5085784198775,37.9916776442237
-29.5085784198775,38.0224153491417
-29.5085784198775,38.0531530540597
-29.5085784198775,38.0838907589777
-29.5085784198775,38.1146284638958
-29.5085784198775,38.1453661688138
-29.5085784198775,38.1761038737318
-29.5085784198775,38.2068415786498
-29.5085784198775,38.2375792835679
-29.5085784198775,38.2683169884859
-29.5085784198775,38.2990546934039
-29.5085784198775,38.3297923983219
-29.5085784198775,38.36053010324
-29.5085784198775,38.391267808158
-29.5085784198775,38.422005513076
-29.5085784198775,38.452743217994
-29.5085784198775,38.4834809229121
-29.5085784198775,38.5142186278301
-29.5085784198775,38.5449563327481
-29.5085784198775,38.5756940376661
-29.5085784198775,38.6064317425842
-29.5085784198775,38.6371694475022
-29.5085784198775,38.6679071524202
-29.5085784198775,38.6986448573382
-29.5085784198775,38.7293825622563
-29.5085784198775,38.7601202671743
-29.5085784198775,38.7908579720923
-29.5085784198775,38.8215956770103
-29.5085784198775,38.8523333819284
-29.5085784198775,38.8830710868464
-29.5085784198775,38.9138087917644
-29.5085784198775,38.9445464966824
-29.5085784198775,38.9752842016005
-29.5085784198775,39.0060219065185
-29.5085784198775,39.0367596114365
-29.5085784198775,39.0674973163545
-29.5085784198775,39.0982350212726
-29.5085784198775,39.1289727261906
-29.5085784198775,39.1597104311086
-29.5085784198775,39.1904481360266
-29.5085784198775,39.2211858409446
-29.5085784198775,39.2519235458627
-29.5085784198775,39.2826612507807
-29.5085784198775,39.3133989556987
-29.5085784198775,39.3441366606167
-29.5085784198775,39.3748743655348
-29.5085784198775,39.4056120704528
-29.5085784198775,39.4363497753708
-29.5085784198775,39.4670874802888
-29.5085784198775,39.4978251852069
-29.5085784198775,39.5285628901249
-29.5085784198775,39.5593005950429
-29.5085784198775,39.5900382999609
-29.5085784198775,39.620776004879
-29.5085784198775,39.651513709797
-29.5085784198775,39.682251414715
-29.5085784198775,39.712989119633
-29.5085784198775,39.7437268245511
-29.5085784198775,39.7744645294691
-29.5085784198775,39.8052022343871
-29.5085784198775,39.8359399393051
-29.5085784198775,39.8666776442232
-29.5085784198775,39.8974153491412
-29.5085784198775,39.9281530540592
-29.5085784198775,39.9588907589772
-29.5085784198775,39.9896284638953
-29.5085784198775,40.0203661688133
-29.5085784198775,40.0511038737313
-29.5085784198775,40.0818415786493
-29.5085784198775,40.1125792835674
-29.5085784198775,40.1433169884854
-29.5085784198775,40.1740546934034
-29.5085784198775,40.2047923983214
-29.5085784198775,40.2355301032395
-29.5085784198775,40.2662678081575
-29.5085784198775,40.2970055130755
-29.5085784198775,40.3277432179935
-29.5085784198775,40.3584809229116
-29.5085784198775,40.3892186278296
-29.5085784198775,40.4199563327476
-29.5085784198775,40.4506940376656
-29.5085784198775,40.4814317425837
-29.5085784198775,40.5121694475017
-29.5085784198775,40.5429071524197
-29.5085784198775,40.5736448573377
-29.5085784198775,40.6043825622558
-29.5085784198775,40.6351202671738
-29.5085784198775,40.6658579720918
-29.5085784198775,40.6965956770098
-29.5085784198775,40.7273333819279
-29.5085784198775,40.7580710868459
-29.5085784198775,40.7888087917639
-29.5085784198775,40.8195464966819
-29.5085784198775,40.8502842016
-29.5085784198775,40.881021906518
-29.5085784198775,40.911759611436
-29.5085784198775,40.942497316354
-29.5085784198775,40.9732350212721
-29.5085784198775,41.0039727261901
-29.5085784198775,41.0347104311081
-29.5085784198775,41.0654481360261
-29.5085784198775,41.0961858409442
-29.5085784198775,41.1269235458622
-29.5085784198775,41.1576612507802
-29.5085784198775,41.1883989556982
-29.5085784198775,41.2191366606163
-29.5085784198775,41.2498743655343
-29.5085784198775,41.2806120704523
-29.5085784198775,41.3113497753703
-29.5085784198775,41.3420874802883
-29.5085784198775,41.3728251852064
-29.5085784198775,41.4035628901244
-29.5085784198775,41.4343005950424
-29.5085784198775,41.4650382999604
-29.5085784198775,41.4957760048785
-29.5085784198775,41.5265137097965
-29.5085784198775,41.5572514147145
-29.5085784198775,41.5879891196325
-29.5085784198775,41.6187268245506
-29.5085784198775,41.6494645294686
-29.5085784198775,41.6802022343866
-29.5085784198775,41.7109399393046
-29.5085784198775,41.7416776442227
-29.5085784198775,41.7724153491407
-29.5085784198775,41.8031530540587
-29.5085784198775,41.8338907589767
-29.5085784198775,41.8646284638948
-29.5085784198775,41.8953661688128
-29.5085784198775,41.9261038737308
-29.5085784198775,41.9568415786488
-29.5085784198775,41.9875792835669
-29.5085784198775,42.0183169884849
-29.5085784198775,42.0490546934029
-29.5085784198775,42.0797923983209
-29.5085784198775,42.110530103239
-29.5085784198775,42.141267808157
-29.5085784198775,42.172005513075
-29.5085784198775,42.202743217993
-29.5085784198775,42.2334809229111
-29.5085784198775,42.2642186278291
-29.5085784198775,42.2949563327471
-29.5085784198775,42.3256940376651
-29.5085784198775,42.3564317425832
-29.5085784198775,42.3871694475012
-29.5085784198775,42.4179071524192
-29.5085784198775,42.4486448573372
-29.5085784198775,42.4793825622553
-29.5085784198775,42.5101202671733
-29.5085784198775,42.5408579720913
-29.5085784198775,42.5715956770093
-29.5085784198775,42.6023333819274
-29.5085784198775,42.6330710868454
-29.5085784198775,42.6638087917634
-29.5085784198775,42.6945464966814
-29.5085784198775,42.7252842015995
-29.5085784198775,42.7560219065175
-29.5085784198775,42.7867596114355
-29.5085784198775,42.8174973163535
-29.5085784198775,42.8482350212716
-29.5085784198775,42.8789727261896
-29.5085784198775,42.9097104311076
-29.5085784198775,42.9404481360256
-29.5085784198775,42.9711858409437
-29.5085784198775,43.0019235458617
-29.5085784198775,43.0326612507797
-29.5085784198775,43.0633989556977
-29.5085784198775,43.0941366606158
-29.5085784198775,43.1248743655338
-29.5085784198775,43.1556120704518
-29.5085784198775,43.1863497753698
-29.5085784198775,43.2170874802879
-29.5085784198775,43.2478251852059
-29.5085784198775,43.2785628901239
-29.5085784198775,43.3093005950419
-29.5085784198775,43.34003829996
-29.5085784198775,43.370776004878
-29.5085784198775,43.401513709796
-29.5085784198775,43.432251414714
-29.5085784198775,43.462989119632
-29.5085784198775,43.4937268245501
-29.5085784198775,43.5244645294681
-29.5085784198775,43.5552022343861
-29.5085784198775,43.5859399393041
-29.5085784198775,43.6166776442222
-29.5085784198775,43.6474153491402
-29.5085784198775,43.6781530540582
-29.5085784198775,43.7088907589762
-29.5085784198775,43.7396284638943
-29.5085784198775,43.7703661688123
-29.5085784198775,43.8011038737303
-29.5085784198775,43.8318415786483
-29.5085784198775,43.8625792835664
-29.5085784198775,43.8933169884844
-29.5085784198775,43.9240546934024
-29.5085784198775,43.9547923983204
-29.5085784198775,43.9855301032385
-29.5085784198775,44.0162678081565
-29.5085784198775,44.0470055130745
-29.5085784198775,44.0777432179925
-29.5085784198775,44.1084809229106
-29.5085784198775,44.1392186278286
-29.5085784198775,44.1699563327466
-29.5085784198775,44.2006940376646
-29.5085784198775,44.2314317425827
-29.5085784198775,44.2621694475007
-29.5085784198775,44.2929071524187
-29.5085784198775,44.3236448573367
-29.5085784198775,44.3543825622548
-29.5085784198775,44.3851202671728
-29.5085784198775,44.4158579720908
-29.5085784198775,44.4465956770088
-29.5085784198775,44.4773333819269
-29.5085784198775,44.5080710868449
-29.5085784198775,44.5388087917629
-29.5085784198775,44.5695464966809
-29.5085784198775,44.600284201599
-29.5085784198775,44.631021906517
-29.5085784198775,44.661759611435
-29.5085784198775,44.692497316353
-29.5085784198775,44.7232350212711
-29.5085784198775,44.7539727261891
-29.5085784198775,44.7847104311071
-29.5085784198775,44.8154481360251
-29.5085784198775,44.8461858409432
-29.5085784198775,44.8769235458612
-29.5085784198775,44.9076612507792
-29.5085784198775,44.9383989556972
-29.5085784198775,44.9691366606153
-29.5085784198775,44.9998743655333
-29.5085784198775,45.0306120704513
-29.5085784198775,45.0613497753693
-29.5085784198775,45.0920874802874
-29.5085784198775,45.1228251852054
-29.5085784198775,45.1535628901234
-29.5085784198775,45.1843005950414
-29.5085784198775,45.2150382999595
-29.5085784198775,45.2457760048775
-29.5085784198775,45.2765137097955
-29.5085784198775,45.3072514147135
-29.5085784198775,45.3379891196316
-29.5085784198775,45.3687268245496
-29.5085784198775,45.3994645294676
-29.5085784198775,45.4302022343856
-29.5085784198775,45.4609399393036
-29.5085784198775,45.4916776442217
-29.5085784198775,45.5224153491397
-29.5085784198775,45.5531530540577
-29.5085784198775,45.5838907589757
-29.5085784198775,45.6146284638938
-29.5085784198775,45.6453661688118
-29.5085784198775,45.6761038737298
-29.5085784198775,45.7068415786478
-29.5085784198775,45.7375792835659
-29.5085784198775,45.7683169884839
-29.5085784198775,45.7990546934019
-29.5085784198775,45.8297923983199
-29.5085784198775,45.860530103238
-29.5085784198775,45.891267808156
-29.5085784198775,45.922005513074
-29.5085784198775,45.952743217992
-29.5085784198775,45.9834809229101
-29.5085784198775,46.0142186278281
-29.5085784198775,46.0449563327461
-29.5085784198775,46.0756940376641
-29.5085784198775,46.1064317425822
-29.5085784198775,46.1371694475002
-29.5085784198775,46.1679071524182
-29.5085784198775,46.1986448573362
-29.5085784198775,46.2293825622543
-29.5085784198775,46.2601202671723
-29.5085784198775,46.2908579720903
-29.5085784198775,46.3215956770083
-29.5085784198775,46.3523333819264
-29.5085784198775,46.3830710868444
-29.5085784198775,46.4138087917624
-29.5085784198775,46.4445464966804
-29.5085784198775,46.4752842015985
-29.5085784198775,46.5060219065165
-29.5085784198775,46.5367596114345
-29.5085784198775,46.5674973163525
-29.5085784198775,46.5982350212706
-29.5085784198775,46.6289727261886
-29.5085784198775,46.6597104311066
-29.5085784198775,46.6904481360246
-29.5085784198775,46.7211858409427
-29.5085784198775,46.7519235458607
-29.5085784198775,46.7826612507787
-29.5085784198775,46.8133989556967
-29.5085784198775,46.8441366606148
-29.5085784198775,46.8748743655328
-29.5085784198775,46.9056120704508
-29.5085784198775,46.9363497753688
-29.5085784198775,46.9670874802869
-29.5085784198775,46.9978251852049
-29.5085784198775,47.0285628901229
-29.5085784198775,47.0593005950409
-29.5085784198775,47.090038299959
-29.5085784198775,47.120776004877
-29.5085784198775,47.151513709795
-29.5085784198775,47.182251414713
-29.5085784198775,47.2129891196311
-29.5085784198775,47.2437268245491
-29.5085784198775,47.2744645294671
-29.5085784198775,47.3052022343851
-29.5085784198775,47.3359399393032
-29.5085784198775,47.3666776442212
-29.5085784198775,47.3974153491392
-29.5085784198775,47.4281530540572
-29.5085784198775,47.4588907589753
-29.5085784198775,47.4896284638933
-29.5085784198775,47.5203661688113
-29.5085784198775,47.5511038737293
-29.5085784198775,47.5818415786473
-29.5085784198775,47.6125792835654
-29.5085784198775,47.6433169884834
-29.5085784198775,47.6740546934014
-29.5085784198775,47.7047923983194
-29.5085784198775,47.7355301032375
-29.5085784198775,47.7662678081555
-29.5085784198775,47.7970055130735
-29.5085784198775,47.8277432179915
-29.5085784198775,47.8584809229096
-29.5085784198775,47.8892186278276
-29.5085784198775,47.9199563327456
-29.5085784198775,47.9506940376636
-29.5085784198775,47.9814317425817
-29.5085784198775,48.0121694474997
-29.5085784198775,48.0429071524177
-29.5085784198775,48.0736448573357
-29.5085784198775,48.1043825622538
-29.5085784198775,48.1351202671718
-29.5085784198775,48.1658579720898
-29.5085784198775,48.1965956770078
-29.5085784198775,48.2273333819259
-29.5085784198775,48.2580710868439
-29.5085784198775,48.2888087917619
-29.5085784198775,48.3195464966799
-29.5085784198775,48.350284201598
-29.5085784198775,48.381021906516
-29.5085784198775,48.411759611434
-29.5085784198775,48.442497316352
-29.5085784198775,48.4732350212701
-29.5085784198775,48.5039727261881
-29.5085784198775,48.5347104311061
-29.5085784198775,48.5654481360241
-29.5085784198775,48.5961858409422
-29.5085784198775,48.6269235458602
-29.5085784198775,48.6576612507782
-29.5085784198775,48.6883989556962
-29.5085784198775,48.7191366606143
-29.5085784198775,48.7498743655323
-29.5085784198775,48.7806120704503
-29.5085784198775,48.8113497753683
-29.5085784198775,48.8420874802864
-29.5085784198775,48.8728251852044
-29.5085784198775,48.9035628901224
-29.5085784198775,48.9343005950404
-29.5085784198775,48.9650382999585
-29.5085784198775,48.9957760048765
-29.5085784198775,49.0265137097945
-29.5085784198775,49.0572514147125
-29.5085784198775,49.0879891196306
-29.5085784198775,49.1187268245486
-29.5085784198775,49.1494645294666
-29.5085784198775,49.1802022343846
-29.5085784198775,49.2109399393027
-29.5085784198775,49.2416776442207
-29.5085784198775,49.2724153491387
-29.5085784198775,49.3031530540567
-29.5085784198775,49.3338907589748
-29.5085784198775,49.3646284638928
-29.5085784198775,49.3953661688108
-29.5085784198775,49.4261038737288
-29.5085784198775,49.4568415786469
-29.5085784198775,49.4875792835649
-29.5085784198775,49.5183169884829
-29.5085784198775,49.5490546934009
-29.5085784198775,49.579792398319
-29.5085784198775,49.610530103237
-29.5085784198775,49.641267808155
-29.5085784198775,49.672005513073
-29.5085784198775,49.702743217991
-29.5085784198775,49.7334809229091
-29.5085784198775,49.7642186278271
-29.5085784198775,49.7949563327451
-29.5085784198775,49.8256940376631
-29.5085784198775,49.8564317425812
-29.5085784198775,49.8871694474992
-29.5085784198775,49.9179071524172
-29.5085784198775,49.9486448573352
-29.5085784198775,49.9793825622533
-29.5085784198775,50.0101202671713
-29.5085784198775,50.0408579720893
-29.5085784198775,50.0715956770073
-29.5085784198775,50.1023333819254
-29.5085784198775,50.1330710868434
-29.5085784198775,50.1638087917614
-29.5085784198775,50.1945464966794
-29.5085784198775,50.2252842015975
-29.5085784198775,50.2560219065155
-29.5085784198775,50.2867596114335
-29.5085784198775,50.3174973163515
-29.5085784198775,50.3482350212696
-29.5085784198775,50.3789727261876
-29.5085784198775,50.4097104311056
-29.5085784198775,50.4404481360236
-29.5085784198775,50.4711858409417
-29.5085784198775,50.5019235458597
-29.5085784198775,50.5326612507777
-29.5085784198775,50.5633989556957
-29.5085784198775,50.5941366606138
-29.5085784198775,50.6248743655318
-29.5085784198775,50.6556120704498
-29.5085784198775,50.6863497753678
-29.5085784198775,50.7170874802859
-29.5085784198775,50.7478251852039
-29.5085784198775,50.7785628901219
-29.5085784198775,50.8093005950399
-29.5085784198775,50.840038299958
-29.5085784198775,50.870776004876
-29.5085784198775,50.901513709794
-29.5085784198775,50.932251414712
-29.5085784198775,50.9629891196301
-29.5085784198775,50.9937268245481
-29.5085784198775,51.0244645294661
-29.5085784198775,51.0552022343841
-29.5085784198775,51.0859399393022
-29.5085784198775,51.1166776442202
-29.5085784198775,51.1474153491382
-29.5085784198775,51.1781530540562
-29.5085784198775,51.2088907589743
-29.5085784198775,51.2396284638923
-29.5085784198775,51.2703661688103
-29.5085784198775,51.3011038737283
-29.5085784198775,51.3318415786464
-29.5085784198775,51.3625792835644
-29.5085784198775,51.3933169884824
-29.5085784198775,51.4240546934004
-29.5085784198775,51.4547923983185
-29.5085784198775,51.4855301032365
-29.5085784198775,51.5162678081545
-29.5085784198775,51.5470055130725
-29.5085784198775,51.5777432179906
-29.5085784198775,51.6084809229086
-29.5085784198775,51.6392186278266
-29.5085784198775,51.6699563327446
-29.5085784198775,51.7006940376627
-29.5085784198775,51.7314317425807
-29.5085784198775,51.7621694474987
-29.5085784198775,51.7929071524167
-29.5085784198775,51.8236448573347
-29.5085784198775,51.8543825622528
-29.5085784198775,51.8851202671708
-29.5085784198775,51.9158579720888
-29.5085784198775,51.9465956770068
-29.5085784198775,51.9773333819249
-29.5085784198775,52.0080710868429
-29.5085784198775,52.0388087917609
-29.5085784198775,52.0695464966789
-29.5085784198775,52.100284201597
-29.5085784198775,52.131021906515
-29.5085784198775,52.161759611433
-29.5085784198775,52.192497316351
-29.5085784198775,52.2232350212691
-29.5085784198775,52.2539727261871
-29.5085784198775,52.2847104311051
-29.5085784198775,52.3154481360231
-29.5085784198775,52.3461858409412
-29.5085784198775,52.3769235458592
-29.5085784198775,52.4076612507772
-29.5085784198775,52.4383989556952
-29.5085784198775,52.4691366606133
-29.5085784198775,52.4998743655313
-29.5085784198775,52.5306120704493
-29.5085784198775,52.5613497753673
-29.5085784198775,52.5920874802854
-29.5085784198775,52.6228251852034
-29.5085784198775,52.6535628901214
-29.5085784198775,52.6843005950394
-29.5085784198775,52.7150382999575
-29.5085784198775,52.7457760048755
-29.5085784198775,52.7765137097935
-29.5085784198775,52.8072514147115
-29.5085784198775,52.8379891196296
-29.5085784198775,52.8687268245476
-29.5085784198775,52.8994645294656
-29.5085784198775,52.9302022343836
-29.5085784198775,52.9609399393017
-29.5085784198775,52.9916776442197
-29.5085784198775,53.0224153491377
-29.5085784198775,53.0531530540557
-29.5085784198775,53.0838907589738
-29.5085784198775,53.1146284638918
-29.5085784198775,53.1453661688098
-29.5085784198775,53.1761038737278
-29.5085784198775,53.2068415786459
-29.5085784198775,53.2375792835639
-29.5085784198775,53.2683169884819
-29.5085784198775,53.2990546933999
-29.5085784198775,53.329792398318
-29.5085784198775,53.360530103236
-29.5085784198775,53.391267808154
-29.5085784198775,53.422005513072
-29.5085784198775,53.4527432179901
-29.5085784198775,53.4834809229081
-29.5085784198775,53.5142186278261
-29.5085784198775,53.5449563327441
-29.5085784198775,53.5756940376622
-29.5085784198775,53.6064317425802
-29.5085784198775,53.6371694474982
-29.5085784198775,53.6679071524162
-29.5085784198775,53.6986448573343
-29.5085784198775,53.7293825622523
-29.5085784198775,53.7601202671703
-29.5085784198775,53.7908579720883
-29.5085784198775,53.8215956770063
-29.5085784198775,53.8523333819244
-29.5085784198775,53.8830710868424
-29.5085784198775,53.9138087917604
-29.5085784198775,53.9445464966784
-29.5085784198775,53.9752842015965
-29.5085784198775,54.0060219065145
-29.5085784198775,54.0367596114325
-29.5085784198775,54.0674973163505
-29.5085784198775,54.0982350212686
-29.5085784198775,54.1289727261866
-29.5085784198775,54.1597104311046
-29.5085784198775,54.1904481360226
-29.5085784198775,54.2211858409407
-29.5085784198775,54.2519235458587
-29.5085784198775,54.2826612507767
-29.5085784198775,54.3133989556947
-29.5085784198775,54.3441366606128
-29.5085784198775,54.3748743655308
-29.5085784198775,54.4056120704488
-29.5085784198775,54.4363497753668
-29.5085784198775,54.4670874802849
-29.5085784198775,54.4978251852029
-29.5085784198775,54.5285628901209
-29.5085784198775,54.5593005950389
-29.5085784198775,54.590038299957
-29.5085784198775,54.620776004875
-29.5085784198775,54.651513709793
-29.5085784198775,54.682251414711
-29.5085784198775,54.7129891196291
-29.5085784198775,54.7437268245471
-29.5085784198775,54.7744645294651
-29.5085784198775,54.8052022343831
-29.5085784198775,54.8359399393012
-29.5085784198775,54.8666776442192
-29.5085784198775,54.8974153491372
-29.5085784198775,54.9281530540552
-29.5085784198775,54.9588907589733
-29.5085784198775,54.9896284638913
-29.5085784198775,55.0203661688093
-29.5085784198775,55.0511038737273
-29.5085784198775,55.0818415786454
-29.5085784198775,55.1125792835634
-29.5085784198775,55.1433169884814
-29.5085784198775,55.1740546933994
-29.5085784198775,55.2047923983175
-29.5085784198775,55.2355301032355
-29.5085784198775,55.2662678081535
-29.5085784198775,55.2970055130715
-29.5085784198775,55.3277432179896
-29.5085784198775,55.3584809229076
-29.5085784198775,55.3892186278256
-29.5085784198775,55.4199563327436
-29.5085784198775,55.4506940376617
-29.5085784198775,55.4814317425797
-29.5085784198775,55.5121694474977
-29.5085784198775,55.5429071524157
-29.5085784198775,55.5736448573338
-29.5085784198775,55.6043825622518
-29.5085784198775,55.6351202671698
-29.5085784198775,55.6658579720878
-29.5085784198775,55.6965956770059
-29.5085784198775,55.7273333819239
-29.5085784198775,55.7580710868419
-29.5085784198775,55.7888087917599
-29.5085784198775,55.819546496678
-29.5085784198775,55.850284201596
-29.5085784198775,55.881021906514
-29.5085784198775,55.911759611432
-29.5085784198775,55.94249731635
-29.5085784198775,55.9732350212681
-29.5085784198775,56.0039727261861
-29.5085784198775,56.0347104311041
-29.5085784198775,56.0654481360221
-29.5085784198775,56.0961858409402
-29.5085784198775,56.1269235458582
-29.5085784198775,56.1576612507762
-29.5085784198775,56.1883989556942
-29.5085784198775,56.2191366606123
-29.5085784198775,56.2498743655303
-29.5085784198775,56.2806120704483
-29.5085784198775,56.3113497753663
-29.5085784198775,56.3420874802844
-29.5085784198775,56.3728251852024
-29.5085784198775,56.4035628901204
-29.5085784198775,56.4343005950384
-29.5085784198775,56.4650382999565
-29.5085784198775,56.4957760048745
-29.5085784198775,56.5265137097925
-29.5085784198775,56.5572514147105
-29.5085784198775,56.5879891196286
-29.5085784198775,56.6187268245466
-29.5085784198775,56.6494645294646
-29.5085784198775,56.6802022343826
-29.5085784198775,56.7109399393007
-29.5085784198775,56.7416776442187
-29.5085784198775,56.7724153491367
-29.5085784198775,56.8031530540547
-29.5085784198775,56.8338907589728
-29.5085784198775,56.8646284638908
-29.5085784198775,56.8953661688088
-29.5085784198775,56.9261038737268
-29.5085784198775,56.9568415786449
-29.5085784198775,56.9875792835629
-29.5085784198775,57.0183169884809
-29.5085784198775,57.0490546933989
-29.5085784198775,57.079792398317
-29.5085784198775,57.110530103235
-29.5085784198775,57.141267808153
-29.5085784198775,57.172005513071
-29.5085784198775,57.2027432179891
-29.5085784198775,57.2334809229071
-29.5085784198775,57.2642186278251
-29.5085784198775,57.2949563327431
-29.5085784198775,57.3256940376612
-29.5085784198775,57.3564317425792
-29.5085784198775,57.3871694474972
-29.5085784198775,57.4179071524152
-29.5085784198775,57.4486448573333
-29.5085784198775,57.4793825622513
-29.5085784198775,57.5101202671693
-29.5085784198775,57.5408579720873
-29.5085784198775,57.5715956770054
-29.5085784198775,57.6023333819234
-29.5085784198775,57.6330710868414
-29.5085784198775,57.6638087917594
-29.5085784198775,57.6945464966775
-29.5085784198775,57.7252842015955
-29.5085784198775,57.7560219065135
-29.5085784198775,57.7867596114315
-29.5085784198775,57.8174973163496
-29.5085784198775,57.8482350212676
-29.5085784198775,57.8789727261856
-29.5085784198775,57.9097104311036
-29.5085784198775,57.9404481360217
-29.5085784198775,57.9711858409397
-29.5085784198775,58.0019235458577
-29.5085784198775,58.0326612507757
-29.5085784198775,58.0633989556937
-29.5085784198775,58.0941366606118
-29.5085784198775,58.1248743655298
-29.5085784198775,58.1556120704478
-29.5085784198775,58.1863497753658
-29.5085784198775,58.2170874802839
-29.5085784198775,58.2478251852019
-29.5085784198775,58.2785628901199
-29.5085784198775,58.3093005950379
-29.5085784198775,58.340038299956
-29.5085784198775,58.370776004874
-29.5085784198775,58.401513709792
-29.5085784198775,58.43225141471
-29.5085784198775,58.4629891196281
-29.5085784198775,58.4937268245461
-29.5085784198775,58.5244645294641
-29.5085784198775,58.5552022343821
-29.5085784198775,58.5859399393002
-29.5085784198775,58.6166776442182
-29.5085784198775,58.6474153491362
-29.5085784198775,58.6781530540542
-29.5085784198775,58.7088907589723
-29.5085784198775,58.7396284638903
-29.5085784198775,58.7703661688083
-29.5085784198775,58.8011038737263
-29.5085784198775,58.8318415786444
-29.5085784198775,58.8625792835624
-29.5085784198775,58.8933169884804
-29.5085784198775,58.9240546933984
-29.5085784198775,58.9547923983165
-29.5085784198775,58.9855301032345
-29.5085784198775,59.0162678081525
-29.5085784198775,59.0470055130705
-29.5085784198775,59.0777432179886
-29.5085784198775,59.1084809229066
-29.5085784198775,59.1392186278246
-29.5085784198775,59.1699563327426
-29.5085784198775,59.2006940376607
-29.5085784198775,59.2314317425787
-29.5085784198775,59.2621694474967
-29.5085784198775,59.2929071524147
-29.5085784198775,59.3236448573328
-29.5085784198775,59.3543825622508
-29.5085784198775,59.3851202671688
-29.5085784198775,59.4158579720868
-29.5085784198775,59.4465956770049
-29.5085784198775,59.4773333819229
-29.5085784198775,59.5080710868409
-29.5085784198775,59.5388087917589
-29.5085784198775,59.569546496677
-29.5085784198775,59.600284201595
-29.5085784198775,59.631021906513
-29.5085784198775,59.661759611431
-29.5085784198775,59.6924973163491
-29.5085784198775,59.7232350212671
-29.5085784198775,59.7539727261851
-29.5085784198775,59.7847104311031
-29.5085784198775,59.8154481360212
-29.5085784198775,59.8461858409392
-29.5085784198775,59.8769235458572
-29.5085784198775,59.9076612507752
-29.5085784198775,59.9383989556933
-29.5085784198775,59.9691366606113
-29.5085784198775,59.9998743655293
-29.5085784198775,60.0306120704473
-29.5085784198775,60.0613497753654
-29.5085784198775,60.0920874802834
-29.5085784198775,60.1228251852014
-29.5085784198775,60.1535628901194
-29.5085784198775,60.1843005950374
-29.5085784198775,60.2150382999555
-29.5085784198775,60.2457760048735
-29.5085784198775,60.2765137097915
-29.5085784198775,60.3072514147095
-29.5085784198775,60.3379891196276
-29.5085784198775,60.3687268245456
-29.5085784198775,60.3994645294636
-29.5085784198775,60.4302022343816
-29.5085784198775,60.4609399392997
-29.5085784198775,60.4916776442177
-29.5085784198775,60.5224153491357
-29.5085784198775,60.5531530540537
-29.5085784198775,60.5838907589718
-29.5085784198775,60.6146284638898
-29.5085784198775,60.6453661688078
-29.5085784198775,60.6761038737258
-29.5085784198775,60.7068415786439
-29.5085784198775,60.7375792835619
-29.5085784198775,60.7683169884799
-29.5085784198775,60.7990546933979
-29.5085784198775,60.829792398316
-29.5085784198775,60.860530103234
-29.5085784198775,60.891267808152
-29.5085784198775,60.92200551307
-29.5085784198775,60.9527432179881
-29.5085784198775,60.9834809229061
-29.5085784198775,61.0142186278241
-29.5085784198775,61.0449563327421
-29.5085784198775,61.0756940376602
-29.5085784198775,61.1064317425782
-29.5085784198775,61.1371694474962
-29.5085784198775,61.1679071524142
-29.5085784198775,61.1986448573323
-29.5085784198775,61.2293825622503
-29.5085784198775,61.2601202671683
-29.5085784198775,61.2908579720863
-29.5085784198775,61.3215956770044
-29.5085784198775,61.3523333819224
-29.5085784198775,61.3830710868404
-29.5085784198775,61.4138087917584
-29.5085784198775,61.4445464966765
-29.5085784198775,61.4752842015945
-29.5085784198775,61.5060219065125
-29.5085784198775,61.5367596114305
-29.5085784198775,61.5674973163486
-29.5085784198775,61.5982350212666
-29.5085784198775,61.6289727261846
-29.5085784198775,61.6597104311026
-29.5085784198775,61.6904481360207
-29.5085784198775,61.7211858409387
-29.5085784198775,61.7519235458567
-29.5085784198775,61.7826612507747
-29.5085784198775,61.8133989556928
-29.5085784198775,61.8441366606108
-29.5085784198775,61.8748743655288
-29.5085784198775,61.9056120704468
-29.5085784198775,61.9363497753649
-29.5085784198775,61.9670874802829
-29.5085784198775,61.9978251852009
-29.5085784198775,62.0285628901189
-29.5085784198775,62.059300595037
-29.5085784198775,62.090038299955
-29.5085784198775,62.120776004873
-29.5085784198775,62.151513709791
-29.5085784198775,62.1822514147091
-29.5085784198775,62.2129891196271
-29.5085784198775,62.2437268245451
-29.5085784198775,62.2744645294631
-29.5085784198775,62.3052022343811
-29.5085784198775,62.3359399392992
-29.5085784198775,62.3666776442172
-29.5085784198775,62.3974153491352
-29.5085784198775,62.4281530540532
-29.5085784198775,62.4588907589713
-29.5085784198775,62.4896284638893
-29.5085784198775,62.5203661688073
-29.5085784198775,62.5511038737253
-29.5085784198775,62.5818415786434
-29.5085784198775,62.6125792835614
-29.5085784198775,62.6433169884794
-29.5085784198775,62.6740546933974
-29.5085784198775,62.7047923983155
-29.5085784198775,62.7355301032335
-29.5085784198775,62.7662678081515
-29.5085784198775,62.7970055130695
-29.5085784198775,62.8277432179876
-29.5085784198775,62.8584809229056
-29.5085784198775,62.8892186278236
-29.5085784198775,62.9199563327416
-29.5085784198775,62.9506940376597
-29.5085784198775,62.9814317425777
-29.5085784198775,63.0121694474957
-29.5085784198775,63.0429071524137
-29.5085784198775,63.0736448573318
-29.5085784198775,63.1043825622498
-29.5085784198775,63.1351202671678
-29.5085784198775,63.1658579720858
-29.5085784198775,63.1965956770039
-29.5085784198775,63.2273333819219
-29.5085784198775,63.2580710868399
-29.5085784198775,63.2888087917579
-29.5085784198775,63.319546496676
-29.5085784198775,63.350284201594
-29.5085784198775,63.381021906512
-29.5085784198775,63.41175961143
-29.5085784198775,63.4424973163481
-29.5085784198775,63.4732350212661
-29.5085784198775,63.5039727261841
-29.5085784198775,63.5347104311021
-29.5085784198775,63.5654481360202
-29.5085784198775,63.5961858409382
-29.5085784198775,63.6269235458562
-29.5085784198775,63.6576612507742
-29.5085784198775,63.6883989556923
-29.5085784198775,63.7191366606103
-29.5085784198775,63.7498743655283
-29.5085784198775,63.7806120704463
-29.5085784198775,63.8113497753644
-29.5085784198775,63.8420874802824
-29.5085784198775,63.8728251852004
-29.5085784198775,63.9035628901184
-29.5085784198775,63.9343005950365
-29.5085784198775,63.9650382999545
-29.5085784198775,63.9957760048725
-29.5085784198775,64.0265137097905
-29.5085784198775,64.0572514147086
-29.5085784198775,64.0879891196266
-29.5085784198775,64.1187268245446
-29.5085784198775,64.1494645294626
-29.5085784198775,64.1802022343807
-29.5085784198775,64.2109399392987
-29.5085784198775,64.2416776442167
-29.5085784198775,64.2724153491347
-29.5085784198775,64.3031530540528
-29.5085784198775,64.3338907589708
-29.5085784198775,64.3646284638888
-29.5085784198775,64.3953661688068
-29.5085784198775,64.4261038737249
-29.5085784198775,64.4568415786429
-29.5085784198775,64.4875792835609
-29.5085784198775,64.5183169884789
-29.5085784198775,64.549054693397
-29.5085784198775,64.579792398315
-29.5085784198775,64.610530103233
-29.5085784198775,64.641267808151
-29.5085784198775,64.6720055130691
-29.5085784198775,64.7027432179871
-29.5085784198775,64.7334809229051
-29.5085784198775,64.7642186278231
-29.5085784198775,64.7949563327412
-29.5085784198775,64.8256940376592
-29.5085784198775,64.8564317425772
-29.5085784198775,64.8871694474952
-29.5085784198775,64.9179071524132
-29.5085784198775,64.9486448573313
-29.5085784198775,64.9793825622493
-29.5085784198775,65.0101202671673
-29.5085784198775,65.0408579720853
-29.5085784198775,65.0715956770034
-29.5085784198775,65.1023333819214
-29.5085784198775,65.1330710868394
-29.5085784198775,65.1638087917574
-29.5085784198775,65.1945464966755
-29.5085784198775,65.2252842015935
-29.5085784198775,65.2560219065115
-29.5085784198775,65.2867596114295
-29.5085784198775,65.3174973163476
-29.5085784198775,65.3482350212656
-29.5085784198775,65.3789727261836
-29.5085784198775,65.4097104311016
-29.5085784198775,65.4404481360197
-29.5085784198775,65.4711858409377
-29.5085784198775,65.5019235458557
-29.5085784198775,65.5326612507737
-29.5085784198775,65.5633989556918
-29.5085784198775,65.5941366606098
-29.5085784198775,65.6248743655278
-29.5085784198775,65.6556120704458
-29.5085784198775,65.6863497753639
-29.5085784198775,65.7170874802819
-29.5085784198775,65.7478251851999
-29.5085784198775,65.7785628901179
-29.5085784198775,65.809300595036
-29.5085784198775,65.840038299954
-29.5085784198775,65.870776004872
-29.5085784198775,65.90151370979
-29.5085784198775,65.9322514147081
-29.5085784198775,65.9629891196261
-29.5085784198775,65.9937268245441
-29.5085784198775,66.0244645294621
-29.5085784198775,66.0552022343802
-29.5085784198775,66.0859399392982
-29.5085784198775,66.1166776442162
-29.5085784198775,66.1474153491342
-29.5085784198775,66.1781530540523
-29.5085784198775,66.2088907589703
-29.5085784198775,66.2396284638883
-29.5085784198775,66.2703661688063
-29.5085784198775,66.3011038737244
-29.5085784198775,66.3318415786424
-29.5085784198775,66.3625792835604
-29.5085784198775,66.3933169884784
-29.5085784198775,66.4240546933965
-29.5085784198775,66.4547923983145
-29.5085784198775,66.4855301032325
-29.5085784198775,66.5162678081505
-29.5085784198775,66.5470055130686
-29.5085784198775,66.5777432179866
-29.5085784198775,66.6084809229046
-29.5085784198775,66.6392186278226
-29.5085784198775,66.6699563327407
-29.5085784198775,66.7006940376587
-29.5085784198775,66.7314317425767
-29.5085784198775,66.7621694474947
-29.5085784198775,66.7929071524128
-29.5085784198775,66.8236448573308
-29.5085784198775,66.8543825622488
-29.5085784198775,66.8851202671668
-29.5085784198775,66.9158579720849
-29.5085784198775,66.9465956770029
-29.5085784198775,66.9773333819209
-29.5085784198775,67.0080710868389
-29.5085784198775,67.0388087917569
-29.5085784198775,67.069546496675
-29.5085784198775,67.100284201593
-29.5085784198775,67.131021906511
-29.5085784198775,67.161759611429
-29.5085784198775,67.1924973163471
-29.5085784198775,67.2232350212651
-29.5085784198775,67.2539727261831
-29.5085784198775,67.2847104311011
-29.5085784198775,67.3154481360192
-29.5085784198775,67.3461858409372
-29.5085784198775,67.3769235458552
-29.5085784198775,67.4076612507732
-29.5085784198775,67.4383989556913
-29.5085784198775,67.4691366606093
-29.5085784198775,67.4998743655273
-29.5085784198775,67.5306120704453
-29.5085784198775,67.5613497753634
-29.5085784198775,67.5920874802814
-29.5085784198775,67.6228251851994
-29.5085784198775,67.6535628901174
-29.5085784198775,67.6843005950355
-29.5085784198775,67.7150382999535
-29.5085784198775,67.7457760048715
-29.5085784198775,67.7765137097895
-29.5085784198775,67.8072514147076
-29.5085784198775,67.8379891196256
-29.5085784198775,67.8687268245436
-29.5085784198775,67.8994645294616
-29.5085784198775,67.9302022343797
-29.5085784198775,67.9609399392977
-29.5085784198775,67.9916776442157
-29.5085784198775,68.0224153491337
-29.5085784198775,68.0531530540518
-29.5085784198775,68.0838907589698
-29.5085784198775,68.1146284638878
-29.5085784198775,68.1453661688058
-29.5085784198775,68.1761038737239
-29.5085784198775,68.2068415786419
-29.5085784198775,68.2375792835599
-29.5085784198775,68.2683169884779
-29.5085784198775,68.299054693396
-29.5085784198775,68.329792398314
-29.5085784198775,68.360530103232
-29.5085784198775,68.39126780815
-29.5085784198775,68.4220055130681
-29.5085784198775,68.4527432179861
-29.5085784198775,68.4834809229041
-29.5085784198775,68.5142186278221
-29.5085784198775,68.5449563327402
-29.5085784198775,68.5756940376582
-29.5085784198775,68.6064317425762
-29.5085784198775,68.6371694474942
-29.5085784198775,68.6679071524123
-29.5085784198775,68.6986448573303
-29.5085784198775,68.7293825622483
-29.5085784198775,68.7601202671663
-29.5085784198775,68.7908579720844
-29.5085784198775,68.8215956770024
-29.5085784198775,68.8523333819204
-29.5085784198775,68.8830710868384
-29.5085784198775,68.9138087917565
-29.5085784198775,68.9445464966745
-29.5085784198775,68.9752842015925
-29.5085784198775,69.0060219065105
-29.5085784198775,69.0367596114286
-29.5085784198775,69.0674973163466
-29.5085784198775,69.0982350212646
-29.5085784198775,69.1289727261826
-29.5085784198775,69.1597104311006
-29.5085784198775,69.1904481360187
-29.5085784198775,69.2211858409367
-29.5085784198775,69.2519235458547
-29.5085784198775,69.2826612507727
-29.5085784198775,69.3133989556908
-29.5085784198775,69.3441366606088
-29.5085784198775,69.3748743655268
-29.5085784198775,69.4056120704448
-29.5085784198775,69.4363497753629
-29.5085784198775,69.4670874802809
-29.5085784198775,69.4978251851989
-29.5085784198775,69.5285628901169
-29.5085784198775,69.559300595035
-29.5085784198775,69.590038299953
-29.5085784198775,69.620776004871
-29.5085784198775,69.651513709789
-29.5085784198775,69.6822514147071
-29.5085784198775,69.7129891196251
-29.5085784198775,69.7437268245431
-29.5085784198775,69.7744645294611
-29.5085784198775,69.8052022343792
-29.5085784198775,69.8359399392972
-29.5085784198775,69.8666776442152
-29.5085784198775,69.8974153491332
-29.5085784198775,69.9281530540513
-29.5085784198775,69.9588907589693
-29.5085784198775,69.9896284638873
-29.5085784198775,70.0203661688053
-29.5085784198775,70.0511038737234
-29.5085784198775,70.0818415786414
-29.5085784198775,70.1125792835594
-29.5085784198775,70.1433169884774
-29.5085784198775,70.1740546933955
-29.5085784198775,70.2047923983135
-29.5085784198775,70.2355301032315
-29.5085784198775,70.2662678081495
-29.5085784198775,70.2970055130676
-29.5085784198775,70.3277432179856
-29.5085784198775,70.3584809229036
-29.5085784198775,70.3892186278216
-29.5085784198775,70.4199563327397
-29.5085784198775,70.4506940376577
-29.5085784198775,70.4814317425757
-29.5085784198775,70.5121694474937
-29.5085784198775,70.5429071524118
-29.5085784198775,70.5736448573298
-29.5085784198775,70.6043825622478
-29.5085784198775,70.6351202671658
-29.5085784198775,70.6658579720839
-29.5085784198775,70.6965956770019
-29.5085784198775,70.7273333819199
-29.5085784198775,70.7580710868379
-29.5085784198775,70.788808791756
-29.5085784198775,70.819546496674
-29.5085784198775,70.850284201592
-29.5085784198775,70.88102190651
-29.5085784198775,70.9117596114281
-29.5085784198775,70.9424973163461
-29.5085784198775,70.9732350212641
-29.5085784198775,71.0039727261821
-29.5085784198775,71.0347104311002
-29.5085784198775,71.0654481360182
-29.5085784198775,71.0961858409362
-29.5085784198775,71.1269235458542
-29.5085784198775,71.1576612507723
-29.5085784198775,71.1883989556903
-29.5085784198775,71.2191366606083
-29.5085784198775,71.2498743655263
-29.5085784198775,71.2806120704443
-29.5085784198775,71.3113497753624
-29.5085784198775,71.3420874802804
-29.5085784198775,71.3728251851984
-29.5085784198775,71.4035628901164
-29.5085784198775,71.4343005950345
-29.5085784198775,71.4650382999525
-29.5085784198775,71.4957760048705
-29.5085784198775,71.5265137097885
-29.5085784198775,71.5572514147066
-29.5085784198775,71.5879891196246
-29.5085784198775,71.6187268245426
-29.5085784198775,71.6494645294606
-29.5085784198775,71.6802022343787
-29.5085784198775,71.7109399392967
-29.5085784198775,71.7416776442147
-29.5085784198775,71.7724153491327
-29.5085784198775,71.8031530540508
-29.5085784198775,71.8338907589688
-29.5085784198775,71.8646284638868
-29.5085784198775,71.8953661688048
-29.5085784198775,71.9261038737229
-29.5085784198775,71.9568415786409
-29.5085784198775,71.9875792835589
-29.5085784198775,72.0183169884769
-29.5085784198775,72.049054693395
-29.5085784198775,72.079792398313
-29.5085784198775,72.110530103231
-29.5085784198775,72.141267808149
-29.5085784198775,72.1720055130671
-29.5085784198775,72.2027432179851
-29.5085784198775,72.2334809229031
-29.5085784198775,72.2642186278211
-29.5085784198775,72.2949563327392
-29.5085784198775,72.3256940376572
-29.5085784198775,72.3564317425752
-29.5085784198775,72.3871694474932
-29.5085784198775,72.4179071524113
-29.5085784198775,72.4486448573293
-29.5085784198775,72.4793825622473
-29.5085784198775,72.5101202671653
-29.5085784198775,72.5408579720834
-29.5085784198775,72.5715956770014
-29.5085784198775,72.6023333819194
-29.5085784198775,72.6330710868374
-29.5085784198775,72.6638087917555
-29.5085784198775,72.6945464966735
-29.5085784198775,72.7252842015915
-29.5085784198775,72.7560219065095
-29.5085784198775,72.7867596114276
-29.5085784198775,72.8174973163456
-29.5085784198775,72.8482350212636
-29.5085784198775,72.8789727261816
-29.5085784198775,72.9097104310997
-29.5085784198775,72.9404481360177
-29.5085784198775,72.9711858409357
-29.5085784198775,73.0019235458537
-29.5085784198775,73.0326612507718
-29.5085784198775,73.0633989556898
-29.5085784198775,73.0941366606078
-29.5085784198775,73.1248743655258
-29.5085784198775,73.1556120704439
-29.5085784198775,73.1863497753619
-29.5085784198775,73.2170874802799
-29.5085784198775,73.2478251851979
-29.5085784198775,73.2785628901159
-29.5085784198775,73.309300595034
-29.5085784198775,73.340038299952
-29.5085784198775,73.37077600487
-29.5085784198775,73.401513709788
-29.5085784198775,73.4322514147061
-29.5085784198775,73.4629891196241
-29.5085784198775,73.4937268245421
-29.5085784198775,73.5244645294601
-29.5085784198775,73.5552022343782
-29.5085784198775,73.5859399392962
-29.5085784198775,73.6166776442142
-29.5085784198775,73.6474153491322
-29.5085784198775,73.6781530540503
-29.5085784198775,73.7088907589683
-29.5085784198775,73.7396284638863
-29.5085784198775,73.7703661688043
-29.5085784198775,73.8011038737224
-29.5085784198775,73.8318415786404
-29.5085784198775,73.8625792835584
-29.5085784198775,73.8933169884764
-29.5085784198775,73.9240546933945
-29.5085784198775,73.9547923983125
-29.5085784198775,73.9855301032305
-29.5085784198775,74.0162678081485
-29.5085784198775,74.0470055130666
-29.5085784198775,74.0777432179846
-29.5085784198775,74.1084809229026
-29.5085784198775,74.1392186278206
-29.5085784198775,74.1699563327387
-29.5085784198775,74.2006940376567
-29.5085784198775,74.2314317425747
-29.5085784198775,74.2621694474927
-29.5085784198775,74.2929071524108
-29.5085784198775,74.3236448573288
-29.5085784198775,74.3543825622468
-29.5085784198775,74.3851202671648
-29.5085784198775,74.4158579720829
-29.5085784198775,74.4465956770009
-29.5085784198775,74.4773333819189
-29.5085784198775,74.5080710868369
-29.5085784198775,74.538808791755
-29.5085784198775,74.569546496673
-29.5085784198775,74.600284201591
-29.5085784198775,74.631021906509
-29.5085784198775,74.6617596114271
-29.5085784198775,74.6924973163451
-29.5085784198775,74.7232350212631
-29.5085784198775,74.7539727261811
-29.5085784198775,74.7847104310992
-29.5085784198775,74.8154481360172
-29.5085784198775,74.8461858409352
-29.5085784198775,74.8769235458532
-29.5085784198775,74.9076612507713
-29.5085784198775,74.9383989556893
-29.5085784198775,74.9691366606073
-29.5085784198775,74.9998743655253
-29.5085784198775,75.0306120704434
-29.5085784198775,75.0613497753614
-29.5085784198775,75.0920874802794
-29.5085784198775,75.1228251851974
-29.5085784198775,75.1535628901155
-29.5085784198775,75.1843005950335
-29.5085784198775,75.2150382999515
-29.5085784198775,75.2457760048695
-29.5085784198775,75.2765137097876
-29.5085784198775,75.3072514147056
-29.5085784198775,75.3379891196236
-29.5085784198775,75.3687268245416
-29.5085784198775,75.3994645294596
-29.5085784198775,75.4302022343777
-29.5085784198775,75.4609399392957
-29.5085784198775,75.4916776442137
-29.5085784198775,75.5224153491317
-29.5085784198775,75.5531530540498
-29.5085784198775,75.5838907589678
-29.5085784198775,75.6146284638858
-29.5085784198775,75.6453661688038
-29.5085784198775,75.6761038737219
-29.5085784198775,75.7068415786399
-29.5085784198775,75.7375792835579
-29.5085784198775,75.7683169884759
-29.5085784198775,75.799054693394
-29.5085784198775,75.829792398312
-29.5085784198775,75.86053010323
-29.5085784198775,75.891267808148
-29.5085784198775,75.9220055130661
-29.5085784198775,75.9527432179841
-29.5085784198775,75.9834809229021
-29.5085784198775,76.0142186278201
-29.5085784198775,76.0449563327382
-29.5085784198775,76.0756940376562
-29.5085784198775,76.1064317425742
-29.5085784198775,76.1371694474922
-29.5085784198775,76.1679071524103
-29.5085784198775,76.1986448573283
-29.5085784198775,76.2293825622463
-29.5085784198775,76.2601202671643
-29.5085784198775,76.2908579720824
-29.5085784198775,76.3215956770004
-29.5085784198775,76.3523333819184
-29.5085784198775,76.3830710868364
-29.5085784198775,76.4138087917545
-29.5085784198775,76.4445464966725
-29.5085784198775,76.4752842015905
-29.5085784198775,76.5060219065085
-29.5085784198775,76.5367596114266
-29.5085784198775,76.5674973163446
-29.5085784198775,76.5982350212626
-29.5085784198775,76.6289727261806
-29.5085784198775,76.6597104310987
-29.5085784198775,76.6904481360167
-29.5085784198775,76.7211858409347
-29.5085784198775,76.7519235458527
-29.5085784198775,76.7826612507708
-29.5085784198775,76.8133989556888
-29.5085784198775,76.8441366606068
-29.5085784198775,76.8748743655248
-29.5085784198775,76.9056120704429
-29.5085784198775,76.9363497753609
-29.5085784198775,76.9670874802789
-29.5085784198775,76.9978251851969
-29.5085784198775,77.028562890115
-29.5085784198775,77.059300595033
-29.5085784198775,77.090038299951
-29.5085784198775,77.120776004869
-29.5085784198775,77.1515137097871
-29.5085784198775,77.1822514147051
-29.5085784198775,77.2129891196231
-29.5085784198775,77.2437268245411
-29.5085784198775,77.2744645294592
-29.5085784198775,77.3052022343772
-29.5085784198775,77.3359399392952
-29.5085784198775,77.3666776442132
-29.5085784198775,77.3974153491313
-29.5085784198775,77.4281530540493
-29.5085784198775,77.4588907589673
-29.5085784198775,77.4896284638853
-29.5085784198775,77.5203661688033
-29.5085784198775,77.5511038737214
-29.5085784198775,77.5818415786394
-29.5085784198775,77.6125792835574
-29.5085784198775,77.6433169884754
-29.5085784198775,77.6740546933935
-29.5085784198775,77.7047923983115
-29.5085784198775,77.7355301032295
-29.5085784198775,77.7662678081475
-29.5085784198775,77.7970055130656
-29.5085784198775,77.8277432179836
-29.5085784198775,77.8584809229016
-29.5085784198775,77.8892186278196
-29.5085784198775,77.9199563327377
-29.5085784198775,77.9506940376557
-29.5085784198775,77.9814317425737
-29.5085784198775,78.0121694474917
-29.5085784198775,78.0429071524098
-29.5085784198775,78.0736448573278
-29.5085784198775,78.1043825622458
-29.5085784198775,78.1351202671638
-29.5085784198775,78.1658579720819
-29.5085784198775,78.1965956769999
-29.5085784198775,78.2273333819179
-29.5085784198775,78.2580710868359
-29.5085784198775,78.288808791754
-29.5085784198775,78.319546496672
-29.5085784198775,78.35028420159
-29.5085784198775,78.381021906508
-29.5085784198775,78.4117596114261
-29.5085784198775,78.4424973163441
-29.5085784198775,78.4732350212621
-29.5085784198775,78.5039727261801
-29.5085784198775,78.5347104310982
-29.5085784198775,78.5654481360162
-29.5085784198775,78.5961858409342
-29.5085784198775,78.6269235458522
-29.5085784198775,78.6576612507703
-29.5085784198775,78.6883989556883
-29.5085784198775,78.7191366606063
-29.5085784198775,78.7498743655243
-29.5085784198775,78.7806120704424
-29.5085784198775,78.8113497753604
-29.5085784198775,78.8420874802784
-29.5085784198775,78.8728251851964
-29.5085784198775,78.9035628901145
-29.5085784198775,78.9343005950325
-29.5085784198775,78.9650382999505
-29.5085784198775,78.9957760048685
-29.5085784198775,79.0265137097866
-29.5085784198775,79.0572514147046
-29.5085784198775,79.0879891196226
-29.5085784198775,79.1187268245406
-29.5085784198775,79.1494645294587
-29.5085784198775,79.1802022343767
-29.5085784198775,79.2109399392947
-29.5085784198775,79.2416776442127
-29.5085784198775,79.2724153491308
-29.5085784198775,79.3031530540488
-29.5085784198775,79.3338907589668
-29.5085784198775,79.3646284638848
-29.5085784198775,79.3953661688029
-29.5085784198775,79.4261038737209
-29.5085784198775,79.4568415786389
-29.5085784198775,79.4875792835569
-29.5085784198775,79.518316988475
-29.5085784198775,79.549054693393
-29.5085784198775,79.579792398311
-29.5085784198775,79.610530103229
-29.5085784198775,79.641267808147
-29.5085784198775,79.6720055130651
-29.5085784198775,79.7027432179831
-29.5085784198775,79.7334809229011
-29.5085784198775,79.7642186278191
-29.5085784198775,79.7949563327372
-29.5085784198775,79.8256940376552
-29.5085784198775,79.8564317425732
-29.5085784198775,79.8871694474912
-29.5085784198775,79.9179071524093
-29.5085784198775,79.9486448573273
-29.5085784198775,79.9793825622453
-29.5085784198775,80.0101202671633
-29.5085784198775,80.0408579720814
-29.5085784198775,80.0715956769994
-29.5085784198775,80.1023333819174
-29.5085784198775,80.1330710868354
-29.5085784198775,80.1638087917535
-29.5085784198775,80.1945464966715
-29.5085784198775,80.2252842015895
-29.5085784198775,80.2560219065075
-29.5085784198775,80.2867596114256
-29.5085784198775,80.3174973163436
-29.5085784198775,80.3482350212616
-29.5085784198775,80.3789727261796
-29.5085784198775,80.4097104310977
-29.5085784198775,80.4404481360157
-29.5085784198775,80.4711858409337
-29.5085784198775,80.5019235458517
-29.5085784198775,80.5326612507698
-29.5085784198775,80.5633989556878
-29.5085784198775,80.5941366606058
-29.5085784198775,80.6248743655238
-29.5085784198775,80.6556120704419
-29.5085784198775,80.6863497753599
-29.5085784198775,80.7170874802779
-29.5085784198775,80.7478251851959
-29.5085784198775,80.778562890114
-29.5085784198775,80.809300595032
-29.5085784198775,80.84003829995
-29.5085784198775,80.870776004868
-29.5085784198775,80.9015137097861
-29.5085784198775,80.9322514147041
-29.5085784198775,80.9629891196221
-29.5085784198775,80.9937268245401
-29.5085784198775,81.0244645294582
-29.5085784198775,81.0552022343762
-29.5085784198775,81.0859399392942
-29.5085784198775,81.1166776442122
-29.5085784198775,81.1474153491303
-29.5085784198775,81.1781530540483
-29.5085784198775,81.2088907589663
-29.5085784198775,81.2396284638843
-29.5085784198775,81.2703661688024
-29.5085784198775,81.3011038737204
-29.5085784198775,81.3318415786384
-29.5085784198775,81.3625792835564
-29.5085784198775,81.3933169884745
-29.5085784198775,81.4240546933925
-29.5085784198775,81.4547923983105
-29.5085784198775,81.4855301032285
-29.5085784198775,81.5162678081466
-29.5085784198775,81.5470055130646
-29.5085784198775,81.5777432179826
-29.5085784198775,81.6084809229006
-29.5085784198775,81.6392186278187
-29.5085784198775,81.6699563327367
-29.5085784198775,81.7006940376547
-29.5085784198775,81.7314317425727
-29.5085784198775,81.7621694474907
-29.5085784198775,81.7929071524088
-29.5085784198775,81.8236448573268
-29.5085784198775,81.8543825622448
-29.5085784198775,81.8851202671628
-29.5085784198775,81.9158579720809
-29.5085784198775,81.9465956769989
-29.5085784198775,81.9773333819169
-29.5085784198775,82.0080710868349
-29.5085784198775,82.038808791753
-29.5085784198775,82.069546496671
-29.5085784198775,82.100284201589
-29.5085784198775,82.131021906507
-29.5085784198775,82.1617596114251
-29.5085784198775,82.1924973163431
-29.5085784198775,82.2232350212611
-29.5085784198775,82.2539727261791
-29.5085784198775,82.2847104310972
-29.5085784198775,82.3154481360152
-29.5085784198775,82.3461858409332
-29.5085784198775,82.3769235458512
-29.5085784198775,82.4076612507693
-29.5085784198775,82.4383989556873
-29.5085784198775,82.4691366606053
-29.5085784198775,82.4998743655233
-29.5085784198775,82.5306120704414
-29.5085784198775,82.5613497753594
-29.5085784198775,82.5920874802774
-29.5085784198775,82.6228251851954
-29.5085784198775,82.6535628901135
-29.5085784198775,82.6843005950315
-29.5085784198775,82.7150382999495
-29.5085784198775,82.7457760048675
-29.5085784198775,82.7765137097856
-29.5085784198775,82.8072514147036
-29.5085784198775,82.8379891196216
-29.5085784198775,82.8687268245396
-29.5085784198775,82.8994645294577
-29.5085784198775,82.9302022343757
-29.5085784198775,82.9609399392937
-29.5085784198775,82.9916776442117
-29.5085784198775,83.0224153491298
-29.5085784198775,83.0531530540478
-29.5085784198775,83.0838907589658
-29.5085784198775,83.1146284638838
-29.5085784198775,83.1453661688019
-29.5085784198775,83.1761038737199
-29.5085784198775,83.2068415786379
-29.5085784198775,83.2375792835559
-29.5085784198775,83.268316988474
-29.5085784198775,83.299054693392
-29.5085784198775,83.32979239831
-29.5085784198775,83.360530103228
-29.5085784198775,83.3912678081461
-29.5085784198775,83.4220055130641
-29.5085784198775,83.4527432179821
-29.5085784198775,83.4834809229001
-29.5085784198775,83.5142186278182
-29.5085784198775,83.5449563327362
-29.5085784198775,83.5756940376542
-29.5085784198775,83.6064317425722
-29.5085784198775,83.6371694474903
-29.5085784198775,83.6679071524083
-29.5085784198775,83.6986448573263
-29.5085784198775,83.7293825622443
-29.5085784198775,83.7601202671623
-29.5085784198775,83.7908579720804
-29.5085784198775,83.8215956769984
-29.5085784198775,83.8523333819164
-29.5085784198775,83.8830710868344
-29.5085784198775,83.9138087917525
-29.5085784198775,83.9445464966705
-29.5085784198775,83.9752842015885
-29.5085784198775,84.0060219065065
-29.5085784198775,84.0367596114246
-29.5085784198775,84.0674973163426
-29.5085784198775,84.0982350212606
-29.5085784198775,84.1289727261786
-29.5085784198775,84.1597104310967
-29.5085784198775,84.1904481360147
-29.5085784198775,84.2211858409327
-29.5085784198775,84.2519235458507
-29.5085784198775,84.2826612507688
-29.5085784198775,84.3133989556868
-29.5085784198775,84.3441366606048
-29.5085784198775,84.3748743655228
-29.5085784198775,84.4056120704409
-29.5085784198775,84.4363497753589
-29.5085784198775,84.4670874802769
-29.5085784198775,84.4978251851949
-29.5085784198775,84.528562890113
-29.5085784198775,84.559300595031
-29.5085784198775,84.590038299949
-29.5085784198775,84.620776004867
-29.5085784198775,84.6515137097851
-29.5085784198775,84.6822514147031
-29.5085784198775,84.7129891196211
-29.5085784198775,84.7437268245391
-29.5085784198775,84.7744645294572
-29.5085784198775,84.8052022343752
-29.5085784198775,84.8359399392932
-29.5085784198775,84.8666776442112
-29.5085784198775,84.8974153491293
-29.5085784198775,84.9281530540473
-29.5085784198775,84.9588907589653
-29.5085784198775,84.9896284638833
-29.5085784198775,85.0203661688014
-29.5085784198775,85.0511038737194
-29.5085784198775,85.0818415786374
-29.5085784198775,85.1125792835554
-29.5085784198775,85.1433169884735
-29.5085784198775,85.1740546933915
-29.5085784198775,85.2047923983095
-29.5085784198775,85.2355301032275
-29.5085784198775,85.2662678081456
-29.5085784198775,85.2970055130636
-29.5085784198775,85.3277432179816
-29.5085784198775,85.3584809228996
-29.5085784198775,85.3892186278177
-29.5085784198775,85.4199563327357
-29.5085784198775,85.4506940376537
-29.5085784198775,85.4814317425717
-29.5085784198775,85.5121694474898
-29.5085784198775,85.5429071524078
-29.5085784198775,85.5736448573258
-29.5085784198775,85.6043825622438
-29.5085784198775,85.6351202671619
-29.5085784198775,85.6658579720799
-29.5085784198775,85.6965956769979
-29.5085784198775,85.7273333819159
-29.5085784198775,85.758071086834
-29.5085784198775,85.788808791752
-29.5085784198775,85.81954649667
-29.5085784198775,85.850284201588
-29.5085784198775,85.881021906506
-29.5085784198775,85.9117596114241
-29.5085784198775,85.9424973163421
-29.5085784198775,85.9732350212601
-29.5085784198775,86.0039727261781
-29.5085784198775,86.0347104310962
-29.5085784198775,86.0654481360142
-29.5085784198775,86.0961858409322
-29.5085784198775,86.1269235458502
-29.5085784198775,86.1576612507683
-29.5085784198775,86.1883989556863
-29.5085784198775,86.2191366606043
-29.5085784198775,86.2498743655223
-29.5085784198775,86.2806120704404
-29.5085784198775,86.3113497753584
-29.5085784198775,86.3420874802764
-29.5085784198775,86.3728251851944
-29.5085784198775,86.4035628901125
-29.5085784198775,86.4343005950305
-29.5085784198775,86.4650382999485
-29.5085784198775,86.4957760048665
-29.5085784198775,86.5265137097846
-29.5085784198775,86.5572514147026
-29.5085784198775,86.5879891196206
-29.5085784198775,86.6187268245386
-29.5085784198775,86.6494645294567
-29.5085784198775,86.6802022343747
-29.5085784198775,86.7109399392927
-29.5085784198775,86.7416776442107
-29.5085784198775,86.7724153491288
-29.5085784198775,86.8031530540468
-29.5085784198775,86.8338907589648
-29.5085784198775,86.8646284638828
-29.5085784198775,86.8953661688009
-29.5085784198775,86.9261038737189
-29.5085784198775,86.9568415786369
-29.5085784198775,86.9875792835549
-29.5085784198775,87.018316988473
-29.5085784198775,87.049054693391
-29.5085784198775,87.079792398309
-29.5085784198775,87.110530103227
-29.5085784198775,87.1412678081451
-29.5085784198775,87.1720055130631
-29.5085784198775,87.2027432179811
-29.5085784198775,87.2334809228991
-29.5085784198775,87.2642186278172
-29.5085784198775,87.2949563327352
-29.5085784198775,87.3256940376532
-29.5085784198775,87.3564317425712
-29.5085784198775,87.3871694474893
-29.5085784198775,87.4179071524073
-29.5085784198775,87.4486448573253
-29.5085784198775,87.4793825622433
-29.5085784198775,87.5101202671614
-29.5085784198775,87.5408579720794
-29.5085784198775,87.5715956769974
-29.5085784198775,87.6023333819154
-29.5085784198775,87.6330710868335
-29.5085784198775,87.6638087917515
-29.5085784198775,87.6945464966695
-29.5085784198775,87.7252842015875
-29.5085784198775,87.7560219065056
-29.5085784198775,87.7867596114236
-29.5085784198775,87.8174973163416
-29.5085784198775,87.8482350212596
-29.5085784198775,87.8789727261777
-29.5085784198775,87.9097104310957
-29.5085784198775,87.9404481360137
-29.5085784198775,87.9711858409317
-29.5085784198775,88.0019235458497
-29.5085784198775,88.0326612507678
-29.5085784198775,88.0633989556858
-29.5085784198775,88.0941366606038
-29.5085784198775,88.1248743655218
-29.5085784198775,88.1556120704399
-29.5085784198775,88.1863497753579
-29.5085784198775,88.2170874802759
-29.5085784198775,88.2478251851939
-29.5085784198775,88.278562890112
-29.5085784198775,88.30930059503
-29.5085784198775,88.340038299948
-29.5085784198775,88.370776004866
-29.5085784198775,88.4015137097841
-29.5085784198775,88.4322514147021
-29.5085784198775,88.4629891196201
-29.5085784198775,88.4937268245381
-29.5085784198775,88.5244645294562
-29.5085784198775,88.5552022343742
-29.5085784198775,88.5859399392922
-29.5085784198775,88.6166776442102
-29.5085784198775,88.6474153491283
-29.5085784198775,88.6781530540463
-29.5085784198775,88.7088907589643
-29.5085784198775,88.7396284638823
-29.5085784198775,88.7703661688004
-29.5085784198775,88.8011038737184
-29.5085784198775,88.8318415786364
-29.5085784198775,88.8625792835544
-29.5085784198775,88.8933169884725
-29.5085784198775,88.9240546933905
-29.5085784198775,88.9547923983085
-29.5085784198775,88.9855301032265
-29.5085784198775,89.0162678081446
-29.5085784198775,89.0470055130626
-29.5085784198775,89.0777432179806
-29.5085784198775,89.1084809228986
-29.5085784198775,89.1392186278167
-29.5085784198775,89.1699563327347
-29.5085784198775,89.2006940376527
-29.5085784198775,89.2314317425707
-29.5085784198775,89.2621694474888
-29.5085784198775,89.2929071524068
-29.5085784198775,89.3236448573248
-29.5085784198775,89.3543825622428
-29.5085784198775,89.3851202671609
-29.5085784198775,89.4158579720789
-29.5085784198775,89.4465956769969
-29.5085784198775,89.4773333819149
-29.5085784198775,89.508071086833
-29.5085784198775,89.538808791751
-29.5085784198775,89.569546496669
-29.5085784198775,89.600284201587
-29.5085784198775,89.6310219065051
-29.5085784198775,89.6617596114231
-29.5085784198775,89.6924973163411
-29.5085784198775,89.7232350212591
-29.5085784198775,89.7539727261772
-29.5085784198775,89.7847104310952
-29.5085784198775,89.8154481360132
-29.5085784198775,89.8461858409312
-29.5085784198775,89.8769235458493
-29.5085784198775,89.9076612507673
-29.5085784198775,89.9383989556853
-29.5085784198775,89.9691366606033
-29.5085784198775,89.9998743655214
-29.5085784198775,90.0306120704394
-29.5085784198775,90.0613497753574
-29.5085784198775,90.0920874802754
-29.5085784198775,90.1228251851934
-29.5085784198775,90.1535628901115
-29.5085784198775,90.1843005950295
-29.5085784198775,90.2150382999475
-29.5085784198775,90.2457760048655
-29.5085784198775,90.2765137097836
-29.5085784198775,90.3072514147016
-29.5085784198775,90.3379891196196
-29.5085784198775,90.3687268245376
-29.5085784198775,90.3994645294557
-29.5085784198775,90.4302022343737
-29.5085784198775,90.4609399392917
-29.5085784198775,90.4916776442097
-29.5085784198775,90.5224153491278
-29.5085784198775,90.5531530540458
-29.5085784198775,90.5838907589638
-29.5085784198775,90.6146284638818
-29.5085784198775,90.6453661687999
-29.5085784198775,90.6761038737179
-29.5085784198775,90.7068415786359
-29.5085784198775,90.7375792835539
-29.5085784198775,90.768316988472
-29.5085784198775,90.79905469339
-29.5085784198775,90.829792398308
-29.5085784198775,90.860530103226
-29.5085784198775,90.8912678081441
-29.5085784198775,90.9220055130621
-29.5085784198775,90.9527432179801
-29.5085784198775,90.9834809228981
-29.5085784198775,91.0142186278162
-29.5085784198775,91.0449563327342
-29.5085784198775,91.0756940376522
-29.5085784198775,91.1064317425702
-29.5085784198775,91.1371694474883
-29.5085784198775,91.1679071524063
-29.5085784198775,91.1986448573243
-29.5085784198775,91.2293825622423
-29.5085784198775,91.2601202671604
-29.5085784198775,91.2908579720784
-29.5085784198775,91.3215956769964
-29.5085784198775,91.3523333819144
-29.5085784198775,91.3830710868325
-29.5085784198775,91.4138087917505
-29.5085784198775,91.4445464966685
-29.5085784198775,91.4752842015865
-29.5085784198775,91.5060219065046
-29.5085784198775,91.5367596114226
-29.5085784198775,91.5674973163406
-29.5085784198775,91.5982350212586
-29.5085784198775,91.6289727261767
-29.5085784198775,91.6597104310947
-29.5085784198775,91.6904481360127
-29.5085784198775,91.7211858409307
-29.5085784198775,91.7519235458488
-29.5085784198775,91.7826612507668
-29.5085784198775,91.8133989556848
-29.5085784198775,91.8441366606028
-29.5085784198775,91.8748743655209
-29.5085784198775,91.9056120704389
-29.5085784198775,91.9363497753569
-29.5085784198775,91.9670874802749
-29.5085784198775,91.997825185193
-29.5085784198775,92.028562890111
-29.5085784198775,92.059300595029
-29.5085784198775,92.090038299947
-29.5085784198775,92.120776004865
-29.5085784198775,92.1515137097831
-29.5085784198775,92.1822514147011
-29.5085784198775,92.2129891196191
-29.5085784198775,92.2437268245371
-29.5085784198775,92.2744645294552
-29.5085784198775,92.3052022343732
-29.5085784198775,92.3359399392912
-29.5085784198775,92.3666776442092
-29.5085784198775,92.3974153491273
-29.5085784198775,92.4281530540453
-29.5085784198775,92.4588907589633
-29.5085784198775,92.4896284638813
-29.5085784198775,92.5203661687994
-29.5085784198775,92.5511038737174
-29.5085784198775,92.5818415786354
-29.5085784198775,92.6125792835534
-29.5085784198775,92.6433169884715
-29.5085784198775,92.6740546933895
-29.5085784198775,92.7047923983075
-29.5085784198775,92.7355301032255
-29.5085784198775,92.7662678081436
-29.5085784198775,92.7970055130616
-29.5085784198775,92.8277432179796
-29.5085784198775,92.8584809228976
-29.5085784198775,92.8892186278157
-29.5085784198775,92.9199563327337
-29.5085784198775,92.9506940376517
-29.5085784198775,92.9814317425697
-29.5085784198775,93.0121694474878
-29.5085784198775,93.0429071524058
-29.5085784198775,93.0736448573238
-29.5085784198775,93.1043825622418
-29.5085784198775,93.1351202671599
-29.5085784198775,93.1658579720779
-29.5085784198775,93.1965956769959
-29.5085784198775,93.2273333819139
-29.5085784198775,93.258071086832
-29.5085784198775,93.28880879175
-29.5085784198775,93.319546496668
-29.5085784198775,93.350284201586
-29.5085784198775,93.3810219065041
-29.5085784198775,93.4117596114221
-29.5085784198775,93.4424973163401
-29.5085784198775,93.4732350212581
-29.5085784198775,93.5039727261762
-29.5085784198775,93.5347104310942
-29.5085784198775,93.5654481360122
-29.5085784198775,93.5961858409302
-29.5085784198775,93.6269235458483
-29.5085784198775,93.6576612507663
-29.5085784198775,93.6883989556843
-29.5085784198775,93.7191366606023
-29.5085784198775,93.7498743655204
-29.5085784198775,93.7806120704384
-29.5085784198775,93.8113497753564
-29.5085784198775,93.8420874802744
-29.5085784198775,93.8728251851925
-29.5085784198775,93.9035628901105
-29.5085784198775,93.9343005950285
-29.5085784198775,93.9650382999465
-29.5085784198775,93.9957760048646
-29.5085784198775,94.0265137097826
-29.5085784198775,94.0572514147006
-29.5085784198775,94.0879891196186
-29.5085784198775,94.1187268245367
-29.5085784198775,94.1494645294547
-29.5085784198775,94.1802022343727
-29.5085784198775,94.2109399392907
-29.5085784198775,94.2416776442087
-29.5085784198775,94.2724153491268
-29.5085784198775,94.3031530540448
-29.5085784198775,94.3338907589628
-29.5085784198775,94.3646284638808
-29.5085784198775,94.3953661687989
-29.5085784198775,94.4261038737169
-29.5085784198775,94.4568415786349
-29.5085784198775,94.4875792835529
-29.5085784198775,94.518316988471
-29.5085784198775,94.549054693389
-29.5085784198775,94.579792398307
-29.5085784198775,94.610530103225
-29.5085784198775,94.6412678081431
-29.5085784198775,94.6720055130611
-29.5085784198775,94.7027432179791
-29.5085784198775,94.7334809228971
-29.5085784198775,94.7642186278152
-29.5085784198775,94.7949563327332
-29.5085784198775,94.8256940376512
-29.5085784198775,94.8564317425692
-29.5085784198775,94.8871694474873
-29.5085784198775,94.9179071524053
-29.5085784198775,94.9486448573233
-29.5085784198775,94.9793825622413
-29.5085784198775,95.0101202671594
-29.5085784198775,95.0408579720774
-29.5085784198775,95.0715956769954
-29.5085784198775,95.1023333819134
-29.5085784198775,95.1330710868315
-29.5085784198775,95.1638087917495
-29.5085784198775,95.1945464966675
-29.5085784198775,95.2252842015855
-29.5085784198775,95.2560219065036
-29.5085784198775,95.2867596114216
-29.5085784198775,95.3174973163396
-29.5085784198775,95.3482350212576
-29.5085784198775,95.3789727261757
-29.5085784198775,95.4097104310937
-29.5085784198775,95.4404481360117
-29.5085784198775,95.4711858409297
-29.5085784198775,95.5019235458478
-29.5085784198775,95.5326612507658
-29.5085784198775,95.5633989556838
-29.5085784198775,95.5941366606018
-29.5085784198775,95.6248743655199
-29.5085784198775,95.6556120704379
-29.5085784198775,95.6863497753559
-29.5085784198775,95.7170874802739
-29.5085784198775,95.747825185192
-29.5085784198775,95.77856289011
-29.5085784198775,95.809300595028
-29.5085784198775,95.840038299946
-29.5085784198775,95.8707760048641
-29.5085784198775,95.9015137097821
-29.5085784198775,95.9322514147001
-29.5085784198775,95.9629891196181
-29.5085784198775,95.9937268245362
-29.5085784198775,96.0244645294542
-29.5085784198775,96.0552022343722
-29.5085784198775,96.0859399392902
-29.5085784198775,96.1166776442083
-29.5085784198775,96.1474153491263
-29.5085784198775,96.1781530540443
-29.5085784198775,96.2088907589623
-29.5085784198775,96.2396284638804
-29.5085784198775,96.2703661687984
-29.5085784198775,96.3011038737164
-29.5085784198775,96.3318415786344
-29.5085784198775,96.3625792835524
-29.5085784198775,96.3933169884705
-29.5085784198775,96.4240546933885
-29.5085784198775,96.4547923983065
-29.5085784198775,96.4855301032245
-29.5085784198775,96.5162678081426
-29.5085784198775,96.5470055130606
-29.5085784198775,96.5777432179786
-29.5085784198775,96.6084809228966
-29.5085784198775,96.6392186278147
-29.5085784198775,96.6699563327327
-29.5085784198775,96.7006940376507
-29.5085784198775,96.7314317425687
-29.5085784198775,96.7621694474868
-29.5085784198775,96.7929071524048
-29.5085784198775,96.8236448573228
-29.5085784198775,96.8543825622408
-29.5085784198775,96.8851202671589
-29.5085784198775,96.9158579720769
-29.5085784198775,96.9465956769949
-29.5085784198775,96.9773333819129
-29.5085784198775,97.008071086831
-29.5085784198775,97.038808791749
-29.5085784198775,97.069546496667
-29.5085784198775,97.100284201585
-29.5085784198775,97.1310219065031
-29.5085784198775,97.1617596114211
-29.5085784198775,97.1924973163391
-29.5085784198775,97.2232350212571
-29.5085784198775,97.2539727261752
-29.5085784198775,97.2847104310932
-29.5085784198775,97.3154481360112
-29.5085784198775,97.3461858409292
-29.5085784198775,97.3769235458473
-29.5085784198775,97.4076612507653
-29.5085784198775,97.4383989556833
-29.5085784198775,97.4691366606013
-29.5085784198775,97.4998743655194
-29.5085784198775,97.5306120704374
-29.5085784198775,97.5613497753554
-29.5085784198775,97.5920874802734
-29.5085784198775,97.6228251851915
-29.5085784198775,97.6535628901095
-29.5085784198775,97.6843005950275
-29.5085784198775,97.7150382999455
-29.5085784198775,97.7457760048636
-29.5085784198775,97.7765137097816
-29.5085784198775,97.8072514146996
-29.5085784198775,97.8379891196176
-29.5085784198775,97.8687268245357
-29.5085784198775,97.8994645294537
-29.5085784198775,97.9302022343717
-29.5085784198775,97.9609399392897
-29.5085784198775,97.9916776442078
-29.5085784198775,98.0224153491258
-29.5085784198775,98.0531530540438
-29.5085784198775,98.0838907589618
-29.5085784198775,98.1146284638799
-29.5085784198775,98.1453661687979
-29.5085784198775,98.1761038737159
-29.5085784198775,98.2068415786339
-29.5085784198775,98.237579283552
-29.5085784198775,98.26831698847
-29.5085784198775,98.299054693388
-29.5085784198775,98.329792398306
-29.5085784198775,98.3605301032241
-29.5085784198775,98.3912678081421
-29.5085784198775,98.4220055130601
-29.5085784198775,98.4527432179781
-29.5085784198775,98.4834809228961
-29.5085784198775,98.5142186278142
-29.5085784198775,98.5449563327322
-29.5085784198775,98.5756940376502
-29.5085784198775,98.6064317425682
-29.5085784198775,98.6371694474863
-29.5085784198775,98.6679071524043
-29.5085784198775,98.6986448573223
-29.5085784198775,98.7293825622403
-29.5085784198775,98.7601202671584
-29.5085784198775,98.7908579720764
-29.5085784198775,98.8215956769944
-29.5085784198775,98.8523333819124
-29.5085784198775,98.8830710868305
-29.5085784198775,98.9138087917485
-29.5085784198775,98.9445464966665
-29.5085784198775,98.9752842015845
-29.5085784198775,99.0060219065026
-29.5085784198775,99.0367596114206
-29.5085784198775,99.0674973163386
-29.5085784198775,99.0982350212566
-29.5085784198775,99.1289727261747
-29.5085784198775,99.1597104310927
-29.5085784198775,99.1904481360107
-29.5085784198775,99.2211858409287
-29.5085784198775,99.2519235458468
-29.5085784198775,99.2826612507648
-29.5085784198775,99.3133989556828
-29.5085784198775,99.3441366606008
-29.5085784198775,99.3748743655189
-29.5085784198775,99.4056120704369
-29.5085784198775,99.4363497753549
-29.5085784198775,99.4670874802729
-29.5085784198775,99.497825185191
-29.5085784198775,99.528562890109
-29.5085784198775,99.559300595027
-29.5085784198775,99.590038299945
-29.5085784198775,99.6207760048631
-29.5085784198775,99.6515137097811
-29.5085784198775,99.6822514146991
-29.5085784198775,99.7129891196171
-29.5085784198775,99.7437268245352
-29.5085784198775,99.7744645294532
-29.5085784198775,99.8052022343712
-29.5085784198775,99.8359399392892
-29.5085784198775,99.8666776442073
-29.5085784198775,99.8974153491253
-29.5085784198775,99.9281530540433
-29.5085784198775,99.9588907589613
-29.5085784198775,99.9896284638794
