0,0
0,0.0307377049180251
0,0.0614753964608711
2.31938151056934e-29,0.0922130755370579
-1.47057373843346e-22,0.122950754193817
4.59163404005264e-23,0.153688431363599
-6.42529388665896e-21,0.184426101277367
1.25625512293145e-20,0.215163764903553
2.00114864050966e-19,0.245901414817674
2.66461129380148e-19,0.276639057928993
-1.90532577024564e-18,0.307376700272267
-8.78428839251322e-18,0.338114334968907
-1.19001951691515e-17,0.368851954954102
2.52100406137125e-17,0.399589567057624
1.54823213556427e-16,0.430327188269487
3.46880110487176e-16,0.461064813281961
3.01355025607854e-16,0.491802424533043
-6.62686635866398e-16,0.52254003571544
-3.26787774683944e-15,0.553277647969655
-7.11906669366672e-15,0.584015248130918
-8.87454574079466e-15,0.614752844092081
-1.01181166437602e-15,0.645490444518931
2.63286434266761e-14,0.676228051026754
7.77503803038592e-14,0.706965661154998
1.38804637155119e-13,0.737703272049621
1.60802314078565e-13,0.768440878625889
5.61174234598144e-14,0.799178480513911
-2.79048665888141e-13,0.829916084778615
-9.0005144005083e-13,0.860653685467869
-1.70838446288218e-12,0.891391272610867
-2.33581325565015e-12,0.9221288311778
-2.08475996183465e-12,0.952866372250971
-1.89117587423069e-14,0.983603914196641
4.70652308634468e-12,1.0143414353328
1.22433864837759e-11,1.0450789521343
2.12663999831331e-11,1.07581648644984
2.82606987779844e-11,1.10655399981128
2.72990792277484e-11,1.13729151849112
1.08119807353485e-11,1.1680290514633
-2.82291301044277e-11,1.19876660136926
-9.26127613996125e-11,1.22950417237736
-1.76138244753023e-10,1.26024174889079
-2.59020951139127e-10,1.29097931359015
-3.05384049336394e-10,1.32171684897297
-2.65210972882539e-10,1.35245437332413
-8.29795538083674e-11,1.38319190682638
2.85815746266798e-10,1.41392942956502
8.51026059429023e-10,1.44466693317902
1.56065545763014e-09,1.47540444198344
2.27680797134519e-09,1.50614197213404
2.7641570559875e-09,1.53687953328816
2.70157237559995e-09,1.56761712946453
1.7263417890871e-09,1.59835473485078
-4.83980018418959e-10,1.6290923460302
-4.09487977757044e-09,1.65982996134695
-8.97678098686349e-09,1.69056758539753
-1.45709233730471e-08,1.72130520494961
-1.97954409222185e-08,1.7520428179347
-2.3034534243865e-08,1.78278043199271
-2.22529819175851e-08,1.81351805730564
-1.52675973256831e-08,1.84425567215989
-1.85248558404542e-10,1.87499328226473
2.40155549447575e-08,1.9057308961882
5.68228387924921e-08,1.93646851637312
9.55548956941168e-08,1.96720612730874
1.34891860914591e-07,1.99794373532484
1.66739521059145e-07,2.0286813481072
1.80588058241641e-07,2.05941895823143
1.64495661406313e-07,2.09015656525597
1.06759911751223e-07,2.12089417105665
-1.76051864750994e-09,2.1516317743403
-1.64837284287722e-07,2.18236937692124
-3.77878428143032e-07,2.21310697834338
-6.25181662015359e-07,2.24384457666298
-8.77968623274001e-07,2.27458217425069
-1.09378170320068e-06,2.30531977275569
-1.21779691848367e-06,2.33605736708764
-1.18648537275923e-06,2.36679496039353
-9.33837253731543e-07,2.3975325558088
-4.00051038419931e-07,2.42827014788657
4.57786892547365e-07,2.45900773765283
1.65391640852866e-06,2.48974532881931
3.16229690720719e-06,2.52048291944789
4.90680972194585e-06,2.55122050618925
6.75514249508599e-06,2.5819580931908
8.51832923510143e-06,2.61269568435538
9.9578401370546e-06,2.64343326547571
1.08017942353121e-05,2.67417083824301
1.07712812956782e-05,2.70490840693571
9.61689358035609e-06,2.73564596712778
7.16453391653359e-06,2.76638351833271
3.36850214031191e-06,2.79712106807102
-1.63146289142618e-06,2.82785862272626
-7.45421866052004e-06,2.85859617353309
-1.34268660631005e-05,2.88933372151277
-1.8536111064461e-05,2.92007127166717
-2.13629728291509e-05,2.95080882087975
-1.9976565001719e-05,2.98154636821909
-1.17718740366005e-05,3.0122839214049
6.74860054610551e-06,3.04302148135983
4.02410783157921e-05,3.073759025515
9.48249680332079e-05,3.10449656072982
0.000178406397229067,3.13523409624672
0.000300993034604782,3.1659716270727
0.000475025980096695,3.19670914059003
0.000715851126399311,3.22744664266453
0.00104245120019351,3.25818413527824
0.00147846430280249,3.28892162104184
0.00205345511704849,3.31965910617847
0.00280439812826008,3.35039659828434
0.00377736792132643,3.38113408214903
0.00502952755922431,3.41187155954017
0.00663157904809439,3.44260903511422
0.00867074394111826,3.47334639992115
0.0112541301535766,3.50408363778071
0.0145126950924919,3.53482076131135
0.018606430525719,3.56555778400685
0.0237302477241702,3.59629473739969
0.0301183214817528,3.62703163623839
0.0380450326734303,3.65776844586417
0.0478223518241009,3.68850518537994
0.0597947114266863,3.71924188167484
0.0743323878138165,3.7499785658462
0.0918240456632697,3.78071523853049
0.112668629205031,3.81145190876401
0.137266512036054,3.84218858396272
0.166009581101265,3.87292525693929
0.19927010227125,3.90366193407214
0.237389305485954,3.9343986302274
0.280667617799329,3.96513536223149
0.329358591118648,3.99587211869024
0.383666991998867,4.0266089082388
0.443750433830343,4.05734573802635
0.509723295820111,4.08808260228396
0.58166153411343,4.11881950890289
0.659607664051761,4.14955646059593
0.743575496322222,4.18029345095465
0.833554448425093,4.21103047255185
0.929513248342569,4.24176753058573
1.03140309820851,4.27250462336376
1.13915993165866,4.30324175105161
1.2527054181663,4.33397891340074
1.37194680339924,4.36471610415167
1.49677646355215,4.39545332455209
1.62707333289389,4.42619056634851
1.76270690232291,4.45692782726151
1.90354239978428,4.48766510751543
2.0494448777888,4.51840240563584
2.20028126342757,4.54913972205523
2.35592097048425,4.5798770593967
2.51623575611474,4.61061441746972
2.6810987434347,4.64135179540582
2.8503825413933,4.67208919268741
3.0239568437968,4.70282660806673
3.20168581522177,4.73356404124795
3.3834263026245,4.7643014798501
3.56902740753314,4.79503892327259
3.7583322616176,4.82577637208172
3.95118194786162,4.85651382654136
4.14741905327614,4.8872512856844
4.34688725692603,4.91798874901921
4.54942673299598,4.94872621715375
4.75486654791307,4.97946369007886
4.96301314989383,5.01020116694424
5.17363714646198,5.04093864783853
5.38646261207894,5.07167613335366
5.60116139328285,5.10241362418885
5.81735182119306,5.13315112083902
6.03460086984032,5.16388862374963
6.25242977866979,5.194626133591
6.47032238820972,5.22536365104063
6.68773476396262,5.25610117666922
6.90410451468121,5.28683871000301
7.1188585782737,5.3175762528278
7.331418463571,5.34831379808365
7.54119999807478,5.37905134320477
7.74762135330835,5.40978888786641
7.95015078122613,5.44052642669765
8.14836692584579,5.47126396274858
8.34198293953805,5.50200149796818
8.53083759256559,5.53273903409468
8.71487659740043,5.56347657260069
8.89413309484624,5.59421410798477
9.06870860236382,5.62495164135173
9.2387560362376,5.65568917578586
9.40446448803465,5.68642671370051
9.56604602380193,5.71716425691996
9.72372427149602,5.74790180054314
9.87772465782212,5.77863934388206
10.0282670683758,5.80937689017896
10.17555907475,5.84011444136874
10.3197899729012,5.87085199813301
10.4611268968203,5.90158955436016
10.5997131586528,5.93232710932824
10.7356689120847,5.96306466171316
10.8690927028324,5.99380221245716
11.000062575614,6.02453976327981
11.1286374506956,6.05527730618399
11.2548591111512,6.08601484316797
11.3787544150042,6.11675237779697
11.5003365226619,6.14748991270013
11.6196049397823,6.17822744715487
11.7365459040855,6.20896497336733
11.8511336339485,6.2397024959472
11.9633322334462,6.27044001837238
12.0730978088219,6.30117754316799
12.1803808130552,6.33191506363398
12.2851284148118,6.36265257868605
12.3872868151491,6.39339009279815
12.4868034672274,6.42412760932182
12.5836291463641,6.45486512944179
12.6777200314076,6.48560264296527
12.7690395373121,6.51634015443342
12.8575599989396,6.54707766805554
12.9432640479033,6.57781518693759
13.0261455952642,6.60855271112945
13.1062104009489,6.63929023515239
13.1834761071144,6.67002775930521
13.2579717598273,6.70076528188899
13.3297369251932,6.7315027884316
13.3988202170893,6.76224028488233
13.4652775420917,6.79297777772469
13.5291701785823,6.82371527222812
13.5905628786524,6.85445276570748
13.6495222350342,6.88519023918898
13.7061151664829,6.9159276997248
13.7604077645773,6.94666515355585
13.8124644442047,6.97740260624189
13.8623473917319,7.00814006028923
13.9101162566676,7.03887751805206
13.9558280649223,7.06961497665722
13.9995373620363,7.10035242267494
14.0412964335509,7.13108985989177
14.081155680174,7.16182729029895
14.1191640644699,7.19256472002955
14.1553696016191,7.2233021547054
14.1898199376206,7.25403958220948
14.2225628701952,7.28477700607117
14.2536468507864,7.31551443398296
14.2831214274609,7.34625187190422
14.3110376396542,7.37698931280733
14.3374482592395,7.4077267637177
14.362407904814,7.4384642305227
14.3859730220351,7.46920170761344
14.4082016994021,7.49993918774983
14.4291533345585,7.53067666402664
14.4488881832222,7.56141413020717
14.4674668000995,7.59215159353211
14.4849494437369,7.62288906015435
14.5013954737033,7.65362653511075
14.5168627994219,7.68436401167904
14.531407397871,7.71510148285155
14.5450829230257,7.74583894809245
14.5579404216782,7.77657641163382
14.5700281620908,7.80731387492294
14.5813915679175,7.83805133547494
14.5920732302166,7.86878879573291
14.6021130056125,7.89952624483086
14.611548157698,7.93026368148446
14.6204135357006,7.96100110977833
14.62874177714,7.99173853332489
14.6365635174938,8.02247595504754
14.6439076015285,8.05321337108755
14.650801275302,8.08395078481523
14.6572703588118,8.11468819912588
14.6633393913092,8.14542561644873
14.6690317457829,8.17616303876549
14.6743697134361,8.20690046512161
14.6793745607641,8.23763789171139
14.6840665626824,8.26837531647857
14.6884650171867,8.29911274171996
14.6925882497162,8.32985016935677
14.6964536136673,8.36058759844467
14.7000774907581,8.39132502879305
14.7034752963161,8.42206245955424
14.7066614919839,8.45279989001875
14.7096496064982,8.48353732209213
14.7124522657696,8.51427475736658
14.7150812310369,8.54501219715377
14.7175474445151,8.57574963921831
14.7198610811152,8.60648707813282
14.72203160254,8.63722451451039
14.7240678133872,8.66796194984567
14.7259779170492,8.6986993855603
14.7277695694606,8.72943682315506
14.7294499298982,8.76017426081997
14.7310257074679,8.79091169617855
14.7325032021706,8.82164913072015
14.7338883408777,8.85238656605524
14.7351867080935,8.88312400241111
14.7364035721722,8.91386143684467
14.7375439065551,8.94459887108897
14.7386124074239,8.97533630660702
14.7396135083826,9.00607374306932
14.7405513929155,9.03681117886578
14.7414300049724,9.06754861536561
14.7422530585256,9.09828605345452
14.7430240470499,9.12902348837768
14.7437462523016,9.15976092188833
14.7444227533742,9.19049835552725
14.7450564359619,9.22123579064904
14.7456500018836,9.25197322844526
14.7462059788644,9.28271066996389
14.7467267305239,9.31344811612517
14.7472144664883,9.34418556773414
14.7476712525211,9.37492302549062
14.7480990205396,9.40566048999716
14.7484995783035,9.43639796176571
14.7488746189247,9.46713543491241
14.7492257296753,9.49787290756195
14.7495544001436,9.52861038074062
14.7498620297158,9.55934785536611
14.7501499342706,9.59008533225625
14.7504193522127,9.62082280876649
14.7506714496909,9.65156028538899
14.750907325182,9.682297763058
14.7511280134978,9.71303524260568
14.7513344892983,9.74377272477054
14.7515276701958,9.77451021020441
14.7517084195344,9.80524769947836
14.751877548915,9.83598519308772
14.752035820525,9.8667226914566
14.7521839493235,9.89746019494213
14.7523226051163,9.9281977038386
14.7524524145521,9.95893521838168
14.7525739630614,9.98967273875278
14.7526877967547,10.0204102650835
14.7527944242956,10.0511477974605
14.7528943187576,10.0818853359298
14.7529879194742,10.1126228805022
14.7530756338835,10.1433604311574
14.7531578393853,10.1740979863251
14.7532348852008,10.2048355444833
14.7533070942258,10.235573105992
14.7533747648909,10.266310671145
14.7534381730153,10.2970482401801
14.7534975736485,10.3277858132885
14.753553202886,10.3585233906226
14.7536052796483,10.3892609723025
14.7536540074056,10.4199985584213
14.7536995758327,10.4507361490493
14.753742162375,10.4814737442365
14.7537819337081,10.512211344015
14.7538190470752,10.5429489483995
14.7538536514862,10.5736865573882
14.7538858887674,10.6044241709626
14.7539158944527,10.6351617890871
14.7539437985197,10.6658994093634
14.7539697259596,10.6966370318988
14.7539937971956,10.727374656912
14.7540161283572,10.7581122845837
14.7540368314251,10.7888499150575
14.7540560142648,10.8195875484414
14.7540737805653,10.8503251848095
14.7540902297091,10.8810628242037
14.75410545659,10.9118004666356
14.7541195514084,10.9425381120898
14.7541325994488,10.9732757661928
14.754144680889,11.0040134228947
14.7541558706318,11.0347510821112
14.7541662381891,11.0654887437509
14.7541758476317,11.096226407718
14.7541847576135,11.1269640739143
14.7541930214773,11.1577017422419
14.754200687445,11.1884394126043
14.7542077988882,11.2191770849084
14.7542143946724,11.2499147590657
14.7542205095623,11.2806524349927
14.7542261746731,11.3113901126118
14.7542314179489,11.3421277918512
14.7542362646498,11.3728654726446
14.7542407378273,11.403603154931
14.7542448587711,11.4343408386538
14.7542486474121,11.4650785237598
14.7542521226692,11.4958162101987
14.7542553027327,11.5265538979221
14.7542582052803,11.5572915868822
14.7542608476253,11.5880292770314
14.7542632468026,11.6187669683213
14.7542654195961,11.6495046607026
14.7542673825204,11.6802423541243
14.7542691517628,11.7109800485338
14.754270743101,11.7417177438768
14.7542721718035,11.7724554400979
14.7542734525263,11.8031931371402
14.7542745992125,11.8339308349465
14.7542756250034,11.8646685334595
14.7542765421672,11.8954062326226
14.7542773620477,11.92614393238
14.7542780950361,11.9568816326781
14.7542787505656,11.9876193334653
14.7542793371274,12.0183570346929
14.7542798623065,12.0490947363154
14.754280332833,12.0798324382905
14.7542807546456,12.1105701405797
14.7542811329635,12.1413078431481
14.7542814723631,12.1720455459644
14.7542817768549,12.2027832490007
14.7542820499584,12.2335209522326
14.754282294773,12.2642586556386
14.7542825140418,12.2949963592
14.7542827102078,12.3257340629005
14.7542828854626,12.3564717667261
14.7542830417858,12.387209470664
14.754283180978,12.4179471747035
14.754283304686,12.4486848788349
14.7542834144216,12.4794225830498
14.7542835115762,12.5101602873407
14.7542835974311,12.5408979917006
14.754283673165,12.5716356961232
14.7542837398594,12.6023734006026
14.7542837985031,12.6331111051333
14.7542838499964,12.6638488097103
14.7542838951545,12.6945865143288
14.754283934712,12.7253242189843
14.7542839693271,12.7560619236728
14.7542839995868,12.7867996283905
14.7542840260122,12.8175373331338
14.7542840490641,12.8482750378997
14.7542840691487,12.8790127426853
14.7542840866234,12.9097504474881
14.7542841018023,12.940488152306
14.7542841149614,12.9712258571369
14.7542841263435,13.0019635619791
14.7542841361625,13.0327012668314
14.7542841446075,13.0634389716922
14.7542841518456,13.0941766765607
14.7542841580253,13.1249143814359
14.7542841632785,13.1556520863169
14.7542841677229,13.1863897912032
14.754284171463,13.2171274960941
14.7542841745921,13.247865200989
14.7542841771931,13.2786029058874
14.7542841793398,13.3093406107891
14.7542841810971,13.3400783156934
14.7542841825226,13.3708160206002
14.7542841836665,13.4015537255081
14.754284184573,13.4322914304169
14.7542841852803,13.4630291353265
14.7542841858215,13.4937668402365
14.7542841862251,13.524504545147
14.7542841865154,13.5552422500581
14.7542841867131,13.5859799549698
14.7542841868358,13.6167176598819
14.7542841868983,13.6474553647945
14.7542841869131,13.6781930697076
14.7542841868905,13.7089307746212
14.7542841868393,13.7396684795351
14.7542841867665,13.7704061844494
14.7542841866781,13.801143889364
14.7542841865789,13.8318815942788
14.754284186473,13.8626192991938
14.7542841863634,13.893357004109
14.7542841862528,13.9240947090243
14.7542841861431,13.9548324139399
14.7542841860361,13.9855701188554
14.754284185933,14.0163078237709
14.7542841858346,14.0470455286864
14.7542841857418,14.0777832336019
14.7542841856548,14.1085209385176
14.7542841855741,14.1392586434333
14.7542841854997,14.1699963483493
14.7542841854318,14.2007340532653
14.7542841853701,14.2314717581816
14.7542841853147,14.2622094630979
14.7542841852651,14.2929471680145
14.7542841852213,14.3236848729313
14.7542841851828,14.3544225778482
14.7542841851493,14.3851602827652
14.7542841851204,14.4158979876824
14.7542841850958,14.4466356925998
14.7542841850751,14.4773733975173
14.7542841850578,14.5081111024349
14.7542841850437,14.5388488073525
14.7542841850324,14.5695865122701
14.7542841850235,14.6003242171878
14.7542841850168,14.6310619221055
14.7542841850119,14.6617996270233
14.7542841850086,14.692537331941
14.7542841850068,14.7232750368588
14.754284185006,14.7540127417766
14.7542841850063,14.7847504466944
14.7542841850074,14.8154881516122
14.7542841850093,14.8462258565301
14.7542841850117,14.8769635614479
14.7542841850146,14.9077012663658
14.7542841850178,14.9384389712836
14.7542841850214,14.9691766762015
14.7542841850252,14.9999143811194
14.7542841850292,15.0306520860373
14.7542841850333,15.0613897909553
14.7542841850374,15.0921274958732
14.7542841850415,15.1228652007911
14.7542841850456,15.1536029057091
14.7542841850496,15.184340610627
14.7542841850535,15.215078315545
14.7542841850573,15.2458160204629
14.7542841850609,15.2765537253809
14.7542841850644,15.3072914302988
14.7542841850677,15.3380291352168
14.7542841850708,15.3687668401348
14.7542841850737,15.3995045450528
14.7542841850764,15.4302422499708
14.754284185079,15.4609799548887
14.7542841850814,15.4917176598067
14.7542841850836,15.5224553647247
14.7542841850856,15.5531930696427
14.7542841850875,15.5839307745607
14.7542841850893,15.6146684794787
14.7542841850909,15.6454061843967
14.7542841850924,15.6761438893147
14.7542841850938,15.7068815942327
14.754284185095,15.7376192991507
14.7542841850961,15.7683570040687
14.7542841850972,15.7990947089868
14.7542841850981,15.8298324139048
14.7542841850989,15.8605701188228
14.7542841850997,15.8913078237408
14.7542841851004,15.9220455286588
14.754284185101,15.9527832335768
14.7542841851015,15.9835209384948
14.754284185102,16.0142586434129
14.7542841851024,16.0449963483309
14.7542841851028,16.0757340532489
14.7542841851031,16.1064717581669
14.7542841851034,16.1372094630849
14.7542841851036,16.1679471680029
14.7542841851038,16.198684872921
14.754284185104,16.229422577839
14.7542841851041,16.260160282757
14.7542841851043,16.290897987675
14.7542841851044,16.3216356925931
14.7542841851044,16.3523733975111
14.7542841851045,16.3831111024291
14.7542841851046,16.4138488073471
14.7542841851046,16.4445865122651
14.7542841851046,16.4753242171832
14.7542841851046,16.5060619221012
14.7542841851047,16.5367996270192
14.7542841851047,16.5675373319372
14.7542841851046,16.5982750368553
14.7542841851046,16.6290127417733
14.7542841851046,16.6597504466913
14.7542841851046,16.6904881516093
14.7542841851046,16.7212258565274
14.7542841851046,16.7519635614454
14.7542841851045,16.7827012663634
14.7542841851045,16.8134389712814
14.7542841851045,16.8441766761995
14.7542841851045,16.8749143811175
14.7542841851044,16.9056520860355
14.7542841851044,16.9363897909535
14.7542841851044,16.9671274958716
14.7542841851043,16.9978652007896
14.7542841851043,17.0286029057076
14.7542841851043,17.0593406106256
14.7542841851043,17.0900783155437
14.7542841851043,17.1208160204617
14.7542841851042,17.1515537253797
14.7542841851042,17.1822914302977
14.7542841851042,17.2130291352158
14.7542841851042,17.2437668401338
14.7542841851042,17.2745045450518
14.7542841851041,17.3052422499698
14.7542841851041,17.3359799548879
14.7542841851041,17.3667176598059
14.7542841851041,17.3974553647239
14.7542841851041,17.4281930696419
14.7542841851041,17.45893077456
14.7542841851041,17.489668479478
14.754284185104,17.520406184396
14.754284185104,17.551143889314
14.754284185104,17.5818815942321
14.754284185104,17.6126192991501
14.754284185104,17.6433570040681
14.754284185104,17.6740947089861
14.754284185104,17.7048324139041
14.754284185104,17.7355701188222
14.754284185104,17.7663078237402
14.754284185104,17.7970455286582
14.754284185104,17.8277832335762
14.754284185104,17.8585209384943
14.754284185104,17.8892586434123
14.754284185104,17.9199963483303
14.754284185104,17.9507340532483
14.7542841851039,17.9814717581664
14.7542841851039,18.0122094630844
14.7542841851039,18.0429471680024
14.7542841851039,18.0736848729204
14.7542841851039,18.1044225778385
14.7542841851039,18.1351602827565
14.7542841851039,18.1658979876745
14.7542841851039,18.1966356925925
14.7542841851039,18.2273733975106
14.7542841851039,18.2581111024286
14.7542841851039,18.2888488073466
14.7542841851039,18.3195865122646
14.7542841851039,18.3503242171827
14.7542841851039,18.3810619221007
14.7542841851039,18.4117996270187
14.7542841851039,18.4425373319367
14.7542841851039,18.4732750368548
14.7542841851039,18.5040127417728
14.7542841851039,18.5347504466908
14.7542841851039,18.5654881516088
14.7542841851039,18.5962258565269
14.7542841851039,18.6269635614449
14.7542841851039,18.6577012663629
14.7542841851039,18.6884389712809
14.7542841851039,18.719176676199
14.7542841851039,18.749914381117
14.7542841851039,18.780652086035
14.7542841851039,18.811389790953
14.7542841851039,18.8421274958711
14.7542841851039,18.8728652007891
14.7542841851039,18.9036029057071
14.7542841851039,18.9343406106251
14.7542841851039,18.9650783155432
14.7542841851039,18.9958160204612
14.7542841851039,19.0265537253792
14.7542841851039,19.0572914302972
14.7542841851039,19.0880291352153
14.7542841851039,19.1187668401333
14.7542841851039,19.1495045450513
14.7542841851039,19.1802422499693
14.7542841851039,19.2109799548874
14.7542841851039,19.2417176598054
14.7542841851039,19.2724553647234
14.7542841851039,19.3031930696414
14.7542841851039,19.3339307745595
14.7542841851039,19.3646684794775
14.7542841851039,19.3954061843955
14.7542841851039,19.4261438893135
14.7542841851039,19.4568815942316
14.7542841851039,19.4876192991496
14.7542841851039,19.5183570040676
14.7542841851039,19.5490947089856
14.7542841851039,19.5798324139037
14.7542841851039,19.6105701188217
14.7542841851039,19.6413078237397
14.7542841851039,19.6720455286577
14.7542841851039,19.7027832335758
14.7542841851039,19.7335209384938
14.7542841851039,19.7642586434118
14.7542841851039,19.7949963483298
14.7542841851039,19.8257340532478
14.7542841851039,19.8564717581659
14.7542841851039,19.8872094630839
14.7542841851039,19.9179471680019
14.7542841851039,19.9486848729199
14.7542841851039,19.979422577838
14.7542841851039,20.010160282756
14.7542841851039,20.040897987674
14.7542841851039,20.071635692592
14.7542841851039,20.1023733975101
14.7542841851039,20.1331111024281
14.7542841851039,20.1638488073461
14.7542841851039,20.1945865122641
14.7542841851039,20.2253242171822
14.7542841851039,20.2560619221002
14.7542841851039,20.2867996270182
14.7542841851039,20.3175373319362
14.7542841851039,20.3482750368543
14.7542841851039,20.3790127417723
14.7542841851039,20.4097504466903
14.7542841851039,20.4404881516083
14.7542841851039,20.4712258565264
14.7542841851039,20.5019635614444
14.7542841851039,20.5327012663624
14.7542841851039,20.5634389712804
14.7542841851039,20.5941766761985
14.7542841851039,20.6249143811165
14.7542841851039,20.6556520860345
14.7542841851039,20.6863897909525
14.7542841851039,20.7171274958706
14.7542841851039,20.7478652007886
14.7542841851039,20.7786029057066
14.7542841851039,20.8093406106246
14.7542841851039,20.8400783155427
14.7542841851039,20.8708160204607
14.7542841851039,20.9015537253787
14.7542841851039,20.9322914302967
14.7542841851039,20.9630291352148
14.7542841851039,20.9937668401328
14.7542841851039,21.0245045450508
14.7542841851039,21.0552422499688
14.7542841851039,21.0859799548869
14.7542841851039,21.1167176598049
14.7542841851039,21.1474553647229
14.7542841851039,21.1781930696409
14.7542841851039,21.208930774559
14.7542841851039,21.239668479477
14.7542841851039,21.270406184395
14.7542841851039,21.301143889313
14.7542841851039,21.3318815942311
14.7542841851039,21.3626192991491
14.7542841851039,21.3933570040671
14.7542841851039,21.4240947089851
14.7542841851039,21.4548324139032
14.7542841851039,21.4855701188212
14.7542841851039,21.5163078237392
14.7542841851039,21.5470455286572
14.7542841851039,21.5777832335753
14.7542841851039,21.6085209384933
14.7542841851039,21.6392586434113
14.7542841851039,21.6699963483293
14.7542841851039,21.7007340532474
14.7542841851039,21.7314717581654
14.7542841851039,21.7622094630834
14.7542841851039,21.7929471680014
14.7542841851039,21.8236848729195
14.7542841851039,21.8544225778375
14.7542841851039,21.8851602827555
14.7542841851039,21.9158979876735
14.7542841851039,21.9466356925915
14.7542841851039,21.9773733975096
14.7542841851039,22.0081111024276
14.7542841851039,22.0388488073456
14.7542841851039,22.0695865122636
14.7542841851039,22.1003242171817
14.7542841851039,22.1310619220997
14.7542841851039,22.1617996270177
14.7542841851039,22.1925373319357
14.7542841851039,22.2232750368538
14.7542841851039,22.2540127417718
14.7542841851039,22.2847504466898
14.7542841851039,22.3154881516078
14.7542841851039,22.3462258565259
14.7542841851039,22.3769635614439
14.7542841851039,22.4077012663619
14.7542841851039,22.4384389712799
14.7542841851039,22.469176676198
14.7542841851039,22.499914381116
14.7542841851039,22.530652086034
14.7542841851039,22.561389790952
14.7542841851039,22.5921274958701
14.7542841851039,22.6228652007881
14.7542841851039,22.6536029057061
14.7542841851039,22.6843406106241
14.7542841851039,22.7150783155422
14.7542841851039,22.7458160204602
14.7542841851039,22.7765537253782
14.7542841851039,22.8072914302962
14.7542841851039,22.8380291352143
14.7542841851039,22.8687668401323
14.7542841851039,22.8995045450503
14.7542841851039,22.9302422499683
14.7542841851039,22.9609799548864
14.7542841851039,22.9917176598044
14.7542841851039,23.0224553647224
14.7542841851039,23.0531930696404
14.7542841851039,23.0839307745585
14.7542841851039,23.1146684794765
14.7542841851039,23.1454061843945
14.7542841851039,23.1761438893125
14.7542841851039,23.2068815942306
14.7542841851039,23.2376192991486
14.7542841851039,23.2683570040666
14.7542841851039,23.2990947089846
14.7542841851039,23.3298324139027
14.7542841851039,23.3605701188207
14.7542841851039,23.3913078237387
14.7542841851039,23.4220455286567
14.7542841851039,23.4527832335748
14.7542841851039,23.4835209384928
14.7542841851039,23.5142586434108
14.7542841851039,23.5449963483288
14.7542841851039,23.5757340532469
14.7542841851039,23.6064717581649
14.7542841851039,23.6372094630829
14.7542841851039,23.6679471680009
14.7542841851039,23.698684872919
14.7542841851039,23.729422577837
14.7542841851039,23.760160282755
14.7542841851039,23.790897987673
14.7542841851039,23.8216356925911
14.7542841851039,23.8523733975091
14.7542841851039,23.8831111024271
14.7542841851039,23.9138488073451
14.7542841851039,23.9445865122632
14.7542841851039,23.9753242171812
14.7542841851039,24.0060619220992
14.7542841851039,24.0367996270172
14.7542841851039,24.0675373319352
14.7542841851039,24.0982750368533
14.7542841851039,24.1290127417713
14.7542841851039,24.1597504466893
14.7542841851039,24.1904881516073
14.7542841851039,24.2212258565254
14.7542841851039,24.2519635614434
14.7542841851039,24.2827012663614
14.7542841851039,24.3134389712794
14.7542841851039,24.3441766761975
14.7542841851039,24.3749143811155
14.7542841851039,24.4056520860335
14.7542841851039,24.4363897909515
14.7542841851039,24.4671274958696
14.7542841851039,24.4978652007876
14.7542841851039,24.5286029057056
14.7542841851039,24.5593406106236
14.7542841851039,24.5900783155417
14.7542841851039,24.6208160204597
14.7542841851039,24.6515537253777
14.7542841851039,24.6822914302957
14.7542841851039,24.7130291352138
14.7542841851039,24.7437668401318
14.7542841851039,24.7745045450498
14.7542841851039,24.8052422499678
14.7542841851039,24.8359799548859
14.7542841851039,24.8667176598039
14.7542841851039,24.8974553647219
14.7542841851039,24.9281930696399
14.7542841851039,24.958930774558
14.7542841851039,24.989668479476
14.7542841851039,25.020406184394
14.7542841851039,25.051143889312
14.7542841851039,25.0818815942301
14.7542841851039,25.1126192991481
14.7542841851039,25.1433570040661
14.7542841851039,25.1740947089841
14.7542841851039,25.2048324139022
14.7542841851039,25.2355701188202
14.7542841851039,25.2663078237382
14.7542841851039,25.2970455286562
14.7542841851039,25.3277832335743
14.7542841851039,25.3585209384923
14.7542841851039,25.3892586434103
14.7542841851039,25.4199963483283
14.7542841851039,25.4507340532464
14.7542841851039,25.4814717581644
14.7542841851039,25.5122094630824
14.7542841851039,25.5429471680004
14.7542841851039,25.5736848729185
14.7542841851039,25.6044225778365
14.7542841851039,25.6351602827545
14.7542841851039,25.6658979876725
14.7542841851039,25.6966356925906
14.7542841851039,25.7273733975086
14.7542841851039,25.7581111024266
14.7542841851039,25.7888488073446
14.7542841851039,25.8195865122627
14.7542841851039,25.8503242171807
14.7542841851039,25.8810619220987
14.7542841851039,25.9117996270167
14.7542841851039,25.9425373319348
14.7542841851039,25.9732750368528
14.7542841851039,26.0040127417708
14.7542841851039,26.0347504466888
14.7542841851039,26.0654881516068
14.7542841851039,26.0962258565249
14.7542841851039,26.1269635614429
14.7542841851039,26.1577012663609
14.7542841851039,26.1884389712789
14.7542841851039,26.219176676197
14.7542841851039,26.249914381115
14.7542841851039,26.280652086033
14.7542841851039,26.311389790951
14.7542841851039,26.3421274958691
14.7542841851039,26.3728652007871
14.7542841851039,26.4036029057051
14.7542841851039,26.4343406106231
14.7542841851039,26.4650783155412
14.7542841851039,26.4958160204592
14.7542841851039,26.5265537253772
14.7542841851039,26.5572914302952
14.7542841851039,26.5880291352133
14.7542841851039,26.6187668401313
14.7542841851039,26.6495045450493
14.7542841851039,26.6802422499673
14.7542841851039,26.7109799548854
14.7542841851039,26.7417176598034
14.7542841851039,26.7724553647214
14.7542841851039,26.8031930696394
14.7542841851039,26.8339307745575
14.7542841851039,26.8646684794755
14.7542841851039,26.8954061843935
14.7542841851039,26.9261438893115
14.7542841851039,26.9568815942296
14.7542841851039,26.9876192991476
14.7542841851039,27.0183570040656
14.7542841851039,27.0490947089836
14.7542841851039,27.0798324139017
14.7542841851039,27.1105701188197
14.7542841851039,27.1413078237377
14.7542841851039,27.1720455286557
14.7542841851039,27.2027832335738
14.7542841851039,27.2335209384918
14.7542841851039,27.2642586434098
14.7542841851039,27.2949963483278
14.7542841851039,27.3257340532459
14.7542841851039,27.3564717581639
14.7542841851039,27.3872094630819
14.7542841851039,27.4179471679999
14.7542841851039,27.448684872918
14.7542841851039,27.479422577836
14.7542841851039,27.510160282754
14.7542841851039,27.540897987672
14.7542841851039,27.5716356925901
14.7542841851039,27.6023733975081
14.7542841851039,27.6331111024261
14.7542841851039,27.6638488073441
14.7542841851039,27.6945865122622
14.7542841851039,27.7253242171802
14.7542841851039,27.7560619220982
14.7542841851039,27.7867996270162
14.7542841851039,27.8175373319343
14.7542841851039,27.8482750368523
14.7542841851039,27.8790127417703
14.7542841851039,27.9097504466883
14.7542841851039,27.9404881516064
14.7542841851039,27.9712258565244
14.7542841851039,28.0019635614424
14.7542841851039,28.0327012663604
14.7542841851039,28.0634389712785
14.7542841851039,28.0941766761965
14.7542841851039,28.1249143811145
14.7542841851039,28.1556520860325
14.7542841851039,28.1863897909505
14.7542841851039,28.2171274958686
14.7542841851039,28.2478652007866
14.7542841851039,28.2786029057046
14.7542841851039,28.3093406106226
14.7542841851039,28.3400783155407
14.7542841851039,28.3708160204587
14.7542841851039,28.4015537253767
14.7542841851039,28.4322914302947
14.7542841851039,28.4630291352128
14.7542841851039,28.4937668401308
14.7542841851039,28.5245045450488
14.7542841851039,28.5552422499668
14.7542841851039,28.5859799548849
14.7542841851039,28.6167176598029
14.7542841851039,28.6474553647209
14.7542841851039,28.6781930696389
14.7542841851039,28.708930774557
14.7542841851039,28.739668479475
14.7542841851039,28.770406184393
14.7542841851039,28.801143889311
14.7542841851039,28.8318815942291
14.7542841851039,28.8626192991471
14.7542841851039,28.8933570040651
14.7542841851039,28.9240947089831
14.7542841851039,28.9548324139012
14.7542841851039,28.9855701188192
14.7542841851039,29.0163078237372
14.7542841851039,29.0470455286552
14.7542841851039,29.0777832335733
14.7542841851039,29.1085209384913
14.7542841851039,29.1392586434093
14.7542841851039,29.1699963483273
14.7542841851039,29.2007340532454
14.7542841851039,29.2314717581634
14.7542841851039,29.2622094630814
14.7542841851039,29.2929471679994
14.7542841851039,29.3236848729175
14.7542841851039,29.3544225778355
14.7542841851039,29.3851602827535
14.7542841851039,29.4158979876715
14.7542841851039,29.4466356925896
14.7542841851039,29.4773733975076
14.7542841851039,29.5081111024256
14.7542841851039,29.5388488073436
14.7542841851039,29.5695865122617
14.7542841851039,29.6003242171797
14.7542841851039,29.6310619220977
14.7542841851039,29.6617996270157
14.7542841851039,29.6925373319338
14.7542841851039,29.7232750368518
14.7542841851039,29.7540127417698
14.7542841851039,29.7847504466878
14.7542841851039,29.8154881516059
14.7542841851039,29.8462258565239
14.7542841851039,29.8769635614419
14.7542841851039,29.9077012663599
14.7542841851039,29.938438971278
14.7542841851039,29.969176676196
14.7542841851039,29.999914381114
14.7542841851039,30.030652086032
14.7542841851039,30.0613897909501
14.7542841851039,30.0921274958681
14.7542841851039,30.1228652007861
14.7542841851039,30.1536029057041
14.7542841851039,30.1843406106222
14.7542841851039,30.2150783155402
14.7542841851039,30.2458160204582
14.7542841851039,30.2765537253762
14.7542841851039,30.3072914302942
14.7542841851039,30.3380291352123
14.7542841851039,30.3687668401303
14.7542841851039,30.3995045450483
14.7542841851039,30.4302422499663
14.7542841851039,30.4609799548844
14.7542841851039,30.4917176598024
14.7542841851039,30.5224553647204
14.7542841851039,30.5531930696384
14.7542841851039,30.5839307745565
14.7542841851039,30.6146684794745
14.7542841851039,30.6454061843925
14.7542841851039,30.6761438893105
14.7542841851039,30.7068815942286
14.7542841851039,30.7376192991466
14.7542841851039,30.7683570040646
14.7542841851039,30.7990947089826
14.7542841851039,30.8298324139007
14.7542841851039,30.8605701188187
14.7542841851039,30.8913078237367
14.7542841851039,30.9220455286547
14.7542841851039,30.9527832335728
14.7542841851039,30.9835209384908
14.7542841851039,31.0142586434088
14.7542841851039,31.0449963483268
14.7542841851039,31.0757340532449
14.7542841851039,31.1064717581629
14.7542841851039,31.1372094630809
14.7542841851039,31.1679471679989
14.7542841851039,31.198684872917
14.7542841851039,31.229422577835
14.7542841851039,31.260160282753
14.7542841851039,31.290897987671
14.7542841851039,31.3216356925891
14.7542841851039,31.3523733975071
14.7542841851039,31.3831111024251
14.7542841851039,31.4138488073431
14.7542841851039,31.4445865122612
14.7542841851039,31.4753242171792
14.7542841851039,31.5060619220972
14.7542841851039,31.5367996270152
14.7542841851039,31.5675373319333
14.7542841851039,31.5982750368513
14.7542841851039,31.6290127417693
14.7542841851039,31.6597504466873
14.7542841851039,31.6904881516054
14.7542841851039,31.7212258565234
14.7542841851039,31.7519635614414
14.7542841851039,31.7827012663594
14.7542841851039,31.8134389712775
14.7542841851039,31.8441766761955
14.7542841851039,31.8749143811135
14.7542841851039,31.9056520860315
14.7542841851039,31.9363897909496
14.7542841851039,31.9671274958676
14.7542841851039,31.9978652007856
14.7542841851039,32.0286029057036
14.7542841851039,32.0593406106217
14.7542841851039,32.0900783155397
14.7542841851039,32.1208160204577
14.7542841851039,32.1515537253757
14.7542841851039,32.1822914302938
14.7542841851039,32.2130291352118
14.7542841851039,32.2437668401298
14.7542841851039,32.2745045450478
14.7542841851039,32.3052422499659
14.7542841851039,32.3359799548839
14.7542841851039,32.3667176598019
14.7542841851039,32.3974553647199
14.7542841851039,32.4281930696379
14.7542841851039,32.458930774556
14.7542841851039,32.489668479474
14.7542841851039,32.520406184392
14.7542841851039,32.55114388931
14.7542841851039,32.5818815942281
14.7542841851039,32.6126192991461
14.7542841851039,32.6433570040641
14.7542841851039,32.6740947089821
14.7542841851039,32.7048324139002
14.7542841851039,32.7355701188182
14.7542841851039,32.7663078237362
14.7542841851039,32.7970455286542
14.7542841851039,32.8277832335723
14.7542841851039,32.8585209384903
14.7542841851039,32.8892586434083
14.7542841851039,32.9199963483263
14.7542841851039,32.9507340532444
14.7542841851039,32.9814717581624
14.7542841851039,33.0122094630804
14.7542841851039,33.0429471679984
14.7542841851039,33.0736848729165
14.7542841851039,33.1044225778345
14.7542841851039,33.1351602827525
14.7542841851039,33.1658979876705
14.7542841851039,33.1966356925886
14.7542841851039,33.2273733975066
14.7542841851039,33.2581111024246
14.7542841851039,33.2888488073426
14.7542841851039,33.3195865122607
14.7542841851039,33.3503242171787
14.7542841851039,33.3810619220967
14.7542841851039,33.4117996270147
14.7542841851039,33.4425373319328
14.7542841851039,33.4732750368508
14.7542841851039,33.5040127417688
14.7542841851039,33.5347504466868
14.7542841851039,33.5654881516049
14.7542841851039,33.5962258565229
14.7542841851039,33.6269635614409
14.7542841851039,33.6577012663589
14.7542841851039,33.688438971277
14.7542841851039,33.719176676195
14.7542841851039,33.749914381113
14.7542841851039,33.780652086031
14.7542841851039,33.8113897909491
14.7542841851039,33.8421274958671
14.7542841851039,33.8728652007851
14.7542841851039,33.9036029057031
14.7542841851039,33.9343406106212
14.7542841851039,33.9650783155392
14.7542841851039,33.9958160204572
14.7542841851039,34.0265537253752
14.7542841851039,34.0572914302933
14.7542841851039,34.0880291352113
14.7542841851039,34.1187668401293
14.7542841851039,34.1495045450473
14.7542841851039,34.1802422499654
14.7542841851039,34.2109799548834
14.7542841851039,34.2417176598014
14.7542841851039,34.2724553647194
14.7542841851039,34.3031930696375
14.7542841851039,34.3339307745555
14.7542841851039,34.3646684794735
14.7542841851039,34.3954061843915
14.7542841851039,34.4261438893096
14.7542841851039,34.4568815942276
14.7542841851039,34.4876192991456
14.7542841851039,34.5183570040636
14.7542841851039,34.5490947089816
14.7542841851039,34.5798324138997
14.7542841851039,34.6105701188177
14.7542841851039,34.6413078237357
14.7542841851039,34.6720455286537
14.7542841851039,34.7027832335718
14.7542841851039,34.7335209384898
14.7542841851039,34.7642586434078
14.7542841851039,34.7949963483258
14.7542841851039,34.8257340532439
14.7542841851039,34.8564717581619
14.7542841851039,34.8872094630799
14.7542841851039,34.9179471679979
14.7542841851039,34.948684872916
14.7542841851039,34.979422577834
14.7542841851039,35.010160282752
14.7542841851039,35.04089798767
14.7542841851039,35.0716356925881
14.7542841851039,35.1023733975061
14.7542841851039,35.1331111024241
14.7542841851039,35.1638488073421
14.7542841851039,35.1945865122602
14.7542841851039,35.2253242171782
14.7542841851039,35.2560619220962
14.7542841851039,35.2867996270142
14.7542841851039,35.3175373319323
14.7542841851039,35.3482750368503
14.7542841851039,35.3790127417683
14.7542841851039,35.4097504466863
14.7542841851039,35.4404881516044
14.7542841851039,35.4712258565224
14.7542841851039,35.5019635614404
14.7542841851039,35.5327012663584
14.7542841851039,35.5634389712765
14.7542841851039,35.5941766761945
14.7542841851039,35.6249143811125
14.7542841851039,35.6556520860305
14.7542841851039,35.6863897909486
14.7542841851039,35.7171274958666
14.7542841851039,35.7478652007846
14.7542841851039,35.7786029057026
14.7542841851039,35.8093406106207
14.7542841851039,35.8400783155387
14.7542841851039,35.8708160204567
14.7542841851039,35.9015537253747
14.7542841851039,35.9322914302928
14.7542841851039,35.9630291352108
14.7542841851039,35.9937668401288
14.7542841851039,36.0245045450468
14.7542841851039,36.0552422499649
14.7542841851039,36.0859799548829
14.7542841851039,36.1167176598009
14.7542841851039,36.1474553647189
14.7542841851039,36.178193069637
14.7542841851039,36.208930774555
14.7542841851039,36.239668479473
14.7542841851039,36.270406184391
14.7542841851039,36.3011438893091
14.7542841851039,36.3318815942271
14.7542841851039,36.3626192991451
14.7542841851039,36.3933570040631
14.7542841851039,36.4240947089812
14.7542841851039,36.4548324138992
14.7542841851039,36.4855701188172
14.7542841851039,36.5163078237352
14.7542841851039,36.5470455286532
14.7542841851039,36.5777832335713
14.7542841851039,36.6085209384893
14.7542841851039,36.6392586434073
14.7542841851039,36.6699963483253
14.7542841851039,36.7007340532434
14.7542841851039,36.7314717581614
14.7542841851039,36.7622094630794
14.7542841851039,36.7929471679974
14.7542841851039,36.8236848729155
14.7542841851039,36.8544225778335
14.7542841851039,36.8851602827515
14.7542841851039,36.9158979876695
14.7542841851039,36.9466356925876
14.7542841851039,36.9773733975056
14.7542841851039,37.0081111024236
14.7542841851039,37.0388488073416
14.7542841851039,37.0695865122597
14.7542841851039,37.1003242171777
14.7542841851039,37.1310619220957
14.7542841851039,37.1617996270137
14.7542841851039,37.1925373319318
14.7542841851039,37.2232750368498
14.7542841851039,37.2540127417678
14.7542841851039,37.2847504466858
14.7542841851039,37.3154881516039
14.7542841851039,37.3462258565219
14.7542841851039,37.3769635614399
14.7542841851039,37.4077012663579
14.7542841851039,37.438438971276
14.7542841851039,37.469176676194
14.7542841851039,37.499914381112
14.7542841851039,37.53065208603
14.7542841851039,37.5613897909481
14.7542841851039,37.5921274958661
14.7542841851039,37.6228652007841
14.7542841851039,37.6536029057021
14.7542841851039,37.6843406106202
14.7542841851039,37.7150783155382
14.7542841851039,37.7458160204562
14.7542841851039,37.7765537253742
14.7542841851039,37.8072914302923
14.7542841851039,37.8380291352103
14.7542841851039,37.8687668401283
14.7542841851039,37.8995045450463
14.7542841851039,37.9302422499644
14.7542841851039,37.9609799548824
14.7542841851039,37.9917176598004
14.7542841851039,38.0224553647184
14.7542841851039,38.0531930696365
14.7542841851039,38.0839307745545
14.7542841851039,38.1146684794725
14.7542841851039,38.1454061843905
14.7542841851039,38.1761438893086
14.7542841851039,38.2068815942266
14.7542841851039,38.2376192991446
14.7542841851039,38.2683570040626
14.7542841851039,38.2990947089807
14.7542841851039,38.3298324138987
14.7542841851039,38.3605701188167
14.7542841851039,38.3913078237347
14.7542841851039,38.4220455286528
14.7542841851039,38.4527832335708
14.7542841851039,38.4835209384888
14.7542841851039,38.5142586434068
14.7542841851039,38.5449963483249
14.7542841851039,38.5757340532429
14.7542841851039,38.6064717581609
14.7542841851039,38.6372094630789
14.7542841851039,38.6679471679969
14.7542841851039,38.698684872915
14.7542841851039,38.729422577833
14.7542841851039,38.760160282751
14.7542841851039,38.790897987669
14.7542841851039,38.8216356925871
14.7542841851039,38.8523733975051
14.7542841851039,38.8831111024231
14.7542841851039,38.9138488073411
14.7542841851039,38.9445865122592
14.7542841851039,38.9753242171772
14.7542841851039,39.0060619220952
14.7542841851039,39.0367996270132
14.7542841851039,39.0675373319313
14.7542841851039,39.0982750368493
14.7542841851039,39.1290127417673
14.7542841851039,39.1597504466853
14.7542841851039,39.1904881516034
14.7542841851039,39.2212258565214
14.7542841851039,39.2519635614394
14.7542841851039,39.2827012663574
14.7542841851039,39.3134389712755
14.7542841851039,39.3441766761935
14.7542841851039,39.3749143811115
14.7542841851039,39.4056520860295
14.7542841851039,39.4363897909476
14.7542841851039,39.4671274958656
14.7542841851039,39.4978652007836
14.7542841851039,39.5286029057016
14.7542841851039,39.5593406106197
14.7542841851039,39.5900783155377
14.7542841851039,39.6208160204557
14.7542841851039,39.6515537253737
14.7542841851039,39.6822914302918
14.7542841851039,39.7130291352098
14.7542841851039,39.7437668401278
14.7542841851039,39.7745045450458
14.7542841851039,39.8052422499639
14.7542841851039,39.8359799548819
14.7542841851039,39.8667176597999
14.7542841851039,39.8974553647179
14.7542841851039,39.928193069636
14.7542841851039,39.958930774554
14.7542841851039,39.989668479472
14.7542841851039,40.02040618439
14.7542841851039,40.0511438893081
14.7542841851039,40.0818815942261
14.7542841851039,40.1126192991441
14.7542841851039,40.1433570040621
14.7542841851039,40.1740947089802
14.7542841851039,40.2048324138982
14.7542841851039,40.2355701188162
14.7542841851039,40.2663078237342
14.7542841851039,40.2970455286523
14.7542841851039,40.3277832335703
14.7542841851039,40.3585209384883
14.7542841851039,40.3892586434063
14.7542841851039,40.4199963483244
14.7542841851039,40.4507340532424
14.7542841851039,40.4814717581604
14.7542841851039,40.5122094630784
14.7542841851039,40.5429471679965
14.7542841851039,40.5736848729145
14.7542841851039,40.6044225778325
14.7542841851039,40.6351602827505
14.7542841851039,40.6658979876686
14.7542841851039,40.6966356925866
14.7542841851039,40.7273733975046
14.7542841851039,40.7581111024226
14.7542841851039,40.7888488073406
14.7542841851039,40.8195865122587
14.7542841851039,40.8503242171767
14.7542841851039,40.8810619220947
14.7542841851039,40.9117996270127
14.7542841851039,40.9425373319308
14.7542841851039,40.9732750368488
14.7542841851039,41.0040127417668
14.7542841851039,41.0347504466848
14.7542841851039,41.0654881516029
14.7542841851039,41.0962258565209
14.7542841851039,41.1269635614389
14.7542841851039,41.1577012663569
14.7542841851039,41.188438971275
14.7542841851039,41.219176676193
14.7542841851039,41.249914381111
14.7542841851039,41.280652086029
14.7542841851039,41.3113897909471
14.7542841851039,41.3421274958651
14.7542841851039,41.3728652007831
14.7542841851039,41.4036029057011
14.7542841851039,41.4343406106192
14.7542841851039,41.4650783155372
14.7542841851039,41.4958160204552
14.7542841851039,41.5265537253732
14.7542841851039,41.5572914302913
14.7542841851039,41.5880291352093
14.7542841851039,41.6187668401273
14.7542841851039,41.6495045450453
14.7542841851039,41.6802422499634
14.7542841851039,41.7109799548814
14.7542841851039,41.7417176597994
14.7542841851039,41.7724553647174
14.7542841851039,41.8031930696355
14.7542841851039,41.8339307745535
14.7542841851039,41.8646684794715
14.7542841851039,41.8954061843895
14.7542841851039,41.9261438893076
14.7542841851039,41.9568815942256
14.7542841851039,41.9876192991436
14.7542841851039,42.0183570040616
14.7542841851039,42.0490947089797
14.7542841851039,42.0798324138977
14.7542841851039,42.1105701188157
14.7542841851039,42.1413078237337
14.7542841851039,42.1720455286518
14.7542841851039,42.2027832335698
14.7542841851039,42.2335209384878
14.7542841851039,42.2642586434058
14.7542841851039,42.2949963483239
14.7542841851039,42.3257340532419
14.7542841851039,42.3564717581599
14.7542841851039,42.3872094630779
14.7542841851039,42.417947167996
14.7542841851039,42.448684872914
14.7542841851039,42.479422577832
14.7542841851039,42.51016028275
14.7542841851039,42.5408979876681
14.7542841851039,42.5716356925861
14.7542841851039,42.6023733975041
14.7542841851039,42.6331111024221
14.7542841851039,42.6638488073402
14.7542841851039,42.6945865122582
14.7542841851039,42.7253242171762
14.7542841851039,42.7560619220942
14.7542841851039,42.7867996270123
14.7542841851039,42.8175373319303
14.7542841851039,42.8482750368483
14.7542841851039,42.8790127417663
14.7542841851039,42.9097504466843
14.7542841851039,42.9404881516024
14.7542841851039,42.9712258565204
14.7542841851039,43.0019635614384
14.7542841851039,43.0327012663564
14.7542841851039,43.0634389712745
14.7542841851039,43.0941766761925
14.7542841851039,43.1249143811105
14.7542841851039,43.1556520860285
14.7542841851039,43.1863897909466
14.7542841851039,43.2171274958646
14.7542841851039,43.2478652007826
14.7542841851039,43.2786029057006
14.7542841851039,43.3093406106187
14.7542841851039,43.3400783155367
14.7542841851039,43.3708160204547
14.7542841851039,43.4015537253727
14.7542841851039,43.4322914302908
14.7542841851039,43.4630291352088
14.7542841851039,43.4937668401268
14.7542841851039,43.5245045450448
14.7542841851039,43.5552422499629
14.7542841851039,43.5859799548809
14.7542841851039,43.6167176597989
14.7542841851039,43.6474553647169
14.7542841851039,43.678193069635
14.7542841851039,43.708930774553
14.7542841851039,43.739668479471
14.7542841851039,43.770406184389
14.7542841851039,43.8011438893071
14.7542841851039,43.8318815942251
14.7542841851039,43.8626192991431
14.7542841851039,43.8933570040611
14.7542841851039,43.9240947089792
14.7542841851039,43.9548324138972
14.7542841851039,43.9855701188152
14.7542841851039,44.0163078237332
14.7542841851039,44.0470455286513
14.7542841851039,44.0777832335693
14.7542841851039,44.1085209384873
14.7542841851039,44.1392586434053
14.7542841851039,44.1699963483234
14.7542841851039,44.2007340532414
14.7542841851039,44.2314717581594
14.7542841851039,44.2622094630774
14.7542841851039,44.2929471679955
14.7542841851039,44.3236848729135
14.7542841851039,44.3544225778315
14.7542841851039,44.3851602827495
14.7542841851039,44.4158979876676
14.7542841851039,44.4466356925856
14.7542841851039,44.4773733975036
14.7542841851039,44.5081111024216
14.7542841851039,44.5388488073397
14.7542841851039,44.5695865122577
14.7542841851039,44.6003242171757
14.7542841851039,44.6310619220937
14.7542841851039,44.6617996270118
14.7542841851039,44.6925373319298
14.7542841851039,44.7232750368478
14.7542841851039,44.7540127417658
14.7542841851039,44.7847504466839
14.7542841851039,44.8154881516019
14.7542841851039,44.8462258565199
14.7542841851039,44.8769635614379
14.7542841851039,44.907701266356
14.7542841851039,44.938438971274
14.7542841851039,44.969176676192
14.7542841851039,44.99991438111
14.7542841851039,45.030652086028
14.7542841851039,45.0613897909461
14.7542841851039,45.0921274958641
14.7542841851039,45.1228652007821
14.7542841851039,45.1536029057001
14.7542841851039,45.1843406106182
14.7542841851039,45.2150783155362
14.7542841851039,45.2458160204542
14.7542841851039,45.2765537253722
14.7542841851039,45.3072914302903
14.7542841851039,45.3380291352083
14.7542841851039,45.3687668401263
14.7542841851039,45.3995045450443
14.7542841851039,45.4302422499624
14.7542841851039,45.4609799548804
14.7542841851039,45.4917176597984
14.7542841851039,45.5224553647164
14.7542841851039,45.5531930696345
14.7542841851039,45.5839307745525
14.7542841851039,45.6146684794705
14.7542841851039,45.6454061843885
14.7542841851039,45.6761438893066
14.7542841851039,45.7068815942246
14.7542841851039,45.7376192991426
14.7542841851039,45.7683570040606
14.7542841851039,45.7990947089787
14.7542841851039,45.8298324138967
14.7542841851039,45.8605701188147
14.7542841851039,45.8913078237327
14.7542841851039,45.9220455286508
14.7542841851039,45.9527832335688
14.7542841851039,45.9835209384868
14.7542841851039,46.0142586434048
14.7542841851039,46.0449963483229
14.7542841851039,46.0757340532409
14.7542841851039,46.1064717581589
14.7542841851039,46.1372094630769
14.7542841851039,46.167947167995
14.7542841851039,46.198684872913
14.7542841851039,46.229422577831
14.7542841851039,46.260160282749
14.7542841851039,46.2908979876671
14.7542841851039,46.3216356925851
14.7542841851039,46.3523733975031
14.7542841851039,46.3831111024211
14.7542841851039,46.4138488073392
14.7542841851039,46.4445865122572
14.7542841851039,46.4753242171752
14.7542841851039,46.5060619220932
14.7542841851039,46.5367996270113
14.7542841851039,46.5675373319293
14.7542841851039,46.5982750368473
14.7542841851039,46.6290127417653
14.7542841851039,46.6597504466834
14.7542841851039,46.6904881516014
14.7542841851039,46.7212258565194
14.7542841851039,46.7519635614374
14.7542841851039,46.7827012663555
14.7542841851039,46.8134389712735
14.7542841851039,46.8441766761915
14.7542841851039,46.8749143811095
14.7542841851039,46.9056520860276
14.7542841851039,46.9363897909456
14.7542841851039,46.9671274958636
14.7542841851039,46.9978652007816
14.7542841851039,47.0286029056996
14.7542841851039,47.0593406106177
14.7542841851039,47.0900783155357
14.7542841851039,47.1208160204537
14.7542841851039,47.1515537253717
14.7542841851039,47.1822914302898
14.7542841851039,47.2130291352078
14.7542841851039,47.2437668401258
14.7542841851039,47.2745045450438
14.7542841851039,47.3052422499619
14.7542841851039,47.3359799548799
14.7542841851039,47.3667176597979
14.7542841851039,47.3974553647159
14.7542841851039,47.428193069634
14.7542841851039,47.458930774552
14.7542841851039,47.48966847947
14.7542841851039,47.520406184388
14.7542841851039,47.5511438893061
14.7542841851039,47.5818815942241
14.7542841851039,47.6126192991421
14.7542841851039,47.6433570040601
14.7542841851039,47.6740947089782
14.7542841851039,47.7048324138962
14.7542841851039,47.7355701188142
14.7542841851039,47.7663078237322
14.7542841851039,47.7970455286503
14.7542841851039,47.8277832335683
14.7542841851039,47.8585209384863
14.7542841851039,47.8892586434043
14.7542841851039,47.9199963483224
14.7542841851039,47.9507340532404
14.7542841851039,47.9814717581584
14.7542841851039,48.0122094630764
14.7542841851039,48.0429471679945
14.7542841851039,48.0736848729125
14.7542841851039,48.1044225778305
14.7542841851039,48.1351602827485
14.7542841851039,48.1658979876666
14.7542841851039,48.1966356925846
14.7542841851039,48.2273733975026
14.7542841851039,48.2581111024206
14.7542841851039,48.2888488073387
14.7542841851039,48.3195865122567
14.7542841851039,48.3503242171747
14.7542841851039,48.3810619220927
14.7542841851039,48.4117996270108
14.7542841851039,48.4425373319288
14.7542841851039,48.4732750368468
14.7542841851039,48.5040127417648
14.7542841851039,48.5347504466829
14.7542841851039,48.5654881516009
14.7542841851039,48.5962258565189
14.7542841851039,48.6269635614369
14.7542841851039,48.657701266355
14.7542841851039,48.688438971273
14.7542841851039,48.719176676191
14.7542841851039,48.749914381109
14.7542841851039,48.7806520860271
14.7542841851039,48.8113897909451
14.7542841851039,48.8421274958631
14.7542841851039,48.8728652007811
14.7542841851039,48.9036029056992
14.7542841851039,48.9343406106172
14.7542841851039,48.9650783155352
14.7542841851039,48.9958160204532
14.7542841851039,49.0265537253713
14.7542841851039,49.0572914302893
14.7542841851039,49.0880291352073
14.7542841851039,49.1187668401253
14.7542841851039,49.1495045450433
14.7542841851039,49.1802422499614
14.7542841851039,49.2109799548794
14.7542841851039,49.2417176597974
14.7542841851039,49.2724553647154
14.7542841851039,49.3031930696335
14.7542841851039,49.3339307745515
14.7542841851039,49.3646684794695
14.7542841851039,49.3954061843875
14.7542841851039,49.4261438893056
14.7542841851039,49.4568815942236
14.7542841851039,49.4876192991416
14.7542841851039,49.5183570040596
14.7542841851039,49.5490947089777
14.7542841851039,49.5798324138957
14.7542841851039,49.6105701188137
14.7542841851039,49.6413078237317
14.7542841851039,49.6720455286498
14.7542841851039,49.7027832335678
14.7542841851039,49.7335209384858
14.7542841851039,49.7642586434038
14.7542841851039,49.7949963483219
14.7542841851039,49.8257340532399
14.7542841851039,49.8564717581579
14.7542841851039,49.8872094630759
14.7542841851039,49.917947167994
14.7542841851039,49.948684872912
14.7542841851039,49.97942257783
14.7542841851039,50.010160282748
14.7542841851039,50.0408979876661
14.7542841851039,50.0716356925841
14.7542841851039,50.1023733975021
14.7542841851039,50.1331111024201
14.7542841851039,50.1638488073382
14.7542841851039,50.1945865122562
14.7542841851039,50.2253242171742
14.7542841851039,50.2560619220922
14.7542841851039,50.2867996270103
14.7542841851039,50.3175373319283
14.7542841851039,50.3482750368463
14.7542841851039,50.3790127417643
14.7542841851039,50.4097504466824
14.7542841851039,50.4404881516004
14.7542841851039,50.4712258565184
14.7542841851039,50.5019635614364
14.7542841851039,50.5327012663545
14.7542841851039,50.5634389712725
14.7542841851039,50.5941766761905
14.7542841851039,50.6249143811085
14.7542841851039,50.6556520860266
14.7542841851039,50.6863897909446
14.7542841851039,50.7171274958626
14.7542841851039,50.7478652007806
14.7542841851039,50.7786029056987
14.7542841851039,50.8093406106167
14.7542841851039,50.8400783155347
14.7542841851039,50.8708160204527
14.7542841851039,50.9015537253708
14.7542841851039,50.9322914302888
14.7542841851039,50.9630291352068
14.7542841851039,50.9937668401248
14.7542841851039,51.0245045450429
14.7542841851039,51.0552422499609
14.7542841851039,51.0859799548789
14.7542841851039,51.1167176597969
14.7542841851039,51.147455364715
14.7542841851039,51.178193069633
14.7542841851039,51.208930774551
14.7542841851039,51.239668479469
14.7542841851039,51.270406184387
14.7542841851039,51.3011438893051
14.7542841851039,51.3318815942231
14.7542841851039,51.3626192991411
14.7542841851039,51.3933570040591
14.7542841851039,51.4240947089772
14.7542841851039,51.4548324138952
14.7542841851039,51.4855701188132
14.7542841851039,51.5163078237312
14.7542841851039,51.5470455286493
14.7542841851039,51.5777832335673
14.7542841851039,51.6085209384853
14.7542841851039,51.6392586434033
14.7542841851039,51.6699963483214
14.7542841851039,51.7007340532394
14.7542841851039,51.7314717581574
14.7542841851039,51.7622094630754
14.7542841851039,51.7929471679935
14.7542841851039,51.8236848729115
14.7542841851039,51.8544225778295
14.7542841851039,51.8851602827475
14.7542841851039,51.9158979876656
14.7542841851039,51.9466356925836
14.7542841851039,51.9773733975016
14.7542841851039,52.0081111024196
14.7542841851039,52.0388488073377
14.7542841851039,52.0695865122557
14.7542841851039,52.1003242171737
14.7542841851039,52.1310619220917
14.7542841851039,52.1617996270098
14.7542841851039,52.1925373319278
14.7542841851039,52.2232750368458
14.7542841851039,52.2540127417638
14.7542841851039,52.2847504466819
14.7542841851039,52.3154881515999
14.7542841851039,52.3462258565179
14.7542841851039,52.3769635614359
14.7542841851039,52.407701266354
14.7542841851039,52.438438971272
14.7542841851039,52.46917667619
14.7542841851039,52.499914381108
14.7542841851039,52.5306520860261
14.7542841851039,52.5613897909441
14.7542841851039,52.5921274958621
14.7542841851039,52.6228652007801
14.7542841851039,52.6536029056982
14.7542841851039,52.6843406106162
14.7542841851039,52.7150783155342
14.7542841851039,52.7458160204522
14.7542841851039,52.7765537253703
14.7542841851039,52.8072914302883
14.7542841851039,52.8380291352063
14.7542841851039,52.8687668401243
14.7542841851039,52.8995045450424
14.7542841851039,52.9302422499604
14.7542841851039,52.9609799548784
14.7542841851039,52.9917176597964
14.7542841851039,53.0224553647145
14.7542841851039,53.0531930696325
14.7542841851039,53.0839307745505
14.7542841851039,53.1146684794685
14.7542841851039,53.1454061843866
14.7542841851039,53.1761438893046
14.7542841851039,53.2068815942226
14.7542841851039,53.2376192991406
14.7542841851039,53.2683570040587
14.7542841851039,53.2990947089767
14.7542841851039,53.3298324138947
14.7542841851039,53.3605701188127
14.7542841851039,53.3913078237307
14.7542841851039,53.4220455286488
14.7542841851039,53.4527832335668
14.7542841851039,53.4835209384848
14.7542841851039,53.5142586434028
14.7542841851039,53.5449963483209
14.7542841851039,53.5757340532389
14.7542841851039,53.6064717581569
14.7542841851039,53.6372094630749
14.7542841851039,53.667947167993
14.7542841851039,53.698684872911
14.7542841851039,53.729422577829
14.7542841851039,53.760160282747
14.7542841851039,53.7908979876651
14.7542841851039,53.8216356925831
14.7542841851039,53.8523733975011
14.7542841851039,53.8831111024191
14.7542841851039,53.9138488073372
14.7542841851039,53.9445865122552
14.7542841851039,53.9753242171732
14.7542841851039,54.0060619220912
14.7542841851039,54.0367996270093
14.7542841851039,54.0675373319273
14.7542841851039,54.0982750368453
14.7542841851039,54.1290127417633
14.7542841851039,54.1597504466814
14.7542841851039,54.1904881515994
14.7542841851039,54.2212258565174
14.7542841851039,54.2519635614354
14.7542841851039,54.2827012663535
14.7542841851039,54.3134389712715
14.7542841851039,54.3441766761895
14.7542841851039,54.3749143811075
14.7542841851039,54.4056520860256
14.7542841851039,54.4363897909436
14.7542841851039,54.4671274958616
14.7542841851039,54.4978652007796
14.7542841851039,54.5286029056977
14.7542841851039,54.5593406106157
14.7542841851039,54.5900783155337
14.7542841851039,54.6208160204517
14.7542841851039,54.6515537253698
14.7542841851039,54.6822914302878
14.7542841851039,54.7130291352058
14.7542841851039,54.7437668401238
14.7542841851039,54.7745045450419
14.7542841851039,54.8052422499599
14.7542841851039,54.8359799548779
14.7542841851039,54.8667176597959
14.7542841851039,54.897455364714
14.7542841851039,54.928193069632
14.7542841851039,54.95893077455
14.7542841851039,54.989668479468
14.7542841851039,55.0204061843861
14.7542841851039,55.0511438893041
14.7542841851039,55.0818815942221
14.7542841851039,55.1126192991401
14.7542841851039,55.1433570040582
14.7542841851039,55.1740947089762
14.7542841851039,55.2048324138942
14.7542841851039,55.2355701188122
14.7542841851039,55.2663078237303
14.7542841851039,55.2970455286483
14.7542841851039,55.3277832335663
14.7542841851039,55.3585209384843
14.7542841851039,55.3892586434023
14.7542841851039,55.4199963483204
14.7542841851039,55.4507340532384
14.7542841851039,55.4814717581564
14.7542841851039,55.5122094630744
14.7542841851039,55.5429471679925
14.7542841851039,55.5736848729105
14.7542841851039,55.6044225778285
14.7542841851039,55.6351602827465
14.7542841851039,55.6658979876646
14.7542841851039,55.6966356925826
14.7542841851039,55.7273733975006
14.7542841851039,55.7581111024186
14.7542841851039,55.7888488073367
14.7542841851039,55.8195865122547
14.7542841851039,55.8503242171727
14.7542841851039,55.8810619220907
14.7542841851039,55.9117996270088
14.7542841851039,55.9425373319268
14.7542841851039,55.9732750368448
14.7542841851039,56.0040127417628
14.7542841851039,56.0347504466809
14.7542841851039,56.0654881515989
14.7542841851039,56.0962258565169
14.7542841851039,56.1269635614349
14.7542841851039,56.157701266353
14.7542841851039,56.188438971271
14.7542841851039,56.219176676189
14.7542841851039,56.249914381107
14.7542841851039,56.2806520860251
14.7542841851039,56.3113897909431
14.7542841851039,56.3421274958611
14.7542841851039,56.3728652007791
14.7542841851039,56.4036029056972
14.7542841851039,56.4343406106152
14.7542841851039,56.4650783155332
14.7542841851039,56.4958160204512
14.7542841851039,56.5265537253693
14.7542841851039,56.5572914302873
14.7542841851039,56.5880291352053
14.7542841851039,56.6187668401233
14.7542841851039,56.6495045450414
14.7542841851039,56.6802422499594
14.7542841851039,56.7109799548774
14.7542841851039,56.7417176597954
14.7542841851039,56.7724553647135
14.7542841851039,56.8031930696315
14.7542841851039,56.8339307745495
14.7542841851039,56.8646684794675
14.7542841851039,56.8954061843856
14.7542841851039,56.9261438893036
14.7542841851039,56.9568815942216
14.7542841851039,56.9876192991396
14.7542841851039,57.0183570040577
14.7542841851039,57.0490947089757
14.7542841851039,57.0798324138937
14.7542841851039,57.1105701188117
14.7542841851039,57.1413078237298
14.7542841851039,57.1720455286478
14.7542841851039,57.2027832335658
14.7542841851039,57.2335209384838
14.7542841851039,57.2642586434019
14.7542841851039,57.2949963483199
14.7542841851039,57.3257340532379
14.7542841851039,57.3564717581559
14.7542841851039,57.387209463074
14.7542841851039,57.417947167992
14.7542841851039,57.44868487291
14.7542841851039,57.479422577828
14.7542841851039,57.510160282746
14.7542841851039,57.5408979876641
14.7542841851039,57.5716356925821
14.7542841851039,57.6023733975001
14.7542841851039,57.6331111024181
14.7542841851039,57.6638488073362
14.7542841851039,57.6945865122542
14.7542841851039,57.7253242171722
14.7542841851039,57.7560619220902
14.7542841851039,57.7867996270083
14.7542841851039,57.8175373319263
14.7542841851039,57.8482750368443
14.7542841851039,57.8790127417623
14.7542841851039,57.9097504466804
14.7542841851039,57.9404881515984
14.7542841851039,57.9712258565164
14.7542841851039,58.0019635614344
14.7542841851039,58.0327012663525
14.7542841851039,58.0634389712705
14.7542841851039,58.0941766761885
14.7542841851039,58.1249143811065
14.7542841851039,58.1556520860246
14.7542841851039,58.1863897909426
14.7542841851039,58.2171274958606
14.7542841851039,58.2478652007786
14.7542841851039,58.2786029056967
14.7542841851039,58.3093406106147
14.7542841851039,58.3400783155327
14.7542841851039,58.3708160204507
14.7542841851039,58.4015537253688
14.7542841851039,58.4322914302868
14.7542841851039,58.4630291352048
14.7542841851039,58.4937668401228
14.7542841851039,58.5245045450409
14.7542841851039,58.5552422499589
14.7542841851039,58.5859799548769
14.7542841851039,58.6167176597949
14.7542841851039,58.647455364713
14.7542841851039,58.678193069631
14.7542841851039,58.708930774549
14.7542841851039,58.739668479467
14.7542841851039,58.7704061843851
14.7542841851039,58.8011438893031
14.7542841851039,58.8318815942211
14.7542841851039,58.8626192991391
14.7542841851039,58.8933570040572
14.7542841851039,58.9240947089752
14.7542841851039,58.9548324138932
14.7542841851039,58.9855701188112
14.7542841851039,59.0163078237293
14.7542841851039,59.0470455286473
14.7542841851039,59.0777832335653
14.7542841851039,59.1085209384833
14.7542841851039,59.1392586434014
14.7542841851039,59.1699963483194
14.7542841851039,59.2007340532374
14.7542841851039,59.2314717581554
14.7542841851039,59.2622094630735
14.7542841851039,59.2929471679915
14.7542841851039,59.3236848729095
14.7542841851039,59.3544225778275
14.7542841851039,59.3851602827456
14.7542841851039,59.4158979876636
14.7542841851039,59.4466356925816
14.7542841851039,59.4773733974996
14.7542841851039,59.5081111024177
14.7542841851039,59.5388488073357
14.7542841851039,59.5695865122537
14.7542841851039,59.6003242171717
14.7542841851039,59.6310619220897
14.7542841851039,59.6617996270078
14.7542841851039,59.6925373319258
14.7542841851039,59.7232750368438
14.7542841851039,59.7540127417618
14.7542841851039,59.7847504466799
14.7542841851039,59.8154881515979
14.7542841851039,59.8462258565159
14.7542841851039,59.8769635614339
14.7542841851039,59.907701266352
14.7542841851039,59.93843897127
14.7542841851039,59.969176676188
14.7542841851039,59.999914381106
14.7542841851039,60.0306520860241
14.7542841851039,60.0613897909421
14.7542841851039,60.0921274958601
14.7542841851039,60.1228652007781
14.7542841851039,60.1536029056962
14.7542841851039,60.1843406106142
14.7542841851039,60.2150783155322
14.7542841851039,60.2458160204502
14.7542841851039,60.2765537253683
14.7542841851039,60.3072914302863
14.7542841851039,60.3380291352043
14.7542841851039,60.3687668401223
14.7542841851039,60.3995045450404
14.7542841851039,60.4302422499584
14.7542841851039,60.4609799548764
14.7542841851039,60.4917176597944
14.7542841851039,60.5224553647125
14.7542841851039,60.5531930696305
14.7542841851039,60.5839307745485
14.7542841851039,60.6146684794665
14.7542841851039,60.6454061843846
14.7542841851039,60.6761438893026
14.7542841851039,60.7068815942206
14.7542841851039,60.7376192991386
14.7542841851039,60.7683570040567
14.7542841851039,60.7990947089747
14.7542841851039,60.8298324138927
14.7542841851039,60.8605701188107
14.7542841851039,60.8913078237288
14.7542841851039,60.9220455286468
14.7542841851039,60.9527832335648
14.7542841851039,60.9835209384828
14.7542841851039,61.0142586434009
14.7542841851039,61.0449963483189
14.7542841851039,61.0757340532369
14.7542841851039,61.1064717581549
14.7542841851039,61.137209463073
14.7542841851039,61.167947167991
14.7542841851039,61.198684872909
14.7542841851039,61.229422577827
14.7542841851039,61.2601602827451
14.7542841851039,61.2908979876631
14.7542841851039,61.3216356925811
14.7542841851039,61.3523733974991
14.7542841851039,61.3831111024172
14.7542841851039,61.4138488073352
14.7542841851039,61.4445865122532
14.7542841851039,61.4753242171712
14.7542841851039,61.5060619220893
14.7542841851039,61.5367996270073
14.7542841851039,61.5675373319253
14.7542841851039,61.5982750368433
14.7542841851039,61.6290127417614
14.7542841851039,61.6597504466794
14.7542841851039,61.6904881515974
14.7542841851039,61.7212258565154
14.7542841851039,61.7519635614334
14.7542841851039,61.7827012663515
14.7542841851039,61.8134389712695
14.7542841851039,61.8441766761875
14.7542841851039,61.8749143811055
14.7542841851039,61.9056520860236
14.7542841851039,61.9363897909416
14.7542841851039,61.9671274958596
14.7542841851039,61.9978652007776
14.7542841851039,62.0286029056957
14.7542841851039,62.0593406106137
14.7542841851039,62.0900783155317
14.7542841851039,62.1208160204497
14.7542841851039,62.1515537253678
14.7542841851039,62.1822914302858
14.7542841851039,62.2130291352038
14.7542841851039,62.2437668401218
14.7542841851039,62.2745045450399
14.7542841851039,62.3052422499579
14.7542841851039,62.3359799548759
14.7542841851039,62.3667176597939
14.7542841851039,62.397455364712
14.7542841851039,62.42819306963
14.7542841851039,62.458930774548
14.7542841851039,62.489668479466
14.7542841851039,62.5204061843841
14.7542841851039,62.5511438893021
14.7542841851039,62.5818815942201
14.7542841851039,62.6126192991381
14.7542841851039,62.6433570040562
14.7542841851039,62.6740947089742
14.7542841851039,62.7048324138922
14.7542841851039,62.7355701188102
14.7542841851039,62.7663078237283
14.7542841851039,62.7970455286463
14.7542841851039,62.8277832335643
14.7542841851039,62.8585209384823
14.7542841851039,62.8892586434004
14.7542841851039,62.9199963483184
14.7542841851039,62.9507340532364
14.7542841851039,62.9814717581544
14.7542841851039,63.0122094630725
14.7542841851039,63.0429471679905
14.7542841851039,63.0736848729085
14.7542841851039,63.1044225778265
14.7542841851039,63.1351602827446
14.7542841851039,63.1658979876626
14.7542841851039,63.1966356925806
14.7542841851039,63.2273733974986
14.7542841851039,63.2581111024167
14.7542841851039,63.2888488073347
14.7542841851039,63.3195865122527
14.7542841851039,63.3503242171707
14.7542841851039,63.3810619220888
14.7542841851039,63.4117996270068
14.7542841851039,63.4425373319248
14.7542841851039,63.4732750368428
14.7542841851039,63.5040127417609
14.7542841851039,63.5347504466789
14.7542841851039,63.5654881515969
14.7542841851039,63.5962258565149
14.7542841851039,63.626963561433
14.7542841851039,63.657701266351
14.7542841851039,63.688438971269
14.7542841851039,63.719176676187
14.7542841851039,63.7499143811051
14.7542841851039,63.7806520860231
14.7542841851039,63.8113897909411
14.7542841851039,63.8421274958591
14.7542841851039,63.8728652007771
14.7542841851039,63.9036029056952
14.7542841851039,63.9343406106132
14.7542841851039,63.9650783155312
14.7542841851039,63.9958160204492
14.7542841851039,64.0265537253673
14.7542841851039,64.0572914302853
14.7542841851039,64.0880291352033
14.7542841851039,64.1187668401214
14.7542841851039,64.1495045450394
14.7542841851039,64.1802422499574
14.7542841851039,64.2109799548754
14.7542841851039,64.2417176597935
14.7542841851039,64.2724553647115
14.7542841851039,64.3031930696295
14.7542841851039,64.3339307745475
14.7542841851039,64.3646684794655
14.7542841851039,64.3954061843836
14.7542841851039,64.4261438893016
14.7542841851039,64.4568815942196
14.7542841851039,64.4876192991376
14.7542841851039,64.5183570040557
14.7542841851039,64.5490947089737
14.7542841851039,64.5798324138917
14.7542841851039,64.6105701188097
14.7542841851039,64.6413078237278
14.7542841851039,64.6720455286458
14.7542841851039,64.7027832335638
14.7542841851039,64.7335209384818
14.7542841851039,64.7642586433999
14.7542841851039,64.7949963483179
14.7542841851039,64.8257340532359
14.7542841851039,64.8564717581539
14.7542841851039,64.887209463072
14.7542841851039,64.91794716799
14.7542841851039,64.948684872908
14.7542841851039,64.979422577826
14.7542841851039,65.0101602827441
14.7542841851039,65.0408979876621
14.7542841851039,65.0716356925801
14.7542841851039,65.1023733974981
14.7542841851039,65.1331111024162
14.7542841851039,65.1638488073342
14.7542841851039,65.1945865122522
14.7542841851039,65.2253242171702
14.7542841851039,65.2560619220883
14.7542841851039,65.2867996270063
14.7542841851039,65.3175373319243
14.7542841851039,65.3482750368423
14.7542841851039,65.3790127417604
14.7542841851039,65.4097504466784
14.7542841851039,65.4404881515964
14.7542841851039,65.4712258565144
14.7542841851039,65.5019635614325
14.7542841851039,65.5327012663505
14.7542841851039,65.5634389712685
14.7542841851039,65.5941766761865
14.7542841851039,65.6249143811046
14.7542841851039,65.6556520860226
14.7542841851039,65.6863897909406
14.7542841851039,65.7171274958586
14.7542841851039,65.7478652007767
14.7542841851039,65.7786029056947
14.7542841851039,65.8093406106127
14.7542841851039,65.8400783155307
14.7542841851039,65.8708160204488
14.7542841851039,65.9015537253668
14.7542841851039,65.9322914302848
14.7542841851039,65.9630291352028
14.7542841851039,65.9937668401209
14.7542841851039,66.0245045450389
14.7542841851039,66.0552422499569
14.7542841851039,66.0859799548749
14.7542841851039,66.116717659793
14.7542841851039,66.147455364711
14.7542841851039,66.178193069629
14.7542841851039,66.208930774547
14.7542841851039,66.2396684794651
14.7542841851039,66.2704061843831
14.7542841851039,66.3011438893011
14.7542841851039,66.3318815942191
14.7542841851039,66.3626192991372
14.7542841851039,66.3933570040552
14.7542841851039,66.4240947089732
14.7542841851039,66.4548324138912
14.7542841851039,66.4855701188092
14.7542841851039,66.5163078237273
14.7542841851039,66.5470455286453
14.7542841851039,66.5777832335633
14.7542841851039,66.6085209384813
14.7542841851039,66.6392586433994
14.7542841851039,66.6699963483174
14.7542841851039,66.7007340532354
14.7542841851039,66.7314717581534
14.7542841851039,66.7622094630715
14.7542841851039,66.7929471679895
14.7542841851039,66.8236848729075
14.7542841851039,66.8544225778255
14.7542841851039,66.8851602827436
14.7542841851039,66.9158979876616
14.7542841851039,66.9466356925796
14.7542841851039,66.9773733974976
14.7542841851039,67.0081111024157
14.7542841851039,67.0388488073337
14.7542841851039,67.0695865122517
14.7542841851039,67.1003242171697
14.7542841851039,67.1310619220878
14.7542841851039,67.1617996270058
14.7542841851039,67.1925373319238
14.7542841851039,67.2232750368418
14.7542841851039,67.2540127417599
14.7542841851039,67.2847504466779
14.7542841851039,67.3154881515959
14.7542841851039,67.3462258565139
14.7542841851039,67.376963561432
14.7542841851039,67.40770126635
14.7542841851039,67.438438971268
14.7542841851039,67.469176676186
14.7542841851039,67.4999143811041
14.7542841851039,67.5306520860221
14.7542841851039,67.5613897909401
14.7542841851039,67.5921274958581
14.7542841851039,67.6228652007762
14.7542841851039,67.6536029056942
14.7542841851039,67.6843406106122
14.7542841851039,67.7150783155302
14.7542841851039,67.7458160204483
14.7542841851039,67.7765537253663
14.7542841851039,67.8072914302843
14.7542841851039,67.8380291352023
14.7542841851039,67.8687668401204
14.7542841851039,67.8995045450384
14.7542841851039,67.9302422499564
14.7542841851039,67.9609799548744
14.7542841851039,67.9917176597925
14.7542841851039,68.0224553647105
14.7542841851039,68.0531930696285
14.7542841851039,68.0839307745465
14.7542841851039,68.1146684794646
14.7542841851039,68.1454061843826
14.7542841851039,68.1761438893006
14.7542841851039,68.2068815942186
14.7542841851039,68.2376192991367
14.7542841851039,68.2683570040547
14.7542841851039,68.2990947089727
14.7542841851039,68.3298324138907
14.7542841851039,68.3605701188088
14.7542841851039,68.3913078237268
14.7542841851039,68.4220455286448
14.7542841851039,68.4527832335628
14.7542841851039,68.4835209384809
14.7542841851039,68.5142586433989
14.7542841851039,68.5449963483169
14.7542841851039,68.5757340532349
14.7542841851039,68.6064717581529
14.7542841851039,68.637209463071
14.7542841851039,68.667947167989
14.7542841851039,68.698684872907
14.7542841851039,68.729422577825
14.7542841851039,68.7601602827431
14.7542841851039,68.7908979876611
14.7542841851039,68.8216356925791
14.7542841851039,68.8523733974971
14.7542841851039,68.8831111024152
14.7542841851039,68.9138488073332
14.7542841851039,68.9445865122512
14.7542841851039,68.9753242171692
14.7542841851039,69.0060619220873
14.7542841851039,69.0367996270053
14.7542841851039,69.0675373319233
14.7542841851039,69.0982750368413
14.7542841851039,69.1290127417594
14.7542841851039,69.1597504466774
14.7542841851039,69.1904881515954
14.7542841851039,69.2212258565134
14.7542841851039,69.2519635614315
14.7542841851039,69.2827012663495
14.7542841851039,69.3134389712675
14.7542841851039,69.3441766761855
14.7542841851039,69.3749143811036
14.7542841851039,69.4056520860216
14.7542841851039,69.4363897909396
14.7542841851039,69.4671274958576
14.7542841851039,69.4978652007757
14.7542841851039,69.5286029056937
14.7542841851039,69.5593406106117
14.7542841851039,69.5900783155297
14.7542841851039,69.6208160204478
14.7542841851039,69.6515537253658
14.7542841851039,69.6822914302838
14.7542841851039,69.7130291352018
14.7542841851039,69.7437668401199
14.7542841851039,69.7745045450379
14.7542841851039,69.8052422499559
14.7542841851039,69.8359799548739
14.7542841851039,69.866717659792
14.7542841851039,69.89745536471
14.7542841851039,69.928193069628
14.7542841851039,69.958930774546
14.7542841851039,69.9896684794641
14.7542841851039,70.0204061843821
14.7542841851039,70.0511438893001
14.7542841851039,70.0818815942181
14.7542841851039,70.1126192991362
14.7542841851039,70.1433570040542
14.7542841851039,70.1740947089722
14.7542841851039,70.2048324138902
14.7542841851039,70.2355701188083
14.7542841851039,70.2663078237263
14.7542841851039,70.2970455286443
14.7542841851039,70.3277832335623
14.7542841851039,70.3585209384804
14.7542841851039,70.3892586433984
14.7542841851039,70.4199963483164
14.7542841851039,70.4507340532344
14.7542841851039,70.4814717581525
14.7542841851039,70.5122094630705
14.7542841851039,70.5429471679885
14.7542841851039,70.5736848729065
14.7542841851039,70.6044225778246
14.7542841851039,70.6351602827426
14.7542841851039,70.6658979876606
14.7542841851039,70.6966356925786
14.7542841851039,70.7273733974966
14.7542841851039,70.7581111024147
14.7542841851039,70.7888488073327
14.7542841851039,70.8195865122507
14.7542841851039,70.8503242171687
14.7542841851039,70.8810619220868
14.7542841851039,70.9117996270048
14.7542841851039,70.9425373319228
14.7542841851039,70.9732750368408
14.7542841851039,71.0040127417589
14.7542841851039,71.0347504466769
14.7542841851039,71.0654881515949
14.7542841851039,71.0962258565129
14.7542841851039,71.126963561431
14.7542841851039,71.157701266349
14.7542841851039,71.188438971267
14.7542841851039,71.219176676185
14.7542841851039,71.2499143811031
14.7542841851039,71.2806520860211
14.7542841851039,71.3113897909391
14.7542841851039,71.3421274958571
14.7542841851039,71.3728652007752
14.7542841851039,71.4036029056932
14.7542841851039,71.4343406106112
14.7542841851039,71.4650783155292
14.7542841851039,71.4958160204473
14.7542841851039,71.5265537253653
14.7542841851039,71.5572914302833
14.7542841851039,71.5880291352013
14.7542841851039,71.6187668401194
14.7542841851039,71.6495045450374
14.7542841851039,71.6802422499554
14.7542841851039,71.7109799548734
14.7542841851039,71.7417176597915
14.7542841851039,71.7724553647095
14.7542841851039,71.8031930696275
14.7542841851039,71.8339307745455
14.7542841851039,71.8646684794636
14.7542841851039,71.8954061843816
14.7542841851039,71.9261438892996
14.7542841851039,71.9568815942176
14.7542841851039,71.9876192991357
14.7542841851039,72.0183570040537
14.7542841851039,72.0490947089717
14.7542841851039,72.0798324138897
14.7542841851039,72.1105701188078
14.7542841851039,72.1413078237258
14.7542841851039,72.1720455286438
14.7542841851039,72.2027832335618
14.7542841851039,72.2335209384799
14.7542841851039,72.2642586433979
14.7542841851039,72.2949963483159
14.7542841851039,72.3257340532339
14.7542841851039,72.356471758152
14.7542841851039,72.38720946307
14.7542841851039,72.417947167988
14.7542841851039,72.448684872906
14.7542841851039,72.4794225778241
14.7542841851039,72.5101602827421
14.7542841851039,72.5408979876601
14.7542841851039,72.5716356925781
14.7542841851039,72.6023733974962
14.7542841851039,72.6331111024142
14.7542841851039,72.6638488073322
14.7542841851039,72.6945865122502
14.7542841851039,72.7253242171683
14.7542841851039,72.7560619220863
14.7542841851039,72.7867996270043
14.7542841851039,72.8175373319223
14.7542841851039,72.8482750368403
14.7542841851039,72.8790127417584
14.7542841851039,72.9097504466764
14.7542841851039,72.9404881515944
14.7542841851039,72.9712258565124
14.7542841851039,73.0019635614305
14.7542841851039,73.0327012663485
14.7542841851039,73.0634389712665
14.7542841851039,73.0941766761845
14.7542841851039,73.1249143811026
14.7542841851039,73.1556520860206
14.7542841851039,73.1863897909386
14.7542841851039,73.2171274958566
14.7542841851039,73.2478652007747
14.7542841851039,73.2786029056927
14.7542841851039,73.3093406106107
14.7542841851039,73.3400783155287
14.7542841851039,73.3708160204468
14.7542841851039,73.4015537253648
14.7542841851039,73.4322914302828
14.7542841851039,73.4630291352008
14.7542841851039,73.4937668401189
14.7542841851039,73.5245045450369
14.7542841851039,73.5552422499549
14.7542841851039,73.5859799548729
14.7542841851039,73.616717659791
14.7542841851039,73.647455364709
14.7542841851039,73.678193069627
14.7542841851039,73.708930774545
14.7542841851039,73.7396684794631
14.7542841851039,73.7704061843811
14.7542841851039,73.8011438892991
14.7542841851039,73.8318815942171
14.7542841851039,73.8626192991352
14.7542841851039,73.8933570040532
14.7542841851039,73.9240947089712
14.7542841851039,73.9548324138892
14.7542841851039,73.9855701188073
14.7542841851039,74.0163078237253
14.7542841851039,74.0470455286433
14.7542841851039,74.0777832335613
14.7542841851039,74.1085209384794
14.7542841851039,74.1392586433974
14.7542841851039,74.1699963483154
14.7542841851039,74.2007340532334
14.7542841851039,74.2314717581515
14.7542841851039,74.2622094630695
14.7542841851039,74.2929471679875
14.7542841851039,74.3236848729055
14.7542841851039,74.3544225778236
14.7542841851039,74.3851602827416
14.7542841851039,74.4158979876596
14.7542841851039,74.4466356925776
14.7542841851039,74.4773733974957
14.7542841851039,74.5081111024137
14.7542841851039,74.5388488073317
14.7542841851039,74.5695865122497
14.7542841851039,74.6003242171678
14.7542841851039,74.6310619220858
14.7542841851039,74.6617996270038
14.7542841851039,74.6925373319218
14.7542841851039,74.7232750368399
14.7542841851039,74.7540127417579
14.7542841851039,74.7847504466759
14.7542841851039,74.8154881515939
14.7542841851039,74.8462258565119
14.7542841851039,74.87696356143
14.7542841851039,74.907701266348
14.7542841851039,74.938438971266
14.7542841851039,74.969176676184
14.7542841851039,74.9999143811021
14.7542841851039,75.0306520860201
14.7542841851039,75.0613897909381
14.7542841851039,75.0921274958561
14.7542841851039,75.1228652007742
14.7542841851039,75.1536029056922
14.7542841851039,75.1843406106102
14.7542841851039,75.2150783155282
14.7542841851039,75.2458160204463
14.7542841851039,75.2765537253643
14.7542841851039,75.3072914302823
14.7542841851039,75.3380291352003
14.7542841851039,75.3687668401184
14.7542841851039,75.3995045450364
14.7542841851039,75.4302422499544
14.7542841851039,75.4609799548724
14.7542841851039,75.4917176597905
14.7542841851039,75.5224553647085
14.7542841851039,75.5531930696265
14.7542841851039,75.5839307745445
14.7542841851039,75.6146684794626
14.7542841851039,75.6454061843806
14.7542841851039,75.6761438892986
14.7542841851039,75.7068815942166
14.7542841851039,75.7376192991347
14.7542841851039,75.7683570040527
14.7542841851039,75.7990947089707
14.7542841851039,75.8298324138887
14.7542841851039,75.8605701188068
14.7542841851039,75.8913078237248
14.7542841851039,75.9220455286428
14.7542841851039,75.9527832335608
14.7542841851039,75.9835209384789
14.7542841851039,76.0142586433969
14.7542841851039,76.0449963483149
14.7542841851039,76.0757340532329
14.7542841851039,76.106471758151
14.7542841851039,76.137209463069
14.7542841851039,76.167947167987
14.7542841851039,76.198684872905
14.7542841851039,76.2294225778231
14.7542841851039,76.2601602827411
14.7542841851039,76.2908979876591
14.7542841851039,76.3216356925771
14.7542841851039,76.3523733974952
14.7542841851039,76.3831111024132
14.7542841851039,76.4138488073312
14.7542841851039,76.4445865122492
14.7542841851039,76.4753242171673
14.7542841851039,76.5060619220853
14.7542841851039,76.5367996270033
14.7542841851039,76.5675373319213
14.7542841851039,76.5982750368394
14.7542841851039,76.6290127417574
14.7542841851039,76.6597504466754
14.7542841851039,76.6904881515934
14.7542841851039,76.7212258565115
14.7542841851039,76.7519635614295
14.7542841851039,76.7827012663475
14.7542841851039,76.8134389712655
14.7542841851039,76.8441766761836
14.7542841851039,76.8749143811016
14.7542841851039,76.9056520860196
14.7542841851039,76.9363897909376
14.7542841851039,76.9671274958556
14.7542841851039,76.9978652007737
14.7542841851039,77.0286029056917
14.7542841851039,77.0593406106097
14.7542841851039,77.0900783155277
14.7542841851039,77.1208160204458
14.7542841851039,77.1515537253638
14.7542841851039,77.1822914302818
14.7542841851039,77.2130291351998
14.7542841851039,77.2437668401179
14.7542841851039,77.2745045450359
14.7542841851039,77.3052422499539
14.7542841851039,77.3359799548719
14.7542841851039,77.36671765979
14.7542841851039,77.397455364708
14.7542841851039,77.428193069626
14.7542841851039,77.458930774544
14.7542841851039,77.4896684794621
14.7542841851039,77.5204061843801
14.7542841851039,77.5511438892981
14.7542841851039,77.5818815942161
14.7542841851039,77.6126192991342
14.7542841851039,77.6433570040522
14.7542841851039,77.6740947089702
14.7542841851039,77.7048324138882
14.7542841851039,77.7355701188063
14.7542841851039,77.7663078237243
14.7542841851039,77.7970455286423
14.7542841851039,77.8277832335603
14.7542841851039,77.8585209384784
14.7542841851039,77.8892586433964
14.7542841851039,77.9199963483144
14.7542841851039,77.9507340532324
14.7542841851039,77.9814717581505
14.7542841851039,78.0122094630685
14.7542841851039,78.0429471679865
14.7542841851039,78.0736848729045
14.7542841851039,78.1044225778226
14.7542841851039,78.1351602827406
14.7542841851039,78.1658979876586
14.7542841851039,78.1966356925766
14.7542841851039,78.2273733974947
14.7542841851039,78.2581111024127
14.7542841851039,78.2888488073307
14.7542841851039,78.3195865122487
14.7542841851039,78.3503242171668
14.7542841851039,78.3810619220848
14.7542841851039,78.4117996270028
14.7542841851039,78.4425373319208
14.7542841851039,78.4732750368389
14.7542841851039,78.5040127417569
14.7542841851039,78.5347504466749
14.7542841851039,78.5654881515929
14.7542841851039,78.596225856511
14.7542841851039,78.626963561429
14.7542841851039,78.657701266347
14.7542841851039,78.688438971265
14.7542841851039,78.7191766761831
14.7542841851039,78.7499143811011
14.7542841851039,78.7806520860191
14.7542841851039,78.8113897909371
14.7542841851039,78.8421274958552
14.7542841851039,78.8728652007732
14.7542841851039,78.9036029056912
14.7542841851039,78.9343406106092
14.7542841851039,78.9650783155273
14.7542841851039,78.9958160204453
14.7542841851039,79.0265537253633
14.7542841851039,79.0572914302813
14.7542841851039,79.0880291351993
14.7542841851039,79.1187668401174
14.7542841851039,79.1495045450354
14.7542841851039,79.1802422499534
14.7542841851039,79.2109799548714
14.7542841851039,79.2417176597895
14.7542841851039,79.2724553647075
14.7542841851039,79.3031930696255
14.7542841851039,79.3339307745435
14.7542841851039,79.3646684794616
14.7542841851039,79.3954061843796
14.7542841851039,79.4261438892976
14.7542841851039,79.4568815942156
14.7542841851039,79.4876192991337
14.7542841851039,79.5183570040517
14.7542841851039,79.5490947089697
14.7542841851039,79.5798324138877
14.7542841851039,79.6105701188058
14.7542841851039,79.6413078237238
14.7542841851039,79.6720455286418
14.7542841851039,79.7027832335598
14.7542841851039,79.7335209384779
14.7542841851039,79.7642586433959
14.7542841851039,79.7949963483139
14.7542841851039,79.8257340532319
14.7542841851039,79.85647175815
14.7542841851039,79.887209463068
14.7542841851039,79.917947167986
14.7542841851039,79.948684872904
14.7542841851039,79.9794225778221
14.7542841851039,80.0101602827401
14.7542841851039,80.0408979876581
14.7542841851039,80.0716356925761
14.7542841851039,80.1023733974942
14.7542841851039,80.1331111024122
14.7542841851039,80.1638488073302
14.7542841851039,80.1945865122482
14.7542841851039,80.2253242171663
14.7542841851039,80.2560619220843
14.7542841851039,80.2867996270023
14.7542841851039,80.3175373319203
14.7542841851039,80.3482750368384
14.7542841851039,80.3790127417564
14.7542841851039,80.4097504466744
14.7542841851039,80.4404881515924
14.7542841851039,80.4712258565105
14.7542841851039,80.5019635614285
14.7542841851039,80.5327012663465
14.7542841851039,80.5634389712645
14.7542841851039,80.5941766761826
14.7542841851039,80.6249143811006
14.7542841851039,80.6556520860186
14.7542841851039,80.6863897909366
14.7542841851039,80.7171274958547
14.7542841851039,80.7478652007727
14.7542841851039,80.7786029056907
14.7542841851039,80.8093406106087
14.7542841851039,80.8400783155268
14.7542841851039,80.8708160204448
14.7542841851039,80.9015537253628
14.7542841851039,80.9322914302808
14.7542841851039,80.9630291351989
14.7542841851039,80.9937668401169
14.7542841851039,81.0245045450349
14.7542841851039,81.0552422499529
14.7542841851039,81.085979954871
14.7542841851039,81.116717659789
14.7542841851039,81.147455364707
14.7542841851039,81.178193069625
14.7542841851039,81.208930774543
14.7542841851039,81.2396684794611
14.7542841851039,81.2704061843791
14.7542841851039,81.3011438892971
14.7542841851039,81.3318815942151
14.7542841851039,81.3626192991332
14.7542841851039,81.3933570040512
14.7542841851039,81.4240947089692
14.7542841851039,81.4548324138872
14.7542841851039,81.4855701188053
14.7542841851039,81.5163078237233
14.7542841851039,81.5470455286413
14.7542841851039,81.5777832335593
14.7542841851039,81.6085209384774
14.7542841851039,81.6392586433954
14.7542841851039,81.6699963483134
14.7542841851039,81.7007340532314
14.7542841851039,81.7314717581495
14.7542841851039,81.7622094630675
14.7542841851039,81.7929471679855
14.7542841851039,81.8236848729035
14.7542841851039,81.8544225778216
14.7542841851039,81.8851602827396
14.7542841851039,81.9158979876576
14.7542841851039,81.9466356925756
14.7542841851039,81.9773733974937
14.7542841851039,82.0081111024117
14.7542841851039,82.0388488073297
14.7542841851039,82.0695865122477
14.7542841851039,82.1003242171658
14.7542841851039,82.1310619220838
14.7542841851039,82.1617996270018
14.7542841851039,82.1925373319198
14.7542841851039,82.2232750368379
14.7542841851039,82.2540127417559
14.7542841851039,82.2847504466739
14.7542841851039,82.3154881515919
14.7542841851039,82.34622585651
14.7542841851039,82.376963561428
14.7542841851039,82.407701266346
14.7542841851039,82.438438971264
14.7542841851039,82.4691766761821
14.7542841851039,82.4999143811001
14.7542841851039,82.5306520860181
14.7542841851039,82.5613897909361
14.7542841851039,82.5921274958542
14.7542841851039,82.6228652007722
14.7542841851039,82.6536029056902
14.7542841851039,82.6843406106082
14.7542841851039,82.7150783155263
14.7542841851039,82.7458160204443
14.7542841851039,82.7765537253623
14.7542841851039,82.8072914302803
14.7542841851039,82.8380291351984
14.7542841851039,82.8687668401164
14.7542841851039,82.8995045450344
14.7542841851039,82.9302422499524
14.7542841851039,82.9609799548705
14.7542841851039,82.9917176597885
14.7542841851039,83.0224553647065
14.7542841851039,83.0531930696245
14.7542841851039,83.0839307745426
14.7542841851039,83.1146684794606
14.7542841851039,83.1454061843786
14.7542841851039,83.1761438892966
14.7542841851039,83.2068815942147
14.7542841851039,83.2376192991327
14.7542841851039,83.2683570040507
14.7542841851039,83.2990947089687
14.7542841851039,83.3298324138867
14.7542841851039,83.3605701188048
14.7542841851039,83.3913078237228
14.7542841851039,83.4220455286408
14.7542841851039,83.4527832335588
14.7542841851039,83.4835209384769
14.7542841851039,83.5142586433949
14.7542841851039,83.5449963483129
14.7542841851039,83.5757340532309
14.7542841851039,83.606471758149
14.7542841851039,83.637209463067
14.7542841851039,83.667947167985
14.7542841851039,83.698684872903
14.7542841851039,83.7294225778211
14.7542841851039,83.7601602827391
14.7542841851039,83.7908979876571
14.7542841851039,83.8216356925751
14.7542841851039,83.8523733974932
14.7542841851039,83.8831111024112
14.7542841851039,83.9138488073292
14.7542841851039,83.9445865122472
14.7542841851039,83.9753242171653
14.7542841851039,84.0060619220833
14.7542841851039,84.0367996270013
14.7542841851039,84.0675373319193
14.7542841851039,84.0982750368374
14.7542841851039,84.1290127417554
14.7542841851039,84.1597504466734
14.7542841851039,84.1904881515914
14.7542841851039,84.2212258565095
14.7542841851039,84.2519635614275
14.7542841851039,84.2827012663455
14.7542841851039,84.3134389712635
14.7542841851039,84.3441766761816
14.7542841851039,84.3749143810996
14.7542841851039,84.4056520860176
14.7542841851039,84.4363897909356
14.7542841851039,84.4671274958537
14.7542841851039,84.4978652007717
14.7542841851039,84.5286029056897
14.7542841851039,84.5593406106077
14.7542841851039,84.5900783155258
14.7542841851039,84.6208160204438
14.7542841851039,84.6515537253618
14.7542841851039,84.6822914302798
14.7542841851039,84.7130291351979
14.7542841851039,84.7437668401159
14.7542841851039,84.7745045450339
14.7542841851039,84.8052422499519
14.7542841851039,84.83597995487
14.7542841851039,84.866717659788
14.7542841851039,84.897455364706
14.7542841851039,84.928193069624
14.7542841851039,84.9589307745421
14.7542841851039,84.9896684794601
14.7542841851039,85.0204061843781
14.7542841851039,85.0511438892961
14.7542841851039,85.0818815942142
14.7542841851039,85.1126192991322
14.7542841851039,85.1433570040502
14.7542841851039,85.1740947089682
14.7542841851039,85.2048324138863
14.7542841851039,85.2355701188043
14.7542841851039,85.2663078237223
14.7542841851039,85.2970455286403
14.7542841851039,85.3277832335583
14.7542841851039,85.3585209384764
14.7542841851039,85.3892586433944
14.7542841851039,85.4199963483124
14.7542841851039,85.4507340532304
14.7542841851039,85.4814717581485
14.7542841851039,85.5122094630665
14.7542841851039,85.5429471679845
14.7542841851039,85.5736848729025
14.7542841851039,85.6044225778206
14.7542841851039,85.6351602827386
14.7542841851039,85.6658979876566
14.7542841851039,85.6966356925746
14.7542841851039,85.7273733974927
14.7542841851039,85.7581111024107
14.7542841851039,85.7888488073287
14.7542841851039,85.8195865122467
14.7542841851039,85.8503242171648
14.7542841851039,85.8810619220828
14.7542841851039,85.9117996270008
14.7542841851039,85.9425373319188
14.7542841851039,85.9732750368369
14.7542841851039,86.0040127417549
14.7542841851039,86.0347504466729
14.7542841851039,86.0654881515909
14.7542841851039,86.096225856509
14.7542841851039,86.126963561427
14.7542841851039,86.157701266345
14.7542841851039,86.188438971263
14.7542841851039,86.2191766761811
14.7542841851039,86.2499143810991
14.7542841851039,86.2806520860171
14.7542841851039,86.3113897909351
14.7542841851039,86.3421274958532
14.7542841851039,86.3728652007712
14.7542841851039,86.4036029056892
14.7542841851039,86.4343406106072
14.7542841851039,86.4650783155253
14.7542841851039,86.4958160204433
14.7542841851039,86.5265537253613
14.7542841851039,86.5572914302793
14.7542841851039,86.5880291351974
14.7542841851039,86.6187668401154
14.7542841851039,86.6495045450334
14.7542841851039,86.6802422499514
14.7542841851039,86.7109799548695
14.7542841851039,86.7417176597875
14.7542841851039,86.7724553647055
14.7542841851039,86.8031930696235
14.7542841851039,86.8339307745416
14.7542841851039,86.8646684794596
14.7542841851039,86.8954061843776
14.7542841851039,86.9261438892956
14.7542841851039,86.9568815942137
14.7542841851039,86.9876192991317
14.7542841851039,87.0183570040497
14.7542841851039,87.0490947089677
14.7542841851039,87.0798324138858
14.7542841851039,87.1105701188038
14.7542841851039,87.1413078237218
14.7542841851039,87.1720455286398
14.7542841851039,87.2027832335579
14.7542841851039,87.2335209384759
14.7542841851039,87.2642586433939
14.7542841851039,87.2949963483119
14.7542841851039,87.32573405323
14.7542841851039,87.356471758148
14.7542841851039,87.387209463066
14.7542841851039,87.417947167984
14.7542841851039,87.448684872902
14.7542841851039,87.4794225778201
14.7542841851039,87.5101602827381
14.7542841851039,87.5408979876561
14.7542841851039,87.5716356925741
14.7542841851039,87.6023733974922
14.7542841851039,87.6331111024102
14.7542841851039,87.6638488073282
14.7542841851039,87.6945865122462
14.7542841851039,87.7253242171643
14.7542841851039,87.7560619220823
14.7542841851039,87.7867996270003
14.7542841851039,87.8175373319183
14.7542841851039,87.8482750368364
14.7542841851039,87.8790127417544
14.7542841851039,87.9097504466724
14.7542841851039,87.9404881515904
14.7542841851039,87.9712258565085
14.7542841851039,88.0019635614265
14.7542841851039,88.0327012663445
14.7542841851039,88.0634389712625
14.7542841851039,88.0941766761806
14.7542841851039,88.1249143810986
14.7542841851039,88.1556520860166
14.7542841851039,88.1863897909346
14.7542841851039,88.2171274958527
14.7542841851039,88.2478652007707
14.7542841851039,88.2786029056887
14.7542841851039,88.3093406106067
14.7542841851039,88.3400783155248
14.7542841851039,88.3708160204428
14.7542841851039,88.4015537253608
14.7542841851039,88.4322914302788
14.7542841851039,88.4630291351969
14.7542841851039,88.4937668401149
14.7542841851039,88.5245045450329
14.7542841851039,88.5552422499509
14.7542841851039,88.585979954869
14.7542841851039,88.616717659787
14.7542841851039,88.647455364705
14.7542841851039,88.678193069623
14.7542841851039,88.7089307745411
14.7542841851039,88.7396684794591
14.7542841851039,88.7704061843771
14.7542841851039,88.8011438892951
14.7542841851039,88.8318815942132
14.7542841851039,88.8626192991312
14.7542841851039,88.8933570040492
14.7542841851039,88.9240947089672
14.7542841851039,88.9548324138853
14.7542841851039,88.9855701188033
14.7542841851039,89.0163078237213
14.7542841851039,89.0470455286393
14.7542841851039,89.0777832335574
14.7542841851039,89.1085209384754
14.7542841851039,89.1392586433934
14.7542841851039,89.1699963483114
14.7542841851039,89.2007340532295
14.7542841851039,89.2314717581475
14.7542841851039,89.2622094630655
14.7542841851039,89.2929471679835
14.7542841851039,89.3236848729016
14.7542841851039,89.3544225778196
14.7542841851039,89.3851602827376
14.7542841851039,89.4158979876556
14.7542841851039,89.4466356925737
14.7542841851039,89.4773733974917
14.7542841851039,89.5081111024097
14.7542841851039,89.5388488073277
14.7542841851039,89.5695865122457
14.7542841851039,89.6003242171638
14.7542841851039,89.6310619220818
14.7542841851039,89.6617996269998
14.7542841851039,89.6925373319178
14.7542841851039,89.7232750368359
14.7542841851039,89.7540127417539
14.7542841851039,89.7847504466719
14.7542841851039,89.8154881515899
14.7542841851039,89.846225856508
14.7542841851039,89.876963561426
14.7542841851039,89.907701266344
14.7542841851039,89.938438971262
14.7542841851039,89.9691766761801
14.7542841851039,89.9999143810981
14.7542841851039,90.0306520860161
14.7542841851039,90.0613897909341
14.7542841851039,90.0921274958522
14.7542841851039,90.1228652007702
14.7542841851039,90.1536029056882
14.7542841851039,90.1843406106062
14.7542841851039,90.2150783155243
14.7542841851039,90.2458160204423
14.7542841851039,90.2765537253603
14.7542841851039,90.3072914302783
14.7542841851039,90.3380291351964
14.7542841851039,90.3687668401144
14.7542841851039,90.3995045450324
14.7542841851039,90.4302422499504
14.7542841851039,90.4609799548685
14.7542841851039,90.4917176597865
14.7542841851039,90.5224553647045
14.7542841851039,90.5531930696225
14.7542841851039,90.5839307745406
14.7542841851039,90.6146684794586
14.7542841851039,90.6454061843766
14.7542841851039,90.6761438892946
14.7542841851039,90.7068815942127
14.7542841851039,90.7376192991307
14.7542841851039,90.7683570040487
14.7542841851039,90.7990947089667
14.7542841851039,90.8298324138848
14.7542841851039,90.8605701188028
14.7542841851039,90.8913078237208
14.7542841851039,90.9220455286388
14.7542841851039,90.9527832335569
14.7542841851039,90.9835209384749
14.7542841851039,91.0142586433929
14.7542841851039,91.0449963483109
14.7542841851039,91.075734053229
14.7542841851039,91.106471758147
14.7542841851039,91.137209463065
14.7542841851039,91.167947167983
14.7542841851039,91.1986848729011
14.7542841851039,91.2294225778191
14.7542841851039,91.2601602827371
14.7542841851039,91.2908979876551
14.7542841851039,91.3216356925732
14.7542841851039,91.3523733974912
14.7542841851039,91.3831111024092
14.7542841851039,91.4138488073272
14.7542841851039,91.4445865122453
14.7542841851039,91.4753242171633
14.7542841851039,91.5060619220813
14.7542841851039,91.5367996269993
14.7542841851039,91.5675373319174
14.7542841851039,91.5982750368354
14.7542841851039,91.6290127417534
14.7542841851039,91.6597504466714
14.7542841851039,91.6904881515894
14.7542841851039,91.7212258565075
14.7542841851039,91.7519635614255
14.7542841851039,91.7827012663435
14.7542841851039,91.8134389712615
14.7542841851039,91.8441766761796
14.7542841851039,91.8749143810976
14.7542841851039,91.9056520860156
14.7542841851039,91.9363897909336
14.7542841851039,91.9671274958517
14.7542841851039,91.9978652007697
14.7542841851039,92.0286029056877
14.7542841851039,92.0593406106057
14.7542841851039,92.0900783155238
14.7542841851039,92.1208160204418
14.7542841851039,92.1515537253598
14.7542841851039,92.1822914302778
14.7542841851039,92.2130291351959
14.7542841851039,92.2437668401139
14.7542841851039,92.2745045450319
14.7542841851039,92.3052422499499
14.7542841851039,92.335979954868
14.7542841851039,92.366717659786
14.7542841851039,92.397455364704
14.7542841851039,92.428193069622
14.7542841851039,92.4589307745401
14.7542841851039,92.4896684794581
14.7542841851039,92.5204061843761
14.7542841851039,92.5511438892941
14.7542841851039,92.5818815942122
14.7542841851039,92.6126192991302
14.7542841851039,92.6433570040482
14.7542841851039,92.6740947089662
14.7542841851039,92.7048324138843
14.7542841851039,92.7355701188023
14.7542841851039,92.7663078237203
14.7542841851039,92.7970455286383
14.7542841851039,92.8277832335564
14.7542841851039,92.8585209384744
14.7542841851039,92.8892586433924
14.7542841851039,92.9199963483104
14.7542841851039,92.9507340532285
14.7542841851039,92.9814717581465
14.7542841851039,93.0122094630645
14.7542841851039,93.0429471679825
14.7542841851039,93.0736848729006
14.7542841851039,93.1044225778186
14.7542841851039,93.1351602827366
14.7542841851039,93.1658979876546
14.7542841851039,93.1966356925727
14.7542841851039,93.2273733974907
14.7542841851039,93.2581111024087
14.7542841851039,93.2888488073267
14.7542841851039,93.3195865122448
14.7542841851039,93.3503242171628
14.7542841851039,93.3810619220808
14.7542841851039,93.4117996269988
14.7542841851039,93.4425373319169
14.7542841851039,93.4732750368349
14.7542841851039,93.5040127417529
14.7542841851039,93.5347504466709
14.7542841851039,93.565488151589
14.7542841851039,93.596225856507
14.7542841851039,93.626963561425
14.7542841851039,93.657701266343
14.7542841851039,93.688438971261
14.7542841851039,93.7191766761791
14.7542841851039,93.7499143810971
14.7542841851039,93.7806520860151
14.7542841851039,93.8113897909331
14.7542841851039,93.8421274958512
14.7542841851039,93.8728652007692
14.7542841851039,93.9036029056872
14.7542841851039,93.9343406106052
14.7542841851039,93.9650783155233
14.7542841851039,93.9958160204413
14.7542841851039,94.0265537253593
14.7542841851039,94.0572914302773
14.7542841851039,94.0880291351954
14.7542841851039,94.1187668401134
14.7542841851039,94.1495045450314
14.7542841851039,94.1802422499494
14.7542841851039,94.2109799548675
14.7542841851039,94.2417176597855
14.7542841851039,94.2724553647035
14.7542841851039,94.3031930696215
14.7542841851039,94.3339307745396
14.7542841851039,94.3646684794576
14.7542841851039,94.3954061843756
14.7542841851039,94.4261438892936
14.7542841851039,94.4568815942117
14.7542841851039,94.4876192991297
14.7542841851039,94.5183570040477
14.7542841851039,94.5490947089657
14.7542841851039,94.5798324138838
14.7542841851039,94.6105701188018
14.7542841851039,94.6413078237198
14.7542841851039,94.6720455286378
14.7542841851039,94.7027832335559
14.7542841851039,94.7335209384739
14.7542841851039,94.7642586433919
14.7542841851039,94.7949963483099
14.7542841851039,94.825734053228
14.7542841851039,94.856471758146
14.7542841851039,94.887209463064
14.7542841851039,94.917947167982
14.7542841851039,94.9486848729001
14.7542841851039,94.9794225778181
14.7542841851039,95.0101602827361
14.7542841851039,95.0408979876541
14.7542841851039,95.0716356925722
14.7542841851039,95.1023733974902
14.7542841851039,95.1331111024082
14.7542841851039,95.1638488073262
14.7542841851039,95.1945865122443
14.7542841851039,95.2253242171623
14.7542841851039,95.2560619220803
14.7542841851039,95.2867996269983
14.7542841851039,95.3175373319164
14.7542841851039,95.3482750368344
14.7542841851039,95.3790127417524
14.7542841851039,95.4097504466704
14.7542841851039,95.4404881515885
14.7542841851039,95.4712258565065
14.7542841851039,95.5019635614245
14.7542841851039,95.5327012663425
14.7542841851039,95.5634389712606
14.7542841851039,95.5941766761786
14.7542841851039,95.6249143810966
14.7542841851039,95.6556520860146
14.7542841851039,95.6863897909327
14.7542841851039,95.7171274958507
14.7542841851039,95.7478652007687
14.7542841851039,95.7786029056867
14.7542841851039,95.8093406106047
14.7542841851039,95.8400783155228
14.7542841851039,95.8708160204408
14.7542841851039,95.9015537253588
14.7542841851039,95.9322914302768
14.7542841851039,95.9630291351949
14.7542841851039,95.9937668401129
14.7542841851039,96.0245045450309
14.7542841851039,96.0552422499489
14.7542841851039,96.085979954867
14.7542841851039,96.116717659785
14.7542841851039,96.147455364703
14.7542841851039,96.178193069621
14.7542841851039,96.2089307745391
14.7542841851039,96.2396684794571
14.7542841851039,96.2704061843751
14.7542841851039,96.3011438892931
14.7542841851039,96.3318815942112
14.7542841851039,96.3626192991292
14.7542841851039,96.3933570040472
14.7542841851039,96.4240947089652
14.7542841851039,96.4548324138833
14.7542841851039,96.4855701188013
14.7542841851039,96.5163078237193
14.7542841851039,96.5470455286373
14.7542841851039,96.5777832335554
14.7542841851039,96.6085209384734
14.7542841851039,96.6392586433914
14.7542841851039,96.6699963483094
14.7542841851039,96.7007340532275
14.7542841851039,96.7314717581455
14.7542841851039,96.7622094630635
14.7542841851039,96.7929471679815
14.7542841851039,96.8236848728996
14.7542841851039,96.8544225778176
14.7542841851039,96.8851602827356
14.7542841851039,96.9158979876536
14.7542841851039,96.9466356925717
14.7542841851039,96.9773733974897
14.7542841851039,97.0081111024077
14.7542841851039,97.0388488073257
14.7542841851039,97.0695865122438
14.7542841851039,97.1003242171618
14.7542841851039,97.1310619220798
14.7542841851039,97.1617996269978
14.7542841851039,97.1925373319159
14.7542841851039,97.2232750368339
14.7542841851039,97.2540127417519
14.7542841851039,97.2847504466699
14.7542841851039,97.315488151588
14.7542841851039,97.346225856506
14.7542841851039,97.376963561424
14.7542841851039,97.407701266342
14.7542841851039,97.4384389712601
14.7542841851039,97.4691766761781
14.7542841851039,97.4999143810961
14.7542841851039,97.5306520860141
14.7542841851039,97.5613897909322
14.7542841851039,97.5921274958502
14.7542841851039,97.6228652007682
14.7542841851039,97.6536029056862
14.7542841851039,97.6843406106043
14.7542841851039,97.7150783155223
14.7542841851039,97.7458160204403
14.7542841851039,97.7765537253583
14.7542841851039,97.8072914302764
14.7542841851039,97.8380291351944
14.7542841851039,97.8687668401124
14.7542841851039,97.8995045450304
14.7542841851039,97.9302422499484
14.7542841851039,97.9609799548665
14.7542841851039,97.9917176597845
14.7542841851039,98.0224553647025
14.7542841851039,98.0531930696205
14.7542841851039,98.0839307745386
14.7542841851039,98.1146684794566
14.7542841851039,98.1454061843746
14.7542841851039,98.1761438892926
14.7542841851039,98.2068815942107
14.7542841851039,98.2376192991287
14.7542841851039,98.2683570040467
14.7542841851039,98.2990947089647
14.7542841851039,98.3298324138828
14.7542841851039,98.3605701188008
14.7542841851039,98.3913078237188
14.7542841851039,98.4220455286368
14.7542841851039,98.4527832335549
14.7542841851039,98.4835209384729
14.7542841851039,98.5142586433909
14.7542841851039,98.5449963483089
14.7542841851039,98.575734053227
14.7542841851039,98.606471758145
14.7542841851039,98.637209463063
14.7542841851039,98.667947167981
14.7542841851039,98.6986848728991
14.7542841851039,98.7294225778171
14.7542841851039,98.7601602827351
14.7542841851039,98.7908979876531
14.7542841851039,98.8216356925712
14.7542841851039,98.8523733974892
14.7542841851039,98.8831111024072
14.7542841851039,98.9138488073252
14.7542841851039,98.9445865122433
14.7542841851039,98.9753242171613
14.7542841851039,99.0060619220793
14.7542841851039,99.0367996269973
14.7542841851039,99.0675373319154
14.7542841851039,99.0982750368334
14.7542841851039,99.1290127417514
14.7542841851039,99.1597504466694
14.7542841851039,99.1904881515875
14.7542841851039,99.2212258565055
14.7542841851039,99.2519635614235
14.7542841851039,99.2827012663415
14.7542841851039,99.3134389712596
14.7542841851039,99.3441766761776
14.7542841851039,99.3749143810956
14.7542841851039,99.4056520860136
14.7542841851039,99.4363897909317
14.7542841851039,99.4671274958497
14.7542841851039,99.4978652007677
14.7542841851039,99.5286029056857
14.7542841851039,99.5593406106038
14.7542841851039,99.5900783155218
14.7542841851039,99.6208160204398
14.7542841851039,99.6515537253578
14.7542841851039,99.6822914302759
14.7542841851039,99.7130291351939
14.7542841851039,99.7437668401119
14.7542841851039,99.7745045450299
14.7542841851039,99.805242249948
14.7542841851039,99.835979954866
14.7542841851039,99.866717659784
14.7542841851039,99.897455364702
14.7542841851039,99.9281930696201
14.7542841851039,99.9589307745381
14.7542841851039,99.9896684794561
