0,0
0,0.0307377049180251
0,0.0614754026444906
4.367398200579e-29,0.0922130914988442
-5.60338296771675e-22,0.122950772916194
3.70021875533114e-21,0.153688446726058
-3.60496608401298e-20,0.184426112880533
-1.07060476438887e-19,0.215163773203269
7.76801098076167e-19,0.245901428789303
3.95339106818793e-18,0.276639079903273
2.40543439295093e-18,0.307376724976308
-3.10869360091867e-17,0.338114348451135
-1.20163705432671e-16,0.368851968593961
-1.74516188888107e-16,0.399589597727158
1.599506959298e-16,0.430327232425082
1.42458677896742e-15,0.461064858212572
3.63353914408334e-15,0.491802478238316
4.81923162725665e-15,0.522540099676734
-2.45019537721039e-16,0.553277727812752
-1.8874204131945e-14,0.584015355307145
-5.41159435372124e-14,0.614752981359357
-9.2561831605747e-14,0.645490597738753
-9.12004498977299e-14,0.676228217988193
2.43048367214437e-14,0.706965841996814
3.32636380099211e-13,0.737703456264987
8.48368779473988e-13,0.768441061343881
1.41881490228594e-12,0.799178663648322
1.62713878553674e-12,0.829916268639785
7.80797468314952e-13,0.860653845807748
-1.91546790035143e-12,0.89139142857938
-6.92805020316204e-12,0.922129020387281
-1.37218158891358e-11,0.952866606649491
-2.00205663718282e-11,0.983604172360334
-2.13599296256575e-11,1.01434173197513
-1.14304658307336e-11,1.04507929410986
1.6299653307582e-11,1.07581684548564
6.54413927965316e-11,1.10655437349022
1.32309113373139e-10,1.13729188862103
2.01354876183081e-10,1.16802941098275
2.42258214385104e-10,1.19876686576194
2.11067511952327e-10,1.22950440132596
5.77525406304484e-11,1.26024199662151
-2.58431669663212e-10,1.29097959818713
-7.46371796514634e-10,1.3217171846573
-1.35682343972283e-09,1.35245475945907
-1.95924667035686e-09,1.38319233421903
-2.33137908707648e-09,1.41392991049136
-2.17241345710206e-09,1.44466745467543
-1.14919208844422e-09,1.47540498389074
1.02007738063189e-09,1.50614251379057
4.44864918559135e-09,1.5368800122762
8.94600490095402e-09,1.56761752587675
1.38923300118737e-08,1.59835511130385
1.8161187697096e-08,1.62909272069122
2.01342507564317e-08,1.65983032208512
1.7849062308112e-08,1.69056790286347
9.30689934736616e-09,1.72130546840029
-7.05793124373893e-09,1.75204302469127
-3.17821580621429e-08,1.78278058617512
-6.37283132544949e-08,1.81351814558481
-9.95094387990282e-08,1.84425570893826
-1.33135831099349e-07,1.87499328698481
-1.56050041055656e-07,1.90573087913408
-1.57703230923303e-07,1.9364683901128
-1.26777852647766e-07,1.96720586439657
-5.30808052880921e-08,1.99794330425773
6.99822094900885e-08,2.02868074554825
2.42575323265751e-07,2.05941815820295
4.55601002730436e-07,2.0901556137808
6.88351732279254e-07,2.12089304344892
9.07195112533087e-07,2.15163048320528
1.06586302173889e-06,2.18236790831596
1.10783427020411e-06,2.21310532714608
9.71133522563721e-07,2.24384274307842
5.95600265601004e-07,2.27458014577745
-6.76625002307517e-08,2.3053175482609
-1.04534278753214e-06,2.33605496136925
-2.33056069098513e-06,2.36679240190776
-3.872543713783e-06,2.39752988667331
-5.56906617108159e-06,2.42826742784372
-7.26354236812769e-06,2.45900501133181
-8.74865407695514e-06,2.48974259198572
-9.77816255284587e-06,2.52048017030098
-1.00881105605703e-05,2.55121774906513
-9.4278562540139e-06,2.58195532741708
-7.60042344430231e-06,2.61269289897046
-4.51064248588418e-06,2.64343046355371
-2.1843796122746e-07,2.67416802384968
5.00690871249353e-06,2.70490557231221
1.06365229261616e-05,2.73564311377182
1.58361626636472e-05,2.76638065426153
1.94128197460819e-05,2.79711819369063
1.9731431558548e-05,2.82785573165937
1.45829027104647e-05,2.85859326967045
9.97871099640377e-07,2.88933080891234
-2.49878455192343e-05,2.92006834315764
-6.86075829540837e-05,2.95080587832865
-0.000136664963668585,2.98154341900672
-0.000237834643319351,3.01228096265735
-0.000382958135928432,3.04301849871241
-0.000585420575008336,3.07375602626509
-0.00086173854463261,3.10449355071949
-0.00123241527742963,3.13523106208303
-0.00172304083164455,3.16596856769737
-0.00236560837889276,3.1967060714496
-0.00320003533552842,3.22744356278367
-0.00427588330528203,3.25818103825884
-0.00565431789059261,3.28891850586078
-0.00741044616432605,3.31965597614731
-0.00963617428717466,3.35039344393937
-0.0124435395642564,3.38113091570678
-0.0159684009211794,3.4118683825917
-0.020374695801809,3.4426058485034
-0.0258595602806978,3.47334331173684
-0.0326584701200604,3.50408078244357
-0.0410485068169058,3.53481824924539
-0.0513483432926264,3.56555570944225
-0.0639149328535624,3.59629316894956
-0.0791376953241396,3.62703063757996
-0.0974310770479998,3.65776811179165
-0.119226154478806,3.68850557727211
-0.14496160801587,3.7192430392099
-0.175074110417441,3.74998050592519
-0.209987997386626,3.7807179781932
-0.250104438421646,3.81145545072765
-0.295791125934904,3.84219291588362
-0.347374121657564,3.87293036274009
-0.405133120364487,3.90366779464179
-0.469300520245897,3.93440521770849
-0.540063647438895,3.96514263643595
-0.617568985816655,3.9958800544075
-0.701927157423395,4.02661748109296
-0.793218139680093,4.05735489975552
-0.89149592948601,4.08809231168074
-0.996792510271464,4.11882972704017
-1.10912131444883,4.14956713782521
-1.22848007701885,4.18030453622562
-1.35485303433751,4.21104192577007
-1.48821250129164,4.24177931271817
-1.62851968504093,4.27251670397171
-1.77572463305813,4.30325410416025
-1.9297658050218,4.33399150225485
-2.09056978581446,4.36472889426903
-2.25805211193658,4.39546628718136
-2.43211970430398,4.42620368897117
-2.61267418950027,4.45694110883085
-2.79961490509464,4.48767855746801
-2.99284047385448,4.51841604340409
-3.19224976298835,4.54915353180864
-3.39774139305163,4.57989101884506
-3.60921327504506,4.61062850239874
-3.82656232206235,4.64136598398487
-4.04968426074353,4.67210346651354
-4.27847335985652,4.70284094808844
-4.51282176369455,4.73357842745198
-4.75261848727174,4.76431590739357
-4.99774831213156,4.79505339071237
-5.24809049201529,4.82579088095388
-5.50351712819903,4.85652838126538
-5.76389149574275,4.88726588799105
-6.02906652579826,4.91800339375501
-6.29888372038507,4.94874089826167
-6.57317399132911,4.97947839915116
-6.85176015399665,5.01021589784576
-7.13445835583625,5.04095339836576
-7.42107740662838,5.07169089521726
-7.7114172188254,5.10242838958606
-8.00526726391914,5.13316588524261
-8.30240614550731,5.16390338641973
-8.60260144088166,5.1946408977674
-8.9056113595512,5.22537842432476
-9.21118868998174,5.25611597151635
-9.51908290002595,5.28685353315562
-9.82904213432407,5.31759109324211
-10.1408148505928,5.34832865468926
-10.4541532001483,5.37906621519131
-10.7688180453785,5.40980377340286
-11.0845837123731,5.44054132830728
-11.4012443355478,5.47127888037874
-11.7186163877041,5.50201643080599
-12.0365385148657,5.53275398069708
-12.3548720738545,5.56349153099614
-12.6735022764728,5.59422908048227
-12.9923377386074,5.62496661749722
-13.3113090434694,5.6557041423027
-13.630370696961,5.686441653643
-13.9494988189264,5.71717915061363
-14.2686873550335,5.74791663242261
-14.5879457155906,5.77865409915909
-14.9072966879488,5.80939155100934
-15.2267718520392,5.84012898824412
-15.5464106778346,5.87086641119779
-15.8662545720066,5.90160382024229
-16.1863401643247,5.93234121402121
-16.5066959871788,5.96307859213027
-16.8273441616847,5.99381595512337
-17.1483041417618,6.02455330358786
-17.4695956713683,6.0552906381084
-17.7912414496957,6.08602795922925
-18.1132690189025,6.11676526733135
-18.4357070479121,6.14750255641412
-18.7585852660173,6.17823982595145
-19.081934212011,6.20897707539505
-19.4057858464493,6.23971430416532
-19.7301741223696,6.27045151164151
-20.0551338847449,6.30118869715176
-20.3806988254162,6.33192585996348
-20.7068997952705,6.36266299927535
-21.0337648327549,6.39340011421218
-21.3613184009886,6.42413720382426
-21.6895898288408,6.45487402490591
-22.0186076317243,6.48561074697984
-22.348396921047,6.5163474839866
-22.678978631354,6.54708420259838
-23.0103718610321,6.57782072785755
-23.3425883021976,6.60855709763043
-23.675624248825,6.63929349487702
-24.0094616322691,6.67002993098189
-24.3440728691634,6.70076629271369
-24.6794277118186,6.73150249008804
-25.0154975793007,6.76223865614878
-25.3522586904796,6.79297493494178
-25.6896979768512,6.82371121680519
-26.0278161365175,6.85444737861005
-26.3666269095808,6.88518346679834
-26.7061576265617,6.9159196320901
-27.0464532991236,6.94665590895515
-27.3875787085478,6.97739215011861
-27.7296163314372,7.00812830249797
-28.0726582666177,7.03886448888831
-28.4167966355922,7.06960085120919
-28.7621229792585,7.10033721516646
-29.1087199562398,7.13107355497391
-29.4566618648268,7.16180987504481
-29.8060184825381,7.19254618001091
-30.1568527688855,7.22328247459107
-30.5092191842896,7.25401876346226
-30.8631668828338,7.28475505114465
-31.2187317228463,7.31549134190834
-31.575933511709,7.34622763970339
-31.9347797779266,7.37696394811136
-32.2952681989125,7.40770027031399
-32.6573856566636,7.43843660907562
-33.0211053392599,7.46917296673489
-33.3863829619787,7.4999093452031
-33.7531537349651,7.53064574597088
-34.1213292815489,7.56138217012858
-34.4907870179925,7.59211861840666
-34.8613497805887,7.62285509123488
-35.2327614102787,7.65359158881543
-35.6046677298105,7.68432811120081
-35.9766078365439,7.71506465836869
-36.3480135436908,7.74580123028724
-36.7182109306717,7.77653782696594
-37.0864227700947,7.80727444849024
-37.4517689800008,7.83801109504196
-37.8132652881817,7.8687477535497
-38.1698123984562,7.89948440347935
-38.5201730773746,7.9302210452272
-38.8630229168557,7.96095767965037
-39.1970985729987,7.99169430812591
-39.5213046277669,8.02243093260571
-39.8347415047263,8.05316755566679
-40.1366825145481,8.08390418055532
-40.4265129424708,8.11464081121972
-40.7036688214346,8.14537745232514
-40.9676399249498,8.17611410924018
-41.2180268497682,8.20685078798684
-41.4545725610201,8.2375874951454
-41.6771573434978,8.26832423770628
-41.8857837425257,8.29906102286402
-42.0805698176575,8.32979785774864
-42.2617542930858,8.36053474909238
-42.4296955565828,8.39127170283973
-42.5848517122808,8.42200871878186
-42.7277527326188,8.45274570635307
-42.8589750442818,8.48348267604485
-42.9791275651517,8.51421963873969
-43.0888475737428,8.54495660518977
-43.1887979830126,8.57569358557993
-43.2796637446688,8.60643058919826
-43.3621454539904,8.63716762421367
-43.436946342328,8.6679046975487
-43.5047554147797,8.6986418148209
-43.5662320626715,8.72937898031416
-43.6219948914425,8.76011619696426
-43.6726150480124,8.79085346638283
-43.7186133567505,8.82159078894951
-43.7604603347025,8.85232816397677
-43.7985783617123,8.88306556257367
-43.8333451384315,8.9138029646527
-43.8650977777646,8.94454038492017
-43.8941371607527,8.97527783446836
-43.9207320920977,9.00601532103953
-43.9451231337121,9.03675280759607
-43.9675258822038,9.06749026584669
-43.9881336573693,9.09822771179697
-44.0071197704935,9.12896515885341
-44.0246394205562,9.15970261809783
-44.0408313353378,9.19044008915599
-44.0558192259121,9.22117756775696
-44.0697131428997,9.25191503908921
-44.0826107477884,9.28265250181339
-44.0945985359856,9.31338996422378
-44.105753015251,9.34412743367455
-44.1161418628565,9.3748648903157
-44.1258250094301,9.40560232793093
-44.1348556517251,9.43633975582327
-44.1432811983414,9.46707718210364
-44.1511441372186,9.49781461374251
-44.1584828201823,9.52855205622547
-44.1653321661217,9.55928950758101
-44.1717242644159,9.59002697383348
-44.1776888841158,9.62076445357262
-44.1832538808322,9.65150193894744
-44.1884455015291,9.68223941890531
-44.1932885943544,9.71297688446547
-44.1978067297217,9.74371434309262
-44.2020222584454,9.77445180127701
-44.2059563235219,9.80518926451036
-44.2096288453188,9.83592673727373
-44.2130584975083,9.86666422022785
-44.2162626926001,9.89740169814079
-44.2192575790168,9.92813916410998
-44.2220580592639,9.95887661532161
-44.2246778293237,9.98961405530437
-44.227129438895,10.0203514887914
-44.2294243686137,10.0510889199685
-44.2315731191501,10.0818263524696
-44.2335853064463,10.1125637893713
-44.2354697587689,10.1433012283062
-44.2372346106633,10.1740386653148
-44.2388873884824,10.2047761037149
-44.2404350895344,10.2355135326869
-44.2418842486263,10.2662509540063
-44.2432409939323,10.2969883728368
-44.2445110921042,10.3277257936236
-44.2456999830436,10.358463220076
-44.246812805452,10.3892006551605
-44.2478544146006,10.419938099763
-44.2488293947184,10.4506755464903
-44.2497420674885,10.4814129869422
-44.2505964976079,10.5121504244921
-44.2513964982162,10.5428878620137
-44.252145636986,10.5736253014175
-44.2528472436742,10.6043627438088
-44.2535044193765,10.6351001913736
-44.2541200474973,10.6658376454768
-44.2546968066761,10.6965750995543
-44.2552371843786,10.7273125531074
-44.2557434912111,10.7580500057601
-44.2562178753443,10.7887874573641
-44.2566623364983,10.8195249100482
-44.2570787392081,10.8502623655282
-44.2574688252264,10.8809998219804
-44.2578342246129,10.9117372805602
-44.2581764656045,10.9424747424579
-44.25849698321,10.9732122086442
-44.2587971265774,11.0039496799026
-44.2590781651858,11.0346871568571
-44.259341294219,11.0654246340465
-44.2595876389567,11.0961621117202
-44.2598182585611,11.1268995911219
-44.2600341493915,11.1576370732901
-44.2602362479806,11.1883745590899
-44.2604254337887,11.2191120492401
-44.2606025318275,11.2498495443345
-44.2607683152112,11.2805870448595
-44.260923507673,11.3113245512077
-44.2610687860595,11.342062063688
-44.2612047828087,11.3727995825336
-44.2613320884011,11.4035371079087
-44.2614512537774,11.4342746399141
-44.2615627927092,11.4650121785931
-44.2616671841141,11.4957497239365
-44.2617648743075,11.5264872758889
-44.2618562791821,11.557224834355
-44.2619417863219,11.5879623978906
-44.2620217570431,11.6186999649238
-44.2620965283444,11.6494375358512
-44.2621664147844,11.6801751109781
-44.2622317102768,11.7109126905309
-44.2622926897948,11.7416502746682
-44.2623496109906,11.7723878624525
-44.2624027157123,11.8031254527167
-44.2624522314262,11.8338630433383
-44.2624983725157,11.8646006345612
-44.2625413414812,11.8953382241722
-44.2625813300058,11.9260758131272
-44.2626185198993,11.9568134022613
-44.2626530839149,11.9875509922981
-44.2626851864354,12.0182885838587
-44.2627149840336,12.049026177471
-44.262742625911,12.0797637735778
-44.2627682542258,12.1105013725448
-44.2627920043214,12.1412389746681
-44.2628140048722,12.1719765801809
-44.2628343779649,12.2027141892601
-44.2628532391334,12.2334518020323
-44.2628706973767,12.2641894185796
-44.2628868551345,12.2949270551346
-44.2629018083299,12.3256646949662
-44.2629156463992,12.3564023380035
-44.2629284523723,12.3871399841637
-44.2629403030015,12.4178776333544
-44.262951268946,12.448615285477
-44.2629614150142,12.4793529404288
-44.2629708004626,12.5100905981048
-44.2629794793478,12.5408282584003
-44.2629875009219,12.5715659212114
-44.2629949100636,12.602303586437
-44.2630017477299,12.6330412539792
-44.2630080514168,12.6637789237439
-44.2630138556133,12.6945165956411
-44.2630191922353,12.7252542695849
-44.2630240910273,12.7559919454933
-44.2630285799214,12.7867296232879
-44.2630326853441,12.8174673028931
-44.2630364324696,12.8482049842358
-44.2630398454135,12.8789426672446
-44.2630429473725,12.9096803518492
-44.2630457607105,12.94041803798
-44.2630483070004,12.9711557255674
-44.263050607027,13.0018934145413
-44.2630526807613,13.0326311048314
-44.2630545473151,13.0633687963667
-44.2630562248846,13.0941064890754
-44.2630577306909,13.1248441828855
-44.2630590809261,13.1555818777249
-44.2630602907086,13.1863195735219
-44.2630613740531,13.2170572702054
-44.2630623438578,13.2477949677059
-44.2630632119095,13.2785326659555
-44.2630639889067,13.3092703648887
-44.2630646844989,13.3400080644432
-44.263065307341,13.3707457645598
-44.263065865158,13.4014834651827
-44.2630663648186,13.4322211662605
-44.2630668124142,13.4629588677456
-44.2630672133383,13.4936965695945
-44.2630675723663,13.524434271768
-44.2630678937315,13.5551719742307
-44.2630681811952,13.5859096769512
-44.2630684381108,13.6166473799015
-44.2630686674806,13.647385083057
-44.2630688720044,13.6781227863961
-44.2630690541205,13.7088604898997
-44.2630692160403,13.7395981935512
-44.2630693597757,13.7703358973359
-44.2630694871613,13.8010736012407
-44.263069599872,13.8318113052542
-44.2630696994371,13.862549009366
-44.2630697872514,13.8932867135667
-44.2630698645847,13.924024417848
-44.2630699325896,13.954762122202
-44.2630699923094,13.9854998266216
-44.2630700446844,14.0162375311003
-44.2630700905593,14.046975235632
-44.2630701306901,14.0777129402111
-44.2630701657506,14.1084506448323
-44.26307019634,14.1391883494911
-44.2630702229895,14.1699260541829
-44.263070246169,14.200663758904
-44.263070266294,14.2314014636507
-44.2630702837313,14.2621391684199
-44.263070298805,14.2928768732087
-44.2630703118015,14.3236145780147
-44.2630703229742,14.3543522828357
-44.2630703325476,14.3850899876697
-44.2630703407207,14.4158276925151
-44.26307034767,14.4465653973705
-44.2630703535524,14.4773031022346
-44.2630703585071,14.5080408071064
-44.2630703626577,14.5387785119848
-44.2630703661135,14.5695162168691
-44.2630703689714,14.6002539217586
-44.2630703713164,14.6309916266526
-44.2630703732237,14.6617293315506
-44.2630703747588,14.6924670364519
-44.2630703759789,14.7232047413563
-44.2630703769336,14.7539424462631
-44.2630703776659,14.7846801511708
-44.2630703782129,14.8154178560791
-44.2630703786063,14.8461555609877
-44.2630703788731,14.8768932658968
-44.2630703790366,14.907630970806
-44.2630703791163,14.9383686757155
-44.2630703791289,14.9691063806253
-44.2630703790885,14.9998440855355
-44.2630703790069,15.0305817904457
-44.2630703788939,15.0613194953561
-44.263070378758,15.0920572002666
-44.2630703786059,15.1227949051774
-44.2630703784435,15.1535326100884
-44.2630703782753,15.1842703149997
-44.2630703781051,15.2150080199113
-44.263070377936,15.2457457248232
-44.2630703777703,15.2764834297355
-44.2630703776099,15.307221134648
-44.2630703774562,15.3379588395609
-44.2630703773101,15.3686965444741
-44.2630703771722,15.3994342493876
-44.263070377043,15.4301719543015
-44.2630703769226,15.4609096592155
-44.2630703768111,15.4916473641299
-44.2630703767082,15.5223850690445
-44.2630703766139,15.5531227739594
-44.2630703765276,15.5838604788745
-44.2630703764491,15.6145981837898
-44.2630703763781,15.6453358887052
-44.2630703763139,15.6760735936209
-44.2630703762563,15.7068112985367
-44.2630703762047,15.7375490034527
-44.2630703761587,15.7682867083689
-44.2630703761179,15.7990244132852
-44.2630703760818,15.8297621182016
-44.2630703760501,15.8604998231181
-44.2630703760223,15.8912375280347
-44.263070375998,15.9219752329515
-44.2630703759769,15.9527129378683
-44.2630703759586,15.9834506427852
-44.2630703759429,16.0141883477022
-44.2630703759294,16.0449260526193
-44.2630703759179,16.0756637575365
-44.2630703759081,16.1064014624537
-44.2630703758999,16.137139167371
-44.263070375893,16.1678768722883
-44.2630703758873,16.1986145772057
-44.2630703758826,16.2293522821231
-44.2630703758787,16.2600899870406
-44.2630703758756,16.2908276919581
-44.2630703758732,16.3215653968757
-44.2630703758713,16.3523031017933
-44.2630703758699,16.3830408067109
-44.2630703758689,16.4137785116285
-44.2630703758682,16.4445162165462
-44.2630703758678,16.4752539214639
-44.2630703758676,16.5059916263817
-44.2630703758676,16.5367293312994
-44.2630703758677,16.5674670362172
-44.2630703758679,16.598204741135
-44.2630703758682,16.6289424460528
-44.2630703758685,16.6596801509706
-44.2630703758689,16.6904178558884
-44.2630703758693,16.7211555608063
-44.2630703758696,16.7518932657241
-44.26307037587,16.782630970642
-44.2630703758703,16.8133686755599
-44.2630703758706,16.8441063804778
-44.2630703758708,16.8748440853957
-44.2630703758711,16.9055817903136
-44.2630703758713,16.9363194952315
-44.2630703758715,16.9670572001494
-44.2630703758716,16.9977949050674
-44.2630703758717,17.0285326099853
-44.2630703758718,17.0592703149032
-44.2630703758719,17.0900080198212
-44.2630703758719,17.1207457247391
-44.2630703758719,17.1514834296571
-44.2630703758719,17.1822211345751
-44.2630703758719,17.212958839493
-44.2630703758718,17.243696544411
-44.2630703758718,17.274434249329
-44.2630703758717,17.3051719542469
-44.2630703758716,17.3359096591649
-44.2630703758715,17.3666473640829
-44.2630703758714,17.3973850690009
-44.2630703758712,17.4281227739189
-44.2630703758711,17.4588604788369
-44.263070375871,17.4895981837549
-44.2630703758708,17.5203358886729
-44.2630703758707,17.5510735935909
-44.2630703758705,17.5818112985089
-44.2630703758704,17.6125490034269
-44.2630703758702,17.6432867083449
-44.2630703758701,17.6740244132629
-44.26307037587,17.7047621181809
-44.2630703758698,17.7354998230989
-44.2630703758697,17.7662375280169
-44.2630703758696,17.7969752329349
-44.2630703758694,17.827712937853
-44.2630703758693,17.858450642771
-44.2630703758692,17.889188347689
-44.2630703758691,17.919926052607
-44.263070375869,17.950663757525
-44.2630703758689,17.981401462443
-44.2630703758688,18.012139167361
-44.2630703758687,18.0428768722791
-44.2630703758686,18.0736145771971
-44.2630703758685,18.1043522821151
-44.2630703758684,18.1350899870331
-44.2630703758683,18.1658276919512
-44.2630703758683,18.1965653968692
-44.2630703758682,18.2273031017872
-44.2630703758681,18.2580408067052
-44.2630703758681,18.2887785116232
-44.263070375868,18.3195162165413
-44.263070375868,18.3502539214593
-44.2630703758679,18.3809916263773
-44.2630703758679,18.4117293312953
-44.2630703758678,18.4424670362134
-44.2630703758678,18.4732047411314
-44.2630703758677,18.5039424460494
-44.2630703758677,18.5346801509674
-44.2630703758677,18.5654178558854
-44.2630703758677,18.5961555608035
-44.2630703758676,18.6268932657215
-44.2630703758676,18.6576309706395
-44.2630703758676,18.6883686755575
-44.2630703758676,18.7191063804756
-44.2630703758675,18.7498440853936
-44.2630703758675,18.7805817903116
-44.2630703758675,18.8113194952296
-44.2630703758675,18.8420572001477
-44.2630703758675,18.8727949050657
-44.2630703758675,18.9035326099837
-44.2630703758674,18.9342703149017
-44.2630703758674,18.9650080198198
-44.2630703758674,18.9957457247378
-44.2630703758674,19.0264834296558
-44.2630703758674,19.0572211345738
-44.2630703758674,19.0879588394919
-44.2630703758674,19.1186965444099
-44.2630703758674,19.1494342493279
-44.2630703758674,19.1801719542459
-44.2630703758674,19.210909659164
-44.2630703758674,19.241647364082
-44.2630703758674,19.272385069
-44.2630703758674,19.303122773918
-44.2630703758674,19.3338604788361
-44.2630703758674,19.3645981837541
-44.2630703758674,19.3953358886721
-44.2630703758674,19.4260735935901
-44.2630703758674,19.4568112985082
-44.2630703758674,19.4875490034262
-44.2630703758674,19.5182867083442
-44.2630703758674,19.5490244132622
-44.2630703758674,19.5797621181803
-44.2630703758674,19.6104998230983
-44.2630703758674,19.6412375280163
-44.2630703758674,19.6719752329343
-44.2630703758674,19.7027129378524
-44.2630703758674,19.7334506427704
-44.2630703758674,19.7641883476884
-44.2630703758674,19.7949260526064
-44.2630703758674,19.8256637575245
-44.2630703758674,19.8564014624425
-44.2630703758674,19.8871391673605
-44.2630703758674,19.9178768722785
-44.2630703758674,19.9486145771966
-44.2630703758674,19.9793522821146
-44.2630703758674,20.0100899870326
-44.2630703758674,20.0408276919506
-44.2630703758674,20.0715653968687
-44.2630703758674,20.1023031017867
-44.2630703758674,20.1330408067047
-44.2630703758674,20.1637785116227
-44.2630703758674,20.1945162165408
-44.2630703758674,20.2252539214588
-44.2630703758674,20.2559916263768
-44.2630703758674,20.2867293312948
-44.2630703758674,20.3174670362129
-44.2630703758674,20.3482047411309
-44.2630703758674,20.3789424460489
-44.2630703758674,20.4096801509669
-44.2630703758674,20.440417855885
-44.2630703758674,20.471155560803
-44.2630703758674,20.501893265721
-44.2630703758674,20.532630970639
-44.2630703758674,20.5633686755571
-44.2630703758674,20.5941063804751
-44.2630703758674,20.6248440853931
-44.2630703758674,20.6555817903111
-44.2630703758674,20.6863194952291
-44.2630703758674,20.7170572001472
-44.2630703758674,20.7477949050652
-44.2630703758674,20.7785326099832
-44.2630703758674,20.8092703149012
-44.2630703758674,20.8400080198193
-44.2630703758674,20.8707457247373
-44.2630703758674,20.9014834296553
-44.2630703758674,20.9322211345733
-44.2630703758674,20.9629588394914
-44.2630703758674,20.9936965444094
-44.2630703758674,21.0244342493274
-44.2630703758674,21.0551719542454
-44.2630703758674,21.0859096591635
-44.2630703758674,21.1166473640815
-44.2630703758674,21.1473850689995
-44.2630703758674,21.1781227739175
-44.2630703758674,21.2088604788356
-44.2630703758674,21.2395981837536
-44.2630703758674,21.2703358886716
-44.2630703758674,21.3010735935896
-44.2630703758674,21.3318112985077
-44.2630703758674,21.3625490034257
-44.2630703758674,21.3932867083437
-44.2630703758674,21.4240244132617
-44.2630703758674,21.4547621181798
-44.2630703758674,21.4854998230978
-44.2630703758674,21.5162375280158
-44.2630703758674,21.5469752329338
-44.2630703758674,21.5777129378519
-44.2630703758674,21.6084506427699
-44.2630703758674,21.6391883476879
-44.2630703758674,21.6699260526059
-44.2630703758674,21.700663757524
-44.2630703758674,21.731401462442
-44.2630703758674,21.76213916736
-44.2630703758674,21.792876872278
-44.2630703758674,21.8236145771961
-44.2630703758674,21.8543522821141
-44.2630703758674,21.8850899870321
-44.2630703758674,21.9158276919501
-44.2630703758674,21.9465653968682
-44.2630703758674,21.9773031017862
-44.2630703758674,22.0080408067042
-44.2630703758674,22.0387785116222
-44.2630703758674,22.0695162165403
-44.2630703758674,22.1002539214583
-44.2630703758674,22.1309916263763
-44.2630703758674,22.1617293312943
-44.2630703758674,22.1924670362124
-44.2630703758674,22.2232047411304
-44.2630703758674,22.2539424460484
-44.2630703758674,22.2846801509664
-44.2630703758674,22.3154178558845
-44.2630703758674,22.3461555608025
-44.2630703758674,22.3768932657205
-44.2630703758674,22.4076309706385
-44.2630703758674,22.4383686755566
-44.2630703758674,22.4691063804746
-44.2630703758674,22.4998440853926
-44.2630703758674,22.5305817903106
-44.2630703758674,22.5613194952287
-44.2630703758674,22.5920572001467
-44.2630703758674,22.6227949050647
-44.2630703758674,22.6535326099827
-44.2630703758674,22.6842703149008
-44.2630703758674,22.7150080198188
-44.2630703758674,22.7457457247368
-44.2630703758674,22.7764834296548
-44.2630703758674,22.8072211345728
-44.2630703758674,22.8379588394909
-44.2630703758674,22.8686965444089
-44.2630703758674,22.8994342493269
-44.2630703758674,22.9301719542449
-44.2630703758674,22.960909659163
-44.2630703758674,22.991647364081
-44.2630703758674,23.022385068999
-44.2630703758674,23.053122773917
-44.2630703758674,23.0838604788351
-44.2630703758674,23.1145981837531
-44.2630703758674,23.1453358886711
-44.2630703758674,23.1760735935891
-44.2630703758674,23.2068112985072
-44.2630703758674,23.2375490034252
-44.2630703758674,23.2682867083432
-44.2630703758674,23.2990244132612
-44.2630703758674,23.3297621181793
-44.2630703758674,23.3604998230973
-44.2630703758674,23.3912375280153
-44.2630703758674,23.4219752329333
-44.2630703758674,23.4527129378514
-44.2630703758674,23.4834506427694
-44.2630703758674,23.5141883476874
-44.2630703758674,23.5449260526054
-44.2630703758674,23.5756637575235
-44.2630703758674,23.6064014624415
-44.2630703758674,23.6371391673595
-44.2630703758674,23.6678768722775
-44.2630703758674,23.6986145771956
-44.2630703758674,23.7293522821136
-44.2630703758674,23.7600899870316
-44.2630703758674,23.7908276919496
-44.2630703758674,23.8215653968677
-44.2630703758674,23.8523031017857
-44.2630703758674,23.8830408067037
-44.2630703758674,23.9137785116217
-44.2630703758674,23.9445162165398
-44.2630703758674,23.9752539214578
-44.2630703758674,24.0059916263758
-44.2630703758674,24.0367293312938
-44.2630703758674,24.0674670362119
-44.2630703758674,24.0982047411299
-44.2630703758674,24.1289424460479
-44.2630703758674,24.1596801509659
-44.2630703758674,24.190417855884
-44.2630703758674,24.221155560802
-44.2630703758674,24.25189326572
-44.2630703758674,24.282630970638
-44.2630703758674,24.3133686755561
-44.2630703758674,24.3441063804741
-44.2630703758674,24.3748440853921
-44.2630703758674,24.4055817903101
-44.2630703758674,24.4363194952282
-44.2630703758674,24.4670572001462
-44.2630703758674,24.4977949050642
-44.2630703758674,24.5285326099822
-44.2630703758674,24.5592703149003
-44.2630703758674,24.5900080198183
-44.2630703758674,24.6207457247363
-44.2630703758674,24.6514834296543
-44.2630703758674,24.6822211345724
-44.2630703758674,24.7129588394904
-44.2630703758674,24.7436965444084
-44.2630703758674,24.7744342493264
-44.2630703758674,24.8051719542445
-44.2630703758674,24.8359096591625
-44.2630703758674,24.8666473640805
-44.2630703758674,24.8973850689985
-44.2630703758674,24.9281227739165
-44.2630703758674,24.9588604788346
-44.2630703758674,24.9895981837526
-44.2630703758674,25.0203358886706
-44.2630703758674,25.0510735935886
-44.2630703758674,25.0818112985067
-44.2630703758674,25.1125490034247
-44.2630703758674,25.1432867083427
-44.2630703758674,25.1740244132607
-44.2630703758674,25.2047621181788
-44.2630703758674,25.2354998230968
-44.2630703758674,25.2662375280148
-44.2630703758674,25.2969752329328
-44.2630703758674,25.3277129378509
-44.2630703758674,25.3584506427689
-44.2630703758674,25.3891883476869
-44.2630703758674,25.4199260526049
-44.2630703758674,25.450663757523
-44.2630703758674,25.481401462441
-44.2630703758674,25.512139167359
-44.2630703758674,25.542876872277
-44.2630703758674,25.5736145771951
-44.2630703758674,25.6043522821131
-44.2630703758674,25.6350899870311
-44.2630703758674,25.6658276919491
-44.2630703758674,25.6965653968672
-44.2630703758674,25.7273031017852
-44.2630703758674,25.7580408067032
-44.2630703758674,25.7887785116212
-44.2630703758674,25.8195162165393
-44.2630703758674,25.8502539214573
-44.2630703758674,25.8809916263753
-44.2630703758674,25.9117293312933
-44.2630703758674,25.9424670362114
-44.2630703758674,25.9732047411294
-44.2630703758674,26.0039424460474
-44.2630703758674,26.0346801509654
-44.2630703758674,26.0654178558835
-44.2630703758674,26.0961555608015
-44.2630703758674,26.1268932657195
-44.2630703758674,26.1576309706375
-44.2630703758674,26.1883686755556
-44.2630703758674,26.2191063804736
-44.2630703758674,26.2498440853916
-44.2630703758674,26.2805817903096
-44.2630703758674,26.3113194952277
-44.2630703758674,26.3420572001457
-44.2630703758674,26.3727949050637
-44.2630703758674,26.4035326099817
-44.2630703758674,26.4342703148998
-44.2630703758674,26.4650080198178
-44.2630703758674,26.4957457247358
-44.2630703758674,26.5264834296538
-44.2630703758674,26.5572211345719
-44.2630703758674,26.5879588394899
-44.2630703758674,26.6186965444079
-44.2630703758674,26.6494342493259
-44.2630703758674,26.680171954244
-44.2630703758674,26.710909659162
-44.2630703758674,26.74164736408
-44.2630703758674,26.772385068998
-44.2630703758674,26.8031227739161
-44.2630703758674,26.8338604788341
-44.2630703758674,26.8645981837521
-44.2630703758674,26.8953358886701
-44.2630703758674,26.9260735935881
-44.2630703758674,26.9568112985062
-44.2630703758674,26.9875490034242
-44.2630703758674,27.0182867083422
-44.2630703758674,27.0490244132602
-44.2630703758674,27.0797621181783
-44.2630703758674,27.1104998230963
-44.2630703758674,27.1412375280143
-44.2630703758674,27.1719752329323
-44.2630703758674,27.2027129378504
-44.2630703758674,27.2334506427684
-44.2630703758674,27.2641883476864
-44.2630703758674,27.2949260526044
-44.2630703758674,27.3256637575225
-44.2630703758674,27.3564014624405
-44.2630703758674,27.3871391673585
-44.2630703758674,27.4178768722765
-44.2630703758674,27.4486145771946
-44.2630703758674,27.4793522821126
-44.2630703758674,27.5100899870306
-44.2630703758674,27.5408276919486
-44.2630703758674,27.5715653968667
-44.2630703758674,27.6023031017847
-44.2630703758674,27.6330408067027
-44.2630703758674,27.6637785116207
-44.2630703758674,27.6945162165388
-44.2630703758674,27.7252539214568
-44.2630703758674,27.7559916263748
-44.2630703758674,27.7867293312928
-44.2630703758674,27.8174670362109
-44.2630703758674,27.8482047411289
-44.2630703758674,27.8789424460469
-44.2630703758674,27.9096801509649
-44.2630703758674,27.940417855883
-44.2630703758674,27.971155560801
-44.2630703758674,28.001893265719
-44.2630703758674,28.032630970637
-44.2630703758674,28.0633686755551
-44.2630703758674,28.0941063804731
-44.2630703758674,28.1248440853911
-44.2630703758674,28.1555817903091
-44.2630703758674,28.1863194952272
-44.2630703758674,28.2170572001452
-44.2630703758674,28.2477949050632
-44.2630703758674,28.2785326099812
-44.2630703758674,28.3092703148993
-44.2630703758674,28.3400080198173
-44.2630703758674,28.3707457247353
-44.2630703758674,28.4014834296533
-44.2630703758674,28.4322211345714
-44.2630703758674,28.4629588394894
-44.2630703758674,28.4936965444074
-44.2630703758674,28.5244342493254
-44.2630703758674,28.5551719542435
-44.2630703758674,28.5859096591615
-44.2630703758674,28.6166473640795
-44.2630703758674,28.6473850689975
-44.2630703758674,28.6781227739156
-44.2630703758674,28.7088604788336
-44.2630703758674,28.7395981837516
-44.2630703758674,28.7703358886696
-44.2630703758674,28.8010735935877
-44.2630703758674,28.8318112985057
-44.2630703758674,28.8625490034237
-44.2630703758674,28.8932867083417
-44.2630703758674,28.9240244132598
-44.2630703758674,28.9547621181778
-44.2630703758674,28.9854998230958
-44.2630703758674,29.0162375280138
-44.2630703758674,29.0469752329318
-44.2630703758674,29.0777129378499
-44.2630703758674,29.1084506427679
-44.2630703758674,29.1391883476859
-44.2630703758674,29.1699260526039
-44.2630703758674,29.200663757522
-44.2630703758674,29.23140146244
-44.2630703758674,29.262139167358
-44.2630703758674,29.292876872276
-44.2630703758674,29.3236145771941
-44.2630703758674,29.3543522821121
-44.2630703758674,29.3850899870301
-44.2630703758674,29.4158276919481
-44.2630703758674,29.4465653968662
-44.2630703758674,29.4773031017842
-44.2630703758674,29.5080408067022
-44.2630703758674,29.5387785116202
-44.2630703758674,29.5695162165383
-44.2630703758674,29.6002539214563
-44.2630703758674,29.6309916263743
-44.2630703758674,29.6617293312923
-44.2630703758674,29.6924670362104
-44.2630703758674,29.7232047411284
-44.2630703758674,29.7539424460464
-44.2630703758674,29.7846801509644
-44.2630703758674,29.8154178558825
-44.2630703758674,29.8461555608005
-44.2630703758674,29.8768932657185
-44.2630703758674,29.9076309706365
-44.2630703758674,29.9383686755546
-44.2630703758674,29.9691063804726
-44.2630703758674,29.9998440853906
-44.2630703758674,30.0305817903086
-44.2630703758674,30.0613194952267
-44.2630703758674,30.0920572001447
-44.2630703758674,30.1227949050627
-44.2630703758674,30.1535326099807
-44.2630703758674,30.1842703148988
-44.2630703758674,30.2150080198168
-44.2630703758674,30.2457457247348
-44.2630703758674,30.2764834296528
-44.2630703758674,30.3072211345709
-44.2630703758674,30.3379588394889
-44.2630703758674,30.3686965444069
-44.2630703758674,30.3994342493249
-44.2630703758674,30.430171954243
-44.2630703758674,30.460909659161
-44.2630703758674,30.491647364079
-44.2630703758674,30.522385068997
-44.2630703758674,30.5531227739151
-44.2630703758674,30.5838604788331
-44.2630703758674,30.6145981837511
-44.2630703758674,30.6453358886691
-44.2630703758674,30.6760735935872
-44.2630703758674,30.7068112985052
-44.2630703758674,30.7375490034232
-44.2630703758674,30.7682867083412
-44.2630703758674,30.7990244132593
-44.2630703758674,30.8297621181773
-44.2630703758674,30.8604998230953
-44.2630703758674,30.8912375280133
-44.2630703758674,30.9219752329314
-44.2630703758674,30.9527129378494
-44.2630703758674,30.9834506427674
-44.2630703758674,31.0141883476854
-44.2630703758674,31.0449260526035
-44.2630703758674,31.0756637575215
-44.2630703758674,31.1064014624395
-44.2630703758674,31.1371391673575
-44.2630703758674,31.1678768722755
-44.2630703758674,31.1986145771936
-44.2630703758674,31.2293522821116
-44.2630703758674,31.2600899870296
-44.2630703758674,31.2908276919476
-44.2630703758674,31.3215653968657
-44.2630703758674,31.3523031017837
-44.2630703758674,31.3830408067017
-44.2630703758674,31.4137785116197
-44.2630703758674,31.4445162165378
-44.2630703758674,31.4752539214558
-44.2630703758674,31.5059916263738
-44.2630703758674,31.5367293312918
-44.2630703758674,31.5674670362099
-44.2630703758674,31.5982047411279
-44.2630703758674,31.6289424460459
-44.2630703758674,31.6596801509639
-44.2630703758674,31.690417855882
-44.2630703758674,31.7211555608
-44.2630703758674,31.751893265718
-44.2630703758674,31.782630970636
-44.2630703758674,31.8133686755541
-44.2630703758674,31.8441063804721
-44.2630703758674,31.8748440853901
-44.2630703758674,31.9055817903081
-44.2630703758674,31.9363194952262
-44.2630703758674,31.9670572001442
-44.2630703758674,31.9977949050622
-44.2630703758674,32.0285326099802
-44.2630703758674,32.0592703148983
-44.2630703758674,32.0900080198163
-44.2630703758674,32.1207457247343
-44.2630703758674,32.1514834296523
-44.2630703758674,32.1822211345704
-44.2630703758674,32.2129588394884
-44.2630703758674,32.2436965444064
-44.2630703758674,32.2744342493244
-44.2630703758674,32.3051719542425
-44.2630703758674,32.3359096591605
-44.2630703758674,32.3666473640785
-44.2630703758674,32.3973850689965
-44.2630703758674,32.4281227739146
-44.2630703758674,32.4588604788326
-44.2630703758674,32.4895981837506
-44.2630703758674,32.5203358886686
-44.2630703758674,32.5510735935867
-44.2630703758674,32.5818112985047
-44.2630703758674,32.6125490034227
-44.2630703758674,32.6432867083407
-44.2630703758674,32.6740244132588
-44.2630703758674,32.7047621181768
-44.2630703758674,32.7354998230948
-44.2630703758674,32.7662375280128
-44.2630703758674,32.7969752329309
-44.2630703758674,32.8277129378489
-44.2630703758674,32.8584506427669
-44.2630703758674,32.8891883476849
-44.2630703758674,32.919926052603
-44.2630703758674,32.950663757521
-44.2630703758674,32.981401462439
-44.2630703758674,33.012139167357
-44.2630703758674,33.0428768722751
-44.2630703758674,33.0736145771931
-44.2630703758674,33.1043522821111
-44.2630703758674,33.1350899870291
-44.2630703758674,33.1658276919472
-44.2630703758674,33.1965653968652
-44.2630703758674,33.2273031017832
-44.2630703758674,33.2580408067012
-44.2630703758674,33.2887785116192
-44.2630703758674,33.3195162165373
-44.2630703758674,33.3502539214553
-44.2630703758674,33.3809916263733
-44.2630703758674,33.4117293312913
-44.2630703758674,33.4424670362094
-44.2630703758674,33.4732047411274
-44.2630703758674,33.5039424460454
-44.2630703758674,33.5346801509634
-44.2630703758674,33.5654178558815
-44.2630703758674,33.5961555607995
-44.2630703758674,33.6268932657175
-44.2630703758674,33.6576309706355
-44.2630703758674,33.6883686755536
-44.2630703758674,33.7191063804716
-44.2630703758674,33.7498440853896
-44.2630703758674,33.7805817903076
-44.2630703758674,33.8113194952257
-44.2630703758674,33.8420572001437
-44.2630703758674,33.8727949050617
-44.2630703758674,33.9035326099797
-44.2630703758674,33.9342703148978
-44.2630703758674,33.9650080198158
-44.2630703758674,33.9957457247338
-44.2630703758674,34.0264834296518
-44.2630703758674,34.0572211345699
-44.2630703758674,34.0879588394879
-44.2630703758674,34.1186965444059
-44.2630703758674,34.1494342493239
-44.2630703758674,34.180171954242
-44.2630703758674,34.21090965916
-44.2630703758674,34.241647364078
-44.2630703758674,34.272385068996
-44.2630703758674,34.3031227739141
-44.2630703758674,34.3338604788321
-44.2630703758674,34.3645981837501
-44.2630703758674,34.3953358886681
-44.2630703758674,34.4260735935862
-44.2630703758674,34.4568112985042
-44.2630703758674,34.4875490034222
-44.2630703758674,34.5182867083402
-44.2630703758674,34.5490244132583
-44.2630703758674,34.5797621181763
-44.2630703758674,34.6104998230943
-44.2630703758674,34.6412375280123
-44.2630703758674,34.6719752329304
-44.2630703758674,34.7027129378484
-44.2630703758674,34.7334506427664
-44.2630703758674,34.7641883476844
-44.2630703758674,34.7949260526025
-44.2630703758674,34.8256637575205
-44.2630703758674,34.8564014624385
-44.2630703758674,34.8871391673565
-44.2630703758674,34.9178768722746
-44.2630703758674,34.9486145771926
-44.2630703758674,34.9793522821106
-44.2630703758674,35.0100899870286
-44.2630703758674,35.0408276919467
-44.2630703758674,35.0715653968647
-44.2630703758674,35.1023031017827
-44.2630703758674,35.1330408067007
-44.2630703758674,35.1637785116188
-44.2630703758674,35.1945162165368
-44.2630703758674,35.2252539214548
-44.2630703758674,35.2559916263728
-44.2630703758674,35.2867293312909
-44.2630703758674,35.3174670362089
-44.2630703758674,35.3482047411269
-44.2630703758674,35.3789424460449
-44.2630703758674,35.4096801509629
-44.2630703758674,35.440417855881
-44.2630703758674,35.471155560799
-44.2630703758674,35.501893265717
-44.2630703758674,35.532630970635
-44.2630703758674,35.5633686755531
-44.2630703758674,35.5941063804711
-44.2630703758674,35.6248440853891
-44.2630703758674,35.6555817903071
-44.2630703758674,35.6863194952252
-44.2630703758674,35.7170572001432
-44.2630703758674,35.7477949050612
-44.2630703758674,35.7785326099792
-44.2630703758674,35.8092703148973
-44.2630703758674,35.8400080198153
-44.2630703758674,35.8707457247333
-44.2630703758674,35.9014834296513
-44.2630703758674,35.9322211345694
-44.2630703758674,35.9629588394874
-44.2630703758674,35.9936965444054
-44.2630703758674,36.0244342493234
-44.2630703758674,36.0551719542415
-44.2630703758674,36.0859096591595
-44.2630703758674,36.1166473640775
-44.2630703758674,36.1473850689955
-44.2630703758674,36.1781227739136
-44.2630703758674,36.2088604788316
-44.2630703758674,36.2395981837496
-44.2630703758674,36.2703358886676
-44.2630703758674,36.3010735935857
-44.2630703758674,36.3318112985037
-44.2630703758674,36.3625490034217
-44.2630703758674,36.3932867083397
-44.2630703758674,36.4240244132578
-44.2630703758674,36.4547621181758
-44.2630703758674,36.4854998230938
-44.2630703758674,36.5162375280118
-44.2630703758674,36.5469752329299
-44.2630703758674,36.5777129378479
-44.2630703758674,36.6084506427659
-44.2630703758674,36.6391883476839
-44.2630703758674,36.669926052602
-44.2630703758674,36.70066375752
-44.2630703758674,36.731401462438
-44.2630703758674,36.762139167356
-44.2630703758674,36.7928768722741
-44.2630703758674,36.8236145771921
-44.2630703758674,36.8543522821101
-44.2630703758674,36.8850899870281
-44.2630703758674,36.9158276919462
-44.2630703758674,36.9465653968642
-44.2630703758674,36.9773031017822
-44.2630703758674,37.0080408067002
-44.2630703758674,37.0387785116183
-44.2630703758674,37.0695162165363
-44.2630703758674,37.1002539214543
-44.2630703758674,37.1309916263723
-44.2630703758674,37.1617293312904
-44.2630703758674,37.1924670362084
-44.2630703758674,37.2232047411264
-44.2630703758674,37.2539424460444
-44.2630703758674,37.2846801509625
-44.2630703758674,37.3154178558805
-44.2630703758674,37.3461555607985
-44.2630703758674,37.3768932657165
-44.2630703758674,37.4076309706345
-44.2630703758674,37.4383686755526
-44.2630703758674,37.4691063804706
-44.2630703758674,37.4998440853886
-44.2630703758674,37.5305817903066
-44.2630703758674,37.5613194952247
-44.2630703758674,37.5920572001427
-44.2630703758674,37.6227949050607
-44.2630703758674,37.6535326099787
-44.2630703758674,37.6842703148968
-44.2630703758674,37.7150080198148
-44.2630703758674,37.7457457247328
-44.2630703758674,37.7764834296508
-44.2630703758674,37.8072211345689
-44.2630703758674,37.8379588394869
-44.2630703758674,37.8686965444049
-44.2630703758674,37.8994342493229
-44.2630703758674,37.930171954241
-44.2630703758674,37.960909659159
-44.2630703758674,37.991647364077
-44.2630703758674,38.022385068995
-44.2630703758674,38.0531227739131
-44.2630703758674,38.0838604788311
-44.2630703758674,38.1145981837491
-44.2630703758674,38.1453358886671
-44.2630703758674,38.1760735935852
-44.2630703758674,38.2068112985032
-44.2630703758674,38.2375490034212
-44.2630703758674,38.2682867083392
-44.2630703758674,38.2990244132573
-44.2630703758674,38.3297621181753
-44.2630703758674,38.3604998230933
-44.2630703758674,38.3912375280113
-44.2630703758674,38.4219752329294
-44.2630703758674,38.4527129378474
-44.2630703758674,38.4834506427654
-44.2630703758674,38.5141883476834
-44.2630703758674,38.5449260526015
-44.2630703758674,38.5756637575195
-44.2630703758674,38.6064014624375
-44.2630703758674,38.6371391673555
-44.2630703758674,38.6678768722736
-44.2630703758674,38.6986145771916
-44.2630703758674,38.7293522821096
-44.2630703758674,38.7600899870276
-44.2630703758674,38.7908276919457
-44.2630703758674,38.8215653968637
-44.2630703758674,38.8523031017817
-44.2630703758674,38.8830408066997
-44.2630703758674,38.9137785116178
-44.2630703758674,38.9445162165358
-44.2630703758674,38.9752539214538
-44.2630703758674,39.0059916263718
-44.2630703758674,39.0367293312899
-44.2630703758674,39.0674670362079
-44.2630703758674,39.0982047411259
-44.2630703758674,39.1289424460439
-44.2630703758674,39.159680150962
-44.2630703758674,39.19041785588
-44.2630703758674,39.221155560798
-44.2630703758674,39.251893265716
-44.2630703758674,39.2826309706341
-44.2630703758674,39.3133686755521
-44.2630703758674,39.3441063804701
-44.2630703758674,39.3748440853881
-44.2630703758674,39.4055817903062
-44.2630703758674,39.4363194952242
-44.2630703758674,39.4670572001422
-44.2630703758674,39.4977949050602
-44.2630703758674,39.5285326099782
-44.2630703758674,39.5592703148963
-44.2630703758674,39.5900080198143
-44.2630703758674,39.6207457247323
-44.2630703758674,39.6514834296503
-44.2630703758674,39.6822211345684
-44.2630703758674,39.7129588394864
-44.2630703758674,39.7436965444044
-44.2630703758674,39.7744342493224
-44.2630703758674,39.8051719542405
-44.2630703758674,39.8359096591585
-44.2630703758674,39.8666473640765
-44.2630703758674,39.8973850689945
-44.2630703758674,39.9281227739126
-44.2630703758674,39.9588604788306
-44.2630703758674,39.9895981837486
-44.2630703758674,40.0203358886666
-44.2630703758674,40.0510735935847
-44.2630703758674,40.0818112985027
-44.2630703758674,40.1125490034207
-44.2630703758674,40.1432867083387
-44.2630703758674,40.1740244132568
-44.2630703758674,40.2047621181748
-44.2630703758674,40.2354998230928
-44.2630703758674,40.2662375280108
-44.2630703758674,40.2969752329289
-44.2630703758674,40.3277129378469
-44.2630703758674,40.3584506427649
-44.2630703758674,40.3891883476829
-44.2630703758674,40.419926052601
-44.2630703758674,40.450663757519
-44.2630703758674,40.481401462437
-44.2630703758674,40.512139167355
-44.2630703758674,40.5428768722731
-44.2630703758674,40.5736145771911
-44.2630703758674,40.6043522821091
-44.2630703758674,40.6350899870271
-44.2630703758674,40.6658276919452
-44.2630703758674,40.6965653968632
-44.2630703758674,40.7273031017812
-44.2630703758674,40.7580408066992
-44.2630703758674,40.7887785116173
-44.2630703758674,40.8195162165353
-44.2630703758674,40.8502539214533
-44.2630703758674,40.8809916263713
-44.2630703758674,40.9117293312894
-44.2630703758674,40.9424670362074
-44.2630703758674,40.9732047411254
-44.2630703758674,41.0039424460434
-44.2630703758674,41.0346801509615
-44.2630703758674,41.0654178558795
-44.2630703758674,41.0961555607975
-44.2630703758674,41.1268932657155
-44.2630703758674,41.1576309706336
-44.2630703758674,41.1883686755516
-44.2630703758674,41.2191063804696
-44.2630703758674,41.2498440853876
-44.2630703758674,41.2805817903057
-44.2630703758674,41.3113194952237
-44.2630703758674,41.3420572001417
-44.2630703758674,41.3727949050597
-44.2630703758674,41.4035326099778
-44.2630703758674,41.4342703148958
-44.2630703758674,41.4650080198138
-44.2630703758674,41.4957457247318
-44.2630703758674,41.5264834296499
-44.2630703758674,41.5572211345679
-44.2630703758674,41.5879588394859
-44.2630703758674,41.6186965444039
-44.2630703758674,41.6494342493219
-44.2630703758674,41.68017195424
-44.2630703758674,41.710909659158
-44.2630703758674,41.741647364076
-44.2630703758674,41.772385068994
-44.2630703758674,41.8031227739121
-44.2630703758674,41.8338604788301
-44.2630703758674,41.8645981837481
-44.2630703758674,41.8953358886661
-44.2630703758674,41.9260735935842
-44.2630703758674,41.9568112985022
-44.2630703758674,41.9875490034202
-44.2630703758674,42.0182867083382
-44.2630703758674,42.0490244132563
-44.2630703758674,42.0797621181743
-44.2630703758674,42.1104998230923
-44.2630703758674,42.1412375280103
-44.2630703758674,42.1719752329284
-44.2630703758674,42.2027129378464
-44.2630703758674,42.2334506427644
-44.2630703758674,42.2641883476824
-44.2630703758674,42.2949260526005
-44.2630703758674,42.3256637575185
-44.2630703758674,42.3564014624365
-44.2630703758674,42.3871391673545
-44.2630703758674,42.4178768722726
-44.2630703758674,42.4486145771906
-44.2630703758674,42.4793522821086
-44.2630703758674,42.5100899870266
-44.2630703758674,42.5408276919447
-44.2630703758674,42.5715653968627
-44.2630703758674,42.6023031017807
-44.2630703758674,42.6330408066987
-44.2630703758674,42.6637785116168
-44.2630703758674,42.6945162165348
-44.2630703758674,42.7252539214528
-44.2630703758674,42.7559916263708
-44.2630703758674,42.7867293312889
-44.2630703758674,42.8174670362069
-44.2630703758674,42.8482047411249
-44.2630703758674,42.8789424460429
-44.2630703758674,42.909680150961
-44.2630703758674,42.940417855879
-44.2630703758674,42.971155560797
-44.2630703758674,43.001893265715
-44.2630703758674,43.0326309706331
-44.2630703758674,43.0633686755511
-44.2630703758674,43.0941063804691
-44.2630703758674,43.1248440853871
-44.2630703758674,43.1555817903052
-44.2630703758674,43.1863194952232
-44.2630703758674,43.2170572001412
-44.2630703758674,43.2477949050592
-44.2630703758674,43.2785326099773
-44.2630703758674,43.3092703148953
-44.2630703758674,43.3400080198133
-44.2630703758674,43.3707457247313
-44.2630703758674,43.4014834296494
-44.2630703758674,43.4322211345674
-44.2630703758674,43.4629588394854
-44.2630703758674,43.4936965444034
-44.2630703758674,43.5244342493215
-44.2630703758674,43.5551719542395
-44.2630703758674,43.5859096591575
-44.2630703758674,43.6166473640755
-44.2630703758674,43.6473850689936
-44.2630703758674,43.6781227739116
-44.2630703758674,43.7088604788296
-44.2630703758674,43.7395981837476
-44.2630703758674,43.7703358886656
-44.2630703758674,43.8010735935837
-44.2630703758674,43.8318112985017
-44.2630703758674,43.8625490034197
-44.2630703758674,43.8932867083377
-44.2630703758674,43.9240244132558
-44.2630703758674,43.9547621181738
-44.2630703758674,43.9854998230918
-44.2630703758674,44.0162375280098
-44.2630703758674,44.0469752329279
-44.2630703758674,44.0777129378459
-44.2630703758674,44.1084506427639
-44.2630703758674,44.1391883476819
-44.2630703758674,44.1699260526
-44.2630703758674,44.200663757518
-44.2630703758674,44.231401462436
-44.2630703758674,44.262139167354
-44.2630703758674,44.2928768722721
-44.2630703758674,44.3236145771901
-44.2630703758674,44.3543522821081
-44.2630703758674,44.3850899870261
-44.2630703758674,44.4158276919442
-44.2630703758674,44.4465653968622
-44.2630703758674,44.4773031017802
-44.2630703758674,44.5080408066982
-44.2630703758674,44.5387785116163
-44.2630703758674,44.5695162165343
-44.2630703758674,44.6002539214523
-44.2630703758674,44.6309916263703
-44.2630703758674,44.6617293312884
-44.2630703758674,44.6924670362064
-44.2630703758674,44.7232047411244
-44.2630703758674,44.7539424460424
-44.2630703758674,44.7846801509605
-44.2630703758674,44.8154178558785
-44.2630703758674,44.8461555607965
-44.2630703758674,44.8768932657145
-44.2630703758674,44.9076309706326
-44.2630703758674,44.9383686755506
-44.2630703758674,44.9691063804686
-44.2630703758674,44.9998440853866
-44.2630703758674,45.0305817903047
-44.2630703758674,45.0613194952227
-44.2630703758674,45.0920572001407
-44.2630703758674,45.1227949050587
-44.2630703758674,45.1535326099768
-44.2630703758674,45.1842703148948
-44.2630703758674,45.2150080198128
-44.2630703758674,45.2457457247308
-44.2630703758674,45.2764834296489
-44.2630703758674,45.3072211345669
-44.2630703758674,45.3379588394849
-44.2630703758674,45.3686965444029
-44.2630703758674,45.399434249321
-44.2630703758674,45.430171954239
-44.2630703758674,45.460909659157
-44.2630703758674,45.491647364075
-44.2630703758674,45.5223850689931
-44.2630703758674,45.5531227739111
-44.2630703758674,45.5838604788291
-44.2630703758674,45.6145981837471
-44.2630703758674,45.6453358886652
-44.2630703758674,45.6760735935832
-44.2630703758674,45.7068112985012
-44.2630703758674,45.7375490034192
-44.2630703758674,45.7682867083372
-44.2630703758674,45.7990244132553
-44.2630703758674,45.8297621181733
-44.2630703758674,45.8604998230913
-44.2630703758674,45.8912375280093
-44.2630703758674,45.9219752329274
-44.2630703758674,45.9527129378454
-44.2630703758674,45.9834506427634
-44.2630703758674,46.0141883476814
-44.2630703758674,46.0449260525995
-44.2630703758674,46.0756637575175
-44.2630703758674,46.1064014624355
-44.2630703758674,46.1371391673535
-44.2630703758674,46.1678768722716
-44.2630703758674,46.1986145771896
-44.2630703758674,46.2293522821076
-44.2630703758674,46.2600899870256
-44.2630703758674,46.2908276919437
-44.2630703758674,46.3215653968617
-44.2630703758674,46.3523031017797
-44.2630703758674,46.3830408066977
-44.2630703758674,46.4137785116158
-44.2630703758674,46.4445162165338
-44.2630703758674,46.4752539214518
-44.2630703758674,46.5059916263698
-44.2630703758674,46.5367293312879
-44.2630703758674,46.5674670362059
-44.2630703758674,46.5982047411239
-44.2630703758674,46.6289424460419
-44.2630703758674,46.65968015096
-44.2630703758674,46.690417855878
-44.2630703758674,46.721155560796
-44.2630703758674,46.751893265714
-44.2630703758674,46.7826309706321
-44.2630703758674,46.8133686755501
-44.2630703758674,46.8441063804681
-44.2630703758674,46.8748440853861
-44.2630703758674,46.9055817903042
-44.2630703758674,46.9363194952222
-44.2630703758674,46.9670572001402
-44.2630703758674,46.9977949050582
-44.2630703758674,47.0285326099763
-44.2630703758674,47.0592703148943
-44.2630703758674,47.0900080198123
-44.2630703758674,47.1207457247303
-44.2630703758674,47.1514834296484
-44.2630703758674,47.1822211345664
-44.2630703758674,47.2129588394844
-44.2630703758674,47.2436965444024
-44.2630703758674,47.2744342493205
-44.2630703758674,47.3051719542385
-44.2630703758674,47.3359096591565
-44.2630703758674,47.3666473640745
-44.2630703758674,47.3973850689926
-44.2630703758674,47.4281227739106
-44.2630703758674,47.4588604788286
-44.2630703758674,47.4895981837466
-44.2630703758674,47.5203358886647
-44.2630703758674,47.5510735935827
-44.2630703758674,47.5818112985007
-44.2630703758674,47.6125490034187
-44.2630703758674,47.6432867083368
-44.2630703758674,47.6740244132548
-44.2630703758674,47.7047621181728
-44.2630703758674,47.7354998230908
-44.2630703758674,47.7662375280089
-44.2630703758674,47.7969752329269
-44.2630703758674,47.8277129378449
-44.2630703758674,47.8584506427629
-44.2630703758674,47.8891883476809
-44.2630703758674,47.919926052599
-44.2630703758674,47.950663757517
-44.2630703758674,47.981401462435
-44.2630703758674,48.012139167353
-44.2630703758674,48.0428768722711
-44.2630703758674,48.0736145771891
-44.2630703758674,48.1043522821071
-44.2630703758674,48.1350899870251
-44.2630703758674,48.1658276919432
-44.2630703758674,48.1965653968612
-44.2630703758674,48.2273031017792
-44.2630703758674,48.2580408066972
-44.2630703758674,48.2887785116153
-44.2630703758674,48.3195162165333
-44.2630703758674,48.3502539214513
-44.2630703758674,48.3809916263693
-44.2630703758674,48.4117293312874
-44.2630703758674,48.4424670362054
-44.2630703758674,48.4732047411234
-44.2630703758674,48.5039424460414
-44.2630703758674,48.5346801509595
-44.2630703758674,48.5654178558775
-44.2630703758674,48.5961555607955
-44.2630703758674,48.6268932657135
-44.2630703758674,48.6576309706316
-44.2630703758674,48.6883686755496
-44.2630703758674,48.7191063804676
-44.2630703758674,48.7498440853856
-44.2630703758674,48.7805817903037
-44.2630703758674,48.8113194952217
-44.2630703758674,48.8420572001397
-44.2630703758674,48.8727949050577
-44.2630703758674,48.9035326099758
-44.2630703758674,48.9342703148938
-44.2630703758674,48.9650080198118
-44.2630703758674,48.9957457247298
-44.2630703758674,49.0264834296479
-44.2630703758674,49.0572211345659
-44.2630703758674,49.0879588394839
-44.2630703758674,49.1186965444019
-44.2630703758674,49.14943424932
-44.2630703758674,49.180171954238
-44.2630703758674,49.210909659156
-44.2630703758674,49.241647364074
-44.2630703758674,49.2723850689921
-44.2630703758674,49.3031227739101
-44.2630703758674,49.3338604788281
-44.2630703758674,49.3645981837461
-44.2630703758674,49.3953358886642
-44.2630703758674,49.4260735935822
-44.2630703758674,49.4568112985002
-44.2630703758674,49.4875490034182
-44.2630703758674,49.5182867083363
-44.2630703758674,49.5490244132543
-44.2630703758674,49.5797621181723
-44.2630703758674,49.6104998230903
-44.2630703758674,49.6412375280084
-44.2630703758674,49.6719752329264
-44.2630703758674,49.7027129378444
-44.2630703758674,49.7334506427624
-44.2630703758674,49.7641883476805
-44.2630703758674,49.7949260525985
-44.2630703758674,49.8256637575165
-44.2630703758674,49.8564014624345
-44.2630703758674,49.8871391673526
-44.2630703758674,49.9178768722706
-44.2630703758674,49.9486145771886
-44.2630703758674,49.9793522821066
-44.2630703758674,50.0100899870246
-44.2630703758674,50.0408276919427
-44.2630703758674,50.0715653968607
-44.2630703758674,50.1023031017787
-44.2630703758674,50.1330408066967
-44.2630703758674,50.1637785116148
-44.2630703758674,50.1945162165328
-44.2630703758674,50.2252539214508
-44.2630703758674,50.2559916263688
-44.2630703758674,50.2867293312869
-44.2630703758674,50.3174670362049
-44.2630703758674,50.3482047411229
-44.2630703758674,50.3789424460409
-44.2630703758674,50.409680150959
-44.2630703758674,50.440417855877
-44.2630703758674,50.471155560795
-44.2630703758674,50.501893265713
-44.2630703758674,50.5326309706311
-44.2630703758674,50.5633686755491
-44.2630703758674,50.5941063804671
-44.2630703758674,50.6248440853851
-44.2630703758674,50.6555817903032
-44.2630703758674,50.6863194952212
-44.2630703758674,50.7170572001392
-44.2630703758674,50.7477949050572
-44.2630703758674,50.7785326099753
-44.2630703758674,50.8092703148933
-44.2630703758674,50.8400080198113
-44.2630703758674,50.8707457247293
-44.2630703758674,50.9014834296474
-44.2630703758674,50.9322211345654
-44.2630703758674,50.9629588394834
-44.2630703758674,50.9936965444014
-44.2630703758674,51.0244342493195
-44.2630703758674,51.0551719542375
-44.2630703758674,51.0859096591555
-44.2630703758674,51.1166473640735
-44.2630703758674,51.1473850689916
-44.2630703758674,51.1781227739096
-44.2630703758674,51.2088604788276
-44.2630703758674,51.2395981837456
-44.2630703758674,51.2703358886637
-44.2630703758674,51.3010735935817
-44.2630703758674,51.3318112984997
-44.2630703758674,51.3625490034177
-44.2630703758674,51.3932867083358
-44.2630703758674,51.4240244132538
-44.2630703758674,51.4547621181718
-44.2630703758674,51.4854998230898
-44.2630703758674,51.5162375280079
-44.2630703758674,51.5469752329259
-44.2630703758674,51.5777129378439
-44.2630703758674,51.6084506427619
-44.2630703758674,51.63918834768
-44.2630703758674,51.669926052598
-44.2630703758674,51.700663757516
-44.2630703758674,51.731401462434
-44.2630703758674,51.7621391673521
-44.2630703758674,51.7928768722701
-44.2630703758674,51.8236145771881
-44.2630703758674,51.8543522821061
-44.2630703758674,51.8850899870242
-44.2630703758674,51.9158276919422
-44.2630703758674,51.9465653968602
-44.2630703758674,51.9773031017782
-44.2630703758674,52.0080408066963
-44.2630703758674,52.0387785116143
-44.2630703758674,52.0695162165323
-44.2630703758674,52.1002539214503
-44.2630703758674,52.1309916263683
-44.2630703758674,52.1617293312864
-44.2630703758674,52.1924670362044
-44.2630703758674,52.2232047411224
-44.2630703758674,52.2539424460404
-44.2630703758674,52.2846801509585
-44.2630703758674,52.3154178558765
-44.2630703758674,52.3461555607945
-44.2630703758674,52.3768932657125
-44.2630703758674,52.4076309706306
-44.2630703758674,52.4383686755486
-44.2630703758674,52.4691063804666
-44.2630703758674,52.4998440853846
-44.2630703758674,52.5305817903027
-44.2630703758674,52.5613194952207
-44.2630703758674,52.5920572001387
-44.2630703758674,52.6227949050567
-44.2630703758674,52.6535326099748
-44.2630703758674,52.6842703148928
-44.2630703758674,52.7150080198108
-44.2630703758674,52.7457457247288
-44.2630703758674,52.7764834296469
-44.2630703758674,52.8072211345649
-44.2630703758674,52.8379588394829
-44.2630703758674,52.8686965444009
-44.2630703758674,52.899434249319
-44.2630703758674,52.930171954237
-44.2630703758674,52.960909659155
-44.2630703758674,52.991647364073
-44.2630703758674,53.0223850689911
-44.2630703758674,53.0531227739091
-44.2630703758674,53.0838604788271
-44.2630703758674,53.1145981837451
-44.2630703758674,53.1453358886632
-44.2630703758674,53.1760735935812
-44.2630703758674,53.2068112984992
-44.2630703758674,53.2375490034172
-44.2630703758674,53.2682867083353
-44.2630703758674,53.2990244132533
-44.2630703758674,53.3297621181713
-44.2630703758674,53.3604998230893
-44.2630703758674,53.3912375280074
-44.2630703758674,53.4219752329254
-44.2630703758674,53.4527129378434
-44.2630703758674,53.4834506427614
-44.2630703758674,53.5141883476795
-44.2630703758674,53.5449260525975
-44.2630703758674,53.5756637575155
-44.2630703758674,53.6064014624335
-44.2630703758674,53.6371391673516
-44.2630703758674,53.6678768722696
-44.2630703758674,53.6986145771876
-44.2630703758674,53.7293522821056
-44.2630703758674,53.7600899870237
-44.2630703758674,53.7908276919417
-44.2630703758674,53.8215653968597
-44.2630703758674,53.8523031017777
-44.2630703758674,53.8830408066958
-44.2630703758674,53.9137785116138
-44.2630703758674,53.9445162165318
-44.2630703758674,53.9752539214498
-44.2630703758674,54.0059916263679
-44.2630703758674,54.0367293312859
-44.2630703758674,54.0674670362039
-44.2630703758674,54.0982047411219
-44.2630703758674,54.12894244604
-44.2630703758674,54.159680150958
-44.2630703758674,54.190417855876
-44.2630703758674,54.221155560794
-44.2630703758674,54.251893265712
-44.2630703758674,54.2826309706301
-44.2630703758674,54.3133686755481
-44.2630703758674,54.3441063804661
-44.2630703758674,54.3748440853841
-44.2630703758674,54.4055817903022
-44.2630703758674,54.4363194952202
-44.2630703758674,54.4670572001382
-44.2630703758674,54.4977949050562
-44.2630703758674,54.5285326099743
-44.2630703758674,54.5592703148923
-44.2630703758674,54.5900080198103
-44.2630703758674,54.6207457247283
-44.2630703758674,54.6514834296464
-44.2630703758674,54.6822211345644
-44.2630703758674,54.7129588394824
-44.2630703758674,54.7436965444004
-44.2630703758674,54.7744342493185
-44.2630703758674,54.8051719542365
-44.2630703758674,54.8359096591545
-44.2630703758674,54.8666473640725
-44.2630703758674,54.8973850689906
-44.2630703758674,54.9281227739086
-44.2630703758674,54.9588604788266
-44.2630703758674,54.9895981837446
-44.2630703758674,55.0203358886627
-44.2630703758674,55.0510735935807
-44.2630703758674,55.0818112984987
-44.2630703758674,55.1125490034167
-44.2630703758674,55.1432867083348
-44.2630703758674,55.1740244132528
-44.2630703758674,55.2047621181708
-44.2630703758674,55.2354998230888
-44.2630703758674,55.2662375280069
-44.2630703758674,55.2969752329249
-44.2630703758674,55.3277129378429
-44.2630703758674,55.3584506427609
-44.2630703758674,55.389188347679
-44.2630703758674,55.419926052597
-44.2630703758674,55.450663757515
-44.2630703758674,55.481401462433
-44.2630703758674,55.5121391673511
-44.2630703758674,55.5428768722691
-44.2630703758674,55.5736145771871
-44.2630703758674,55.6043522821051
-44.2630703758674,55.6350899870232
-44.2630703758674,55.6658276919412
-44.2630703758674,55.6965653968592
-44.2630703758674,55.7273031017772
-44.2630703758674,55.7580408066953
-44.2630703758674,55.7887785116133
-44.2630703758674,55.8195162165313
-44.2630703758674,55.8502539214493
-44.2630703758674,55.8809916263674
-44.2630703758674,55.9117293312854
-44.2630703758674,55.9424670362034
-44.2630703758674,55.9732047411214
-44.2630703758674,56.0039424460395
-44.2630703758674,56.0346801509575
-44.2630703758674,56.0654178558755
-44.2630703758674,56.0961555607935
-44.2630703758674,56.1268932657116
-44.2630703758674,56.1576309706296
-44.2630703758674,56.1883686755476
-44.2630703758674,56.2191063804656
-44.2630703758674,56.2498440853836
-44.2630703758674,56.2805817903017
-44.2630703758674,56.3113194952197
-44.2630703758674,56.3420572001377
-44.2630703758674,56.3727949050557
-44.2630703758674,56.4035326099738
-44.2630703758674,56.4342703148918
-44.2630703758674,56.4650080198098
-44.2630703758674,56.4957457247278
-44.2630703758674,56.5264834296459
-44.2630703758674,56.5572211345639
-44.2630703758674,56.5879588394819
-44.2630703758674,56.6186965443999
-44.2630703758674,56.649434249318
-44.2630703758674,56.680171954236
-44.2630703758674,56.710909659154
-44.2630703758674,56.741647364072
-44.2630703758674,56.7723850689901
-44.2630703758674,56.8031227739081
-44.2630703758674,56.8338604788261
-44.2630703758674,56.8645981837441
-44.2630703758674,56.8953358886622
-44.2630703758674,56.9260735935802
-44.2630703758674,56.9568112984982
-44.2630703758674,56.9875490034162
-44.2630703758674,57.0182867083343
-44.2630703758674,57.0490244132523
-44.2630703758674,57.0797621181703
-44.2630703758674,57.1104998230883
-44.2630703758674,57.1412375280064
-44.2630703758674,57.1719752329244
-44.2630703758674,57.2027129378424
-44.2630703758674,57.2334506427604
-44.2630703758674,57.2641883476785
-44.2630703758674,57.2949260525965
-44.2630703758674,57.3256637575145
-44.2630703758674,57.3564014624325
-44.2630703758674,57.3871391673506
-44.2630703758674,57.4178768722686
-44.2630703758674,57.4486145771866
-44.2630703758674,57.4793522821046
-44.2630703758674,57.5100899870227
-44.2630703758674,57.5408276919407
-44.2630703758674,57.5715653968587
-44.2630703758674,57.6023031017767
-44.2630703758674,57.6330408066948
-44.2630703758674,57.6637785116128
-44.2630703758674,57.6945162165308
-44.2630703758674,57.7252539214488
-44.2630703758674,57.7559916263669
-44.2630703758674,57.7867293312849
-44.2630703758674,57.8174670362029
-44.2630703758674,57.8482047411209
-44.2630703758674,57.878942446039
-44.2630703758674,57.909680150957
-44.2630703758674,57.940417855875
-44.2630703758674,57.971155560793
-44.2630703758674,58.0018932657111
-44.2630703758674,58.0326309706291
-44.2630703758674,58.0633686755471
-44.2630703758674,58.0941063804651
-44.2630703758674,58.1248440853832
-44.2630703758674,58.1555817903012
-44.2630703758674,58.1863194952192
-44.2630703758674,58.2170572001372
-44.2630703758674,58.2477949050553
-44.2630703758674,58.2785326099733
-44.2630703758674,58.3092703148913
-44.2630703758674,58.3400080198093
-44.2630703758674,58.3707457247273
-44.2630703758674,58.4014834296454
-44.2630703758674,58.4322211345634
-44.2630703758674,58.4629588394814
-44.2630703758674,58.4936965443994
-44.2630703758674,58.5244342493175
-44.2630703758674,58.5551719542355
-44.2630703758674,58.5859096591535
-44.2630703758674,58.6166473640715
-44.2630703758674,58.6473850689896
-44.2630703758674,58.6781227739076
-44.2630703758674,58.7088604788256
-44.2630703758674,58.7395981837436
-44.2630703758674,58.7703358886617
-44.2630703758674,58.8010735935797
-44.2630703758674,58.8318112984977
-44.2630703758674,58.8625490034157
-44.2630703758674,58.8932867083338
-44.2630703758674,58.9240244132518
-44.2630703758674,58.9547621181698
-44.2630703758674,58.9854998230878
-44.2630703758674,59.0162375280059
-44.2630703758674,59.0469752329239
-44.2630703758674,59.0777129378419
-44.2630703758674,59.1084506427599
-44.2630703758674,59.139188347678
-44.2630703758674,59.169926052596
-44.2630703758674,59.200663757514
-44.2630703758674,59.231401462432
-44.2630703758674,59.2621391673501
-44.2630703758674,59.2928768722681
-44.2630703758674,59.3236145771861
-44.2630703758674,59.3543522821041
-44.2630703758674,59.3850899870222
-44.2630703758674,59.4158276919402
-44.2630703758674,59.4465653968582
-44.2630703758674,59.4773031017762
-44.2630703758674,59.5080408066943
-44.2630703758674,59.5387785116123
-44.2630703758674,59.5695162165303
-44.2630703758674,59.6002539214483
-44.2630703758674,59.6309916263664
-44.2630703758674,59.6617293312844
-44.2630703758674,59.6924670362024
-44.2630703758674,59.7232047411204
-44.2630703758674,59.7539424460385
-44.2630703758674,59.7846801509565
-44.2630703758674,59.8154178558745
-44.2630703758674,59.8461555607925
-44.2630703758674,59.8768932657106
-44.2630703758674,59.9076309706286
-44.2630703758674,59.9383686755466
-44.2630703758674,59.9691063804646
-44.2630703758674,59.9998440853827
-44.2630703758674,60.0305817903007
-44.2630703758674,60.0613194952187
-44.2630703758674,60.0920572001367
-44.2630703758674,60.1227949050548
-44.2630703758674,60.1535326099728
-44.2630703758674,60.1842703148908
-44.2630703758674,60.2150080198088
-44.2630703758674,60.2457457247269
-44.2630703758674,60.2764834296449
-44.2630703758674,60.3072211345629
-44.2630703758674,60.3379588394809
-44.2630703758674,60.368696544399
-44.2630703758674,60.399434249317
-44.2630703758674,60.430171954235
-44.2630703758674,60.460909659153
-44.2630703758674,60.491647364071
-44.2630703758674,60.5223850689891
-44.2630703758674,60.5531227739071
-44.2630703758674,60.5838604788251
-44.2630703758674,60.6145981837431
-44.2630703758674,60.6453358886612
-44.2630703758674,60.6760735935792
-44.2630703758674,60.7068112984972
-44.2630703758674,60.7375490034152
-44.2630703758674,60.7682867083333
-44.2630703758674,60.7990244132513
-44.2630703758674,60.8297621181693
-44.2630703758674,60.8604998230873
-44.2630703758674,60.8912375280054
-44.2630703758674,60.9219752329234
-44.2630703758674,60.9527129378414
-44.2630703758674,60.9834506427594
-44.2630703758674,61.0141883476775
-44.2630703758674,61.0449260525955
-44.2630703758674,61.0756637575135
-44.2630703758674,61.1064014624315
-44.2630703758674,61.1371391673496
-44.2630703758674,61.1678768722676
-44.2630703758674,61.1986145771856
-44.2630703758674,61.2293522821036
-44.2630703758674,61.2600899870217
-44.2630703758674,61.2908276919397
-44.2630703758674,61.3215653968577
-44.2630703758674,61.3523031017757
-44.2630703758674,61.3830408066938
-44.2630703758674,61.4137785116118
-44.2630703758674,61.4445162165298
-44.2630703758674,61.4752539214478
-44.2630703758674,61.5059916263659
-44.2630703758674,61.5367293312839
-44.2630703758674,61.5674670362019
-44.2630703758674,61.5982047411199
-44.2630703758674,61.628942446038
-44.2630703758674,61.659680150956
-44.2630703758674,61.690417855874
-44.2630703758674,61.721155560792
-44.2630703758674,61.7518932657101
-44.2630703758674,61.7826309706281
-44.2630703758674,61.8133686755461
-44.2630703758674,61.8441063804641
-44.2630703758674,61.8748440853822
-44.2630703758674,61.9055817903002
-44.2630703758674,61.9363194952182
-44.2630703758674,61.9670572001362
-44.2630703758674,61.9977949050543
-44.2630703758674,62.0285326099723
-44.2630703758674,62.0592703148903
-44.2630703758674,62.0900080198083
-44.2630703758674,62.1207457247264
-44.2630703758674,62.1514834296444
-44.2630703758674,62.1822211345624
-44.2630703758674,62.2129588394804
-44.2630703758674,62.2436965443985
-44.2630703758674,62.2744342493165
-44.2630703758674,62.3051719542345
-44.2630703758674,62.3359096591525
-44.2630703758674,62.3666473640706
-44.2630703758674,62.3973850689886
-44.2630703758674,62.4281227739066
-44.2630703758674,62.4588604788246
-44.2630703758674,62.4895981837427
-44.2630703758674,62.5203358886607
-44.2630703758674,62.5510735935787
-44.2630703758674,62.5818112984967
-44.2630703758674,62.6125490034147
-44.2630703758674,62.6432867083328
-44.2630703758674,62.6740244132508
-44.2630703758674,62.7047621181688
-44.2630703758674,62.7354998230868
-44.2630703758674,62.7662375280049
-44.2630703758674,62.7969752329229
-44.2630703758674,62.8277129378409
-44.2630703758674,62.8584506427589
-44.2630703758674,62.889188347677
-44.2630703758674,62.919926052595
-44.2630703758674,62.950663757513
-44.2630703758674,62.981401462431
-44.2630703758674,63.0121391673491
-44.2630703758674,63.0428768722671
-44.2630703758674,63.0736145771851
-44.2630703758674,63.1043522821031
-44.2630703758674,63.1350899870212
-44.2630703758674,63.1658276919392
-44.2630703758674,63.1965653968572
-44.2630703758674,63.2273031017752
-44.2630703758674,63.2580408066933
-44.2630703758674,63.2887785116113
-44.2630703758674,63.3195162165293
-44.2630703758674,63.3502539214473
-44.2630703758674,63.3809916263654
-44.2630703758674,63.4117293312834
-44.2630703758674,63.4424670362014
-44.2630703758674,63.4732047411194
-44.2630703758674,63.5039424460375
-44.2630703758674,63.5346801509555
-44.2630703758674,63.5654178558735
-44.2630703758674,63.5961555607915
-44.2630703758674,63.6268932657096
-44.2630703758674,63.6576309706276
-44.2630703758674,63.6883686755456
-44.2630703758674,63.7191063804636
-44.2630703758674,63.7498440853817
-44.2630703758674,63.7805817902997
-44.2630703758674,63.8113194952177
-44.2630703758674,63.8420572001357
-44.2630703758674,63.8727949050538
-44.2630703758674,63.9035326099718
-44.2630703758674,63.9342703148898
-44.2630703758674,63.9650080198078
-44.2630703758674,63.9957457247259
-44.2630703758674,64.0264834296439
-44.2630703758674,64.0572211345619
-44.2630703758674,64.0879588394799
-44.2630703758674,64.118696544398
-44.2630703758674,64.149434249316
-44.2630703758674,64.180171954234
-44.2630703758674,64.210909659152
-44.2630703758674,64.2416473640701
-44.2630703758674,64.2723850689881
-44.2630703758674,64.3031227739061
-44.2630703758674,64.3338604788241
-44.2630703758674,64.3645981837422
-44.2630703758674,64.3953358886602
-44.2630703758674,64.4260735935782
-44.2630703758674,64.4568112984962
-44.2630703758674,64.4875490034143
-44.2630703758674,64.5182867083323
-44.2630703758674,64.5490244132503
-44.2630703758674,64.5797621181683
-44.2630703758674,64.6104998230864
-44.2630703758674,64.6412375280044
-44.2630703758674,64.6719752329224
-44.2630703758674,64.7027129378404
-44.2630703758674,64.7334506427585
-44.2630703758674,64.7641883476765
-44.2630703758674,64.7949260525945
-44.2630703758674,64.8256637575125
-44.2630703758674,64.8564014624306
-44.2630703758674,64.8871391673486
-44.2630703758674,64.9178768722666
-44.2630703758674,64.9486145771846
-44.2630703758674,64.9793522821027
-44.2630703758674,65.0100899870207
-44.2630703758674,65.0408276919387
-44.2630703758674,65.0715653968567
-44.2630703758674,65.1023031017748
-44.2630703758674,65.1330408066928
-44.2630703758674,65.1637785116108
-44.2630703758674,65.1945162165288
-44.2630703758674,65.2252539214468
-44.2630703758674,65.2559916263649
-44.2630703758674,65.2867293312829
-44.2630703758674,65.3174670362009
-44.2630703758674,65.3482047411189
-44.2630703758674,65.378942446037
-44.2630703758674,65.409680150955
-44.2630703758674,65.440417855873
-44.2630703758674,65.471155560791
-44.2630703758674,65.5018932657091
-44.2630703758674,65.5326309706271
-44.2630703758674,65.5633686755451
-44.2630703758674,65.5941063804631
-44.2630703758674,65.6248440853812
-44.2630703758674,65.6555817902992
-44.2630703758674,65.6863194952172
-44.2630703758674,65.7170572001352
-44.2630703758674,65.7477949050533
-44.2630703758674,65.7785326099713
-44.2630703758674,65.8092703148893
-44.2630703758674,65.8400080198073
-44.2630703758674,65.8707457247254
-44.2630703758674,65.9014834296434
-44.2630703758674,65.9322211345614
-44.2630703758674,65.9629588394794
-44.2630703758674,65.9936965443975
-44.2630703758674,66.0244342493155
-44.2630703758674,66.0551719542335
-44.2630703758674,66.0859096591515
-44.2630703758674,66.1166473640696
-44.2630703758674,66.1473850689876
-44.2630703758674,66.1781227739056
-44.2630703758674,66.2088604788236
-44.2630703758674,66.2395981837417
-44.2630703758674,66.2703358886597
-44.2630703758674,66.3010735935777
-44.2630703758674,66.3318112984957
-44.2630703758674,66.3625490034138
-44.2630703758674,66.3932867083318
-44.2630703758674,66.4240244132498
-44.2630703758674,66.4547621181678
-44.2630703758674,66.4854998230859
-44.2630703758674,66.5162375280039
-44.2630703758674,66.5469752329219
-44.2630703758674,66.5777129378399
-44.2630703758674,66.608450642758
-44.2630703758674,66.639188347676
-44.2630703758674,66.669926052594
-44.2630703758674,66.700663757512
-44.2630703758674,66.7314014624301
-44.2630703758674,66.7621391673481
-44.2630703758674,66.7928768722661
-44.2630703758674,66.8236145771841
-44.2630703758674,66.8543522821022
-44.2630703758674,66.8850899870202
-44.2630703758674,66.9158276919382
-44.2630703758674,66.9465653968562
-44.2630703758674,66.9773031017743
-44.2630703758674,67.0080408066923
-44.2630703758674,67.0387785116103
-44.2630703758674,67.0695162165283
-44.2630703758674,67.1002539214464
-44.2630703758674,67.1309916263644
-44.2630703758674,67.1617293312824
-44.2630703758674,67.1924670362004
-44.2630703758674,67.2232047411185
-44.2630703758674,67.2539424460365
-44.2630703758674,67.2846801509545
-44.2630703758674,67.3154178558725
-44.2630703758674,67.3461555607905
-44.2630703758674,67.3768932657086
-44.2630703758674,67.4076309706266
-44.2630703758674,67.4383686755446
-44.2630703758674,67.4691063804626
-44.2630703758674,67.4998440853807
-44.2630703758674,67.5305817902987
-44.2630703758674,67.5613194952167
-44.2630703758674,67.5920572001347
-44.2630703758674,67.6227949050528
-44.2630703758674,67.6535326099708
-44.2630703758674,67.6842703148888
-44.2630703758674,67.7150080198068
-44.2630703758674,67.7457457247249
-44.2630703758674,67.7764834296429
-44.2630703758674,67.8072211345609
-44.2630703758674,67.8379588394789
-44.2630703758674,67.868696544397
-44.2630703758674,67.899434249315
-44.2630703758674,67.930171954233
-44.2630703758674,67.960909659151
-44.2630703758674,67.9916473640691
-44.2630703758674,68.0223850689871
-44.2630703758674,68.0531227739051
-44.2630703758674,68.0838604788231
-44.2630703758674,68.1145981837412
-44.2630703758674,68.1453358886592
-44.2630703758674,68.1760735935772
-44.2630703758674,68.2068112984952
-44.2630703758674,68.2375490034133
-44.2630703758674,68.2682867083313
-44.2630703758674,68.2990244132493
-44.2630703758674,68.3297621181673
-44.2630703758674,68.3604998230854
-44.2630703758674,68.3912375280034
-44.2630703758674,68.4219752329214
-44.2630703758674,68.4527129378394
-44.2630703758674,68.4834506427575
-44.2630703758674,68.5141883476755
-44.2630703758674,68.5449260525935
-44.2630703758674,68.5756637575115
-44.2630703758674,68.6064014624296
-44.2630703758674,68.6371391673476
-44.2630703758674,68.6678768722656
-44.2630703758674,68.6986145771836
-44.2630703758674,68.7293522821017
-44.2630703758674,68.7600899870197
-44.2630703758674,68.7908276919377
-44.2630703758674,68.8215653968557
-44.2630703758674,68.8523031017738
-44.2630703758674,68.8830408066918
-44.2630703758674,68.9137785116098
-44.2630703758674,68.9445162165278
-44.2630703758674,68.9752539214459
-44.2630703758674,69.0059916263639
-44.2630703758674,69.0367293312819
-44.2630703758674,69.0674670361999
-44.2630703758674,69.098204741118
-44.2630703758674,69.128942446036
-44.2630703758674,69.159680150954
-44.2630703758674,69.190417855872
-44.2630703758674,69.2211555607901
-44.2630703758674,69.2518932657081
-44.2630703758674,69.2826309706261
-44.2630703758674,69.3133686755441
-44.2630703758674,69.3441063804622
-44.2630703758674,69.3748440853802
-44.2630703758674,69.4055817902982
-44.2630703758674,69.4363194952162
-44.2630703758674,69.4670572001342
-44.2630703758674,69.4977949050523
-44.2630703758674,69.5285326099703
-44.2630703758674,69.5592703148883
-44.2630703758674,69.5900080198063
-44.2630703758674,69.6207457247244
-44.2630703758674,69.6514834296424
-44.2630703758674,69.6822211345604
-44.2630703758674,69.7129588394784
-44.2630703758674,69.7436965443965
-44.2630703758674,69.7744342493145
-44.2630703758674,69.8051719542325
-44.2630703758674,69.8359096591505
-44.2630703758674,69.8666473640686
-44.2630703758674,69.8973850689866
-44.2630703758674,69.9281227739046
-44.2630703758674,69.9588604788226
-44.2630703758674,69.9895981837407
-44.2630703758674,70.0203358886587
-44.2630703758674,70.0510735935767
-44.2630703758674,70.0818112984947
-44.2630703758674,70.1125490034128
-44.2630703758674,70.1432867083308
-44.2630703758674,70.1740244132488
-44.2630703758674,70.2047621181668
-44.2630703758674,70.2354998230849
-44.2630703758674,70.2662375280029
-44.2630703758674,70.2969752329209
-44.2630703758674,70.3277129378389
-44.2630703758674,70.358450642757
-44.2630703758674,70.389188347675
-44.2630703758674,70.419926052593
-44.2630703758674,70.450663757511
-44.2630703758674,70.4814014624291
-44.2630703758674,70.5121391673471
-44.2630703758674,70.5428768722651
-44.2630703758674,70.5736145771831
-44.2630703758674,70.6043522821012
-44.2630703758674,70.6350899870192
-44.2630703758674,70.6658276919372
-44.2630703758674,70.6965653968552
-44.2630703758674,70.7273031017733
-44.2630703758674,70.7580408066913
-44.2630703758674,70.7887785116093
-44.2630703758674,70.8195162165273
-44.2630703758674,70.8502539214454
-44.2630703758674,70.8809916263634
-44.2630703758674,70.9117293312814
-44.2630703758674,70.9424670361994
-44.2630703758674,70.9732047411175
-44.2630703758674,71.0039424460355
-44.2630703758674,71.0346801509535
-44.2630703758674,71.0654178558715
-44.2630703758674,71.0961555607896
-44.2630703758674,71.1268932657076
-44.2630703758674,71.1576309706256
-44.2630703758674,71.1883686755436
-44.2630703758674,71.2191063804617
-44.2630703758674,71.2498440853797
-44.2630703758674,71.2805817902977
-44.2630703758674,71.3113194952157
-44.2630703758674,71.3420572001338
-44.2630703758674,71.3727949050518
-44.2630703758674,71.4035326099698
-44.2630703758674,71.4342703148878
-44.2630703758674,71.4650080198059
-44.2630703758674,71.4957457247239
-44.2630703758674,71.5264834296419
-44.2630703758674,71.5572211345599
-44.2630703758674,71.5879588394779
-44.2630703758674,71.618696544396
-44.2630703758674,71.649434249314
-44.2630703758674,71.680171954232
-44.2630703758674,71.71090965915
-44.2630703758674,71.7416473640681
-44.2630703758674,71.7723850689861
-44.2630703758674,71.8031227739041
-44.2630703758674,71.8338604788221
-44.2630703758674,71.8645981837402
-44.2630703758674,71.8953358886582
-44.2630703758674,71.9260735935762
-44.2630703758674,71.9568112984942
-44.2630703758674,71.9875490034123
-44.2630703758674,72.0182867083303
-44.2630703758674,72.0490244132483
-44.2630703758674,72.0797621181663
-44.2630703758674,72.1104998230844
-44.2630703758674,72.1412375280024
-44.2630703758674,72.1719752329204
-44.2630703758674,72.2027129378384
-44.2630703758674,72.2334506427565
-44.2630703758674,72.2641883476745
-44.2630703758674,72.2949260525925
-44.2630703758674,72.3256637575105
-44.2630703758674,72.3564014624286
-44.2630703758674,72.3871391673466
-44.2630703758674,72.4178768722646
-44.2630703758674,72.4486145771826
-44.2630703758674,72.4793522821007
-44.2630703758674,72.5100899870187
-44.2630703758674,72.5408276919367
-44.2630703758674,72.5715653968547
-44.2630703758674,72.6023031017728
-44.2630703758674,72.6330408066908
-44.2630703758674,72.6637785116088
-44.2630703758674,72.6945162165268
-44.2630703758674,72.7252539214449
-44.2630703758674,72.7559916263629
-44.2630703758674,72.7867293312809
-44.2630703758674,72.8174670361989
-44.2630703758674,72.848204741117
-44.2630703758674,72.878942446035
-44.2630703758674,72.909680150953
-44.2630703758674,72.940417855871
-44.2630703758674,72.9711555607891
-44.2630703758674,73.0018932657071
-44.2630703758674,73.0326309706251
-44.2630703758674,73.0633686755431
-44.2630703758674,73.0941063804612
-44.2630703758674,73.1248440853792
-44.2630703758674,73.1555817902972
-44.2630703758674,73.1863194952152
-44.2630703758674,73.2170572001333
-44.2630703758674,73.2477949050513
-44.2630703758674,73.2785326099693
-44.2630703758674,73.3092703148873
-44.2630703758674,73.3400080198054
-44.2630703758674,73.3707457247234
-44.2630703758674,73.4014834296414
-44.2630703758674,73.4322211345594
-44.2630703758674,73.4629588394775
-44.2630703758674,73.4936965443955
-44.2630703758674,73.5244342493135
-44.2630703758674,73.5551719542315
-44.2630703758674,73.5859096591496
-44.2630703758674,73.6166473640676
-44.2630703758674,73.6473850689856
-44.2630703758674,73.6781227739036
-44.2630703758674,73.7088604788216
-44.2630703758674,73.7395981837397
-44.2630703758674,73.7703358886577
-44.2630703758674,73.8010735935757
-44.2630703758674,73.8318112984937
-44.2630703758674,73.8625490034118
-44.2630703758674,73.8932867083298
-44.2630703758674,73.9240244132478
-44.2630703758674,73.9547621181658
-44.2630703758674,73.9854998230839
-44.2630703758674,74.0162375280019
-44.2630703758674,74.0469752329199
-44.2630703758674,74.0777129378379
-44.2630703758674,74.108450642756
-44.2630703758674,74.139188347674
-44.2630703758674,74.169926052592
-44.2630703758674,74.20066375751
-44.2630703758674,74.2314014624281
-44.2630703758674,74.2621391673461
-44.2630703758674,74.2928768722641
-44.2630703758674,74.3236145771821
-44.2630703758674,74.3543522821002
-44.2630703758674,74.3850899870182
-44.2630703758674,74.4158276919362
-44.2630703758674,74.4465653968542
-44.2630703758674,74.4773031017723
-44.2630703758674,74.5080408066903
-44.2630703758674,74.5387785116083
-44.2630703758674,74.5695162165263
-44.2630703758674,74.6002539214444
-44.2630703758674,74.6309916263624
-44.2630703758674,74.6617293312804
-44.2630703758674,74.6924670361984
-44.2630703758674,74.7232047411165
-44.2630703758674,74.7539424460345
-44.2630703758674,74.7846801509525
-44.2630703758674,74.8154178558705
-44.2630703758674,74.8461555607886
-44.2630703758674,74.8768932657066
-44.2630703758674,74.9076309706246
-44.2630703758674,74.9383686755426
-44.2630703758674,74.9691063804607
-44.2630703758674,74.9998440853787
-44.2630703758674,75.0305817902967
-44.2630703758674,75.0613194952147
-44.2630703758674,75.0920572001328
-44.2630703758674,75.1227949050508
-44.2630703758674,75.1535326099688
-44.2630703758674,75.1842703148868
-44.2630703758674,75.2150080198049
-44.2630703758674,75.2457457247229
-44.2630703758674,75.2764834296409
-44.2630703758674,75.3072211345589
-44.2630703758674,75.337958839477
-44.2630703758674,75.368696544395
-44.2630703758674,75.399434249313
-44.2630703758674,75.430171954231
-44.2630703758674,75.4609096591491
-44.2630703758674,75.4916473640671
-44.2630703758674,75.5223850689851
-44.2630703758674,75.5531227739031
-44.2630703758674,75.5838604788212
-44.2630703758674,75.6145981837392
-44.2630703758674,75.6453358886572
-44.2630703758674,75.6760735935752
-44.2630703758674,75.7068112984932
-44.2630703758674,75.7375490034113
-44.2630703758674,75.7682867083293
-44.2630703758674,75.7990244132473
-44.2630703758674,75.8297621181653
-44.2630703758674,75.8604998230834
-44.2630703758674,75.8912375280014
-44.2630703758674,75.9219752329194
-44.2630703758674,75.9527129378374
-44.2630703758674,75.9834506427555
-44.2630703758674,76.0141883476735
-44.2630703758674,76.0449260525915
-44.2630703758674,76.0756637575095
-44.2630703758674,76.1064014624276
-44.2630703758674,76.1371391673456
-44.2630703758674,76.1678768722636
-44.2630703758674,76.1986145771816
-44.2630703758674,76.2293522820997
-44.2630703758674,76.2600899870177
-44.2630703758674,76.2908276919357
-44.2630703758674,76.3215653968537
-44.2630703758674,76.3523031017718
-44.2630703758674,76.3830408066898
-44.2630703758674,76.4137785116078
-44.2630703758674,76.4445162165258
-44.2630703758674,76.4752539214439
-44.2630703758674,76.5059916263619
-44.2630703758674,76.5367293312799
-44.2630703758674,76.5674670361979
-44.2630703758674,76.598204741116
-44.2630703758674,76.628942446034
-44.2630703758674,76.659680150952
-44.2630703758674,76.69041785587
-44.2630703758674,76.7211555607881
-44.2630703758674,76.7518932657061
-44.2630703758674,76.7826309706241
-44.2630703758674,76.8133686755421
-44.2630703758674,76.8441063804602
-44.2630703758674,76.8748440853782
-44.2630703758674,76.9055817902962
-44.2630703758674,76.9363194952142
-44.2630703758674,76.9670572001323
-44.2630703758674,76.9977949050503
-44.2630703758674,77.0285326099683
-44.2630703758674,77.0592703148863
-44.2630703758674,77.0900080198044
-44.2630703758674,77.1207457247224
-44.2630703758674,77.1514834296404
-44.2630703758674,77.1822211345584
-44.2630703758674,77.2129588394765
-44.2630703758674,77.2436965443945
-44.2630703758674,77.2744342493125
-44.2630703758674,77.3051719542305
-44.2630703758674,77.3359096591486
-44.2630703758674,77.3666473640666
-44.2630703758674,77.3973850689846
-44.2630703758674,77.4281227739026
-44.2630703758674,77.4588604788207
-44.2630703758674,77.4895981837387
-44.2630703758674,77.5203358886567
-44.2630703758674,77.5510735935747
-44.2630703758674,77.5818112984928
-44.2630703758674,77.6125490034108
-44.2630703758674,77.6432867083288
-44.2630703758674,77.6740244132468
-44.2630703758674,77.7047621181649
-44.2630703758674,77.7354998230829
-44.2630703758674,77.7662375280009
-44.2630703758674,77.7969752329189
-44.2630703758674,77.8277129378369
-44.2630703758674,77.858450642755
-44.2630703758674,77.889188347673
-44.2630703758674,77.919926052591
-44.2630703758674,77.950663757509
-44.2630703758674,77.9814014624271
-44.2630703758674,78.0121391673451
-44.2630703758674,78.0428768722631
-44.2630703758674,78.0736145771811
-44.2630703758674,78.1043522820992
-44.2630703758674,78.1350899870172
-44.2630703758674,78.1658276919352
-44.2630703758674,78.1965653968532
-44.2630703758674,78.2273031017713
-44.2630703758674,78.2580408066893
-44.2630703758674,78.2887785116073
-44.2630703758674,78.3195162165253
-44.2630703758674,78.3502539214434
-44.2630703758674,78.3809916263614
-44.2630703758674,78.4117293312794
-44.2630703758674,78.4424670361974
-44.2630703758674,78.4732047411155
-44.2630703758674,78.5039424460335
-44.2630703758674,78.5346801509515
-44.2630703758674,78.5654178558695
-44.2630703758674,78.5961555607876
-44.2630703758674,78.6268932657056
-44.2630703758674,78.6576309706236
-44.2630703758674,78.6883686755416
-44.2630703758674,78.7191063804597
-44.2630703758674,78.7498440853777
-44.2630703758674,78.7805817902957
-44.2630703758674,78.8113194952137
-44.2630703758674,78.8420572001318
-44.2630703758674,78.8727949050498
-44.2630703758674,78.9035326099678
-44.2630703758674,78.9342703148858
-44.2630703758674,78.9650080198039
-44.2630703758674,78.9957457247219
-44.2630703758674,79.0264834296399
-44.2630703758674,79.0572211345579
-44.2630703758674,79.087958839476
-44.2630703758674,79.118696544394
-44.2630703758674,79.149434249312
-44.2630703758674,79.18017195423
-44.2630703758674,79.2109096591481
-44.2630703758674,79.2416473640661
-44.2630703758674,79.2723850689841
-44.2630703758674,79.3031227739021
-44.2630703758674,79.3338604788202
-44.2630703758674,79.3645981837382
-44.2630703758674,79.3953358886562
-44.2630703758674,79.4260735935742
-44.2630703758674,79.4568112984923
-44.2630703758674,79.4875490034103
-44.2630703758674,79.5182867083283
-44.2630703758674,79.5490244132463
-44.2630703758674,79.5797621181644
-44.2630703758674,79.6104998230824
-44.2630703758674,79.6412375280004
-44.2630703758674,79.6719752329184
-44.2630703758674,79.7027129378365
-44.2630703758674,79.7334506427545
-44.2630703758674,79.7641883476725
-44.2630703758674,79.7949260525905
-44.2630703758674,79.8256637575086
-44.2630703758674,79.8564014624266
-44.2630703758674,79.8871391673446
-44.2630703758674,79.9178768722626
-44.2630703758674,79.9486145771806
-44.2630703758674,79.9793522820987
-44.2630703758674,80.0100899870167
-44.2630703758674,80.0408276919347
-44.2630703758674,80.0715653968527
-44.2630703758674,80.1023031017708
-44.2630703758674,80.1330408066888
-44.2630703758674,80.1637785116068
-44.2630703758674,80.1945162165248
-44.2630703758674,80.2252539214429
-44.2630703758674,80.2559916263609
-44.2630703758674,80.2867293312789
-44.2630703758674,80.3174670361969
-44.2630703758674,80.348204741115
-44.2630703758674,80.378942446033
-44.2630703758674,80.409680150951
-44.2630703758674,80.440417855869
-44.2630703758674,80.4711555607871
-44.2630703758674,80.5018932657051
-44.2630703758674,80.5326309706231
-44.2630703758674,80.5633686755411
-44.2630703758674,80.5941063804592
-44.2630703758674,80.6248440853772
-44.2630703758674,80.6555817902952
-44.2630703758674,80.6863194952132
-44.2630703758674,80.7170572001313
-44.2630703758674,80.7477949050493
-44.2630703758674,80.7785326099673
-44.2630703758674,80.8092703148853
-44.2630703758674,80.8400080198034
-44.2630703758674,80.8707457247214
-44.2630703758674,80.9014834296394
-44.2630703758674,80.9322211345574
-44.2630703758674,80.9629588394755
-44.2630703758674,80.9936965443935
-44.2630703758674,81.0244342493115
-44.2630703758674,81.0551719542295
-44.2630703758674,81.0859096591476
-44.2630703758674,81.1166473640656
-44.2630703758674,81.1473850689836
-44.2630703758674,81.1781227739016
-44.2630703758674,81.2088604788197
-44.2630703758674,81.2395981837377
-44.2630703758674,81.2703358886557
-44.2630703758674,81.3010735935737
-44.2630703758674,81.3318112984918
-44.2630703758674,81.3625490034098
-44.2630703758674,81.3932867083278
-44.2630703758674,81.4240244132458
-44.2630703758674,81.4547621181639
-44.2630703758674,81.4854998230819
-44.2630703758674,81.5162375279999
-44.2630703758674,81.5469752329179
-44.2630703758674,81.577712937836
-44.2630703758674,81.608450642754
-44.2630703758674,81.639188347672
-44.2630703758674,81.66992605259
-44.2630703758674,81.7006637575081
-44.2630703758674,81.7314014624261
-44.2630703758674,81.7621391673441
-44.2630703758674,81.7928768722621
-44.2630703758674,81.8236145771802
-44.2630703758674,81.8543522820982
-44.2630703758674,81.8850899870162
-44.2630703758674,81.9158276919342
-44.2630703758674,81.9465653968523
-44.2630703758674,81.9773031017703
-44.2630703758674,82.0080408066883
-44.2630703758674,82.0387785116063
-44.2630703758674,82.0695162165243
-44.2630703758674,82.1002539214424
-44.2630703758674,82.1309916263604
-44.2630703758674,82.1617293312784
-44.2630703758674,82.1924670361964
-44.2630703758674,82.2232047411145
-44.2630703758674,82.2539424460325
-44.2630703758674,82.2846801509505
-44.2630703758674,82.3154178558685
-44.2630703758674,82.3461555607866
-44.2630703758674,82.3768932657046
-44.2630703758674,82.4076309706226
-44.2630703758674,82.4383686755406
-44.2630703758674,82.4691063804587
-44.2630703758674,82.4998440853767
-44.2630703758674,82.5305817902947
-44.2630703758674,82.5613194952127
-44.2630703758674,82.5920572001308
-44.2630703758674,82.6227949050488
-44.2630703758674,82.6535326099668
-44.2630703758674,82.6842703148848
-44.2630703758674,82.7150080198029
-44.2630703758674,82.7457457247209
-44.2630703758674,82.7764834296389
-44.2630703758674,82.8072211345569
-44.2630703758674,82.837958839475
-44.2630703758674,82.868696544393
-44.2630703758674,82.899434249311
-44.2630703758674,82.930171954229
-44.2630703758674,82.9609096591471
-44.2630703758674,82.9916473640651
-44.2630703758674,83.0223850689831
-44.2630703758674,83.0531227739011
-44.2630703758674,83.0838604788192
-44.2630703758674,83.1145981837372
-44.2630703758674,83.1453358886552
-44.2630703758674,83.1760735935732
-44.2630703758674,83.2068112984913
-44.2630703758674,83.2375490034093
-44.2630703758674,83.2682867083273
-44.2630703758674,83.2990244132453
-44.2630703758674,83.3297621181634
-44.2630703758674,83.3604998230814
-44.2630703758674,83.3912375279994
-44.2630703758674,83.4219752329174
-44.2630703758674,83.4527129378355
-44.2630703758674,83.4834506427535
-44.2630703758674,83.5141883476715
-44.2630703758674,83.5449260525895
-44.2630703758674,83.5756637575076
-44.2630703758674,83.6064014624256
-44.2630703758674,83.6371391673436
-44.2630703758674,83.6678768722616
-44.2630703758674,83.6986145771797
-44.2630703758674,83.7293522820977
-44.2630703758674,83.7600899870157
-44.2630703758674,83.7908276919337
-44.2630703758674,83.8215653968518
-44.2630703758674,83.8523031017698
-44.2630703758674,83.8830408066878
-44.2630703758674,83.9137785116058
-44.2630703758674,83.9445162165239
-44.2630703758674,83.9752539214419
-44.2630703758674,84.0059916263599
-44.2630703758674,84.0367293312779
-44.2630703758674,84.0674670361959
-44.2630703758674,84.098204741114
-44.2630703758674,84.128942446032
-44.2630703758674,84.15968015095
-44.2630703758674,84.190417855868
-44.2630703758674,84.2211555607861
-44.2630703758674,84.2518932657041
-44.2630703758674,84.2826309706221
-44.2630703758674,84.3133686755401
-44.2630703758674,84.3441063804582
-44.2630703758674,84.3748440853762
-44.2630703758674,84.4055817902942
-44.2630703758674,84.4363194952122
-44.2630703758674,84.4670572001303
-44.2630703758674,84.4977949050483
-44.2630703758674,84.5285326099663
-44.2630703758674,84.5592703148843
-44.2630703758674,84.5900080198024
-44.2630703758674,84.6207457247204
-44.2630703758674,84.6514834296384
-44.2630703758674,84.6822211345564
-44.2630703758674,84.7129588394745
-44.2630703758674,84.7436965443925
-44.2630703758674,84.7744342493105
-44.2630703758674,84.8051719542285
-44.2630703758674,84.8359096591466
-44.2630703758674,84.8666473640646
-44.2630703758674,84.8973850689826
-44.2630703758674,84.9281227739006
-44.2630703758674,84.9588604788187
-44.2630703758674,84.9895981837367
-44.2630703758674,85.0203358886547
-44.2630703758674,85.0510735935727
-44.2630703758674,85.0818112984908
-44.2630703758674,85.1125490034088
-44.2630703758674,85.1432867083268
-44.2630703758674,85.1740244132448
-44.2630703758674,85.2047621181629
-44.2630703758674,85.2354998230809
-44.2630703758674,85.2662375279989
-44.2630703758674,85.2969752329169
-44.2630703758674,85.327712937835
-44.2630703758674,85.358450642753
-44.2630703758674,85.389188347671
-44.2630703758674,85.419926052589
-44.2630703758674,85.4506637575071
-44.2630703758674,85.4814014624251
-44.2630703758674,85.5121391673431
-44.2630703758674,85.5428768722611
-44.2630703758674,85.5736145771792
-44.2630703758674,85.6043522820972
-44.2630703758674,85.6350899870152
-44.2630703758674,85.6658276919332
-44.2630703758674,85.6965653968513
-44.2630703758674,85.7273031017693
-44.2630703758674,85.7580408066873
-44.2630703758674,85.7887785116053
-44.2630703758674,85.8195162165234
-44.2630703758674,85.8502539214414
-44.2630703758674,85.8809916263594
-44.2630703758674,85.9117293312774
-44.2630703758674,85.9424670361955
-44.2630703758674,85.9732047411135
-44.2630703758674,86.0039424460315
-44.2630703758674,86.0346801509495
-44.2630703758674,86.0654178558676
-44.2630703758674,86.0961555607856
-44.2630703758674,86.1268932657036
-44.2630703758674,86.1576309706216
-44.2630703758674,86.1883686755396
-44.2630703758674,86.2191063804577
-44.2630703758674,86.2498440853757
-44.2630703758674,86.2805817902937
-44.2630703758674,86.3113194952117
-44.2630703758674,86.3420572001298
-44.2630703758674,86.3727949050478
-44.2630703758674,86.4035326099658
-44.2630703758674,86.4342703148838
-44.2630703758674,86.4650080198019
-44.2630703758674,86.4957457247199
-44.2630703758674,86.5264834296379
-44.2630703758674,86.5572211345559
-44.2630703758674,86.587958839474
-44.2630703758674,86.618696544392
-44.2630703758674,86.64943424931
-44.2630703758674,86.680171954228
-44.2630703758674,86.7109096591461
-44.2630703758674,86.7416473640641
-44.2630703758674,86.7723850689821
-44.2630703758674,86.8031227739001
-44.2630703758674,86.8338604788182
-44.2630703758674,86.8645981837362
-44.2630703758674,86.8953358886542
-44.2630703758674,86.9260735935722
-44.2630703758674,86.9568112984903
-44.2630703758674,86.9875490034083
-44.2630703758674,87.0182867083263
-44.2630703758674,87.0490244132443
-44.2630703758674,87.0797621181624
-44.2630703758674,87.1104998230804
-44.2630703758674,87.1412375279984
-44.2630703758674,87.1719752329164
-44.2630703758674,87.2027129378345
-44.2630703758674,87.2334506427525
-44.2630703758674,87.2641883476705
-44.2630703758674,87.2949260525885
-44.2630703758674,87.3256637575066
-44.2630703758674,87.3564014624246
-44.2630703758674,87.3871391673426
-44.2630703758674,87.4178768722606
-44.2630703758674,87.4486145771787
-44.2630703758674,87.4793522820967
-44.2630703758674,87.5100899870147
-44.2630703758674,87.5408276919327
-44.2630703758674,87.5715653968508
-44.2630703758674,87.6023031017688
-44.2630703758674,87.6330408066868
-44.2630703758674,87.6637785116048
-44.2630703758674,87.6945162165229
-44.2630703758674,87.7252539214409
-44.2630703758674,87.7559916263589
-44.2630703758674,87.7867293312769
-44.2630703758674,87.817467036195
-44.2630703758674,87.848204741113
-44.2630703758674,87.878942446031
-44.2630703758674,87.909680150949
-44.2630703758674,87.9404178558671
-44.2630703758674,87.9711555607851
-44.2630703758674,88.0018932657031
-44.2630703758674,88.0326309706211
-44.2630703758674,88.0633686755392
-44.2630703758674,88.0941063804572
-44.2630703758674,88.1248440853752
-44.2630703758674,88.1555817902932
-44.2630703758674,88.1863194952113
-44.2630703758674,88.2170572001293
-44.2630703758674,88.2477949050473
-44.2630703758674,88.2785326099653
-44.2630703758674,88.3092703148833
-44.2630703758674,88.3400080198014
-44.2630703758674,88.3707457247194
-44.2630703758674,88.4014834296374
-44.2630703758674,88.4322211345554
-44.2630703758674,88.4629588394735
-44.2630703758674,88.4936965443915
-44.2630703758674,88.5244342493095
-44.2630703758674,88.5551719542275
-44.2630703758674,88.5859096591456
-44.2630703758674,88.6166473640636
-44.2630703758674,88.6473850689816
-44.2630703758674,88.6781227738996
-44.2630703758674,88.7088604788177
-44.2630703758674,88.7395981837357
-44.2630703758674,88.7703358886537
-44.2630703758674,88.8010735935717
-44.2630703758674,88.8318112984898
-44.2630703758674,88.8625490034078
-44.2630703758674,88.8932867083258
-44.2630703758674,88.9240244132438
-44.2630703758674,88.9547621181619
-44.2630703758674,88.9854998230799
-44.2630703758674,89.0162375279979
-44.2630703758674,89.0469752329159
-44.2630703758674,89.077712937834
-44.2630703758674,89.108450642752
-44.2630703758674,89.13918834767
-44.2630703758674,89.169926052588
-44.2630703758674,89.2006637575061
-44.2630703758674,89.2314014624241
-44.2630703758674,89.2621391673421
-44.2630703758674,89.2928768722601
-44.2630703758674,89.3236145771782
-44.2630703758674,89.3543522820962
-44.2630703758674,89.3850899870142
-44.2630703758674,89.4158276919322
-44.2630703758674,89.4465653968503
-44.2630703758674,89.4773031017683
-44.2630703758674,89.5080408066863
-44.2630703758674,89.5387785116043
-44.2630703758674,89.5695162165224
-44.2630703758674,89.6002539214404
-44.2630703758674,89.6309916263584
-44.2630703758674,89.6617293312764
-44.2630703758674,89.6924670361945
-44.2630703758674,89.7232047411125
-44.2630703758674,89.7539424460305
-44.2630703758674,89.7846801509485
-44.2630703758674,89.8154178558666
-44.2630703758674,89.8461555607846
-44.2630703758674,89.8768932657026
-44.2630703758674,89.9076309706206
-44.2630703758674,89.9383686755387
-44.2630703758674,89.9691063804567
-44.2630703758674,89.9998440853747
-44.2630703758674,90.0305817902927
-44.2630703758674,90.0613194952108
-44.2630703758674,90.0920572001288
-44.2630703758674,90.1227949050468
-44.2630703758674,90.1535326099648
-44.2630703758674,90.1842703148829
-44.2630703758674,90.2150080198009
-44.2630703758674,90.2457457247189
-44.2630703758674,90.2764834296369
-44.2630703758674,90.307221134555
-44.2630703758674,90.337958839473
-44.2630703758674,90.368696544391
-44.2630703758674,90.399434249309
-44.2630703758674,90.430171954227
-44.2630703758674,90.4609096591451
-44.2630703758674,90.4916473640631
-44.2630703758674,90.5223850689811
-44.2630703758674,90.5531227738991
-44.2630703758674,90.5838604788172
-44.2630703758674,90.6145981837352
-44.2630703758674,90.6453358886532
-44.2630703758674,90.6760735935712
-44.2630703758674,90.7068112984893
-44.2630703758674,90.7375490034073
-44.2630703758674,90.7682867083253
-44.2630703758674,90.7990244132433
-44.2630703758674,90.8297621181614
-44.2630703758674,90.8604998230794
-44.2630703758674,90.8912375279974
-44.2630703758674,90.9219752329154
-44.2630703758674,90.9527129378335
-44.2630703758674,90.9834506427515
-44.2630703758674,91.0141883476695
-44.2630703758674,91.0449260525875
-44.2630703758674,91.0756637575056
-44.2630703758674,91.1064014624236
-44.2630703758674,91.1371391673416
-44.2630703758674,91.1678768722596
-44.2630703758674,91.1986145771777
-44.2630703758674,91.2293522820957
-44.2630703758674,91.2600899870137
-44.2630703758674,91.2908276919317
-44.2630703758674,91.3215653968498
-44.2630703758674,91.3523031017678
-44.2630703758674,91.3830408066858
-44.2630703758674,91.4137785116038
-44.2630703758674,91.4445162165219
-44.2630703758674,91.4752539214399
-44.2630703758674,91.5059916263579
-44.2630703758674,91.5367293312759
-44.2630703758674,91.567467036194
-44.2630703758674,91.598204741112
-44.2630703758674,91.62894244603
-44.2630703758674,91.659680150948
-44.2630703758674,91.6904178558661
-44.2630703758674,91.7211555607841
-44.2630703758674,91.7518932657021
-44.2630703758674,91.7826309706201
-44.2630703758674,91.8133686755382
-44.2630703758674,91.8441063804562
-44.2630703758674,91.8748440853742
-44.2630703758674,91.9055817902922
-44.2630703758674,91.9363194952103
-44.2630703758674,91.9670572001283
-44.2630703758674,91.9977949050463
-44.2630703758674,92.0285326099643
-44.2630703758674,92.0592703148824
-44.2630703758674,92.0900080198004
-44.2630703758674,92.1207457247184
-44.2630703758674,92.1514834296364
-44.2630703758674,92.1822211345545
-44.2630703758674,92.2129588394725
-44.2630703758674,92.2436965443905
-44.2630703758674,92.2744342493085
-44.2630703758674,92.3051719542266
-44.2630703758674,92.3359096591446
-44.2630703758674,92.3666473640626
-44.2630703758674,92.3973850689806
-44.2630703758674,92.4281227738987
-44.2630703758674,92.4588604788167
-44.2630703758674,92.4895981837347
-44.2630703758674,92.5203358886527
-44.2630703758674,92.5510735935707
-44.2630703758674,92.5818112984888
-44.2630703758674,92.6125490034068
-44.2630703758674,92.6432867083248
-44.2630703758674,92.6740244132428
-44.2630703758674,92.7047621181609
-44.2630703758674,92.7354998230789
-44.2630703758674,92.7662375279969
-44.2630703758674,92.7969752329149
-44.2630703758674,92.827712937833
-44.2630703758674,92.858450642751
-44.2630703758674,92.889188347669
-44.2630703758674,92.919926052587
-44.2630703758674,92.9506637575051
-44.2630703758674,92.9814014624231
-44.2630703758674,93.0121391673411
-44.2630703758674,93.0428768722591
-44.2630703758674,93.0736145771772
-44.2630703758674,93.1043522820952
-44.2630703758674,93.1350899870132
-44.2630703758674,93.1658276919312
-44.2630703758674,93.1965653968493
-44.2630703758674,93.2273031017673
-44.2630703758674,93.2580408066853
-44.2630703758674,93.2887785116033
-44.2630703758674,93.3195162165214
-44.2630703758674,93.3502539214394
-44.2630703758674,93.3809916263574
-44.2630703758674,93.4117293312754
-44.2630703758674,93.4424670361935
-44.2630703758674,93.4732047411115
-44.2630703758674,93.5039424460295
-44.2630703758674,93.5346801509475
-44.2630703758674,93.5654178558656
-44.2630703758674,93.5961555607836
-44.2630703758674,93.6268932657016
-44.2630703758674,93.6576309706196
-44.2630703758674,93.6883686755377
-44.2630703758674,93.7191063804557
-44.2630703758674,93.7498440853737
-44.2630703758674,93.7805817902917
-44.2630703758674,93.8113194952098
-44.2630703758674,93.8420572001278
-44.2630703758674,93.8727949050458
-44.2630703758674,93.9035326099638
-44.2630703758674,93.9342703148819
-44.2630703758674,93.9650080197999
-44.2630703758674,93.9957457247179
-44.2630703758674,94.0264834296359
-44.2630703758674,94.057221134554
-44.2630703758674,94.087958839472
-44.2630703758674,94.11869654439
-44.2630703758674,94.149434249308
-44.2630703758674,94.1801719542261
-44.2630703758674,94.2109096591441
-44.2630703758674,94.2416473640621
-44.2630703758674,94.2723850689801
-44.2630703758674,94.3031227738982
-44.2630703758674,94.3338604788162
-44.2630703758674,94.3645981837342
-44.2630703758674,94.3953358886522
-44.2630703758674,94.4260735935703
-44.2630703758674,94.4568112984883
-44.2630703758674,94.4875490034063
-44.2630703758674,94.5182867083243
-44.2630703758674,94.5490244132423
-44.2630703758674,94.5797621181604
-44.2630703758674,94.6104998230784
-44.2630703758674,94.6412375279964
-44.2630703758674,94.6719752329144
-44.2630703758674,94.7027129378325
-44.2630703758674,94.7334506427505
-44.2630703758674,94.7641883476685
-44.2630703758674,94.7949260525865
-44.2630703758674,94.8256637575046
-44.2630703758674,94.8564014624226
-44.2630703758674,94.8871391673406
-44.2630703758674,94.9178768722586
-44.2630703758674,94.9486145771767
-44.2630703758674,94.9793522820947
-44.2630703758674,95.0100899870127
-44.2630703758674,95.0408276919307
-44.2630703758674,95.0715653968488
-44.2630703758674,95.1023031017668
-44.2630703758674,95.1330408066848
-44.2630703758674,95.1637785116028
-44.2630703758674,95.1945162165209
-44.2630703758674,95.2252539214389
-44.2630703758674,95.2559916263569
-44.2630703758674,95.2867293312749
-44.2630703758674,95.317467036193
-44.2630703758674,95.348204741111
-44.2630703758674,95.378942446029
-44.2630703758674,95.409680150947
-44.2630703758674,95.4404178558651
-44.2630703758674,95.4711555607831
-44.2630703758674,95.5018932657011
-44.2630703758674,95.5326309706191
-44.2630703758674,95.5633686755372
-44.2630703758674,95.5941063804552
-44.2630703758674,95.6248440853732
-44.2630703758674,95.6555817902912
-44.2630703758674,95.6863194952093
-44.2630703758674,95.7170572001273
-44.2630703758674,95.7477949050453
-44.2630703758674,95.7785326099633
-44.2630703758674,95.8092703148814
-44.2630703758674,95.8400080197994
-44.2630703758674,95.8707457247174
-44.2630703758674,95.9014834296354
-44.2630703758674,95.9322211345535
-44.2630703758674,95.9629588394715
-44.2630703758674,95.9936965443895
-44.2630703758674,96.0244342493075
-44.2630703758674,96.0551719542256
-44.2630703758674,96.0859096591436
-44.2630703758674,96.1166473640616
-44.2630703758674,96.1473850689796
-44.2630703758674,96.1781227738977
-44.2630703758674,96.2088604788157
-44.2630703758674,96.2395981837337
-44.2630703758674,96.2703358886517
-44.2630703758674,96.3010735935698
-44.2630703758674,96.3318112984878
-44.2630703758674,96.3625490034058
-44.2630703758674,96.3932867083238
-44.2630703758674,96.4240244132419
-44.2630703758674,96.4547621181599
-44.2630703758674,96.4854998230779
-44.2630703758674,96.5162375279959
-44.2630703758674,96.546975232914
-44.2630703758674,96.577712937832
-44.2630703758674,96.60845064275
-44.2630703758674,96.639188347668
-44.2630703758674,96.669926052586
-44.2630703758674,96.7006637575041
-44.2630703758674,96.7314014624221
-44.2630703758674,96.7621391673401
-44.2630703758674,96.7928768722581
-44.2630703758674,96.8236145771762
-44.2630703758674,96.8543522820942
-44.2630703758674,96.8850899870122
-44.2630703758674,96.9158276919302
-44.2630703758674,96.9465653968483
-44.2630703758674,96.9773031017663
-44.2630703758674,97.0080408066843
-44.2630703758674,97.0387785116023
-44.2630703758674,97.0695162165204
-44.2630703758674,97.1002539214384
-44.2630703758674,97.1309916263564
-44.2630703758674,97.1617293312744
-44.2630703758674,97.1924670361925
-44.2630703758674,97.2232047411105
-44.2630703758674,97.2539424460285
-44.2630703758674,97.2846801509465
-44.2630703758674,97.3154178558646
-44.2630703758674,97.3461555607826
-44.2630703758674,97.3768932657006
-44.2630703758674,97.4076309706186
-44.2630703758674,97.4383686755367
-44.2630703758674,97.4691063804547
-44.2630703758674,97.4998440853727
-44.2630703758674,97.5305817902907
-44.2630703758674,97.5613194952088
-44.2630703758674,97.5920572001268
-44.2630703758674,97.6227949050448
-44.2630703758674,97.6535326099628
-44.2630703758674,97.6842703148809
-44.2630703758674,97.7150080197989
-44.2630703758674,97.7457457247169
-44.2630703758674,97.7764834296349
-44.2630703758674,97.807221134553
-44.2630703758674,97.837958839471
-44.2630703758674,97.868696544389
-44.2630703758674,97.899434249307
-44.2630703758674,97.9301719542251
-44.2630703758674,97.9609096591431
-44.2630703758674,97.9916473640611
-44.2630703758674,98.0223850689791
-44.2630703758674,98.0531227738972
-44.2630703758674,98.0838604788152
-44.2630703758674,98.1145981837332
-44.2630703758674,98.1453358886512
-44.2630703758674,98.1760735935693
-44.2630703758674,98.2068112984873
-44.2630703758674,98.2375490034053
-44.2630703758674,98.2682867083233
-44.2630703758674,98.2990244132414
-44.2630703758674,98.3297621181594
-44.2630703758674,98.3604998230774
-44.2630703758674,98.3912375279954
-44.2630703758674,98.4219752329135
-44.2630703758674,98.4527129378315
-44.2630703758674,98.4834506427495
-44.2630703758674,98.5141883476675
-44.2630703758674,98.5449260525856
-44.2630703758674,98.5756637575036
-44.2630703758674,98.6064014624216
-44.2630703758674,98.6371391673396
-44.2630703758674,98.6678768722577
-44.2630703758674,98.6986145771757
-44.2630703758674,98.7293522820937
-44.2630703758674,98.7600899870117
-44.2630703758674,98.7908276919297
-44.2630703758674,98.8215653968478
-44.2630703758674,98.8523031017658
-44.2630703758674,98.8830408066838
-44.2630703758674,98.9137785116018
-44.2630703758674,98.9445162165199
-44.2630703758674,98.9752539214379
-44.2630703758674,99.0059916263559
-44.2630703758674,99.0367293312739
-44.2630703758674,99.067467036192
-44.2630703758674,99.09820474111
-44.2630703758674,99.128942446028
-44.2630703758674,99.159680150946
-44.2630703758674,99.1904178558641
-44.2630703758674,99.2211555607821
-44.2630703758674,99.2518932657001
-44.2630703758674,99.2826309706181
-44.2630703758674,99.3133686755362
-44.2630703758674,99.3441063804542
-44.2630703758674,99.3748440853722
-44.2630703758674,99.4055817902902
-44.2630703758674,99.4363194952083
-44.2630703758674,99.4670572001263
-44.2630703758674,99.4977949050443
-44.2630703758674,99.5285326099623
-44.2630703758674,99.5592703148804
-44.2630703758674,99.5900080197984
-44.2630703758674,99.6207457247164
-44.2630703758674,99.6514834296344
-44.2630703758674,99.6822211345525
-44.2630703758674,99.7129588394705
-44.2630703758674,99.7436965443885
-44.2630703758674,99.7744342493065
-44.2630703758674,99.8051719542246
-44.2630703758674,99.8359096591426
-44.2630703758674,99.8666473640606
-44.2630703758674,99.8973850689786
-44.2630703758674,99.9281227738967
-44.2630703758674,99.9588604788147
-44.2630703758674,99.9895981837327
