0,0
0,0.0307377049180251
0,0.0614753964608711
1.11999910720465e-27,0.0922130755370579
-1.10602385369655e-21,0.122950754193817
3.47984898946308e-21,0.153688431363599
-2.26038975053698e-20,0.184426101277367
-1.54750853183651e-19,0.215163764903553
2.94099799811003e-19,0.245901414817674
3.38292263506915e-18,0.276639057928993
6.65785222911979e-18,0.307376700272267
-1.17578502925636e-17,0.338114334968907
-9.10461808496091e-17,0.368851954954102
-2.11498467666209e-16,0.399589567057624
-1.29278120870337e-16,0.430327188269487
7.14066603427039e-16,0.461064813281961
2.81808272861321e-15,0.491802424533043
5.43141385486015e-15,0.52254003571544
4.84756005591698e-15,0.553277647969655
-6.20272977856069e-15,0.584015248130918
-3.52673142171024e-14,0.614752844092081
-8.06436712278369e-14,0.645490444518931
-1.16841005457381e-13,0.676228051026754
-8.31067658110002e-14,0.706965661154998
1.09508518545351e-13,0.737703272049621
5.34806269809539e-13,0.768440878625889
1.16381526237366e-12,0.799178480513911
1.75067309115737e-12,0.829916084778615
1.74792736734863e-12,0.860653685467869
3.42909204044042e-13,0.891391272610867
-3.2843840011276e-12,0.9221288311778
-9.42640953790748e-12,0.952866372250971
-1.70951000668564e-11,0.983603914196641
-2.32829289274653e-11,1.0143414353328
-2.26542431756714e-11,1.0450789521343
-8.19462297621428e-12,1.07581648644984
2.67170614895304e-11,1.10655399981128
8.46707381163455e-11,1.13729151849112
1.59480290164571e-10,1.1680290514633
2.31591108850656e-10,1.19876660136926
2.65691754722648e-10,1.22950417237736
2.1305329606516e-10,1.26024174889079
2.09144806813184e-11,1.29097931359015
-3.49943812841534e-10,1.32171684897297
-9.0053476448927e-10,1.35245437332413
-1.56611913269656e-09,1.38319190682638
-2.19337444782801e-09,1.41392942956502
-2.53260716445166e-09,1.44466693317902
-2.25627057391933e-09,1.47540444198344
-1.01308300165381e-09,1.50614197213404
1.47859368716883e-09,1.53687953328816
5.30378454600055e-09,1.56761712946453
1.02081335047247e-08,1.59835473485078
1.5469973157127e-08,1.6290923460302
1.9828549670318e-08,1.65982996134695
2.15146438287757e-08,1.69056758539753
1.84256124124327e-08,1.72130520494961
8.47092569487352e-09,1.7520428179347
-9.91404469820583e-09,1.78278043199271
-3.71272598679355e-08,1.81351805730564
-7.17188689341248e-08,1.84425567215989
-1.09800045471478e-07,1.87499328226473
-1.44705683011951e-07,1.9057308961882
-1.67087445149017e-07,1.93646851637312
-1.65596332622858e-07,1.96720612730874
-1.2826018670162e-07,1.99794373532484
-4.45707931304785e-08,2.0286813481072
9.18286490421494e-08,2.05941895823143
2.8010893832356e-07,2.09015656525597
5.09272510702762e-07,2.12089417105665
7.55747530268842e-07,2.1516317743403
9.82159472379647e-07,2.18236937692124
1.13788526364801e-06,2.21310697834338
1.16190466291173e-06,2.24384457666298
9.88267372881463e-07,2.27458217425069
5.5419537514802e-07,2.30531977275569
-1.89542321005706e-07,2.33605736708764
-1.2667741517356e-06,2.36679496039353
-2.66381521591658e-06,2.3975325558088
-4.3187176047034e-06,2.42827014788657
-6.11379016651943e-06,2.45900773765283
-7.87344786873758e-06,2.48974532881931
-9.36941513074114e-06,2.52048291944789
-1.0335038410882e-05,2.55122050618925
-1.0489901459242e-05,2.5819580931908
-9.57506430829337e-06,2.61269568435538
-7.39817353526145e-06,2.64343326547571
-3.88658467905044e-06,2.67417083824301
8.54665825325147e-07,2.70490840693571
6.4850300498935e-06,2.73564596712778
1.23761489430313e-05,2.76638351833271
1.75633934971333e-05,2.79712106807102
2.0684547143201e-05,2.82785862272626
1.98803433954828e-05,2.85859617353309
1.26387874056978e-05,2.88933372151277
-4.42003291630553e-06,2.92007127166717
-3.58121820218575e-05,2.95080882087975
-8.75025361896745e-05,2.98154636821909
-0.000167243735963628,3.0122839214049
-0.000284908822442329,3.04302148135983
-0.000452827723417708,3.073759025515
-0.000686242114198525,3.10449656072982
-0.00100401510640935,3.13523409624672
-0.00142964014313379,3.1659716270727
-0.00199252285978402,3.19670914059003
-0.00272949431838344,3.22744664266453
-0.00368653979596793,3.25818413527824
-0.00492082238083611,3.28892162104184
-0.00650317433599856,3.31965910617847
-0.00852112656695313,3.35039659828434
-0.0110823636147655,3.38113408214903
-0.0143187901341313,3.41187155954017
-0.0183918806283258,3.44260903511422
-0.0234989140981935,3.47334639992115
-0.0298776596194182,3.50408363778071
-0.0378074377980422,3.53482076131135
-0.0476064077076791,3.56555778400685
-0.0596261599965197,3.59629473739969
-0.0742447627329256,3.62703163623839
-0.0918590022832551,3.65776844586417
-0.112875955028833,3.68850518537994
-0.1377038753211,3.71924188167484
-0.16674196514411,3.7499785658462
-0.200368947021917,3.78071523853049
-0.238931238431566,3.81145190876401
-0.282732800246484,3.84218858396272
-0.332028778659126,3.87292525693929
-0.387023591899246,3.90366193407214
-0.447872754220605,3.9343986302274
-0.5146869531437,3.96513536223149
-0.587537288876176,3.99587211869024
-0.666460505626071,4.0266089082388
-0.751463917444563,4.05734573802635
-0.842529965192715,4.08808260228396
-0.939620117477683,4.11881950890289
-1.0426781542123,4.14955646059593
-1.15163254765432,4.18029345095465
-1.26639754923269,4.21103047255185
-1.38687289153204,4.24176753058573
-1.51294354870624,4.27250462336376
-1.6444814301941,4.30324175105161
-1.78134974579348,4.33397891340074
-1.92340841789784,4.36471610415167
-2.07051797929996,4.39545332455209
-2.22254154591931,4.42619056634851
-2.3793453555442,4.45692782726151
-2.54079850563108,4.48766510751543
-2.70677181298603,4.51840240563584
-2.87713570143103,4.54913972205523
-3.05175749066206,4.5798770593967
-3.23049868437792,4.61061441746972
-3.41321319799475,4.64135179540582
-3.59974746755426,4.67208919268741
-3.78994291656422,4.70282660806673
-3.98364025861938,4.73356404124795
-4.18068262300811,4.7643014798501
-4.38091388693752,4.79503892327259
-4.58417309292571,4.82577637208172
-4.79028550596879,4.85651382654136
-4.99904992790634,4.8872512856844
-5.21022524192843,4.91798874901921
-5.42352085585585,4.94872621715375
-5.6385922341739,4.97946369007886
-5.85504076239789,5.01020116694424
-6.07241679404153,5.04093864783853
-6.29022645648132,5.07167613335366
-6.50794115493489,5.10241362418885
-6.72500818332249,5.13315112083902
-6.94086040671386,5.16388862374963
-7.15492311970074,5.194626133591
-7.36661659359151,5.22536365104063
-7.57535430871219,5.25610117666922
-7.7805596746298,5.28683871000301
-7.98172541604427,5.3175762528278
-8.17847019038264,5.34831379808365
-8.37055143864788,5.37905134320477
-8.55784886644053,5.40978888786641
-8.74034224053581,5.44052642669765
-8.9180922400504,5.47126396274858
-9.09122253823953,5.50200149796818
-9.25990268352718,5.53273903409468
-9.42433300740177,5.56347657260069
-9.58473232691208,5.59421410798477
-9.74132725826464,5.62495164135173
-9.89434249301897,5.65568917578586
-10.0439934035371,5.68642671370051
-10.1904805093883,5.71716425691996
-10.3339847491945,5.74790180054314
-10.4746644839458,5.77863934388206
-10.6126546391761,5.80937689017896
-10.7480677128856,5.84011444136874
-10.8809954414494,5.87085199813301
-11.0115100354798,5.90158955436016
-11.1396653907375,5.93232710932824
-11.2654990464242,5.96306466171316
-11.3890341511145,5.99380221245716
-11.5102801587566,6.02453976327981
-11.6292328064742,6.05527730618399
-11.745874701657,6.08601484316797
-11.8601769383815,6.11675237779697
-11.9721011702135,6.14748991270013
-12.0816018050835,6.17822744715487
-12.1886283250471,6.20896497336733
-12.2931274730803,6.2397024959472
-12.3950453967408,6.27044001837238
-12.4943296389373,6.30117754316799
-12.5909311148752,6.33191506363398
-12.6848059883998,6.36265257868605
-12.7759174591354,6.39339009279815
-12.8642374180193,6.42412760932182
-12.9497478281176,6.45486512944179
-13.0324418543488,6.48560264296527
-13.1123244491224,6.51634015443342
-13.1894124898779,6.54707766805554
-13.2637343745849,6.57781518693759
-13.3353290687322,6.60855271112945
-13.4042446986664,6.63929023515239
-13.4705367572469,6.67002775930521
-13.5342661541461,6.70076528188899
-13.5954973878327,6.7315027884316
-13.6542967801036,6.76224028488233
-13.7107310169546,6.79297777772469
-13.7648659858928,6.82371527222812
-13.8167659208433,6.85445276570748
-13.8664929170034,6.88519023918898
-13.9141065818529,6.9159276997248
-13.9596639562097,6.94666515355585
-14.0032196164088,6.97740260624189
-14.0448259342322,7.00814006028923
-14.0845334430031,7.03887751805206
-14.1223912908215,7.06961497665722
-14.1584477878396,7.10035242267494
-14.1927509204753,7.13108985989177
-14.2253488947516,7.16182729029895
-14.2562906359284,7.19256472002955
-14.28562621706,7.2233021547054
-14.3134072453087,7.25403958220948
-14.3396870832806,7.28477700607117
-14.3645209363503,7.31551443398296
-14.3879657818039,7.34625187190422
-14.4100801690515,7.37698931280733
-14.4309238415418,7.4077267637177
-14.450557248101,7.4384642305227
-14.4690409890004,7.46920170761344
-14.4864352213486,7.49993918774983
-14.502799073629,7.53067666402664
-14.5181901158618,7.56141413020717
-14.5326638956022,7.59215159353211
-14.5462735817786,7.62288906015435
-14.5590697113032,7.65362653511075
-14.571100050535,7.68436401167904
-14.5824095493435,7.71510148285155
-14.5930403739434,7.74583894809245
-14.6030320046729,7.77657641163382
-14.6124213863491,7.80731387492294
-14.621243115062,7.83805133547494
-14.6295296357361,7.86878879573291
-14.6373114561468,7.89952624483086
-14.6446173456829,7.93026368148446
-14.6514745175396,7.96100110977833
-14.6579087885991,7.99173853332489
-14.6639447098635,8.02247595504754
-14.6696056708701,8.05321337108755
-14.6749139709802,8.08395078481523
-14.6798908672274,8.11468819912588
-14.6845566021635,8.14542561644873
-14.6889304173166,8.17616303876549
-14.6930305590774,8.20690046512161
-14.6968742825726,8.23763789171139
-14.7004778571221,8.26837531647857
-14.7038565762033,8.29911274171996
-14.7070247752619,8.32985016935677
-14.7099958585279,8.36058759844467
-14.7127823336052,8.39132502879305
-14.7153958538403,8.42206245955424
-14.7178472669733,8.45279989001875
-14.720146667774,8.48353732209213
-14.7223034534598,8.51427475736658
-14.7243263794618,8.54501219715377
-14.7262236142851,8.57574963921831
-14.728002792148,8.60648707813282
-14.7296710608954,8.63722451451039
-14.7312351256707,8.66796194984567
-14.7327012876895,8.6986993855603
-14.7340754778003,8.72943682315506
-14.735363285457,8.76017426081997
-14.7365699832077,8.79091169617855
-14.7377005468861,8.82164913072015
-14.7387596726213,8.85238656605524
-14.7397517912258,8.88312400241111
-14.7406810809155,8.91386143684467
-14.7415514782469,8.94459887108897
-14.7423666883469,8.97533630660702
-14.7431301947452,9.00607374306932
-14.7438452690951,9.03681117886578
-14.744514980683,9.06754861536561
-14.7451422060101,9.09828605345452
-14.7457296388277,9.12902348837768
-14.7462797998681,9.15976092188833
-14.7467950468,9.19049835552725
-14.7472775841887,9.22123579064904
-14.747729473381,9.25197322844526
-14.7481526422097,9.28271066996389
-14.7485488944034,9.31344811612517
-14.7489199185846,9.34418556773414
-14.7492672967491,9.37492302549062
-14.7495925121515,9.40566048999716
-14.7498969564818,9.43639796176571
-14.7501819365419,9.46713543491241
-14.7504486801374,9.49787290756195
-14.7506983413421,9.52861038074062
-14.7509320052299,9.55934785536611
-14.7511506920826,9.59008533225625
-14.7513553612324,9.62082280876649
-14.751546914462,9.65156028538899
-14.7517261991108,9.682297763058
-14.7518940109228,9.71303524260568
-14.7520510966742,9.74377272477054
-14.7521981566175,9.77451021020441
-14.7523358467698,9.80524769947836
-14.7524647810711,9.83598519308772
-14.7525855334338,9.8667226914566
-14.7526986397022,9.89746019494213
-14.7528045995404,9.9281977038386
-14.7529038782626,9.95893521838168
-14.7529969086225,9.98967273875278
-14.7530840925729,10.0204102650835
-14.7531658030081,10.0511477974605
-14.7532423854966,10.0818853359298
-14.7533141600119,10.1126228805022
-14.75338142266,10.1433604311574
-14.7534444474157,10.1740979863251
-14.7535034878535,10.2048355444833
-14.7535587788615,10.235573105992
-14.7536105383357,10.266310671145
-14.7536589688382,10.2970482401801
-14.7537042592011,10.3277858132885
-14.7537465860566,10.3585233906226
-14.7537861152749,10.3892609723025
-14.7538230032898,10.4199985584213
-14.7538573982956,10.4507361490493
-14.7538894413007,10.4814737442365
-14.7539192670275,10.512211344015
-14.7539470046535,10.5429489483995
-14.7539727783911,10.5736865573882
-14.7539967079132,10.6044241709626
-14.7540189086306,10.6351617890871
-14.7540394918414,10.6658994093634
-14.754058564761,10.6966370318988
-14.7540762304577,10.727374656912
-14.7540925877158,10.7581122845837
-14.7541077308488,10.7888499150575
-14.7541217494839,10.8195875484414
-14.7541347283427,10.8503251848095
-14.7541467470374,10.8810628242037
-14.7541578799027,10.9118004666356
-14.7541681958827,10.9425381120898
-14.754177758477,10.9732757661928
-14.7541866257765,11.0040134228947
-14.7541948505745,11.0347510821112
-14.7542024805657,11.0654887437509
-14.7542095586268,11.096226407718
-14.7542161231706,11.1269640739143
-14.7542222085607,11.1577017422419
-14.7542278455701,11.1884394126043
-14.7542330618651,11.2191770849084
-14.7542378824944,11.2499147590657
-14.7542423303643,11.2806524349927
-14.7542464266824,11.3113901126118
-14.7542501913532,11.3421277918512
-14.7542536433173,11.3728654726446
-14.754256800824,11.403603154931
-14.7542596816362,11.4343408386538
-14.7542623031671,11.4650785237598
-14.7542646825551,11.4958162101987
-14.7542668366817,11.5265538979221
-14.7542687821441,11.5572915868822
-14.7542705351918,11.5880292770314
-14.754272111639,11.6187669683213
-14.7542735267641,11.6495046607026
-14.7542747952053,11.6802423541243
-14.7542759308627,11.7109800485338
-14.7542769468123,11.7417177438768
-14.7542778552392,11.7724554400979
-14.7542786673908,11.8031931371402
-14.7542793935546,11.8339308349465
-14.7542800430569,11.8646685334595
-14.7542806242843,11.8954062326226
-14.7542811447226,11.92614393238
-14.7542816110115,11.9568816326781
-14.7542820290102,11.9876193334653
-14.7542824038703,12.0183570346929
-14.7542827401128,12.0490947363154
-14.7542830417044,12.0798324382905
-14.7542833121317,12.1105701405797
-14.75428355447,12.1413078431481
-14.7542837714457,12.1720455459644
-14.754283965491,12.2027832490007
-14.7542841387898,12.2335209522326
-14.754284293317,12.2642586556386
-14.754284430869,12.2949963592
-14.7542845530879,12.3257340629005
-14.7542846614806,12.3564717667261
-14.7542847574319,12.387209470664
-14.7542848422154,12.4179471747035
-14.7542849170006,12.4486848788349
-14.754284982859,12.4794225830498
-14.7542850407687,12.5101602873407
-14.7542850916188,12.5408979917006
-14.7542851362136,12.5716356961232
-14.7542851752774,12.6023734006026
-14.7542852094588,12.6331111051333
-14.7542852393362,12.6638488097103
-14.7542852654232,12.6945865143288
-14.7542852881744,12.7253242189843
-14.7542853079907,12.7560619236728
-14.7542853252252,12.7867996283905
-14.7542853401888,12.8175373331338
-14.7542853531548,12.8482750378997
-14.7542853643641,12.8790127426853
-14.7542853740288,12.9097504474881
-14.7542853823366,12.940488152306
-14.7542853894535,12.9712258571369
-14.7542853955266,13.0019635619791
-14.7542854006868,13.0327012668314
-14.7542854050504,13.0634389716922
-14.7542854087209,13.0941766765607
-14.7542854117904,13.1249143814359
-14.7542854143406,13.1556520863169
-14.754285416444,13.1863897912032
-14.7542854181646,13.2171274960941
-14.754285419559,13.247865200989
-14.7542854206766,13.2786029058874
-14.7542854215608,13.3093406107891
-14.7542854222491,13.3400783156934
-14.7542854227742,13.3708160206002
-14.7542854231641,13.4015537255081
-14.7542854234428,13.4322914304169
-14.7542854236308,13.4630291353265
-14.7542854237453,13.4937668402365
-14.7542854238011,13.524504545147
-14.7542854238105,13.5552422500581
-14.7542854237836,13.5859799549698
-14.7542854237289,13.6167176598819
-14.7542854236537,13.6474553647945
-14.7542854235635,13.6781930697076
-14.7542854234631,13.7089307746212
-14.7542854233564,13.7396684795351
-14.7542854232465,13.7704061844494
-14.7542854231358,13.801143889364
-14.7542854230263,13.8318815942788
-14.7542854229195,13.8626192991938
-14.7542854228167,13.893357004109
-14.7542854227187,13.9240947090243
-14.7542854226263,13.9548324139399
-14.7542854225397,13.9855701188554
-14.7542854224594,14.0163078237709
-14.7542854223855,14.0470455286864
-14.7542854223179,14.0777832336019
-14.7542854222568,14.1085209385176
-14.7542854222017,14.1392586434333
-14.7542854221527,14.1699963483493
-14.7542854221093,14.2007340532653
-14.7542854220713,14.2314717581816
-14.7542854220383,14.2622094630979
-14.7542854220099,14.2929471680145
-14.7542854219857,14.3236848729313
-14.7542854219654,14.3544225778482
-14.7542854219485,14.3851602827652
-14.7542854219348,14.4158979876824
-14.7542854219237,14.4466356925998
-14.7542854219151,14.4773733975173
-14.7542854219086,14.5081111024349
-14.7542854219039,14.5388488073525
-14.7542854219007,14.5695865122701
-14.7542854218989,14.6003242171878
-14.7542854218983,14.6310619221055
-14.7542854218986,14.6617996270233
-14.7542854218998,14.692537331941
-14.7542854219017,14.7232750368588
-14.7542854219041,14.7540127417766
-14.754285421907,14.7847504466944
-14.7542854219103,14.8154881516122
-14.7542854219139,14.8462258565301
-14.7542854219177,14.8769635614479
-14.7542854219217,14.9077012663658
-14.7542854219258,14.9384389712836
-14.75428542193,14.9691766762015
-14.7542854219341,14.9999143811194
-14.7542854219382,15.0306520860373
-14.7542854219422,15.0613897909553
-14.7542854219461,15.0921274958732
-14.7542854219499,15.1228652007911
-14.7542854219535,15.1536029057091
-14.7542854219569,15.184340610627
-14.7542854219602,15.215078315545
-14.7542854219632,15.2458160204629
-14.7542854219661,15.2765537253809
-14.7542854219688,15.3072914302988
-14.7542854219714,15.3380291352168
-14.7542854219737,15.3687668401348
-14.7542854219759,15.3995045450528
-14.7542854219779,15.4302422499708
-14.7542854219798,15.4609799548887
-14.7542854219816,15.4917176598067
-14.7542854219832,15.5224553647247
-14.7542854219846,15.5531930696427
-14.754285421986,15.5839307745607
-14.7542854219872,15.6146684794787
-14.7542854219883,15.6454061843967
-14.7542854219894,15.6761438893147
-14.7542854219903,15.7068815942327
-14.7542854219911,15.7376192991507
-14.7542854219919,15.7683570040687
-14.7542854219925,15.7990947089868
-14.7542854219931,15.8298324139048
-14.7542854219937,15.8605701188228
-14.7542854219941,15.8913078237408
-14.7542854219945,15.9220455286588
-14.7542854219949,15.9527832335768
-14.7542854219952,15.9835209384948
-14.7542854219955,16.0142586434129
-14.7542854219957,16.0449963483309
-14.7542854219959,16.0757340532489
-14.7542854219961,16.1064717581669
-14.7542854219962,16.1372094630849
-14.7542854219963,16.1679471680029
-14.7542854219964,16.198684872921
-14.7542854219965,16.229422577839
-14.7542854219966,16.260160282757
-14.7542854219966,16.290897987675
-14.7542854219967,16.3216356925931
-14.7542854219967,16.3523733975111
-14.7542854219967,16.3831111024291
-14.7542854219967,16.4138488073471
-14.7542854219967,16.4445865122651
-14.7542854219967,16.4753242171832
-14.7542854219967,16.5060619221012
-14.7542854219967,16.5367996270192
-14.7542854219967,16.5675373319372
-14.7542854219967,16.5982750368553
-14.7542854219966,16.6290127417733
-14.7542854219966,16.6597504466913
-14.7542854219966,16.6904881516093
-14.7542854219966,16.7212258565274
-14.7542854219965,16.7519635614454
-14.7542854219965,16.7827012663634
-14.7542854219965,16.8134389712814
-14.7542854219964,16.8441766761995
-14.7542854219964,16.8749143811175
-14.7542854219964,16.9056520860355
-14.7542854219964,16.9363897909535
-14.7542854219963,16.9671274958716
-14.7542854219963,16.9978652007896
-14.7542854219963,17.0286029057076
-14.7542854219963,17.0593406106256
-14.7542854219963,17.0900783155437
-14.7542854219962,17.1208160204617
-14.7542854219962,17.1515537253797
-14.7542854219962,17.1822914302977
-14.7542854219962,17.2130291352158
-14.7542854219962,17.2437668401338
-14.7542854219962,17.2745045450518
-14.7542854219961,17.3052422499698
-14.7542854219961,17.3359799548879
-14.7542854219961,17.3667176598059
-14.7542854219961,17.3974553647239
-14.7542854219961,17.4281930696419
-14.7542854219961,17.45893077456
-14.7542854219961,17.489668479478
-14.7542854219961,17.520406184396
-14.7542854219961,17.551143889314
-14.7542854219961,17.5818815942321
-14.7542854219961,17.6126192991501
-14.754285421996,17.6433570040681
-14.754285421996,17.6740947089861
-14.754285421996,17.7048324139041
-14.754285421996,17.7355701188222
-14.754285421996,17.7663078237402
-14.754285421996,17.7970455286582
-14.754285421996,17.8277832335762
-14.754285421996,17.8585209384943
-14.754285421996,17.8892586434123
-14.754285421996,17.9199963483303
-14.754285421996,17.9507340532483
-14.754285421996,17.9814717581664
-14.754285421996,18.0122094630844
-14.754285421996,18.0429471680024
-14.754285421996,18.0736848729204
-14.754285421996,18.1044225778385
-14.754285421996,18.1351602827565
-14.754285421996,18.1658979876745
-14.754285421996,18.1966356925925
-14.754285421996,18.2273733975106
-14.754285421996,18.2581111024286
-14.754285421996,18.2888488073466
-14.754285421996,18.3195865122646
-14.754285421996,18.3503242171827
-14.754285421996,18.3810619221007
-14.754285421996,18.4117996270187
-14.754285421996,18.4425373319367
-14.754285421996,18.4732750368548
-14.754285421996,18.5040127417728
-14.754285421996,18.5347504466908
-14.754285421996,18.5654881516088
-14.754285421996,18.5962258565269
-14.754285421996,18.6269635614449
-14.754285421996,18.6577012663629
-14.754285421996,18.6884389712809
-14.754285421996,18.719176676199
-14.754285421996,18.749914381117
-14.754285421996,18.780652086035
-14.754285421996,18.811389790953
-14.754285421996,18.8421274958711
-14.754285421996,18.8728652007891
-14.754285421996,18.9036029057071
-14.754285421996,18.9343406106251
-14.754285421996,18.9650783155432
-14.754285421996,18.9958160204612
-14.754285421996,19.0265537253792
-14.754285421996,19.0572914302972
-14.754285421996,19.0880291352153
-14.754285421996,19.1187668401333
-14.754285421996,19.1495045450513
-14.754285421996,19.1802422499693
-14.754285421996,19.2109799548874
-14.754285421996,19.2417176598054
-14.754285421996,19.2724553647234
-14.754285421996,19.3031930696414
-14.754285421996,19.3339307745595
-14.754285421996,19.3646684794775
-14.754285421996,19.3954061843955
-14.754285421996,19.4261438893135
-14.754285421996,19.4568815942316
-14.754285421996,19.4876192991496
-14.754285421996,19.5183570040676
-14.754285421996,19.5490947089856
-14.754285421996,19.5798324139037
-14.754285421996,19.6105701188217
-14.754285421996,19.6413078237397
-14.754285421996,19.6720455286577
-14.754285421996,19.7027832335758
-14.754285421996,19.7335209384938
-14.754285421996,19.7642586434118
-14.754285421996,19.7949963483298
-14.754285421996,19.8257340532478
-14.754285421996,19.8564717581659
-14.754285421996,19.8872094630839
-14.754285421996,19.9179471680019
-14.754285421996,19.9486848729199
-14.754285421996,19.979422577838
-14.754285421996,20.010160282756
-14.754285421996,20.040897987674
-14.754285421996,20.071635692592
-14.754285421996,20.1023733975101
-14.754285421996,20.1331111024281
-14.754285421996,20.1638488073461
-14.754285421996,20.1945865122641
-14.754285421996,20.2253242171822
-14.754285421996,20.2560619221002
-14.754285421996,20.2867996270182
-14.754285421996,20.3175373319362
-14.754285421996,20.3482750368543
-14.754285421996,20.3790127417723
-14.754285421996,20.4097504466903
-14.754285421996,20.4404881516083
-14.754285421996,20.4712258565264
-14.754285421996,20.5019635614444
-14.754285421996,20.5327012663624
-14.754285421996,20.5634389712804
-14.754285421996,20.5941766761985
-14.754285421996,20.6249143811165
-14.754285421996,20.6556520860345
-14.754285421996,20.6863897909525
-14.754285421996,20.7171274958706
-14.754285421996,20.7478652007886
-14.754285421996,20.7786029057066
-14.754285421996,20.8093406106246
-14.754285421996,20.8400783155427
-14.754285421996,20.8708160204607
-14.754285421996,20.9015537253787
-14.754285421996,20.9322914302967
-14.754285421996,20.9630291352148
-14.754285421996,20.9937668401328
-14.754285421996,21.0245045450508
-14.754285421996,21.0552422499688
-14.754285421996,21.0859799548869
-14.754285421996,21.1167176598049
-14.754285421996,21.1474553647229
-14.754285421996,21.1781930696409
-14.754285421996,21.208930774559
-14.754285421996,21.239668479477
-14.754285421996,21.270406184395
-14.754285421996,21.301143889313
-14.754285421996,21.3318815942311
-14.754285421996,21.3626192991491
-14.754285421996,21.3933570040671
-14.754285421996,21.4240947089851
-14.754285421996,21.4548324139032
-14.754285421996,21.4855701188212
-14.754285421996,21.5163078237392
-14.754285421996,21.5470455286572
-14.754285421996,21.5777832335753
-14.754285421996,21.6085209384933
-14.754285421996,21.6392586434113
-14.754285421996,21.6699963483293
-14.754285421996,21.7007340532474
-14.754285421996,21.7314717581654
-14.754285421996,21.7622094630834
-14.754285421996,21.7929471680014
-14.754285421996,21.8236848729195
-14.754285421996,21.8544225778375
-14.754285421996,21.8851602827555
-14.754285421996,21.9158979876735
-14.754285421996,21.9466356925915
-14.754285421996,21.9773733975096
-14.754285421996,22.0081111024276
-14.754285421996,22.0388488073456
-14.754285421996,22.0695865122636
-14.754285421996,22.1003242171817
-14.754285421996,22.1310619220997
-14.754285421996,22.1617996270177
-14.754285421996,22.1925373319357
-14.754285421996,22.2232750368538
-14.754285421996,22.2540127417718
-14.754285421996,22.2847504466898
-14.754285421996,22.3154881516078
-14.754285421996,22.3462258565259
-14.754285421996,22.3769635614439
-14.754285421996,22.4077012663619
-14.754285421996,22.4384389712799
-14.754285421996,22.469176676198
-14.754285421996,22.499914381116
-14.754285421996,22.530652086034
-14.754285421996,22.561389790952
-14.754285421996,22.5921274958701
-14.754285421996,22.6228652007881
-14.754285421996,22.6536029057061
-14.754285421996,22.6843406106241
-14.754285421996,22.7150783155422
-14.754285421996,22.7458160204602
-14.754285421996,22.7765537253782
-14.754285421996,22.8072914302962
-14.754285421996,22.8380291352143
-14.754285421996,22.8687668401323
-14.754285421996,22.8995045450503
-14.754285421996,22.9302422499683
-14.754285421996,22.9609799548864
-14.754285421996,22.9917176598044
-14.754285421996,23.0224553647224
-14.754285421996,23.0531930696404
-14.754285421996,23.0839307745585
-14.754285421996,23.1146684794765
-14.754285421996,23.1454061843945
-14.754285421996,23.1761438893125
-14.754285421996,23.2068815942306
-14.754285421996,23.2376192991486
-14.754285421996,23.2683570040666
-14.754285421996,23.2990947089846
-14.754285421996,23.3298324139027
-14.754285421996,23.3605701188207
-14.754285421996,23.3913078237387
-14.754285421996,23.4220455286567
-14.754285421996,23.4527832335748
-14.754285421996,23.4835209384928
-14.754285421996,23.5142586434108
-14.754285421996,23.5449963483288
-14.754285421996,23.5757340532469
-14.754285421996,23.6064717581649
-14.754285421996,23.6372094630829
-14.754285421996,23.6679471680009
-14.754285421996,23.698684872919
-14.754285421996,23.729422577837
-14.754285421996,23.760160282755
-14.754285421996,23.790897987673
-14.754285421996,23.8216356925911
-14.754285421996,23.8523733975091
-14.754285421996,23.8831111024271
-14.754285421996,23.9138488073451
-14.754285421996,23.9445865122632
-14.754285421996,23.9753242171812
-14.754285421996,24.0060619220992
-14.754285421996,24.0367996270172
-14.754285421996,24.0675373319352
-14.754285421996,24.0982750368533
-14.754285421996,24.1290127417713
-14.754285421996,24.1597504466893
-14.754285421996,24.1904881516073
-14.754285421996,24.2212258565254
-14.754285421996,24.2519635614434
-14.754285421996,24.2827012663614
-14.754285421996,24.3134389712794
-14.754285421996,24.3441766761975
-14.754285421996,24.3749143811155
-14.754285421996,24.4056520860335
-14.754285421996,24.4363897909515
-14.754285421996,24.4671274958696
-14.754285421996,24.4978652007876
-14.754285421996,24.5286029057056
-14.754285421996,24.5593406106236
-14.754285421996,24.5900783155417
-14.754285421996,24.6208160204597
-14.754285421996,24.6515537253777
-14.754285421996,24.6822914302957
-14.754285421996,24.7130291352138
-14.754285421996,24.7437668401318
-14.754285421996,24.7745045450498
-14.754285421996,24.8052422499678
-14.754285421996,24.8359799548859
-14.754285421996,24.8667176598039
-14.754285421996,24.8974553647219
-14.754285421996,24.9281930696399
-14.754285421996,24.958930774558
-14.754285421996,24.989668479476
-14.754285421996,25.020406184394
-14.754285421996,25.051143889312
-14.754285421996,25.0818815942301
-14.754285421996,25.1126192991481
-14.754285421996,25.1433570040661
-14.754285421996,25.1740947089841
-14.754285421996,25.2048324139022
-14.754285421996,25.2355701188202
-14.754285421996,25.2663078237382
-14.754285421996,25.2970455286562
-14.754285421996,25.3277832335743
-14.754285421996,25.3585209384923
-14.754285421996,25.3892586434103
-14.754285421996,25.4199963483283
-14.754285421996,25.4507340532464
-14.754285421996,25.4814717581644
-14.754285421996,25.5122094630824
-14.754285421996,25.5429471680004
-14.754285421996,25.5736848729185
-14.754285421996,25.6044225778365
-14.754285421996,25.6351602827545
-14.754285421996,25.6658979876725
-14.754285421996,25.6966356925906
-14.754285421996,25.7273733975086
-14.754285421996,25.7581111024266
-14.754285421996,25.7888488073446
-14.754285421996,25.8195865122627
-14.754285421996,25.8503242171807
-14.754285421996,25.8810619220987
-14.754285421996,25.9117996270167
-14.754285421996,25.9425373319348
-14.754285421996,25.9732750368528
-14.754285421996,26.0040127417708
-14.754285421996,26.0347504466888
-14.754285421996,26.0654881516068
-14.754285421996,26.0962258565249
-14.754285421996,26.1269635614429
-14.754285421996,26.1577012663609
-14.754285421996,26.1884389712789
-14.754285421996,26.219176676197
-14.754285421996,26.249914381115
-14.754285421996,26.280652086033
-14.754285421996,26.311389790951
-14.754285421996,26.3421274958691
-14.754285421996,26.3728652007871
-14.754285421996,26.4036029057051
-14.754285421996,26.4343406106231
-14.754285421996,26.4650783155412
-14.754285421996,26.4958160204592
-14.754285421996,26.5265537253772
-14.754285421996,26.5572914302952
-14.754285421996,26.5880291352133
-14.754285421996,26.6187668401313
-14.754285421996,26.6495045450493
-14.754285421996,26.6802422499673
-14.754285421996,26.7109799548854
-14.754285421996,26.7417176598034
-14.754285421996,26.7724553647214
-14.754285421996,26.8031930696394
-14.754285421996,26.8339307745575
-14.754285421996,26.8646684794755
-14.754285421996,26.8954061843935
-14.754285421996,26.9261438893115
-14.754285421996,26.9568815942296
-14.754285421996,26.9876192991476
-14.754285421996,27.0183570040656
-14.754285421996,27.0490947089836
-14.754285421996,27.0798324139017
-14.754285421996,27.1105701188197
-14.754285421996,27.1413078237377
-14.754285421996,27.1720455286557
-14.754285421996,27.2027832335738
-14.754285421996,27.2335209384918
-14.754285421996,27.2642586434098
-14.754285421996,27.2949963483278
-14.754285421996,27.3257340532459
-14.754285421996,27.3564717581639
-14.754285421996,27.3872094630819
-14.754285421996,27.4179471679999
-14.754285421996,27.448684872918
-14.754285421996,27.479422577836
-14.754285421996,27.510160282754
-14.754285421996,27.540897987672
-14.754285421996,27.5716356925901
-14.754285421996,27.6023733975081
-14.754285421996,27.6331111024261
-14.754285421996,27.6638488073441
-14.754285421996,27.6945865122622
-14.754285421996,27.7253242171802
-14.754285421996,27.7560619220982
-14.754285421996,27.7867996270162
-14.754285421996,27.8175373319343
-14.754285421996,27.8482750368523
-14.754285421996,27.8790127417703
-14.754285421996,27.9097504466883
-14.754285421996,27.9404881516064
-14.754285421996,27.9712258565244
-14.754285421996,28.0019635614424
-14.754285421996,28.0327012663604
-14.754285421996,28.0634389712785
-14.754285421996,28.0941766761965
-14.754285421996,28.1249143811145
-14.754285421996,28.1556520860325
-14.754285421996,28.1863897909505
-14.754285421996,28.2171274958686
-14.754285421996,28.2478652007866
-14.754285421996,28.2786029057046
-14.754285421996,28.3093406106226
-14.754285421996,28.3400783155407
-14.754285421996,28.3708160204587
-14.754285421996,28.4015537253767
-14.754285421996,28.4322914302947
-14.754285421996,28.4630291352128
-14.754285421996,28.4937668401308
-14.754285421996,28.5245045450488
-14.754285421996,28.5552422499668
-14.754285421996,28.5859799548849
-14.754285421996,28.6167176598029
-14.754285421996,28.6474553647209
-14.754285421996,28.6781930696389
-14.754285421996,28.708930774557
-14.754285421996,28.739668479475
-14.754285421996,28.770406184393
-14.754285421996,28.801143889311
-14.754285421996,28.8318815942291
-14.754285421996,28.8626192991471
-14.754285421996,28.8933570040651
-14.754285421996,28.9240947089831
-14.754285421996,28.9548324139012
-14.754285421996,28.9855701188192
-14.754285421996,29.0163078237372
-14.754285421996,29.0470455286552
-14.754285421996,29.0777832335733
-14.754285421996,29.1085209384913
-14.754285421996,29.1392586434093
-14.754285421996,29.1699963483273
-14.754285421996,29.2007340532454
-14.754285421996,29.2314717581634
-14.754285421996,29.2622094630814
-14.754285421996,29.2929471679994
-14.754285421996,29.3236848729175
-14.754285421996,29.3544225778355
-14.754285421996,29.3851602827535
-14.754285421996,29.4158979876715
-14.754285421996,29.4466356925896
-14.754285421996,29.4773733975076
-14.754285421996,29.5081111024256
-14.754285421996,29.5388488073436
-14.754285421996,29.5695865122617
-14.754285421996,29.6003242171797
-14.754285421996,29.6310619220977
-14.754285421996,29.6617996270157
-14.754285421996,29.6925373319338
-14.754285421996,29.7232750368518
-14.754285421996,29.7540127417698
-14.754285421996,29.7847504466878
-14.754285421996,29.8154881516059
-14.754285421996,29.8462258565239
-14.754285421996,29.8769635614419
-14.754285421996,29.9077012663599
-14.754285421996,29.938438971278
-14.754285421996,29.969176676196
-14.754285421996,29.999914381114
-14.754285421996,30.030652086032
-14.754285421996,30.0613897909501
-14.754285421996,30.0921274958681
-14.754285421996,30.1228652007861
-14.754285421996,30.1536029057041
-14.754285421996,30.1843406106222
-14.754285421996,30.2150783155402
-14.754285421996,30.2458160204582
-14.754285421996,30.2765537253762
-14.754285421996,30.3072914302942
-14.754285421996,30.3380291352123
-14.754285421996,30.3687668401303
-14.754285421996,30.3995045450483
-14.754285421996,30.4302422499663
-14.754285421996,30.4609799548844
-14.754285421996,30.4917176598024
-14.754285421996,30.5224553647204
-14.754285421996,30.5531930696384
-14.754285421996,30.5839307745565
-14.754285421996,30.6146684794745
-14.754285421996,30.6454061843925
-14.754285421996,30.6761438893105
-14.754285421996,30.7068815942286
-14.754285421996,30.7376192991466
-14.754285421996,30.7683570040646
-14.754285421996,30.7990947089826
-14.754285421996,30.8298324139007
-14.754285421996,30.8605701188187
-14.754285421996,30.8913078237367
-14.754285421996,30.9220455286547
-14.754285421996,30.9527832335728
-14.754285421996,30.9835209384908
-14.754285421996,31.0142586434088
-14.754285421996,31.0449963483268
-14.754285421996,31.0757340532449
-14.754285421996,31.1064717581629
-14.754285421996,31.1372094630809
-14.754285421996,31.1679471679989
-14.754285421996,31.198684872917
-14.754285421996,31.229422577835
-14.754285421996,31.260160282753
-14.754285421996,31.290897987671
-14.754285421996,31.3216356925891
-14.754285421996,31.3523733975071
-14.754285421996,31.3831111024251
-14.754285421996,31.4138488073431
-14.754285421996,31.4445865122612
-14.754285421996,31.4753242171792
-14.754285421996,31.5060619220972
-14.754285421996,31.5367996270152
-14.754285421996,31.5675373319333
-14.754285421996,31.5982750368513
-14.754285421996,31.6290127417693
-14.754285421996,31.6597504466873
-14.754285421996,31.6904881516054
-14.754285421996,31.7212258565234
-14.754285421996,31.7519635614414
-14.754285421996,31.7827012663594
-14.754285421996,31.8134389712775
-14.754285421996,31.8441766761955
-14.754285421996,31.8749143811135
-14.754285421996,31.9056520860315
-14.754285421996,31.9363897909496
-14.754285421996,31.9671274958676
-14.754285421996,31.9978652007856
-14.754285421996,32.0286029057036
-14.754285421996,32.0593406106217
-14.754285421996,32.0900783155397
-14.754285421996,32.1208160204577
-14.754285421996,32.1515537253757
-14.754285421996,32.1822914302938
-14.754285421996,32.2130291352118
-14.754285421996,32.2437668401298
-14.754285421996,32.2745045450478
-14.754285421996,32.3052422499659
-14.754285421996,32.3359799548839
-14.754285421996,32.3667176598019
-14.754285421996,32.3974553647199
-14.754285421996,32.4281930696379
-14.754285421996,32.458930774556
-14.754285421996,32.489668479474
-14.754285421996,32.520406184392
-14.754285421996,32.55114388931
-14.754285421996,32.5818815942281
-14.754285421996,32.6126192991461
-14.754285421996,32.6433570040641
-14.754285421996,32.6740947089821
-14.754285421996,32.7048324139002
-14.754285421996,32.7355701188182
-14.754285421996,32.7663078237362
-14.754285421996,32.7970455286542
-14.754285421996,32.8277832335723
-14.754285421996,32.8585209384903
-14.754285421996,32.8892586434083
-14.754285421996,32.9199963483263
-14.754285421996,32.9507340532444
-14.754285421996,32.9814717581624
-14.754285421996,33.0122094630804
-14.754285421996,33.0429471679984
-14.754285421996,33.0736848729165
-14.754285421996,33.1044225778345
-14.754285421996,33.1351602827525
-14.754285421996,33.1658979876705
-14.754285421996,33.1966356925886
-14.754285421996,33.2273733975066
-14.754285421996,33.2581111024246
-14.754285421996,33.2888488073426
-14.754285421996,33.3195865122607
-14.754285421996,33.3503242171787
-14.754285421996,33.3810619220967
-14.754285421996,33.4117996270147
-14.754285421996,33.4425373319328
-14.754285421996,33.4732750368508
-14.754285421996,33.5040127417688
-14.754285421996,33.5347504466868
-14.754285421996,33.5654881516049
-14.754285421996,33.5962258565229
-14.754285421996,33.6269635614409
-14.754285421996,33.6577012663589
-14.754285421996,33.688438971277
-14.754285421996,33.719176676195
-14.754285421996,33.749914381113
-14.754285421996,33.780652086031
-14.754285421996,33.8113897909491
-14.754285421996,33.8421274958671
-14.754285421996,33.8728652007851
-14.754285421996,33.9036029057031
-14.754285421996,33.9343406106212
-14.754285421996,33.9650783155392
-14.754285421996,33.9958160204572
-14.754285421996,34.0265537253752
-14.754285421996,34.0572914302933
-14.754285421996,34.0880291352113
-14.754285421996,34.1187668401293
-14.754285421996,34.1495045450473
-14.754285421996,34.1802422499654
-14.754285421996,34.2109799548834
-14.754285421996,34.2417176598014
-14.754285421996,34.2724553647194
-14.754285421996,34.3031930696375
-14.754285421996,34.3339307745555
-14.754285421996,34.3646684794735
-14.754285421996,34.3954061843915
-14.754285421996,34.4261438893096
-14.754285421996,34.4568815942276
-14.754285421996,34.4876192991456
-14.754285421996,34.5183570040636
-14.754285421996,34.5490947089816
-14.754285421996,34.5798324138997
-14.754285421996,34.6105701188177
-14.754285421996,34.6413078237357
-14.754285421996,34.6720455286537
-14.754285421996,34.7027832335718
-14.754285421996,34.7335209384898
-14.754285421996,34.7642586434078
-14.754285421996,34.7949963483258
-14.754285421996,34.8257340532439
-14.754285421996,34.8564717581619
-14.754285421996,34.8872094630799
-14.754285421996,34.9179471679979
-14.754285421996,34.948684872916
-14.754285421996,34.979422577834
-14.754285421996,35.010160282752
-14.754285421996,35.04089798767
-14.754285421996,35.0716356925881
-14.754285421996,35.1023733975061
-14.754285421996,35.1331111024241
-14.754285421996,35.1638488073421
-14.754285421996,35.1945865122602
-14.754285421996,35.2253242171782
-14.754285421996,35.2560619220962
-14.754285421996,35.2867996270142
-14.754285421996,35.3175373319323
-14.754285421996,35.3482750368503
-14.754285421996,35.3790127417683
-14.754285421996,35.4097504466863
-14.754285421996,35.4404881516044
-14.754285421996,35.4712258565224
-14.754285421996,35.5019635614404
-14.754285421996,35.5327012663584
-14.754285421996,35.5634389712765
-14.754285421996,35.5941766761945
-14.754285421996,35.6249143811125
-14.754285421996,35.6556520860305
-14.754285421996,35.6863897909486
-14.754285421996,35.7171274958666
-14.754285421996,35.7478652007846
-14.754285421996,35.7786029057026
-14.754285421996,35.8093406106207
-14.754285421996,35.8400783155387
-14.754285421996,35.8708160204567
-14.754285421996,35.9015537253747
-14.754285421996,35.9322914302928
-14.754285421996,35.9630291352108
-14.754285421996,35.9937668401288
-14.754285421996,36.0245045450468
-14.754285421996,36.0552422499649
-14.754285421996,36.0859799548829
-14.754285421996,36.1167176598009
-14.754285421996,36.1474553647189
-14.754285421996,36.178193069637
-14.754285421996,36.208930774555
-14.754285421996,36.239668479473
-14.754285421996,36.270406184391
-14.754285421996,36.3011438893091
-14.754285421996,36.3318815942271
-14.754285421996,36.3626192991451
-14.754285421996,36.3933570040631
-14.754285421996,36.4240947089812
-14.754285421996,36.4548324138992
-14.754285421996,36.4855701188172
-14.754285421996,36.5163078237352
-14.754285421996,36.5470455286532
-14.754285421996,36.5777832335713
-14.754285421996,36.6085209384893
-14.754285421996,36.6392586434073
-14.754285421996,36.6699963483253
-14.754285421996,36.7007340532434
-14.754285421996,36.7314717581614
-14.754285421996,36.7622094630794
-14.754285421996,36.7929471679974
-14.754285421996,36.8236848729155
-14.754285421996,36.8544225778335
-14.754285421996,36.8851602827515
-14.754285421996,36.9158979876695
-14.754285421996,36.9466356925876
-14.754285421996,36.9773733975056
-14.754285421996,37.0081111024236
-14.754285421996,37.0388488073416
-14.754285421996,37.0695865122597
-14.754285421996,37.1003242171777
-14.754285421996,37.1310619220957
-14.754285421996,37.1617996270137
-14.754285421996,37.1925373319318
-14.754285421996,37.2232750368498
-14.754285421996,37.2540127417678
-14.754285421996,37.2847504466858
-14.754285421996,37.3154881516039
-14.754285421996,37.3462258565219
-14.754285421996,37.3769635614399
-14.754285421996,37.4077012663579
-14.754285421996,37.438438971276
-14.754285421996,37.469176676194
-14.754285421996,37.499914381112
-14.754285421996,37.53065208603
-14.754285421996,37.5613897909481
-14.754285421996,37.5921274958661
-14.754285421996,37.6228652007841
-14.754285421996,37.6536029057021
-14.754285421996,37.6843406106202
-14.754285421996,37.7150783155382
-14.754285421996,37.7458160204562
-14.754285421996,37.7765537253742
-14.754285421996,37.8072914302923
-14.754285421996,37.8380291352103
-14.754285421996,37.8687668401283
-14.754285421996,37.8995045450463
-14.754285421996,37.9302422499644
-14.754285421996,37.9609799548824
-14.754285421996,37.9917176598004
-14.754285421996,38.0224553647184
-14.754285421996,38.0531930696365
-14.754285421996,38.0839307745545
-14.754285421996,38.1146684794725
-14.754285421996,38.1454061843905
-14.754285421996,38.1761438893086
-14.754285421996,38.2068815942266
-14.754285421996,38.2376192991446
-14.754285421996,38.2683570040626
-14.754285421996,38.2990947089807
-14.754285421996,38.3298324138987
-14.754285421996,38.3605701188167
-14.754285421996,38.3913078237347
-14.754285421996,38.4220455286528
-14.754285421996,38.4527832335708
-14.754285421996,38.4835209384888
-14.754285421996,38.5142586434068
-14.754285421996,38.5449963483249
-14.754285421996,38.5757340532429
-14.754285421996,38.6064717581609
-14.754285421996,38.6372094630789
-14.754285421996,38.6679471679969
-14.754285421996,38.698684872915
-14.754285421996,38.729422577833
-14.754285421996,38.760160282751
-14.754285421996,38.790897987669
-14.754285421996,38.8216356925871
-14.754285421996,38.8523733975051
-14.754285421996,38.8831111024231
-14.754285421996,38.9138488073411
-14.754285421996,38.9445865122592
-14.754285421996,38.9753242171772
-14.754285421996,39.0060619220952
-14.754285421996,39.0367996270132
-14.754285421996,39.0675373319313
-14.754285421996,39.0982750368493
-14.754285421996,39.1290127417673
-14.754285421996,39.1597504466853
-14.754285421996,39.1904881516034
-14.754285421996,39.2212258565214
-14.754285421996,39.2519635614394
-14.754285421996,39.2827012663574
-14.754285421996,39.3134389712755
-14.754285421996,39.3441766761935
-14.754285421996,39.3749143811115
-14.754285421996,39.4056520860295
-14.754285421996,39.4363897909476
-14.754285421996,39.4671274958656
-14.754285421996,39.4978652007836
-14.754285421996,39.5286029057016
-14.754285421996,39.5593406106197
-14.754285421996,39.5900783155377
-14.754285421996,39.6208160204557
-14.754285421996,39.6515537253737
-14.754285421996,39.6822914302918
-14.754285421996,39.7130291352098
-14.754285421996,39.7437668401278
-14.754285421996,39.7745045450458
-14.754285421996,39.8052422499639
-14.754285421996,39.8359799548819
-14.754285421996,39.8667176597999
-14.754285421996,39.8974553647179
-14.754285421996,39.928193069636
-14.754285421996,39.958930774554
-14.754285421996,39.989668479472
-14.754285421996,40.02040618439
-14.754285421996,40.0511438893081
-14.754285421996,40.0818815942261
-14.754285421996,40.1126192991441
-14.754285421996,40.1433570040621
-14.754285421996,40.1740947089802
-14.754285421996,40.2048324138982
-14.754285421996,40.2355701188162
-14.754285421996,40.2663078237342
-14.754285421996,40.2970455286523
-14.754285421996,40.3277832335703
-14.754285421996,40.3585209384883
-14.754285421996,40.3892586434063
-14.754285421996,40.4199963483244
-14.754285421996,40.4507340532424
-14.754285421996,40.4814717581604
-14.754285421996,40.5122094630784
-14.754285421996,40.5429471679965
-14.754285421996,40.5736848729145
-14.754285421996,40.6044225778325
-14.754285421996,40.6351602827505
-14.754285421996,40.6658979876686
-14.754285421996,40.6966356925866
-14.754285421996,40.7273733975046
-14.754285421996,40.7581111024226
-14.754285421996,40.7888488073406
-14.754285421996,40.8195865122587
-14.754285421996,40.8503242171767
-14.754285421996,40.8810619220947
-14.754285421996,40.9117996270127
-14.754285421996,40.9425373319308
-14.754285421996,40.9732750368488
-14.754285421996,41.0040127417668
-14.754285421996,41.0347504466848
-14.754285421996,41.0654881516029
-14.754285421996,41.0962258565209
-14.754285421996,41.1269635614389
-14.754285421996,41.1577012663569
-14.754285421996,41.188438971275
-14.754285421996,41.219176676193
-14.754285421996,41.249914381111
-14.754285421996,41.280652086029
-14.754285421996,41.3113897909471
-14.754285421996,41.3421274958651
-14.754285421996,41.3728652007831
-14.754285421996,41.4036029057011
-14.754285421996,41.4343406106192
-14.754285421996,41.4650783155372
-14.754285421996,41.4958160204552
-14.754285421996,41.5265537253732
-14.754285421996,41.5572914302913
-14.754285421996,41.5880291352093
-14.754285421996,41.6187668401273
-14.754285421996,41.6495045450453
-14.754285421996,41.6802422499634
-14.754285421996,41.7109799548814
-14.754285421996,41.7417176597994
-14.754285421996,41.7724553647174
-14.754285421996,41.8031930696355
-14.754285421996,41.8339307745535
-14.754285421996,41.8646684794715
-14.754285421996,41.8954061843895
-14.754285421996,41.9261438893076
-14.754285421996,41.9568815942256
-14.754285421996,41.9876192991436
-14.754285421996,42.0183570040616
-14.754285421996,42.0490947089797
-14.754285421996,42.0798324138977
-14.754285421996,42.1105701188157
-14.754285421996,42.1413078237337
-14.754285421996,42.1720455286518
-14.754285421996,42.2027832335698
-14.754285421996,42.2335209384878
-14.754285421996,42.2642586434058
-14.754285421996,42.2949963483239
-14.754285421996,42.3257340532419
-14.754285421996,42.3564717581599
-14.754285421996,42.3872094630779
-14.754285421996,42.417947167996
-14.754285421996,42.448684872914
-14.754285421996,42.479422577832
-14.754285421996,42.51016028275
-14.754285421996,42.5408979876681
-14.754285421996,42.5716356925861
-14.754285421996,42.6023733975041
-14.754285421996,42.6331111024221
-14.754285421996,42.6638488073402
-14.754285421996,42.6945865122582
-14.754285421996,42.7253242171762
-14.754285421996,42.7560619220942
-14.754285421996,42.7867996270123
-14.754285421996,42.8175373319303
-14.754285421996,42.8482750368483
-14.754285421996,42.8790127417663
-14.754285421996,42.9097504466843
-14.754285421996,42.9404881516024
-14.754285421996,42.9712258565204
-14.754285421996,43.0019635614384
-14.754285421996,43.0327012663564
-14.754285421996,43.0634389712745
-14.754285421996,43.0941766761925
-14.754285421996,43.1249143811105
-14.754285421996,43.1556520860285
-14.754285421996,43.1863897909466
-14.754285421996,43.2171274958646
-14.754285421996,43.2478652007826
-14.754285421996,43.2786029057006
-14.754285421996,43.3093406106187
-14.754285421996,43.3400783155367
-14.754285421996,43.3708160204547
-14.754285421996,43.4015537253727
-14.754285421996,43.4322914302908
-14.754285421996,43.4630291352088
-14.754285421996,43.4937668401268
-14.754285421996,43.5245045450448
-14.754285421996,43.5552422499629
-14.754285421996,43.5859799548809
-14.754285421996,43.6167176597989
-14.754285421996,43.6474553647169
-14.754285421996,43.678193069635
-14.754285421996,43.708930774553
-14.754285421996,43.739668479471
-14.754285421996,43.770406184389
-14.754285421996,43.8011438893071
-14.754285421996,43.8318815942251
-14.754285421996,43.8626192991431
-14.754285421996,43.8933570040611
-14.754285421996,43.9240947089792
-14.754285421996,43.9548324138972
-14.754285421996,43.9855701188152
-14.754285421996,44.0163078237332
-14.754285421996,44.0470455286513
-14.754285421996,44.0777832335693
-14.754285421996,44.1085209384873
-14.754285421996,44.1392586434053
-14.754285421996,44.1699963483234
-14.754285421996,44.2007340532414
-14.754285421996,44.2314717581594
-14.754285421996,44.2622094630774
-14.754285421996,44.2929471679955
-14.754285421996,44.3236848729135
-14.754285421996,44.3544225778315
-14.754285421996,44.3851602827495
-14.754285421996,44.4158979876676
-14.754285421996,44.4466356925856
-14.754285421996,44.4773733975036
-14.754285421996,44.5081111024216
-14.754285421996,44.5388488073397
-14.754285421996,44.5695865122577
-14.754285421996,44.6003242171757
-14.754285421996,44.6310619220937
-14.754285421996,44.6617996270118
-14.754285421996,44.6925373319298
-14.754285421996,44.7232750368478
-14.754285421996,44.7540127417658
-14.754285421996,44.7847504466839
-14.754285421996,44.8154881516019
-14.754285421996,44.8462258565199
-14.754285421996,44.8769635614379
-14.754285421996,44.907701266356
-14.754285421996,44.938438971274
-14.754285421996,44.969176676192
-14.754285421996,44.99991438111
-14.754285421996,45.030652086028
-14.754285421996,45.0613897909461
-14.754285421996,45.0921274958641
-14.754285421996,45.1228652007821
-14.754285421996,45.1536029057001
-14.754285421996,45.1843406106182
-14.754285421996,45.2150783155362
-14.754285421996,45.2458160204542
-14.754285421996,45.2765537253722
-14.754285421996,45.3072914302903
-14.754285421996,45.3380291352083
-14.754285421996,45.3687668401263
-14.754285421996,45.3995045450443
-14.754285421996,45.4302422499624
-14.754285421996,45.4609799548804
-14.754285421996,45.4917176597984
-14.754285421996,45.5224553647164
-14.754285421996,45.5531930696345
-14.754285421996,45.5839307745525
-14.754285421996,45.6146684794705
-14.754285421996,45.6454061843885
-14.754285421996,45.6761438893066
-14.754285421996,45.7068815942246
-14.754285421996,45.7376192991426
-14.754285421996,45.7683570040606
-14.754285421996,45.7990947089787
-14.754285421996,45.8298324138967
-14.754285421996,45.8605701188147
-14.754285421996,45.8913078237327
-14.754285421996,45.9220455286508
-14.754285421996,45.9527832335688
-14.754285421996,45.9835209384868
-14.754285421996,46.0142586434048
-14.754285421996,46.0449963483229
-14.754285421996,46.0757340532409
-14.754285421996,46.1064717581589
-14.754285421996,46.1372094630769
-14.754285421996,46.167947167995
-14.754285421996,46.198684872913
-14.754285421996,46.229422577831
-14.754285421996,46.260160282749
-14.754285421996,46.2908979876671
-14.754285421996,46.3216356925851
-14.754285421996,46.3523733975031
-14.754285421996,46.3831111024211
-14.754285421996,46.4138488073392
-14.754285421996,46.4445865122572
-14.754285421996,46.4753242171752
-14.754285421996,46.5060619220932
-14.754285421996,46.5367996270113
-14.754285421996,46.5675373319293
-14.754285421996,46.5982750368473
-14.754285421996,46.6290127417653
-14.754285421996,46.6597504466834
-14.754285421996,46.6904881516014
-14.754285421996,46.7212258565194
-14.754285421996,46.7519635614374
-14.754285421996,46.7827012663555
-14.754285421996,46.8134389712735
-14.754285421996,46.8441766761915
-14.754285421996,46.8749143811095
-14.754285421996,46.9056520860276
-14.754285421996,46.9363897909456
-14.754285421996,46.9671274958636
-14.754285421996,46.9978652007816
-14.754285421996,47.0286029056996
-14.754285421996,47.0593406106177
-14.754285421996,47.0900783155357
-14.754285421996,47.1208160204537
-14.754285421996,47.1515537253717
-14.754285421996,47.1822914302898
-14.754285421996,47.2130291352078
-14.754285421996,47.2437668401258
-14.754285421996,47.2745045450438
-14.754285421996,47.3052422499619
-14.754285421996,47.3359799548799
-14.754285421996,47.3667176597979
-14.754285421996,47.3974553647159
-14.754285421996,47.428193069634
-14.754285421996,47.458930774552
-14.754285421996,47.48966847947
-14.754285421996,47.520406184388
-14.754285421996,47.5511438893061
-14.754285421996,47.5818815942241
-14.754285421996,47.6126192991421
-14.754285421996,47.6433570040601
-14.754285421996,47.6740947089782
-14.754285421996,47.7048324138962
-14.754285421996,47.7355701188142
-14.754285421996,47.7663078237322
-14.754285421996,47.7970455286503
-14.754285421996,47.8277832335683
-14.754285421996,47.8585209384863
-14.754285421996,47.8892586434043
-14.754285421996,47.9199963483224
-14.754285421996,47.9507340532404
-14.754285421996,47.9814717581584
-14.754285421996,48.0122094630764
-14.754285421996,48.0429471679945
-14.754285421996,48.0736848729125
-14.754285421996,48.1044225778305
-14.754285421996,48.1351602827485
-14.754285421996,48.1658979876666
-14.754285421996,48.1966356925846
-14.754285421996,48.2273733975026
-14.754285421996,48.2581111024206
-14.754285421996,48.2888488073387
-14.754285421996,48.3195865122567
-14.754285421996,48.3503242171747
-14.754285421996,48.3810619220927
-14.754285421996,48.4117996270108
-14.754285421996,48.4425373319288
-14.754285421996,48.4732750368468
-14.754285421996,48.5040127417648
-14.754285421996,48.5347504466829
-14.754285421996,48.5654881516009
-14.754285421996,48.5962258565189
-14.754285421996,48.6269635614369
-14.754285421996,48.657701266355
-14.754285421996,48.688438971273
-14.754285421996,48.719176676191
-14.754285421996,48.749914381109
-14.754285421996,48.7806520860271
-14.754285421996,48.8113897909451
-14.754285421996,48.8421274958631
-14.754285421996,48.8728652007811
-14.754285421996,48.9036029056992
-14.754285421996,48.9343406106172
-14.754285421996,48.9650783155352
-14.754285421996,48.9958160204532
-14.754285421996,49.0265537253713
-14.754285421996,49.0572914302893
-14.754285421996,49.0880291352073
-14.754285421996,49.1187668401253
-14.754285421996,49.1495045450433
-14.754285421996,49.1802422499614
-14.754285421996,49.2109799548794
-14.754285421996,49.2417176597974
-14.754285421996,49.2724553647154
-14.754285421996,49.3031930696335
-14.754285421996,49.3339307745515
-14.754285421996,49.3646684794695
-14.754285421996,49.3954061843875
-14.754285421996,49.4261438893056
-14.754285421996,49.4568815942236
-14.754285421996,49.4876192991416
-14.754285421996,49.5183570040596
-14.754285421996,49.5490947089777
-14.754285421996,49.5798324138957
-14.754285421996,49.6105701188137
-14.754285421996,49.6413078237317
-14.754285421996,49.6720455286498
-14.754285421996,49.7027832335678
-14.754285421996,49.7335209384858
-14.754285421996,49.7642586434038
-14.754285421996,49.7949963483219
-14.754285421996,49.8257340532399
-14.754285421996,49.8564717581579
-14.754285421996,49.8872094630759
-14.754285421996,49.917947167994
-14.754285421996,49.948684872912
-14.754285421996,49.97942257783
-14.754285421996,50.010160282748
-14.754285421996,50.0408979876661
-14.754285421996,50.0716356925841
-14.754285421996,50.1023733975021
-14.754285421996,50.1331111024201
-14.754285421996,50.1638488073382
-14.754285421996,50.1945865122562
-14.754285421996,50.2253242171742
-14.754285421996,50.2560619220922
-14.754285421996,50.2867996270103
-14.754285421996,50.3175373319283
-14.754285421996,50.3482750368463
-14.754285421996,50.3790127417643
-14.754285421996,50.4097504466824
-14.754285421996,50.4404881516004
-14.754285421996,50.4712258565184
-14.754285421996,50.5019635614364
-14.754285421996,50.5327012663545
-14.754285421996,50.5634389712725
-14.754285421996,50.5941766761905
-14.754285421996,50.6249143811085
-14.754285421996,50.6556520860266
-14.754285421996,50.6863897909446
-14.754285421996,50.7171274958626
-14.754285421996,50.7478652007806
-14.754285421996,50.7786029056987
-14.754285421996,50.8093406106167
-14.754285421996,50.8400783155347
-14.754285421996,50.8708160204527
-14.754285421996,50.9015537253708
-14.754285421996,50.9322914302888
-14.754285421996,50.9630291352068
-14.754285421996,50.9937668401248
-14.754285421996,51.0245045450429
-14.754285421996,51.0552422499609
-14.754285421996,51.0859799548789
-14.754285421996,51.1167176597969
-14.754285421996,51.147455364715
-14.754285421996,51.178193069633
-14.754285421996,51.208930774551
-14.754285421996,51.239668479469
-14.754285421996,51.270406184387
-14.754285421996,51.3011438893051
-14.754285421996,51.3318815942231
-14.754285421996,51.3626192991411
-14.754285421996,51.3933570040591
-14.754285421996,51.4240947089772
-14.754285421996,51.4548324138952
-14.754285421996,51.4855701188132
-14.754285421996,51.5163078237312
-14.754285421996,51.5470455286493
-14.754285421996,51.5777832335673
-14.754285421996,51.6085209384853
-14.754285421996,51.6392586434033
-14.754285421996,51.6699963483214
-14.754285421996,51.7007340532394
-14.754285421996,51.7314717581574
-14.754285421996,51.7622094630754
-14.754285421996,51.7929471679935
-14.754285421996,51.8236848729115
-14.754285421996,51.8544225778295
-14.754285421996,51.8851602827475
-14.754285421996,51.9158979876656
-14.754285421996,51.9466356925836
-14.754285421996,51.9773733975016
-14.754285421996,52.0081111024196
-14.754285421996,52.0388488073377
-14.754285421996,52.0695865122557
-14.754285421996,52.1003242171737
-14.754285421996,52.1310619220917
-14.754285421996,52.1617996270098
-14.754285421996,52.1925373319278
-14.754285421996,52.2232750368458
-14.754285421996,52.2540127417638
-14.754285421996,52.2847504466819
-14.754285421996,52.3154881515999
-14.754285421996,52.3462258565179
-14.754285421996,52.3769635614359
-14.754285421996,52.407701266354
-14.754285421996,52.438438971272
-14.754285421996,52.46917667619
-14.754285421996,52.499914381108
-14.754285421996,52.5306520860261
-14.754285421996,52.5613897909441
-14.754285421996,52.5921274958621
-14.754285421996,52.6228652007801
-14.754285421996,52.6536029056982
-14.754285421996,52.6843406106162
-14.754285421996,52.7150783155342
-14.754285421996,52.7458160204522
-14.754285421996,52.7765537253703
-14.754285421996,52.8072914302883
-14.754285421996,52.8380291352063
-14.754285421996,52.8687668401243
-14.754285421996,52.8995045450424
-14.754285421996,52.9302422499604
-14.754285421996,52.9609799548784
-14.754285421996,52.9917176597964
-14.754285421996,53.0224553647145
-14.754285421996,53.0531930696325
-14.754285421996,53.0839307745505
-14.754285421996,53.1146684794685
-14.754285421996,53.1454061843866
-14.754285421996,53.1761438893046
-14.754285421996,53.2068815942226
-14.754285421996,53.2376192991406
-14.754285421996,53.2683570040587
-14.754285421996,53.2990947089767
-14.754285421996,53.3298324138947
-14.754285421996,53.3605701188127
-14.754285421996,53.3913078237307
-14.754285421996,53.4220455286488
-14.754285421996,53.4527832335668
-14.754285421996,53.4835209384848
-14.754285421996,53.5142586434028
-14.754285421996,53.5449963483209
-14.754285421996,53.5757340532389
-14.754285421996,53.6064717581569
-14.754285421996,53.6372094630749
-14.754285421996,53.667947167993
-14.754285421996,53.698684872911
-14.754285421996,53.729422577829
-14.754285421996,53.760160282747
-14.754285421996,53.7908979876651
-14.754285421996,53.8216356925831
-14.754285421996,53.8523733975011
-14.754285421996,53.8831111024191
-14.754285421996,53.9138488073372
-14.754285421996,53.9445865122552
-14.754285421996,53.9753242171732
-14.754285421996,54.0060619220912
-14.754285421996,54.0367996270093
-14.754285421996,54.0675373319273
-14.754285421996,54.0982750368453
-14.754285421996,54.1290127417633
-14.754285421996,54.1597504466814
-14.754285421996,54.1904881515994
-14.754285421996,54.2212258565174
-14.754285421996,54.2519635614354
-14.754285421996,54.2827012663535
-14.754285421996,54.3134389712715
-14.754285421996,54.3441766761895
-14.754285421996,54.3749143811075
-14.754285421996,54.4056520860256
-14.754285421996,54.4363897909436
-14.754285421996,54.4671274958616
-14.754285421996,54.4978652007796
-14.754285421996,54.5286029056977
-14.754285421996,54.5593406106157
-14.754285421996,54.5900783155337
-14.754285421996,54.6208160204517
-14.754285421996,54.6515537253698
-14.754285421996,54.6822914302878
-14.754285421996,54.7130291352058
-14.754285421996,54.7437668401238
-14.754285421996,54.7745045450419
-14.754285421996,54.8052422499599
-14.754285421996,54.8359799548779
-14.754285421996,54.8667176597959
-14.754285421996,54.897455364714
-14.754285421996,54.928193069632
-14.754285421996,54.95893077455
-14.754285421996,54.989668479468
-14.754285421996,55.0204061843861
-14.754285421996,55.0511438893041
-14.754285421996,55.0818815942221
-14.754285421996,55.1126192991401
-14.754285421996,55.1433570040582
-14.754285421996,55.1740947089762
-14.754285421996,55.2048324138942
-14.754285421996,55.2355701188122
-14.754285421996,55.2663078237303
-14.754285421996,55.2970455286483
-14.754285421996,55.3277832335663
-14.754285421996,55.3585209384843
-14.754285421996,55.3892586434023
-14.754285421996,55.4199963483204
-14.754285421996,55.4507340532384
-14.754285421996,55.4814717581564
-14.754285421996,55.5122094630744
-14.754285421996,55.5429471679925
-14.754285421996,55.5736848729105
-14.754285421996,55.6044225778285
-14.754285421996,55.6351602827465
-14.754285421996,55.6658979876646
-14.754285421996,55.6966356925826
-14.754285421996,55.7273733975006
-14.754285421996,55.7581111024186
-14.754285421996,55.7888488073367
-14.754285421996,55.8195865122547
-14.754285421996,55.8503242171727
-14.754285421996,55.8810619220907
-14.754285421996,55.9117996270088
-14.754285421996,55.9425373319268
-14.754285421996,55.9732750368448
-14.754285421996,56.0040127417628
-14.754285421996,56.0347504466809
-14.754285421996,56.0654881515989
-14.754285421996,56.0962258565169
-14.754285421996,56.1269635614349
-14.754285421996,56.157701266353
-14.754285421996,56.188438971271
-14.754285421996,56.219176676189
-14.754285421996,56.249914381107
-14.754285421996,56.2806520860251
-14.754285421996,56.3113897909431
-14.754285421996,56.3421274958611
-14.754285421996,56.3728652007791
-14.754285421996,56.4036029056972
-14.754285421996,56.4343406106152
-14.754285421996,56.4650783155332
-14.754285421996,56.4958160204512
-14.754285421996,56.5265537253693
-14.754285421996,56.5572914302873
-14.754285421996,56.5880291352053
-14.754285421996,56.6187668401233
-14.754285421996,56.6495045450414
-14.754285421996,56.6802422499594
-14.754285421996,56.7109799548774
-14.754285421996,56.7417176597954
-14.754285421996,56.7724553647135
-14.754285421996,56.8031930696315
-14.754285421996,56.8339307745495
-14.754285421996,56.8646684794675
-14.754285421996,56.8954061843856
-14.754285421996,56.9261438893036
-14.754285421996,56.9568815942216
-14.754285421996,56.9876192991396
-14.754285421996,57.0183570040577
-14.754285421996,57.0490947089757
-14.754285421996,57.0798324138937
-14.754285421996,57.1105701188117
-14.754285421996,57.1413078237298
-14.754285421996,57.1720455286478
-14.754285421996,57.2027832335658
-14.754285421996,57.2335209384838
-14.754285421996,57.2642586434019
-14.754285421996,57.2949963483199
-14.754285421996,57.3257340532379
-14.754285421996,57.3564717581559
-14.754285421996,57.387209463074
-14.754285421996,57.417947167992
-14.754285421996,57.44868487291
-14.754285421996,57.479422577828
-14.754285421996,57.510160282746
-14.754285421996,57.5408979876641
-14.754285421996,57.5716356925821
-14.754285421996,57.6023733975001
-14.754285421996,57.6331111024181
-14.754285421996,57.6638488073362
-14.754285421996,57.6945865122542
-14.754285421996,57.7253242171722
-14.754285421996,57.7560619220902
-14.754285421996,57.7867996270083
-14.754285421996,57.8175373319263
-14.754285421996,57.8482750368443
-14.754285421996,57.8790127417623
-14.754285421996,57.9097504466804
-14.754285421996,57.9404881515984
-14.754285421996,57.9712258565164
-14.754285421996,58.0019635614344
-14.754285421996,58.0327012663525
-14.754285421996,58.0634389712705
-14.754285421996,58.0941766761885
-14.754285421996,58.1249143811065
-14.754285421996,58.1556520860246
-14.754285421996,58.1863897909426
-14.754285421996,58.2171274958606
-14.754285421996,58.2478652007786
-14.754285421996,58.2786029056967
-14.754285421996,58.3093406106147
-14.754285421996,58.3400783155327
-14.754285421996,58.3708160204507
-14.754285421996,58.4015537253688
-14.754285421996,58.4322914302868
-14.754285421996,58.4630291352048
-14.754285421996,58.4937668401228
-14.754285421996,58.5245045450409
-14.754285421996,58.5552422499589
-14.754285421996,58.5859799548769
-14.754285421996,58.6167176597949
-14.754285421996,58.647455364713
-14.754285421996,58.678193069631
-14.754285421996,58.708930774549
-14.754285421996,58.739668479467
-14.754285421996,58.7704061843851
-14.754285421996,58.8011438893031
-14.754285421996,58.8318815942211
-14.754285421996,58.8626192991391
-14.754285421996,58.8933570040572
-14.754285421996,58.9240947089752
-14.754285421996,58.9548324138932
-14.754285421996,58.9855701188112
-14.754285421996,59.0163078237293
-14.754285421996,59.0470455286473
-14.754285421996,59.0777832335653
-14.754285421996,59.1085209384833
-14.754285421996,59.1392586434014
-14.754285421996,59.1699963483194
-14.754285421996,59.2007340532374
-14.754285421996,59.2314717581554
-14.754285421996,59.2622094630735
-14.754285421996,59.2929471679915
-14.754285421996,59.3236848729095
-14.754285421996,59.3544225778275
-14.754285421996,59.3851602827456
-14.754285421996,59.4158979876636
-14.754285421996,59.4466356925816
-14.754285421996,59.4773733974996
-14.754285421996,59.5081111024177
-14.754285421996,59.5388488073357
-14.754285421996,59.5695865122537
-14.754285421996,59.6003242171717
-14.754285421996,59.6310619220897
-14.754285421996,59.6617996270078
-14.754285421996,59.6925373319258
-14.754285421996,59.7232750368438
-14.754285421996,59.7540127417618
-14.754285421996,59.7847504466799
-14.754285421996,59.8154881515979
-14.754285421996,59.8462258565159
-14.754285421996,59.8769635614339
-14.754285421996,59.907701266352
-14.754285421996,59.93843897127
-14.754285421996,59.969176676188
-14.754285421996,59.999914381106
-14.754285421996,60.0306520860241
-14.754285421996,60.0613897909421
-14.754285421996,60.0921274958601
-14.754285421996,60.1228652007781
-14.754285421996,60.1536029056962
-14.754285421996,60.1843406106142
-14.754285421996,60.2150783155322
-14.754285421996,60.2458160204502
-14.754285421996,60.2765537253683
-14.754285421996,60.3072914302863
-14.754285421996,60.3380291352043
-14.754285421996,60.3687668401223
-14.754285421996,60.3995045450404
-14.754285421996,60.4302422499584
-14.754285421996,60.4609799548764
-14.754285421996,60.4917176597944
-14.754285421996,60.5224553647125
-14.754285421996,60.5531930696305
-14.754285421996,60.5839307745485
-14.754285421996,60.6146684794665
-14.754285421996,60.6454061843846
-14.754285421996,60.6761438893026
-14.754285421996,60.7068815942206
-14.754285421996,60.7376192991386
-14.754285421996,60.7683570040567
-14.754285421996,60.7990947089747
-14.754285421996,60.8298324138927
-14.754285421996,60.8605701188107
-14.754285421996,60.8913078237288
-14.754285421996,60.9220455286468
-14.754285421996,60.9527832335648
-14.754285421996,60.9835209384828
-14.754285421996,61.0142586434009
-14.754285421996,61.0449963483189
-14.754285421996,61.0757340532369
-14.754285421996,61.1064717581549
-14.754285421996,61.137209463073
-14.754285421996,61.167947167991
-14.754285421996,61.198684872909
-14.754285421996,61.229422577827
-14.754285421996,61.2601602827451
-14.754285421996,61.2908979876631
-14.754285421996,61.3216356925811
-14.754285421996,61.3523733974991
-14.754285421996,61.3831111024172
-14.754285421996,61.4138488073352
-14.754285421996,61.4445865122532
-14.754285421996,61.4753242171712
-14.754285421996,61.5060619220893
-14.754285421996,61.5367996270073
-14.754285421996,61.5675373319253
-14.754285421996,61.5982750368433
-14.754285421996,61.6290127417614
-14.754285421996,61.6597504466794
-14.754285421996,61.6904881515974
-14.754285421996,61.7212258565154
-14.754285421996,61.7519635614334
-14.754285421996,61.7827012663515
-14.754285421996,61.8134389712695
-14.754285421996,61.8441766761875
-14.754285421996,61.8749143811055
-14.754285421996,61.9056520860236
-14.754285421996,61.9363897909416
-14.754285421996,61.9671274958596
-14.754285421996,61.9978652007776
-14.754285421996,62.0286029056957
-14.754285421996,62.0593406106137
-14.754285421996,62.0900783155317
-14.754285421996,62.1208160204497
-14.754285421996,62.1515537253678
-14.754285421996,62.1822914302858
-14.754285421996,62.2130291352038
-14.754285421996,62.2437668401218
-14.754285421996,62.2745045450399
-14.754285421996,62.3052422499579
-14.754285421996,62.3359799548759
-14.754285421996,62.3667176597939
-14.754285421996,62.397455364712
-14.754285421996,62.42819306963
-14.754285421996,62.458930774548
-14.754285421996,62.489668479466
-14.754285421996,62.5204061843841
-14.754285421996,62.5511438893021
-14.754285421996,62.5818815942201
-14.754285421996,62.6126192991381
-14.754285421996,62.6433570040562
-14.754285421996,62.6740947089742
-14.754285421996,62.7048324138922
-14.754285421996,62.7355701188102
-14.754285421996,62.7663078237283
-14.754285421996,62.7970455286463
-14.754285421996,62.8277832335643
-14.754285421996,62.8585209384823
-14.754285421996,62.8892586434004
-14.754285421996,62.9199963483184
-14.754285421996,62.9507340532364
-14.754285421996,62.9814717581544
-14.754285421996,63.0122094630725
-14.754285421996,63.0429471679905
-14.754285421996,63.0736848729085
-14.754285421996,63.1044225778265
-14.754285421996,63.1351602827446
-14.754285421996,63.1658979876626
-14.754285421996,63.1966356925806
-14.754285421996,63.2273733974986
-14.754285421996,63.2581111024167
-14.754285421996,63.2888488073347
-14.754285421996,63.3195865122527
-14.754285421996,63.3503242171707
-14.754285421996,63.3810619220888
-14.754285421996,63.4117996270068
-14.754285421996,63.4425373319248
-14.754285421996,63.4732750368428
-14.754285421996,63.5040127417609
-14.754285421996,63.5347504466789
-14.754285421996,63.5654881515969
-14.754285421996,63.5962258565149
-14.754285421996,63.626963561433
-14.754285421996,63.657701266351
-14.754285421996,63.688438971269
-14.754285421996,63.719176676187
-14.754285421996,63.7499143811051
-14.754285421996,63.7806520860231
-14.754285421996,63.8113897909411
-14.754285421996,63.8421274958591
-14.754285421996,63.8728652007771
-14.754285421996,63.9036029056952
-14.754285421996,63.9343406106132
-14.754285421996,63.9650783155312
-14.754285421996,63.9958160204492
-14.754285421996,64.0265537253673
-14.754285421996,64.0572914302853
-14.754285421996,64.0880291352033
-14.754285421996,64.1187668401214
-14.754285421996,64.1495045450394
-14.754285421996,64.1802422499574
-14.754285421996,64.2109799548754
-14.754285421996,64.2417176597935
-14.754285421996,64.2724553647115
-14.754285421996,64.3031930696295
-14.754285421996,64.3339307745475
-14.754285421996,64.3646684794655
-14.754285421996,64.3954061843836
-14.754285421996,64.4261438893016
-14.754285421996,64.4568815942196
-14.754285421996,64.4876192991376
-14.754285421996,64.5183570040557
-14.754285421996,64.5490947089737
-14.754285421996,64.5798324138917
-14.754285421996,64.6105701188097
-14.754285421996,64.6413078237278
-14.754285421996,64.6720455286458
-14.754285421996,64.7027832335638
-14.754285421996,64.7335209384818
-14.754285421996,64.7642586433999
-14.754285421996,64.7949963483179
-14.754285421996,64.8257340532359
-14.754285421996,64.8564717581539
-14.754285421996,64.887209463072
-14.754285421996,64.91794716799
-14.754285421996,64.948684872908
-14.754285421996,64.979422577826
-14.754285421996,65.0101602827441
-14.754285421996,65.0408979876621
-14.754285421996,65.0716356925801
-14.754285421996,65.1023733974981
-14.754285421996,65.1331111024162
-14.754285421996,65.1638488073342
-14.754285421996,65.1945865122522
-14.754285421996,65.2253242171702
-14.754285421996,65.2560619220883
-14.754285421996,65.2867996270063
-14.754285421996,65.3175373319243
-14.754285421996,65.3482750368423
-14.754285421996,65.3790127417604
-14.754285421996,65.4097504466784
-14.754285421996,65.4404881515964
-14.754285421996,65.4712258565144
-14.754285421996,65.5019635614325
-14.754285421996,65.5327012663505
-14.754285421996,65.5634389712685
-14.754285421996,65.5941766761865
-14.754285421996,65.6249143811046
-14.754285421996,65.6556520860226
-14.754285421996,65.6863897909406
-14.754285421996,65.7171274958586
-14.754285421996,65.7478652007767
-14.754285421996,65.7786029056947
-14.754285421996,65.8093406106127
-14.754285421996,65.8400783155307
-14.754285421996,65.8708160204488
-14.754285421996,65.9015537253668
-14.754285421996,65.9322914302848
-14.754285421996,65.9630291352028
-14.754285421996,65.9937668401209
-14.754285421996,66.0245045450389
-14.754285421996,66.0552422499569
-14.754285421996,66.0859799548749
-14.754285421996,66.116717659793
-14.754285421996,66.147455364711
-14.754285421996,66.178193069629
-14.754285421996,66.208930774547
-14.754285421996,66.2396684794651
-14.754285421996,66.2704061843831
-14.754285421996,66.3011438893011
-14.754285421996,66.3318815942191
-14.754285421996,66.3626192991372
-14.754285421996,66.3933570040552
-14.754285421996,66.4240947089732
-14.754285421996,66.4548324138912
-14.754285421996,66.4855701188092
-14.754285421996,66.5163078237273
-14.754285421996,66.5470455286453
-14.754285421996,66.5777832335633
-14.754285421996,66.6085209384813
-14.754285421996,66.6392586433994
-14.754285421996,66.6699963483174
-14.754285421996,66.7007340532354
-14.754285421996,66.7314717581534
-14.754285421996,66.7622094630715
-14.754285421996,66.7929471679895
-14.754285421996,66.8236848729075
-14.754285421996,66.8544225778255
-14.754285421996,66.8851602827436
-14.754285421996,66.9158979876616
-14.754285421996,66.9466356925796
-14.754285421996,66.9773733974976
-14.754285421996,67.0081111024157
-14.754285421996,67.0388488073337
-14.754285421996,67.0695865122517
-14.754285421996,67.1003242171697
-14.754285421996,67.1310619220878
-14.754285421996,67.1617996270058
-14.754285421996,67.1925373319238
-14.754285421996,67.2232750368418
-14.754285421996,67.2540127417599
-14.754285421996,67.2847504466779
-14.754285421996,67.3154881515959
-14.754285421996,67.3462258565139
-14.754285421996,67.376963561432
-14.754285421996,67.40770126635
-14.754285421996,67.438438971268
-14.754285421996,67.469176676186
-14.754285421996,67.4999143811041
-14.754285421996,67.5306520860221
-14.754285421996,67.5613897909401
-14.754285421996,67.5921274958581
-14.754285421996,67.6228652007762
-14.754285421996,67.6536029056942
-14.754285421996,67.6843406106122
-14.754285421996,67.7150783155302
-14.754285421996,67.7458160204483
-14.754285421996,67.7765537253663
-14.754285421996,67.8072914302843
-14.754285421996,67.8380291352023
-14.754285421996,67.8687668401204
-14.754285421996,67.8995045450384
-14.754285421996,67.9302422499564
-14.754285421996,67.9609799548744
-14.754285421996,67.9917176597925
-14.754285421996,68.0224553647105
-14.754285421996,68.0531930696285
-14.754285421996,68.0839307745465
-14.754285421996,68.1146684794646
-14.754285421996,68.1454061843826
-14.754285421996,68.1761438893006
-14.754285421996,68.2068815942186
-14.754285421996,68.2376192991367
-14.754285421996,68.2683570040547
-14.754285421996,68.2990947089727
-14.754285421996,68.3298324138907
-14.754285421996,68.3605701188088
-14.754285421996,68.3913078237268
-14.754285421996,68.4220455286448
-14.754285421996,68.4527832335628
-14.754285421996,68.4835209384809
-14.754285421996,68.5142586433989
-14.754285421996,68.5449963483169
-14.754285421996,68.5757340532349
-14.754285421996,68.6064717581529
-14.754285421996,68.637209463071
-14.754285421996,68.667947167989
-14.754285421996,68.698684872907
-14.754285421996,68.729422577825
-14.754285421996,68.7601602827431
-14.754285421996,68.7908979876611
-14.754285421996,68.8216356925791
-14.754285421996,68.8523733974971
-14.754285421996,68.8831111024152
-14.754285421996,68.9138488073332
-14.754285421996,68.9445865122512
-14.754285421996,68.9753242171692
-14.754285421996,69.0060619220873
-14.754285421996,69.0367996270053
-14.754285421996,69.0675373319233
-14.754285421996,69.0982750368413
-14.754285421996,69.1290127417594
-14.754285421996,69.1597504466774
-14.754285421996,69.1904881515954
-14.754285421996,69.2212258565134
-14.754285421996,69.2519635614315
-14.754285421996,69.2827012663495
-14.754285421996,69.3134389712675
-14.754285421996,69.3441766761855
-14.754285421996,69.3749143811036
-14.754285421996,69.4056520860216
-14.754285421996,69.4363897909396
-14.754285421996,69.4671274958576
-14.754285421996,69.4978652007757
-14.754285421996,69.5286029056937
-14.754285421996,69.5593406106117
-14.754285421996,69.5900783155297
-14.754285421996,69.6208160204478
-14.754285421996,69.6515537253658
-14.754285421996,69.6822914302838
-14.754285421996,69.7130291352018
-14.754285421996,69.7437668401199
-14.754285421996,69.7745045450379
-14.754285421996,69.8052422499559
-14.754285421996,69.8359799548739
-14.754285421996,69.866717659792
-14.754285421996,69.89745536471
-14.754285421996,69.928193069628
-14.754285421996,69.958930774546
-14.754285421996,69.9896684794641
-14.754285421996,70.0204061843821
-14.754285421996,70.0511438893001
-14.754285421996,70.0818815942181
-14.754285421996,70.1126192991362
-14.754285421996,70.1433570040542
-14.754285421996,70.1740947089722
-14.754285421996,70.2048324138902
-14.754285421996,70.2355701188083
-14.754285421996,70.2663078237263
-14.754285421996,70.2970455286443
-14.754285421996,70.3277832335623
-14.754285421996,70.3585209384804
-14.754285421996,70.3892586433984
-14.754285421996,70.4199963483164
-14.754285421996,70.4507340532344
-14.754285421996,70.4814717581525
-14.754285421996,70.5122094630705
-14.754285421996,70.5429471679885
-14.754285421996,70.5736848729065
-14.754285421996,70.6044225778246
-14.754285421996,70.6351602827426
-14.754285421996,70.6658979876606
-14.754285421996,70.6966356925786
-14.754285421996,70.7273733974966
-14.754285421996,70.7581111024147
-14.754285421996,70.7888488073327
-14.754285421996,70.8195865122507
-14.754285421996,70.8503242171687
-14.754285421996,70.8810619220868
-14.754285421996,70.9117996270048
-14.754285421996,70.9425373319228
-14.754285421996,70.9732750368408
-14.754285421996,71.0040127417589
-14.754285421996,71.0347504466769
-14.754285421996,71.0654881515949
-14.754285421996,71.0962258565129
-14.754285421996,71.126963561431
-14.754285421996,71.157701266349
-14.754285421996,71.188438971267
-14.754285421996,71.219176676185
-14.754285421996,71.2499143811031
-14.754285421996,71.2806520860211
-14.754285421996,71.3113897909391
-14.754285421996,71.3421274958571
-14.754285421996,71.3728652007752
-14.754285421996,71.4036029056932
-14.754285421996,71.4343406106112
-14.754285421996,71.4650783155292
-14.754285421996,71.4958160204473
-14.754285421996,71.5265537253653
-14.754285421996,71.5572914302833
-14.754285421996,71.5880291352013
-14.754285421996,71.6187668401194
-14.754285421996,71.6495045450374
-14.754285421996,71.6802422499554
-14.754285421996,71.7109799548734
-14.754285421996,71.7417176597915
-14.754285421996,71.7724553647095
-14.754285421996,71.8031930696275
-14.754285421996,71.8339307745455
-14.754285421996,71.8646684794636
-14.754285421996,71.8954061843816
-14.754285421996,71.9261438892996
-14.754285421996,71.9568815942176
-14.754285421996,71.9876192991357
-14.754285421996,72.0183570040537
-14.754285421996,72.0490947089717
-14.754285421996,72.0798324138897
-14.754285421996,72.1105701188078
-14.754285421996,72.1413078237258
-14.754285421996,72.1720455286438
-14.754285421996,72.2027832335618
-14.754285421996,72.2335209384799
-14.754285421996,72.2642586433979
-14.754285421996,72.2949963483159
-14.754285421996,72.3257340532339
-14.754285421996,72.356471758152
-14.754285421996,72.38720946307
-14.754285421996,72.417947167988
-14.754285421996,72.448684872906
-14.754285421996,72.4794225778241
-14.754285421996,72.5101602827421
-14.754285421996,72.5408979876601
-14.754285421996,72.5716356925781
-14.754285421996,72.6023733974962
-14.754285421996,72.6331111024142
-14.754285421996,72.6638488073322
-14.754285421996,72.6945865122502
-14.754285421996,72.7253242171683
-14.754285421996,72.7560619220863
-14.754285421996,72.7867996270043
-14.754285421996,72.8175373319223
-14.754285421996,72.8482750368403
-14.754285421996,72.8790127417584
-14.754285421996,72.9097504466764
-14.754285421996,72.9404881515944
-14.754285421996,72.9712258565124
-14.754285421996,73.0019635614305
-14.754285421996,73.0327012663485
-14.754285421996,73.0634389712665
-14.754285421996,73.0941766761845
-14.754285421996,73.1249143811026
-14.754285421996,73.1556520860206
-14.754285421996,73.1863897909386
-14.754285421996,73.2171274958566
-14.754285421996,73.2478652007747
-14.754285421996,73.2786029056927
-14.754285421996,73.3093406106107
-14.754285421996,73.3400783155287
-14.754285421996,73.3708160204468
-14.754285421996,73.4015537253648
-14.754285421996,73.4322914302828
-14.754285421996,73.4630291352008
-14.754285421996,73.4937668401189
-14.754285421996,73.5245045450369
-14.754285421996,73.5552422499549
-14.754285421996,73.5859799548729
-14.754285421996,73.616717659791
-14.754285421996,73.647455364709
-14.754285421996,73.678193069627
-14.754285421996,73.708930774545
-14.754285421996,73.7396684794631
-14.754285421996,73.7704061843811
-14.754285421996,73.8011438892991
-14.754285421996,73.8318815942171
-14.754285421996,73.8626192991352
-14.754285421996,73.8933570040532
-14.754285421996,73.9240947089712
-14.754285421996,73.9548324138892
-14.754285421996,73.9855701188073
-14.754285421996,74.0163078237253
-14.754285421996,74.0470455286433
-14.754285421996,74.0777832335613
-14.754285421996,74.1085209384794
-14.754285421996,74.1392586433974
-14.754285421996,74.1699963483154
-14.754285421996,74.2007340532334
-14.754285421996,74.2314717581515
-14.754285421996,74.2622094630695
-14.754285421996,74.2929471679875
-14.754285421996,74.3236848729055
-14.754285421996,74.3544225778236
-14.754285421996,74.3851602827416
-14.754285421996,74.4158979876596
-14.754285421996,74.4466356925776
-14.754285421996,74.4773733974957
-14.754285421996,74.5081111024137
-14.754285421996,74.5388488073317
-14.754285421996,74.5695865122497
-14.754285421996,74.6003242171678
-14.754285421996,74.6310619220858
-14.754285421996,74.6617996270038
-14.754285421996,74.6925373319218
-14.754285421996,74.7232750368399
-14.754285421996,74.7540127417579
-14.754285421996,74.7847504466759
-14.754285421996,74.8154881515939
-14.754285421996,74.8462258565119
-14.754285421996,74.87696356143
-14.754285421996,74.907701266348
-14.754285421996,74.938438971266
-14.754285421996,74.969176676184
-14.754285421996,74.9999143811021
-14.754285421996,75.0306520860201
-14.754285421996,75.0613897909381
-14.754285421996,75.0921274958561
-14.754285421996,75.1228652007742
-14.754285421996,75.1536029056922
-14.754285421996,75.1843406106102
-14.754285421996,75.2150783155282
-14.754285421996,75.2458160204463
-14.754285421996,75.2765537253643
-14.754285421996,75.3072914302823
-14.754285421996,75.3380291352003
-14.754285421996,75.3687668401184
-14.754285421996,75.3995045450364
-14.754285421996,75.4302422499544
-14.754285421996,75.4609799548724
-14.754285421996,75.4917176597905
-14.754285421996,75.5224553647085
-14.754285421996,75.5531930696265
-14.754285421996,75.5839307745445
-14.754285421996,75.6146684794626
-14.754285421996,75.6454061843806
-14.754285421996,75.6761438892986
-14.754285421996,75.7068815942166
-14.754285421996,75.7376192991347
-14.754285421996,75.7683570040527
-14.754285421996,75.7990947089707
-14.754285421996,75.8298324138887
-14.754285421996,75.8605701188068
-14.754285421996,75.8913078237248
-14.754285421996,75.9220455286428
-14.754285421996,75.9527832335608
-14.754285421996,75.9835209384789
-14.754285421996,76.0142586433969
-14.754285421996,76.0449963483149
-14.754285421996,76.0757340532329
-14.754285421996,76.106471758151
-14.754285421996,76.137209463069
-14.754285421996,76.167947167987
-14.754285421996,76.198684872905
-14.754285421996,76.2294225778231
-14.754285421996,76.2601602827411
-14.754285421996,76.2908979876591
-14.754285421996,76.3216356925771
-14.754285421996,76.3523733974952
-14.754285421996,76.3831111024132
-14.754285421996,76.4138488073312
-14.754285421996,76.4445865122492
-14.754285421996,76.4753242171673
-14.754285421996,76.5060619220853
-14.754285421996,76.5367996270033
-14.754285421996,76.5675373319213
-14.754285421996,76.5982750368394
-14.754285421996,76.6290127417574
-14.754285421996,76.6597504466754
-14.754285421996,76.6904881515934
-14.754285421996,76.7212258565115
-14.754285421996,76.7519635614295
-14.754285421996,76.7827012663475
-14.754285421996,76.8134389712655
-14.754285421996,76.8441766761836
-14.754285421996,76.8749143811016
-14.754285421996,76.9056520860196
-14.754285421996,76.9363897909376
-14.754285421996,76.9671274958556
-14.754285421996,76.9978652007737
-14.754285421996,77.0286029056917
-14.754285421996,77.0593406106097
-14.754285421996,77.0900783155277
-14.754285421996,77.1208160204458
-14.754285421996,77.1515537253638
-14.754285421996,77.1822914302818
-14.754285421996,77.2130291351998
-14.754285421996,77.2437668401179
-14.754285421996,77.2745045450359
-14.754285421996,77.3052422499539
-14.754285421996,77.3359799548719
-14.754285421996,77.36671765979
-14.754285421996,77.397455364708
-14.754285421996,77.428193069626
-14.754285421996,77.458930774544
-14.754285421996,77.4896684794621
-14.754285421996,77.5204061843801
-14.754285421996,77.5511438892981
-14.754285421996,77.5818815942161
-14.754285421996,77.6126192991342
-14.754285421996,77.6433570040522
-14.754285421996,77.6740947089702
-14.754285421996,77.7048324138882
-14.754285421996,77.7355701188063
-14.754285421996,77.7663078237243
-14.754285421996,77.7970455286423
-14.754285421996,77.8277832335603
-14.754285421996,77.8585209384784
-14.754285421996,77.8892586433964
-14.754285421996,77.9199963483144
-14.754285421996,77.9507340532324
-14.754285421996,77.9814717581505
-14.754285421996,78.0122094630685
-14.754285421996,78.0429471679865
-14.754285421996,78.0736848729045
-14.754285421996,78.1044225778226
-14.754285421996,78.1351602827406
-14.754285421996,78.1658979876586
-14.754285421996,78.1966356925766
-14.754285421996,78.2273733974947
-14.754285421996,78.2581111024127
-14.754285421996,78.2888488073307
-14.754285421996,78.3195865122487
-14.754285421996,78.3503242171668
-14.754285421996,78.3810619220848
-14.754285421996,78.4117996270028
-14.754285421996,78.4425373319208
-14.754285421996,78.4732750368389
-14.754285421996,78.5040127417569
-14.754285421996,78.5347504466749
-14.754285421996,78.5654881515929
-14.754285421996,78.596225856511
-14.754285421996,78.626963561429
-14.754285421996,78.657701266347
-14.754285421996,78.688438971265
-14.754285421996,78.7191766761831
-14.754285421996,78.7499143811011
-14.754285421996,78.7806520860191
-14.754285421996,78.8113897909371
-14.754285421996,78.8421274958552
-14.754285421996,78.8728652007732
-14.754285421996,78.9036029056912
-14.754285421996,78.9343406106092
-14.754285421996,78.9650783155273
-14.754285421996,78.9958160204453
-14.754285421996,79.0265537253633
-14.754285421996,79.0572914302813
-14.754285421996,79.0880291351993
-14.754285421996,79.1187668401174
-14.754285421996,79.1495045450354
-14.754285421996,79.1802422499534
-14.754285421996,79.2109799548714
-14.754285421996,79.2417176597895
-14.754285421996,79.2724553647075
-14.754285421996,79.3031930696255
-14.754285421996,79.3339307745435
-14.754285421996,79.3646684794616
-14.754285421996,79.3954061843796
-14.754285421996,79.4261438892976
-14.754285421996,79.4568815942156
-14.754285421996,79.4876192991337
-14.754285421996,79.5183570040517
-14.754285421996,79.5490947089697
-14.754285421996,79.5798324138877
-14.754285421996,79.6105701188058
-14.754285421996,79.6413078237238
-14.754285421996,79.6720455286418
-14.754285421996,79.7027832335598
-14.754285421996,79.7335209384779
-14.754285421996,79.7642586433959
-14.754285421996,79.7949963483139
-14.754285421996,79.8257340532319
-14.754285421996,79.85647175815
-14.754285421996,79.887209463068
-14.754285421996,79.917947167986
-14.754285421996,79.948684872904
-14.754285421996,79.9794225778221
-14.754285421996,80.0101602827401
-14.754285421996,80.0408979876581
-14.754285421996,80.0716356925761
-14.754285421996,80.1023733974942
-14.754285421996,80.1331111024122
-14.754285421996,80.1638488073302
-14.754285421996,80.1945865122482
-14.754285421996,80.2253242171663
-14.754285421996,80.2560619220843
-14.754285421996,80.2867996270023
-14.754285421996,80.3175373319203
-14.754285421996,80.3482750368384
-14.754285421996,80.3790127417564
-14.754285421996,80.4097504466744
-14.754285421996,80.4404881515924
-14.754285421996,80.4712258565105
-14.754285421996,80.5019635614285
-14.754285421996,80.5327012663465
-14.754285421996,80.5634389712645
-14.754285421996,80.5941766761826
-14.754285421996,80.6249143811006
-14.754285421996,80.6556520860186
-14.754285421996,80.6863897909366
-14.754285421996,80.7171274958547
-14.754285421996,80.7478652007727
-14.754285421996,80.7786029056907
-14.754285421996,80.8093406106087
-14.754285421996,80.8400783155268
-14.754285421996,80.8708160204448
-14.754285421996,80.9015537253628
-14.754285421996,80.9322914302808
-14.754285421996,80.9630291351989
-14.754285421996,80.9937668401169
-14.754285421996,81.0245045450349
-14.754285421996,81.0552422499529
-14.754285421996,81.085979954871
-14.754285421996,81.116717659789
-14.754285421996,81.147455364707
-14.754285421996,81.178193069625
-14.754285421996,81.208930774543
-14.754285421996,81.2396684794611
-14.754285421996,81.2704061843791
-14.754285421996,81.3011438892971
-14.754285421996,81.3318815942151
-14.754285421996,81.3626192991332
-14.754285421996,81.3933570040512
-14.754285421996,81.4240947089692
-14.754285421996,81.4548324138872
-14.754285421996,81.4855701188053
-14.754285421996,81.5163078237233
-14.754285421996,81.5470455286413
-14.754285421996,81.5777832335593
-14.754285421996,81.6085209384774
-14.754285421996,81.6392586433954
-14.754285421996,81.6699963483134
-14.754285421996,81.7007340532314
-14.754285421996,81.7314717581495
-14.754285421996,81.7622094630675
-14.754285421996,81.7929471679855
-14.754285421996,81.8236848729035
-14.754285421996,81.8544225778216
-14.754285421996,81.8851602827396
-14.754285421996,81.9158979876576
-14.754285421996,81.9466356925756
-14.754285421996,81.9773733974937
-14.754285421996,82.0081111024117
-14.754285421996,82.0388488073297
-14.754285421996,82.0695865122477
-14.754285421996,82.1003242171658
-14.754285421996,82.1310619220838
-14.754285421996,82.1617996270018
-14.754285421996,82.1925373319198
-14.754285421996,82.2232750368379
-14.754285421996,82.2540127417559
-14.754285421996,82.2847504466739
-14.754285421996,82.3154881515919
-14.754285421996,82.34622585651
-14.754285421996,82.376963561428
-14.754285421996,82.407701266346
-14.754285421996,82.438438971264
-14.754285421996,82.4691766761821
-14.754285421996,82.4999143811001
-14.754285421996,82.5306520860181
-14.754285421996,82.5613897909361
-14.754285421996,82.5921274958542
-14.754285421996,82.6228652007722
-14.754285421996,82.6536029056902
-14.754285421996,82.6843406106082
-14.754285421996,82.7150783155263
-14.754285421996,82.7458160204443
-14.754285421996,82.7765537253623
-14.754285421996,82.8072914302803
-14.754285421996,82.8380291351984
-14.754285421996,82.8687668401164
-14.754285421996,82.8995045450344
-14.754285421996,82.9302422499524
-14.754285421996,82.9609799548705
-14.754285421996,82.9917176597885
-14.754285421996,83.0224553647065
-14.754285421996,83.0531930696245
-14.754285421996,83.0839307745426
-14.754285421996,83.1146684794606
-14.754285421996,83.1454061843786
-14.754285421996,83.1761438892966
-14.754285421996,83.2068815942147
-14.754285421996,83.2376192991327
-14.754285421996,83.2683570040507
-14.754285421996,83.2990947089687
-14.754285421996,83.3298324138867
-14.754285421996,83.3605701188048
-14.754285421996,83.3913078237228
-14.754285421996,83.4220455286408
-14.754285421996,83.4527832335588
-14.754285421996,83.4835209384769
-14.754285421996,83.5142586433949
-14.754285421996,83.5449963483129
-14.754285421996,83.5757340532309
-14.754285421996,83.606471758149
-14.754285421996,83.637209463067
-14.754285421996,83.667947167985
-14.754285421996,83.698684872903
-14.754285421996,83.7294225778211
-14.754285421996,83.7601602827391
-14.754285421996,83.7908979876571
-14.754285421996,83.8216356925751
-14.754285421996,83.8523733974932
-14.754285421996,83.8831111024112
-14.754285421996,83.9138488073292
-14.754285421996,83.9445865122472
-14.754285421996,83.9753242171653
-14.754285421996,84.0060619220833
-14.754285421996,84.0367996270013
-14.754285421996,84.0675373319193
-14.754285421996,84.0982750368374
-14.754285421996,84.1290127417554
-14.754285421996,84.1597504466734
-14.754285421996,84.1904881515914
-14.754285421996,84.2212258565095
-14.754285421996,84.2519635614275
-14.754285421996,84.2827012663455
-14.754285421996,84.3134389712635
-14.754285421996,84.3441766761816
-14.754285421996,84.3749143810996
-14.754285421996,84.4056520860176
-14.754285421996,84.4363897909356
-14.754285421996,84.4671274958537
-14.754285421996,84.4978652007717
-14.754285421996,84.5286029056897
-14.754285421996,84.5593406106077
-14.754285421996,84.5900783155258
-14.754285421996,84.6208160204438
-14.754285421996,84.6515537253618
-14.754285421996,84.6822914302798
-14.754285421996,84.7130291351979
-14.754285421996,84.7437668401159
-14.754285421996,84.7745045450339
-14.754285421996,84.8052422499519
-14.754285421996,84.83597995487
-14.754285421996,84.866717659788
-14.754285421996,84.897455364706
-14.754285421996,84.928193069624
-14.754285421996,84.9589307745421
-14.754285421996,84.9896684794601
-14.754285421996,85.0204061843781
-14.754285421996,85.0511438892961
-14.754285421996,85.0818815942142
-14.754285421996,85.1126192991322
-14.754285421996,85.1433570040502
-14.754285421996,85.1740947089682
-14.754285421996,85.2048324138863
-14.754285421996,85.2355701188043
-14.754285421996,85.2663078237223
-14.754285421996,85.2970455286403
-14.754285421996,85.3277832335583
-14.754285421996,85.3585209384764
-14.754285421996,85.3892586433944
-14.754285421996,85.4199963483124
-14.754285421996,85.4507340532304
-14.754285421996,85.4814717581485
-14.754285421996,85.5122094630665
-14.754285421996,85.5429471679845
-14.754285421996,85.5736848729025
-14.754285421996,85.6044225778206
-14.754285421996,85.6351602827386
-14.754285421996,85.6658979876566
-14.754285421996,85.6966356925746
-14.754285421996,85.7273733974927
-14.754285421996,85.7581111024107
-14.754285421996,85.7888488073287
-14.754285421996,85.8195865122467
-14.754285421996,85.8503242171648
-14.754285421996,85.8810619220828
-14.754285421996,85.9117996270008
-14.754285421996,85.9425373319188
-14.754285421996,85.9732750368369
-14.754285421996,86.0040127417549
-14.754285421996,86.0347504466729
-14.754285421996,86.0654881515909
-14.754285421996,86.096225856509
-14.754285421996,86.126963561427
-14.754285421996,86.157701266345
-14.754285421996,86.188438971263
-14.754285421996,86.2191766761811
-14.754285421996,86.2499143810991
-14.754285421996,86.2806520860171
-14.754285421996,86.3113897909351
-14.754285421996,86.3421274958532
-14.754285421996,86.3728652007712
-14.754285421996,86.4036029056892
-14.754285421996,86.4343406106072
-14.754285421996,86.4650783155253
-14.754285421996,86.4958160204433
-14.754285421996,86.5265537253613
-14.754285421996,86.5572914302793
-14.754285421996,86.5880291351974
-14.754285421996,86.6187668401154
-14.754285421996,86.6495045450334
-14.754285421996,86.6802422499514
-14.754285421996,86.7109799548695
-14.754285421996,86.7417176597875
-14.754285421996,86.7724553647055
-14.754285421996,86.8031930696235
-14.754285421996,86.8339307745416
-14.754285421996,86.8646684794596
-14.754285421996,86.8954061843776
-14.754285421996,86.9261438892956
-14.754285421996,86.9568815942137
-14.754285421996,86.9876192991317
-14.754285421996,87.0183570040497
-14.754285421996,87.0490947089677
-14.754285421996,87.0798324138858
-14.754285421996,87.1105701188038
-14.754285421996,87.1413078237218
-14.754285421996,87.1720455286398
-14.754285421996,87.2027832335579
-14.754285421996,87.2335209384759
-14.754285421996,87.2642586433939
-14.754285421996,87.2949963483119
-14.754285421996,87.32573405323
-14.754285421996,87.356471758148
-14.754285421996,87.387209463066
-14.754285421996,87.417947167984
-14.754285421996,87.448684872902
-14.754285421996,87.4794225778201
-14.754285421996,87.5101602827381
-14.754285421996,87.5408979876561
-14.754285421996,87.5716356925741
-14.754285421996,87.6023733974922
-14.754285421996,87.6331111024102
-14.754285421996,87.6638488073282
-14.754285421996,87.6945865122462
-14.754285421996,87.7253242171643
-14.754285421996,87.7560619220823
-14.754285421996,87.7867996270003
-14.754285421996,87.8175373319183
-14.754285421996,87.8482750368364
-14.754285421996,87.8790127417544
-14.754285421996,87.9097504466724
-14.754285421996,87.9404881515904
-14.754285421996,87.9712258565085
-14.754285421996,88.0019635614265
-14.754285421996,88.0327012663445
-14.754285421996,88.0634389712625
-14.754285421996,88.0941766761806
-14.754285421996,88.1249143810986
-14.754285421996,88.1556520860166
-14.754285421996,88.1863897909346
-14.754285421996,88.2171274958527
-14.754285421996,88.2478652007707
-14.754285421996,88.2786029056887
-14.754285421996,88.3093406106067
-14.754285421996,88.3400783155248
-14.754285421996,88.3708160204428
-14.754285421996,88.4015537253608
-14.754285421996,88.4322914302788
-14.754285421996,88.4630291351969
-14.754285421996,88.4937668401149
-14.754285421996,88.5245045450329
-14.754285421996,88.5552422499509
-14.754285421996,88.585979954869
-14.754285421996,88.616717659787
-14.754285421996,88.647455364705
-14.754285421996,88.678193069623
-14.754285421996,88.7089307745411
-14.754285421996,88.7396684794591
-14.754285421996,88.7704061843771
-14.754285421996,88.8011438892951
-14.754285421996,88.8318815942132
-14.754285421996,88.8626192991312
-14.754285421996,88.8933570040492
-14.754285421996,88.9240947089672
-14.754285421996,88.9548324138853
-14.754285421996,88.9855701188033
-14.754285421996,89.0163078237213
-14.754285421996,89.0470455286393
-14.754285421996,89.0777832335574
-14.754285421996,89.1085209384754
-14.754285421996,89.1392586433934
-14.754285421996,89.1699963483114
-14.754285421996,89.2007340532295
-14.754285421996,89.2314717581475
-14.754285421996,89.2622094630655
-14.754285421996,89.2929471679835
-14.754285421996,89.3236848729016
-14.754285421996,89.3544225778196
-14.754285421996,89.3851602827376
-14.754285421996,89.4158979876556
-14.754285421996,89.4466356925737
-14.754285421996,89.4773733974917
-14.754285421996,89.5081111024097
-14.754285421996,89.5388488073277
-14.754285421996,89.5695865122457
-14.754285421996,89.6003242171638
-14.754285421996,89.6310619220818
-14.754285421996,89.6617996269998
-14.754285421996,89.6925373319178
-14.754285421996,89.7232750368359
-14.754285421996,89.7540127417539
-14.754285421996,89.7847504466719
-14.754285421996,89.8154881515899
-14.754285421996,89.846225856508
-14.754285421996,89.876963561426
-14.754285421996,89.907701266344
-14.754285421996,89.938438971262
-14.754285421996,89.9691766761801
-14.754285421996,89.9999143810981
-14.754285421996,90.0306520860161
-14.754285421996,90.0613897909341
-14.754285421996,90.0921274958522
-14.754285421996,90.1228652007702
-14.754285421996,90.1536029056882
-14.754285421996,90.1843406106062
-14.754285421996,90.2150783155243
-14.754285421996,90.2458160204423
-14.754285421996,90.2765537253603
-14.754285421996,90.3072914302783
-14.754285421996,90.3380291351964
-14.754285421996,90.3687668401144
-14.754285421996,90.3995045450324
-14.754285421996,90.4302422499504
-14.754285421996,90.4609799548685
-14.754285421996,90.4917176597865
-14.754285421996,90.5224553647045
-14.754285421996,90.5531930696225
-14.754285421996,90.5839307745406
-14.754285421996,90.6146684794586
-14.754285421996,90.6454061843766
-14.754285421996,90.6761438892946
-14.754285421996,90.7068815942127
-14.754285421996,90.7376192991307
-14.754285421996,90.7683570040487
-14.754285421996,90.7990947089667
-14.754285421996,90.8298324138848
-14.754285421996,90.8605701188028
-14.754285421996,90.8913078237208
-14.754285421996,90.9220455286388
-14.754285421996,90.9527832335569
-14.754285421996,90.9835209384749
-14.754285421996,91.0142586433929
-14.754285421996,91.0449963483109
-14.754285421996,91.075734053229
-14.754285421996,91.106471758147
-14.754285421996,91.137209463065
-14.754285421996,91.167947167983
-14.754285421996,91.1986848729011
-14.754285421996,91.2294225778191
-14.754285421996,91.2601602827371
-14.754285421996,91.2908979876551
-14.754285421996,91.3216356925732
-14.754285421996,91.3523733974912
-14.754285421996,91.3831111024092
-14.754285421996,91.4138488073272
-14.754285421996,91.4445865122453
-14.754285421996,91.4753242171633
-14.754285421996,91.5060619220813
-14.754285421996,91.5367996269993
-14.754285421996,91.5675373319174
-14.754285421996,91.5982750368354
-14.754285421996,91.6290127417534
-14.754285421996,91.6597504466714
-14.754285421996,91.6904881515894
-14.754285421996,91.7212258565075
-14.754285421996,91.7519635614255
-14.754285421996,91.7827012663435
-14.754285421996,91.8134389712615
-14.754285421996,91.8441766761796
-14.754285421996,91.8749143810976
-14.754285421996,91.9056520860156
-14.754285421996,91.9363897909336
-14.754285421996,91.9671274958517
-14.754285421996,91.9978652007697
-14.754285421996,92.0286029056877
-14.754285421996,92.0593406106057
-14.754285421996,92.0900783155238
-14.754285421996,92.1208160204418
-14.754285421996,92.1515537253598
-14.754285421996,92.1822914302778
-14.754285421996,92.2130291351959
-14.754285421996,92.2437668401139
-14.754285421996,92.2745045450319
-14.754285421996,92.3052422499499
-14.754285421996,92.335979954868
-14.754285421996,92.366717659786
-14.754285421996,92.397455364704
-14.754285421996,92.428193069622
-14.754285421996,92.4589307745401
-14.754285421996,92.4896684794581
-14.754285421996,92.5204061843761
-14.754285421996,92.5511438892941
-14.754285421996,92.5818815942122
-14.754285421996,92.6126192991302
-14.754285421996,92.6433570040482
-14.754285421996,92.6740947089662
-14.754285421996,92.7048324138843
-14.754285421996,92.7355701188023
-14.754285421996,92.7663078237203
-14.754285421996,92.7970455286383
-14.754285421996,92.8277832335564
-14.754285421996,92.8585209384744
-14.754285421996,92.8892586433924
-14.754285421996,92.9199963483104
-14.754285421996,92.9507340532285
-14.754285421996,92.9814717581465
-14.754285421996,93.0122094630645
-14.754285421996,93.0429471679825
-14.754285421996,93.0736848729006
-14.754285421996,93.1044225778186
-14.754285421996,93.1351602827366
-14.754285421996,93.1658979876546
-14.754285421996,93.1966356925727
-14.754285421996,93.2273733974907
-14.754285421996,93.2581111024087
-14.754285421996,93.2888488073267
-14.754285421996,93.3195865122448
-14.754285421996,93.3503242171628
-14.754285421996,93.3810619220808
-14.754285421996,93.4117996269988
-14.754285421996,93.4425373319169
-14.754285421996,93.4732750368349
-14.754285421996,93.5040127417529
-14.754285421996,93.5347504466709
-14.754285421996,93.565488151589
-14.754285421996,93.596225856507
-14.754285421996,93.626963561425
-14.754285421996,93.657701266343
-14.754285421996,93.688438971261
-14.754285421996,93.7191766761791
-14.754285421996,93.7499143810971
-14.754285421996,93.7806520860151
-14.754285421996,93.8113897909331
-14.754285421996,93.8421274958512
-14.754285421996,93.8728652007692
-14.754285421996,93.9036029056872
-14.754285421996,93.9343406106052
-14.754285421996,93.9650783155233
-14.754285421996,93.9958160204413
-14.754285421996,94.0265537253593
-14.754285421996,94.0572914302773
-14.754285421996,94.0880291351954
-14.754285421996,94.1187668401134
-14.754285421996,94.1495045450314
-14.754285421996,94.1802422499494
-14.754285421996,94.2109799548675
-14.754285421996,94.2417176597855
-14.754285421996,94.2724553647035
-14.754285421996,94.3031930696215
-14.754285421996,94.3339307745396
-14.754285421996,94.3646684794576
-14.754285421996,94.3954061843756
-14.754285421996,94.4261438892936
-14.754285421996,94.4568815942117
-14.754285421996,94.4876192991297
-14.754285421996,94.5183570040477
-14.754285421996,94.5490947089657
-14.754285421996,94.5798324138838
-14.754285421996,94.6105701188018
-14.754285421996,94.6413078237198
-14.754285421996,94.6720455286378
-14.754285421996,94.7027832335559
-14.754285421996,94.7335209384739
-14.754285421996,94.7642586433919
-14.754285421996,94.7949963483099
-14.754285421996,94.825734053228
-14.754285421996,94.856471758146
-14.754285421996,94.887209463064
-14.754285421996,94.917947167982
-14.754285421996,94.9486848729001
-14.754285421996,94.9794225778181
-14.754285421996,95.0101602827361
-14.754285421996,95.0408979876541
-14.754285421996,95.0716356925722
-14.754285421996,95.1023733974902
-14.754285421996,95.1331111024082
-14.754285421996,95.1638488073262
-14.754285421996,95.1945865122443
-14.754285421996,95.2253242171623
-14.754285421996,95.2560619220803
-14.754285421996,95.2867996269983
-14.754285421996,95.3175373319164
-14.754285421996,95.3482750368344
-14.754285421996,95.3790127417524
-14.754285421996,95.4097504466704
-14.754285421996,95.4404881515885
-14.754285421996,95.4712258565065
-14.754285421996,95.5019635614245
-14.754285421996,95.5327012663425
-14.754285421996,95.5634389712606
-14.754285421996,95.5941766761786
-14.754285421996,95.6249143810966
-14.754285421996,95.6556520860146
-14.754285421996,95.6863897909327
-14.754285421996,95.7171274958507
-14.754285421996,95.7478652007687
-14.754285421996,95.7786029056867
-14.754285421996,95.8093406106047
-14.754285421996,95.8400783155228
-14.754285421996,95.8708160204408
-14.754285421996,95.9015537253588
-14.754285421996,95.9322914302768
-14.754285421996,95.9630291351949
-14.754285421996,95.9937668401129
-14.754285421996,96.0245045450309
-14.754285421996,96.0552422499489
-14.754285421996,96.085979954867
-14.754285421996,96.116717659785
-14.754285421996,96.147455364703
-14.754285421996,96.178193069621
-14.754285421996,96.2089307745391
-14.754285421996,96.2396684794571
-14.754285421996,96.2704061843751
-14.754285421996,96.3011438892931
-14.754285421996,96.3318815942112
-14.754285421996,96.3626192991292
-14.754285421996,96.3933570040472
-14.754285421996,96.4240947089652
-14.754285421996,96.4548324138833
-14.754285421996,96.4855701188013
-14.754285421996,96.5163078237193
-14.754285421996,96.5470455286373
-14.754285421996,96.5777832335554
-14.754285421996,96.6085209384734
-14.754285421996,96.6392586433914
-14.754285421996,96.6699963483094
-14.754285421996,96.7007340532275
-14.754285421996,96.7314717581455
-14.754285421996,96.7622094630635
-14.754285421996,96.7929471679815
-14.754285421996,96.8236848728996
-14.754285421996,96.8544225778176
-14.754285421996,96.8851602827356
-14.754285421996,96.9158979876536
-14.754285421996,96.9466356925717
-14.754285421996,96.9773733974897
-14.754285421996,97.0081111024077
-14.754285421996,97.0388488073257
-14.754285421996,97.0695865122438
-14.754285421996,97.1003242171618
-14.754285421996,97.1310619220798
-14.754285421996,97.1617996269978
-14.754285421996,97.1925373319159
-14.754285421996,97.2232750368339
-14.754285421996,97.2540127417519
-14.754285421996,97.2847504466699
-14.754285421996,97.315488151588
-14.754285421996,97.346225856506
-14.754285421996,97.376963561424
-14.754285421996,97.407701266342
-14.754285421996,97.4384389712601
-14.754285421996,97.4691766761781
-14.754285421996,97.4999143810961
-14.754285421996,97.5306520860141
-14.754285421996,97.5613897909322
-14.754285421996,97.5921274958502
-14.754285421996,97.6228652007682
-14.754285421996,97.6536029056862
-14.754285421996,97.6843406106043
-14.754285421996,97.7150783155223
-14.754285421996,97.7458160204403
-14.754285421996,97.7765537253583
-14.754285421996,97.8072914302764
-14.754285421996,97.8380291351944
-14.754285421996,97.8687668401124
-14.754285421996,97.8995045450304
-14.754285421996,97.9302422499484
-14.754285421996,97.9609799548665
-14.754285421996,97.9917176597845
-14.754285421996,98.0224553647025
-14.754285421996,98.0531930696205
-14.754285421996,98.0839307745386
-14.754285421996,98.1146684794566
-14.754285421996,98.1454061843746
-14.754285421996,98.1761438892926
-14.754285421996,98.2068815942107
-14.754285421996,98.2376192991287
-14.754285421996,98.2683570040467
-14.754285421996,98.2990947089647
-14.754285421996,98.3298324138828
-14.754285421996,98.3605701188008
-14.754285421996,98.3913078237188
-14.754285421996,98.4220455286368
-14.754285421996,98.4527832335549
-14.754285421996,98.4835209384729
-14.754285421996,98.5142586433909
-14.754285421996,98.5449963483089
-14.754285421996,98.575734053227
-14.754285421996,98.606471758145
-14.754285421996,98.637209463063
-14.754285421996,98.667947167981
-14.754285421996,98.6986848728991
-14.754285421996,98.7294225778171
-14.754285421996,98.7601602827351
-14.754285421996,98.7908979876531
-14.754285421996,98.8216356925712
-14.754285421996,98.8523733974892
-14.754285421996,98.8831111024072
-14.754285421996,98.9138488073252
-14.754285421996,98.9445865122433
-14.754285421996,98.9753242171613
-14.754285421996,99.0060619220793
-14.754285421996,99.0367996269973
-14.754285421996,99.0675373319154
-14.754285421996,99.0982750368334
-14.754285421996,99.1290127417514
-14.754285421996,99.1597504466694
-14.754285421996,99.1904881515875
-14.754285421996,99.2212258565055
-14.754285421996,99.2519635614235
-14.754285421996,99.2827012663415
-14.754285421996,99.3134389712596
-14.754285421996,99.3441766761776
-14.754285421996,99.3749143810956
-14.754285421996,99.4056520860136
-14.754285421996,99.4363897909317
-14.754285421996,99.4671274958497
-14.754285421996,99.4978652007677
-14.754285421996,99.5286029056857
-14.754285421996,99.5593406106038
-14.754285421996,99.5900783155218
-14.754285421996,99.6208160204398
-14.754285421996,99.6515537253578
-14.754285421996,99.6822914302759
-14.754285421996,99.7130291351939
-14.754285421996,99.7437668401119
-14.754285421996,99.7745045450299
-14.754285421996,99.805242249948
-14.754285421996,99.835979954866
-14.754285421996,99.866717659784
-14.754285421996,99.897455364702
-14.754285421996,99.9281930696201
-14.754285421996,99.9589307745381
-14.754285421996,99.9896684794561
