0,0
0,0.124999999999969
0,0.249999999999937
0,0.374999987048036
0,0.499999968835766
0,0.624999939084519
2.7138243424926e-46,0.749999902172253
-2.38032932520029e-39,0.874999868313119
4.04968761663658e-38,0.999999815308117
-2.04755863723432e-37,1.12499978734359
-2.48971992146212e-35,1.24999973300645
3.09155320254445e-34,1.37499967030572
3.11748238709893e-34,1.49999962843335
-1.1364516910551e-32,1.62499956092172
-1.90962893910458e-32,1.74999948866522
1.91255700356994e-31,1.87499943873233
7.34118706209003e-31,1.99999936239808
-6.74764572978961e-31,2.12499927926298
-1.01347102006968e-29,2.24999922624745
-2.17803145011916e-29,2.37499914487465
2.66034234452131e-29,2.4999990512109
2.50571186066485e-28,2.6249989771772
5.44289963897944e-28,2.74999889480571
-6.49758011226009e-29,2.87499879351211
-3.57173885996253e-27,2.99999869944179
-1.02189538213493e-26,3.12499862026206
-1.07880756349973e-26,3.24999851590453
2.08451763565272e-26,3.37499840742926
1.14546712128692e-25,3.49999832594272
2.40331971344509e-25,3.62499822376458
1.94717302955115e-25,3.74999810605071
-4.58912225999627e-25,3.87499799849397
-2.14116520079398e-24,3.99999790359716
-4.4065767817066e-24,4.12499778402664
-4.56823736256678e-24,4.24999766136027
3.12732763288195e-24,4.37499756268439
2.53346323156147e-23,4.49999744833004
6.15042688639435e-23,4.62499731716802
8.93875501141116e-23,4.74999719330992
5.11218257328046e-23,4.8749970901621
-1.41643481161676e-22,4.99999696019373
-5.56230418994515e-22,5.124996822959
-1.12092712538944e-21,5.24999670273698
-1.45984636423515e-21,5.37499657980658
-7.78017691631239e-22,5.49999643809624
2.01081244327969e-21,5.6249962987071
7.67346381480761e-21,5.7499961746978
1.54267278075175e-20,5.87499602290213
2.13066974149198e-20,5.99999586753897
1.69867385453525e-20,6.12499572726333
-9.37894438629717e-21,6.24999557906628
-6.83235111878003e-20,6.3749954100155
-1.58916815475903e-19,6.49999524988448
-2.54292130490336e-19,6.62499511147163
-2.88089923968021e-19,6.74999495364995
-1.52389288019192e-19,6.87499478336202
2.78239764191224e-19,6.99999462761124
1.0830019202256e-18,7.12499449352317
2.18853870960674e-18,7.24999434427875
3.24017765814154e-18,7.37499417887191
3.50492471486598e-18,7.49999402146969
1.89599824772584e-18,7.62499388985267
-2.7721846151848e-18,7.74999372940874
-1.1212187340738e-17,7.87499355880637
-2.2777437492063e-17,7.99999340072954
-3.44313587456174e-17,8.12499325598287
-3.99688541942785e-17,8.24999308602269
-3.01143409528662e-17,8.37499291233194
5.76150233173613e-18,8.49999275513391
7.56983067555204e-17,8.62499259842273
1.78891863939658e-16,8.74999242056332
2.98026932512624e-16,8.87499224573951
3.92454914346387e-16,8.99999209081132
3.95914727440841e-16,9.12499192329767
2.23470549428238e-16,9.24999173907957
-2.07886060282548e-16,9.3749915636502
-9.42719687131895e-16,9.49999141221072
-1.93716322443397e-15,9.62499123503701
-3.00499849318221e-15,9.74999104591985
-3.77780658065355e-15,9.87499086941269
-3.70477981188094e-15,9.9999907110478
-2.12115600410772e-15,10.1249905253254
1.59058150925496e-15,10.2499903326879
7.73916233178356e-15,10.3749901555147
1.59851492582883e-14,10.4999899865199
2.49880397902341e-14,10.6249897933168
3.2150985453492e-14,10.7499895984482
3.36138690329725e-14,10.8749894213053
2.46606795529147e-14,10.9999892424462
6.7941220336885e-16,11.1249890427895
-4.12776930946299e-14,11.2499857631016
-1.00444369093454e-13,11.3749766287377
-1.70121187861756e-13,11.4999623770395
-2.35853668987648e-13,11.6249449556986
-2.74789217674082e-13,11.7499275315612
-2.57127942629832e-13,11.8749061395485
-1.50463334610011e-13,11.999876576062
7.25251820380721e-14,12.1248390542243
4.23231655392643e-13,12.2497944197245
8.84314398830949e-13,12.3747449582547
1.39725400315664e-12,12.4996945059073
1.85378539533038e-12,12.6246461957299
2.09583945093372e-12,12.7495881233789
1.92818434822059e-12,12.8745205450318
1.14762633696552e-12,12.9994444269699
-4.09849494731974e-13,13.1243624294599
-2.80618994565183e-12,13.2492791214263
-5.92928976779514e-12,13.3742001265477
-9.42632133253986e-12,13.4991132581664
-1.26591266144268e-11,13.6240158099951
-1.47035437783038e-11,13.7489088593727
-1.4414522838884e-11,13.8737955296637
-1.05744084695112e-11,13.9986812345285
-2.13340481932971e-12,14.1235725832967
1.14701202031812e-11,14.2484582502753
2.99419649929433e-11,14.3733325886016
5.17713524145436e-11,14.498196812427
7.39574327505865e-11,14.6230546143437
9.19191436085283e-11,14.7479124107422
9.96915350698538e-11,14.8727779168201
9.0508150622375e-11,14.9976384026051
5.77994665960782e-11,15.1224869617594
-3.39944388574621e-12,15.2473250084385
-9.47280095807287e-11,15.3721570833672
-2.1266144116479e-10,15.4969908106089
-3.46827022051071e-10,15.62183514085
-4.78976891421036e-10,15.7466730030036
-5.82955639753455e-10,15.8714983762529
-6.2610139921381e-10,15.9963130834004
-5.72416127717166e-10,16.1211229543603
-3.876524372673e-10,16.2459370829106
-4.63240108281214e-11,16.3707656887069
4.60194783099249e-10,16.49558346125
1.11520753292456e-09,16.6203881090336
1.86921825549479e-09,16.7451823565846
2.63502711328051e-09,16.8699738653504
3.28717341233676e-09,16.99477322627
3.66756766686992e-09,17.1195874162549
3.59919049744651e-09,17.2443873406913
2.90716049477634e-09,17.3691735722592
1.44748766007093e-09,17.4939504806018
-8.58363509130872e-10,17.6187277028087
-3.98586036436212e-09,17.7435170055477
-7.77188802977037e-09,17.8683162377456
-1.18903366828669e-08,17.9931003155815
-1.58414943228456e-08,18.1178704190495
-1.8963959943837e-08,18.2426330922713
-2.04742782569161e-08,18.3673995762628
-1.95387041277216e-08,18.4921822894518
-1.53785581927012e-08,18.6169689927144
-7.39922577832871e-09,18.7417398406196
4.66434885792005e-09,18.8664970458784
2.05988037149139e-08,18.9912490548414
3.95804321765122e-08,19.1160077808411
6.007999633413e-08,19.2407857066916
7.98495285598625e-08,19.3655628301665
9.59966046614701e-08,19.4903234548678
1.05155755471728e-07,19.6150709289786
1.03775593230412e-07,19.7398145888205
8.85223660479643e-08,19.8645663654556
5.6795655549293e-08,19.9893382895424
7.29777919748254e-09,20.1141090937209
-5.94143156922396e-08,20.2388629298322
-1.40442053474245e-07,20.3636034609234
-2.30216856977972e-07,20.4883400198962
-3.20423674375536e-07,20.613084024769
-4.00245893917098e-07,20.7378462410442
-4.57039896589242e-07,20.8626141788165
-4.77404560465089e-07,20.9873650518118
-4.48536367793725e-07,21.1121011275936
-3.5983741411412e-07,21.2368309044094
-2.0462301650146e-07,21.3615646291914
1.82546679396135e-08,21.486311419163
3.02959477670036e-07,21.6110783735361
6.36037369986742e-07,21.735827415129
9.96294561933696e-07,21.8605585100634
1.3555237128996e-06,21.9852774081814
1.68008954439752e-06,22.109993549008
1.93340328083251e-06,22.2347153100886
2.07913469743636e-06,22.3594547194948
2.0851898776218e-06,22.4842025924355
1.92791532930145e-06,22.6089348334334
1.59603305394218e-06,22.7336527116702
1.09404641820452e-06,22.8583628340796
4.44638719113161e-07,22.9830736498608
-3.10326908296178e-07,23.1077912915356
-1.11019952694387e-06,23.2325257580185
-1.87761233478015e-06,23.3572737014211
-2.52257057783795e-06,23.4820109117756
-2.94694169933838e-06,23.6067385349174
-3.04872492290314e-06,23.7314622595936
-2.72320279002813e-06,23.856190560244
-1.85790343115563e-06,23.9809311332556
-3.20578692387947e-07,24.1056923019884
2.05727782364131e-06,24.2304829274987
5.49997382224579e-06,24.3552871371533
1.03089639382278e-05,24.4801010186325
1.6880989338501e-05,24.6049608110907
2.57497089892217e-05,24.7298447426869
3.76376796329522e-05,24.8547917333295
5.35439115592052e-05,24.9797883838424
7.48947882603725e-05,25.1047846276834
0.000103710487278947,25.2297804310715
0.000142610315982531,25.3547757579146
0.000194485911335859,25.4797705702489
0.000262228186405095,25.6047648284071
0.000348990353915948,25.7297584910922
0.000458584011995605,25.8547515151875
0.000595315438952291,25.9797438560115
0.000763358680047738,26.1047354687137
0.000966660084360389,26.2297263110096
0.00120994243577536,26.3547163461138
0.00149977397101454,26.4797055460658
0.0018447394323615,26.6046938945393
0.002255270618065,26.7296813891209
0.00274366255325078,26.854668043069
0.0033240425913438,26.9796538861455
0.00401213528752414,27.1046389640178
0.00482497529769449,27.2296233362581
0.00578069300675521,27.3546070734468
0.00689827066431323,27.4795902540835
0.00819703044312775,27.6045729613558
0.00969571231050223,27.7295552800076
0.0114112626893434,27.8545372937011
0.0133576948240369,27.9795190828644
0.0155453739828016,28.1045007229074
0.0179808380030097,28.2294822830944
0.020667047876454,28.3544638244948
0.0236038960920412,28.4794454087168
0.0267887851338943,28.6044270763301
0.0302170997222685,28.7294088641062
0.0338826054934617,28.8543908045054
0.0377778821825387,28.9793729250618
0.0418945759819512,29.1043552477509
0.046223847335864,29.2293377895188
0.050755856637124,29.3543205627204
0.0554807608110677,29.4793035761014
0.0603859090135026,29.6042868345539
0.0654526709946542,29.7292703403633
0.0706579125602866,29.8542540876354
0.0759775717412168,29.9792380945079
0.081390446249849,30.104222372236
0.0868861415189287,30.2292068988025
0.0924696840971316,30.3541916805309
0.0981635510388153,30.4791767166456
0.103995761907008,30.6041620095406
0.110001634904216,30.7291475409077
0.116219355118453,30.8541332983795
0.122681281624882,30.9791192728657
0.129405902160759,31.1041054563569
0.136396998276693,31.2290918422409
0.143644825570874,31.3540784244989
0.151136211112662,31.4790651948706
0.158852892090968,31.6040521548775
0.166757752475383,31.7290393057468
0.174813639754107,31.8540266399963
0.182999012710507,31.9790141511258
0.191304240993546,32.1040018334213
0.199725043370265,32.2289896803497
0.208256739018061,32.3539776851416
0.216894267799799,32.4789658414494
0.225635258458977,32.6039541426831
0.234483070066009,32.7289425821765
0.243448881677203,32.8539311533499
0.252552857690335,32.9789198498405
0.261822207662973,33.1039086645297
0.271287254140316,33.2288975923124
0.280982531508107,33.3538866277054
0.290952769297889,33.4788757662036
0.301247623133962,33.603865000513
0.311894978668381,33.7288543266819
0.32292482507405,33.8538437413957
0.334359555643107,33.9788279024027
0.346185592908213,34.103817484186
0.358307494797618,34.228807143743
0.370626512643942,34.3537953612731
0.383200270887423,34.4787851683471
0.396177641960375,34.6037750473512
0.409651752284535,34.7287356072281
0.423643457510599,34.8536926390933
0.438112172241603,34.9786506402873
0.452962958110834,35.10363977494
0.468037741419763,35.2286299832491
0.483167080299355,35.3536202537034
0.498166768480714,35.478557325054
0.512874096246068,35.6034911462193
0.527146140396909,35.7284273239398
0.540873012214786,35.8533734229605
0.553978727689607,35.9783371383293
0.566421297361753,36.1033277536584
0.578179451743009,36.2283184243525
0.5892550912801,36.3533091489591
0.59965890052754,36.4782999262033
0.609409428782793,36.6032907544631
0.618547085612931,36.7282816342954
0.627097960145191,36.8532530428641
0.635122603474731,36.9782440192247
0.642664746326816,37.103232710504
0.649765657612122,37.228223774245
0.656455988476798,37.3532148826321
0.662763318702348,37.4782060327838
0.668751207872397,37.6031972242565
0.674363676982124,37.7280909550834
0.679604635657985,37.8529933135111
0.684424987562696,37.9779022641284
0.688889588500327,38.1028936032346
0.692947526955333,38.2278567434405
0.696616550694839,38.3528481533888
0.699909483302353,38.4778395976786
0.702850290138171,38.6028310752007
0.70540965620868,38.7277917653644
0.707642554427104,38.8527833045515
0.709530653469599,38.977742218749
0.711063303473538,39.1026976811164
0.71230228380835,39.2276861059032
0.713211042245595,39.3526356192227
0.71382884752083,39.4776131820525
0.714163408711317,39.6025870863666
0.714189239530079,39.7275453709857
0.713909548864095,39.8525130314096
0.713294423531669,39.9774667359281
0.71232786945312,40.1024187151664
0.710981435751143,40.2273634617343
0.70923165681317,40.3523100381931
0.707082670943728,40.477269915689
0.704538132721767,40.6022295802148
0.701621729630345,40.7271899036792
0.698382464973277,40.8521504649283
0.694898781527587,40.9771146215748
0.691269742814534,41.1020814184221
0.687603317438745,41.2270490377421
0.684005591803973,41.3520204162238
0.680563651070284,41.4769964251538
0.677326180204264,41.6019766221163
0.674311408572521,41.726960068294
0.671520300844515,41.8519446400153
0.668948363038592,41.976928291509
0.666590799317063,42.1019109380973
0.664440840202543,42.226892454763
0.662489518594945,42.3518726644535
0.660733454419772,42.4768513309303
0.659165449416489,42.6018281489298
0.657783552145116,42.7268027432517
0.656601156900184,42.851774644576
0.655640243030297,42.9767433419859
0.654923242213676,43.1017083418163
0.654471991154242,43.2266692308352
0.654303840812737,43.3516257454443
0.654422353081255,43.4765778146877
0.654814956873701,43.6015255692715
0.655457158232122,43.7264693286593
0.65631186690259,43.8514095857445
0.657326745569172,43.9763469966117
0.658437732774621,44.1012821958307
0.659588613424157,44.2262158931207
0.66075114976916,44.3511493082042
0.66191208359807,44.4760837781772
0.663067591482595,44.601019728339
0.664223564791411,44.7259569753542
0.665388276994049,44.8508954140745
0.666570521962093,44.9758353784237
0.667776448153123,45.1007763512389
0.669008593084894,45.2257188631973
0.670264667602313,45.3506631129727
0.671543239407538,45.4756088466781
0.672846552020378,45.6005567846365
0.674176944864197,45.7255060248876
0.675533528488115,45.8504572582915
0.676911826185788,45.975410129642
0.678309264521076,46.1003647255231
0.679723066947314,46.2253211157896
0.681143982643998,46.3502789291934
0.682562556754234,46.4752386527057
0.683970510836913,46.6001996691138
0.685362214682578,46.7251626322096
0.686730266581852,46.8501269468322
0.688066276322749,46.9750932030006
0.689364066516735,47.1000610633012
0.690621769770723,47.2250308446267
0.691839024650598,47.3500026335995
0.693014103001839,47.4749763342025
0.69414750494855,47.5999524909181
0.695242433389624,47.7249305780513
0.696305106477104,47.849911363319
0.697340376732099,47.9748942391955
0.698354940096946,48.0998797924325
0.699359517819753,48.2248676873944
0.700367946953421,48.3498571790226
0.701391488928182,48.4748466381373
0.702440328909583,48.5998361009698
0.703526071441887,48.7248256103619
0.704661528822608,48.849815220367
0.705857498490132,48.9748049958254
0.707121222854962,49.0997950139357
0.708458781560312,49.2247853661535
0.709875810115087,49.34977586662
0.711374745312315,49.4747663482025
0.712952611513643,49.5997568102601
0.714601530913066,49.7247472541577
0.716308421795478,49.8497376809689
0.718054282702708,49.9747280916304
0.719813061290096,50.0997184870349
0.721553210256746,50.2247088680441
0.723240758553426,50.3496992355067
0.724842660974228,50.4746895902589
0.726330153172787,50.5996799345314
0.7276820411501,50.724670266716
0.728886524477969,50.8496605880877
0.729940910956371,50.9746509010638
0.730850293955691,51.09964120545
0.73162531376401,51.2246315000416
0.732279151145383,51.3496217876908
0.732825095765137,51.4746120683641
0.733275763699728,51.5996023423329
0.733642950682408,51.7245926100016
0.73393688901448,51.8495828718299
0.734165884936063,51.974573128306
0.734336785978232,52.0995633799394
0.734456028468349,52.2245536272594
0.734530162199363,52.3495438708134
0.73456483225048,52.4745341111639
0.734565216630785,52.5995243488841
0.734535742907368,52.7245145845542
0.734481077638449,52.849504818755
0.734405359740919,52.9744950520639
0.734312953609034,53.0994852844908
0.734207730957696,53.2244755175312
0.734093835911916,53.3494657511106
0.733974657722229,53.4744559860161
0.733852720986922,53.5994462231993
0.733729657487515,53.724436462907
0.733606340745058,53.8494267054533
0.733483439748218,53.9744169509902
0.7333614824486,54.0994071999473
0.733240720905356,54.224397452623
0.733121836516819,54.3493877092305
0.733005721719579,54.4743779699225
0.732893542258884,54.5993682348046
0.732786504757385,54.724358503944
0.732686365521329,54.8493487774305
0.732594682382726,54.9743390552284
0.732512891820987,55.0993293351958
0.73244399604044,55.2243196204587
0.732392460297257,55.3493099103877
0.732362971030762,55.4743002046168
0.732359362432989,55.5992905029419
0.732383983873709,55.7242808052119
0.732437523500522,55.849271111288
0.732518554918708,55.9742614210429
0.732625037826831,56.0992517343613
0.732754903507861,56.2242420511447
0.732905936956675,56.3492323713067
0.733074104841536,56.4742226947706
0.733256064222916,56.5992130214635
0.733449017554935,56.7242033513171
0.733650624157123,56.8491936842404
0.733857074948076,56.9741840200901
0.734066868984449,57.0991743586523
0.73427875628008,57.2241646996766
0.734490634233906,57.3491550429482
0.734700321469073,57.4741453884015
0.734906271106292,57.5991357361642
0.735107202794805,57.7241260864963
0.735301128634801,57.8491164396683
0.735485491767617,57.9741067959063
0.735659532777578,58.099097155388
0.735820369020207,58.2240875182468
0.735963090788636,58.3490778871822
0.736082849862589,58.4740682587821
0.736174943241481,58.5990586332137
0.736233068164408,58.7240490108101
0.736249866797129,58.8490393916023
0.736219076086832,58.9740297775438
0.736134213782424,59.0990201666741
0.735988745430225,59.2240105593579
0.735777923518168,59.3490009553751
0.735498980663411,59.4739913542132
0.735152976302476,59.5989817557196
0.73474517723975,59.7239721592678
0.734282202211503,59.8489625646641
0.733770991714719,59.973952971733
0.73322142308275,60.0989433790377
0.732647378067848,60.2239337881242
0.732064728734097,60.3489241986389
0.731491510983182,60.4739146102613
0.730946331712499,60.5989050227274
0.730445988285494,60.7238954357818
0.730006042056841,60.848885849155
0.729636230290344,60.9738762625577
0.729342447703867,61.0988666756814
0.729124734599296,61.2238570882005
0.728976797498047,61.348847499055
0.728889785288019,61.4738379088743
0.728850477760137,61.5988283172067
0.728844280888777,61.7238187236253
0.728858656657342,61.848809127742
0.728883669456777,61.9737995291883
0.728914454449234,62.0987899276105
0.728950284968197,62.22378032267
0.728993845171908,62.3487707139928
0.729050069681164,62.4737611012721
0.729124616092355,62.5987514842851
0.729223309233745,62.7237418627718
0.729350534617059,62.848732236408
0.729509098928348,62.9737226049208
0.729700669373327,63.0987129681159
0.729925245767669,63.2237033257585
0.73018144150514,63.3486936775995
0.73046588962277,63.4736840229482
0.730773131091038,63.5986743622063
0.731096900183174,63.7236646951262
0.73143104901741,63.8486550214535
0.731770907706402,63.9736453411196
0.732113233139766,64.0986356540302
0.732455741553567,64.2236259601828
0.732796442558222,64.3486162596424
0.73313289418876,64.4736065525793
0.733462630357388,64.598596839085
0.733783855107763,64.7235871192946
0.734095956725925,64.8485773933956
0.734398465866242,64.9735676609633
0.734691665282237,65.0985579231184
0.734976654442391,65.2235481799744
0.73525518299186,65.3485384316648
0.735529701506399,65.4735286777522
0.735803269779556,65.5985189186696
0.736079526537722,65.7235091552791
0.736362617785231,65.8484993875388
0.736657280045705,65.9734896154409
0.736968563104341,66.098479839008
0.737301167489893,66.2234700582756
0.737659532406047,66.3484602732805
0.73804803617285,66.4734504840552
0.738470515102582,66.5984406906257
0.738929706682417,66.7234308930094
0.739427644854101,66.8484210912159
0.739965738265767,66.9734112852964
0.740545094276066,67.0984014752443
0.74116647142477,67.2233916610251
0.741828740342019,67.3483818426055
0.742529309395686,67.4733720199629
0.743264843248998,67.5983621930894
0.744032197557354,67.7233523619921
0.744828722477284,67.8483425266413
0.745651840630919,67.9733326873129
0.746498757764192,68.0983228439757
0.747366475129714,68.223312996681
0.748252085272967,68.3483031452112
0.749152552748788,68.4732932900436
0.750064594556792,68.5982834314286
0.750984850143924,68.7232735700102
0.751909668768871,68.8482637050065
0.752835162996171,68.9732538367125
0.753757273068414,69.0982439653265
0.754671629587219,69.2232340910073
0.755573782560774,69.3482242139007
0.756459211738749,69.4732143341526
0.757323401683666,69.5982044519152
0.758162157299082,69.7231945673488
0.758971471631376,69.848184681216
0.759747723705839,69.9731747932097
0.760487793068788,70.0981649032495
0.761188515767168,70.2231550113849
0.761846851749512,70.3481451177589
0.762459946660461,70.4731352222075
0.763025478866737,70.5981253264884
0.763541148942271,70.7231154299337
0.764005295320286,70.8481055344869
0.764417209739549,70.9730956388362
0.764776997725115,71.0980857444562
0.765085277432852,71.2230758511353
0.765343313219268,71.3480659589428
0.765552923782438,71.4730560681223
0.765716380173574,71.5980461790137
0.765836603997319,71.7230362920093
0.765916775498085,71.8480264075303
0.765960208798325,71.9730165260145
0.765970490782734,72.09800664791
0.765951110545316,72.2229967736703
0.765905529592713,72.3479869037512
0.765837265346418,72.4729770386094
0.765749554619157,72.5979671787097
0.765645344551453,72.7229573244873
0.76552711412974,72.8479474763796
0.765396333283992,72.9729376348246
0.765253425611377,73.0979278002589
0.765097628762909,73.2229179731178
0.764926645395683,73.3479081516233
0.764737160500951,73.4728983371295
0.764524961265695,73.5978885321142
0.764284670849382,73.7228787348412
0.764010345137851,73.8478689489919
0.763696081516186,73.9728591723663
0.76333612401521,74.0978494084436
0.762924176146643,74.2228396570387
0.762454702725544,74.3478299192191
0.761922928743151,74.4728201920273
0.761325288865115,74.5978104778707
0.760658982344421,74.722800774793
0.759922660191873,74.8477910850163
0.75911604909886,74.9727814079978
0.75823970748381,75.0977717447434
0.757294245761951,75.2227620959619
0.756280778714685,75.3477524645373
0.755200146731467,75.4727428496778
0.754050749733084,75.5977332509774
0.752838549719974,75.7227236683103
0.751572357744166,75.8477140997597
0.750257087836289,75.9727045465541
0.748895552991444,76.0976950128335
0.747490112032991,76.2226854945497
0.746044216163223,76.3476759910988
0.744562308573635,76.4726665054799
0.743049357044503,76.5976570370471
0.741510174183081,76.7226475855058
0.739949207704359,76.8476381492634
0.738370480923355,76.9726287325345
0.736777075604533,77.0976193315612
0.735171506596869,77.2226099463987
0.733555349035706,77.347600577925
0.731929068455004,77.4725912274314
0.730292499629164,77.5975818926803
0.728644923443081,77.7225725753513
0.726985455099309,77.847563273511
0.725313681603525,77.9725539876866
0.723629618410293,78.097544718225
0.721933551071034,78.2225354653569
0.720226043756946,78.3475262292426
0.718511456544677,78.4725170099995
0.716788629891441,78.5975078077156
0.715053647204711,78.722498621482
0.713305535422013,78.8474894528026
0.711545912298783,78.9724803010296
0.709777603665836,79.0974711673279
0.708003251036243,79.2224620505386
0.706225440005168,79.3474529498637
0.704446739910989,79.4724438647336
0.702669541850208,79.5974347946839
0.700896060827201,79.7224257392918
0.699128626974739,79.8474166981505
0.697369861504566,79.9724076708593
0.695622533274524,80.09739865702
0.693889264451363,80.2223896562356
0.692172465875248,80.347380668109
0.690474345213695,80.4723716915283
0.688796906300133,80.5973627276287
0.687141545789837,80.7223537748714
0.68550971278443,80.8473448340703
0.683902364953029,80.9723359036403
0.682320301934032,81.0973269836565
0.68076432078692,81.2223180744463
0.679235125757702,81.3473091746595
0.677733438334382,81.4723002845926
0.676259805871468,81.5972914032436
0.674814476677432,81.7222825299324
0.673397492664195,81.8472736637835
0.672009120218683,81.9722648052844
0.670650180274756,82.0972559537156
0.669321837005876,82.222247108649
0.66802561118399,82.3472382697116
0.666763513067447,82.4722294356644
0.665537109299817,82.5972206068769
0.664348051016967,82.7222117835911
0.663198296648504,82.8472029652842
0.662089467551603,82.97219415142
0.661023154312382,83.0971853412638
0.660000965490007,83.2221765345584
0.659024627630981,83.3471677306818
0.658096586164342,83.4721589294253
0.657220320870492,83.5971501299195
0.656399911436541,83.7221413314524
0.65563989876648,83.8471325333954
0.654945379148227,83.9721237351719
0.654321555977672,84.0971149362381
0.653773613606041,84.2221061360741
0.653305787185708,84.3470973341823
0.652921234822007,84.4720885300884
0.652621032350731,84.5970797233435
0.652404129980266,84.7220709135242
0.652269020632792,84.8470621002257
0.652214635716292,84.9720532831333
0.652240571457822,85.0970444619288
0.652346351170146,85.2220356363003
0.652529659953582,85.3470268059453
0.65278675751169,85.4720179705696
0.653113067477552,85.5970091298842
0.65350388558265,85.7220002835994
0.653954976919406,85.8469914314178
0.654463197815681,85.9719825730251
0.655026488002085,86.0969737080815
0.655643622489189,86.2219648362118
0.656314078893069,86.3469559569972
0.657037759147931,86.4719470699678
0.65781471195169,86.596938174596
0.658645043953776,86.7219292702929
0.659529015830493,86.8469203564063
0.660467036661592,86.9719114322211
0.661459677674478,87.0969024969622
0.662507849198529,87.2218935497994
0.663612741721463,87.3468845898543
0.664775509060416,87.4718756162065
0.665996949382207,87.5968666278962
0.667277378435126,87.7218576238949
0.668616736627956,87.8468486030587
0.67001457477042,87.9718395643284
0.671469941374846,88.0968305067791
0.672981334469728,88.221821429589
0.674546730336882,88.3468123320134
0.676163628677653,88.4718032133672
0.677829087298459,88.5967940730139
0.679539775676147,88.7217849103604
0.681292057427572,88.8467757248504
0.683082057748608,88.9717665159629
0.684905699645348,89.0967572832135
0.686758700226013,89.221748026156
0.688636545035516,89.3467387443859
0.690534483002766,89.4717294375423
0.692447554563136,89.5967201053103
0.694370649703988,89.7217107474225
0.696298598665954,89.8467013636596
0.698226276771831,89.9716919538513
0.700148683888648,90.0966825178755
0.702060981895075,90.221673055659
0.703958510888847,90.3466635671809
0.705836831807569,90.4716540524731
0.707691747299443,90.5966445116218
0.70951930249812,90.721634944766
0.7113158458661,90.8466253520971
0.713078006125527,90.9716157338602
0.714802563066805,91.0966060903568
0.716486278763848,91.2215964219445
0.718125672331721,91.3465867290375
0.719717206628806,91.4715770121061
0.721257413427483,91.5965672716765
0.722742802170353,91.7215575083182
0.72416963238518,91.8465477226464
0.725534019995859,91.9715379153193
0.72683236822897,92.0965280870344
0.728061881615893,92.221518238525
0.729220682949034,92.3465083708749
0.730307123244712,92.471498484728
0.731319951542345,92.5964885801069
0.732258445898749,92.7214786582201
0.733122583832254,92.8464687200411
0.733913118814999,92.9714587664917
0.734632417938661,93.0964487984762
0.735284077809834,93.2214388177966
0.735872393191396,93.3464288248394
0.736402157098625,93.4714188202605
0.73687852626549,93.5964088048382
0.737307035439941,93.7213987794043
0.73769363014291,93.8463887448148
0.73804452697009,93.9713787019372
0.738365794521845,94.0963686516418
0.738663181048467,94.2213585947957
0.738942153250088,94.3463485322599
0.739207436875456,94.4713384648903
0.739462444977819,94.5963283935418
0.739708999779869,94.7213183190732
0.739947677838445,94.8463082423506
0.740177189249384,94.9712981642482
0.740394739852493,95.0962880844333
0.740598072593222,95.2212780045255
0.740784361252555,95.3462679269996
0.74095114181939,95.4712578522555
0.741096722392043,95.596247780703
0.741219980676999,95.7212377131197
0.741320322292893,95.8462276503077
0.741397767811695,95.9712175930722
0.741452994637403,96.0962075422129
0.741487251465512,96.2211974985217
0.741502226870312,96.3461874627788
0.741499816628953,96.4711774357494
0.741481900586627,96.5961674181812
0.741450212605958,96.7211574108009
0.741406219667762,96.8461474143124
0.741351033200529,96.9711374293958
0.741285523765362,97.0961274567102
0.741210173842063,97.2211174969048
0.741125192036632,97.3461075506687
0.741030383246677,97.4710976188248
0.740925133351617,97.596087702052
0.740808688516929,97.7210778008565
0.740680668897981,97.8460679156119
0.740541071793632,97.9710580465975
0.740390138248311,98.0960481940258
0.740228069868166,98.2210383580628
0.740055010684155,98.3460285388402
0.73987106821971,98.4710187364633
0.739676347892281,98.5960089510138
0.739470985959164,98.7209991825495
0.739255137153159,98.845989431103
0.739029017932708,98.9709796966803
0.738792832280445,99.0959699792591
0.738546691703667,99.2209602787873
0.738290622722045,99.3459505951801
0.738024580526298,99.4709409283095
0.737748410438893,99.595931278051
0.73746177901058,99.720921644225
0.737164393827909,99.8459120266226
0.736858805943552,99.9709024250187
0.736544337551459,100.095888115201
0.736219435111314,100.220867509618
0.735882930412486,100.345840633789
0.735533219006633,100.470807378442
0.735168661272855,100.595767778321
0.734788090575686,100.720721917482
0.734390864952206,100.845669825263
0.733976595884196,100.970611475659
0.733544971467405,101.095547029273
0.733095805256697,101.220476840976
0.732629092930312,101.345401186536
0.732159801253021,101.470320080228
0.731651275623725,101.595209404044
0.731128456027583,101.720119099961
0.730590455810032,101.84502416173
0.730037273383503,101.969924678125
0.729469236284508,102.094820937792
0.728887602464761,102.21971385535
0.728294038504525,102.344603828529
0.727690003920561,102.469490994738
0.727077087100562,102.594375938759
0.726457024759131,102.719259252616
0.725831590044879,102.844141368881
0.725202489741513,102.969022578942
0.724559161634747,103.093903068548
0.723931953480041,103.218802452172
0.723290280876324,103.343681610555
0.722666161393594,103.468580464607
0.722028881829965,103.593458621025
0.721398509779257,103.718355983561
0.720773291262063,103.843250977
0.720161118358731,103.968143949384
0.71954922043257,104.093021620052
0.718933973797696,104.217899604205
0.718329852389397,104.342787347833
0.717728597853199,104.467666897327
0.717131029137295,104.592547707015
0.716537245799251,104.71743018499
0.715946995016685,104.842314927642
0.71535985833133,104.967202687478
0.714775207767728,105.092094205041
0.714192313181529,105.216990325874
0.713610405396591,105.341891954928
0.71304165993265,105.466800065049
0.712454362278305,105.591694731302
0.711869300335371,105.716619604402
0.711297740381318,105.841553198578
0.710708408906854,105.966475847696
0.710122319379417,106.091430791142
0.709548413032654,106.216396710345
0.708962798576005,106.341358404844
0.708389369256568,106.46634909418
0.707829722622375,106.591339919299
0.707272734092522,106.716323737854
0.706725144869922,106.841314573393
0.706187110387834,106.966305408519
0.705659184350317,107.091296242966
0.705142002488483,107.216287076137
0.704636168390666,107.341277907355
0.704142275120863,107.4662687359
0.703660956271857,107.591259560934
0.70319297235089,107.716250381817
0.702739216661523,107.841241197788
0.702300723250635,107.966232008102
0.701878591411431,108.091222812053
0.70147384873531,108.216213609001
0.701087560215466,108.341204398447
0.700721018083798,108.466195180054
0.700375869169012,108.591185953546
0.700054221723345,108.716176718709
0.699757961700836,108.841167475397
0.699488667223229,108.966158223502
0.699247701901131,109.091148963031
0.699036580330664,109.216139694041
0.698856488531181,109.341130416651
0.698708027840731,109.466121130971
0.698591129273594,109.591111837117
0.698505155737317,109.716102535181
0.698449290796683,109.841093225139
0.69842265290658,109.966083906746
0.698424300165435,110.091074579893
0.698453337610446,110.216065244603
0.698509018878813,110.341055900939
0.698590683962569,110.466046548955
0.698697563229072,110.591037188665
0.698828563238345,110.716027820036
0.698982378716506,110.841018442976
0.699157615659663,110.966009057339
0.699352758057666,111.090999662922
0.699566232662776,111.215990259481
0.699796544065131,111.340980846745
0.700042217061259,111.465971424442
0.700301833593631,111.590961992313
0.700574120858408,111.715952550153
0.700858110273004,111.840943097814
0.701153196574748,111.965933635219
0.701459001916889,112.090924162367
0.701775210106382,112.215914679331
0.702101547777001,112.340905186257
0.702437855774438,112.465895683358
0.702784123880379,112.59088617091
0.703140446986175,112.71587664924
0.703506952414334,112.840867118719
0.703883755048928,112.965857579756
0.704270959909371,113.090848032784
0.704668686328145,113.215838478252
0.705077074007337,113.34082891662
0.70549628393411,113.465819348341
0.705926503288755,113.590809773859
0.706367931106397,113.715800193599
0.706820748895147,113.840790607958
0.707285112539514,113.965781017303
0.707761163678424,114.090771421971
0.708249021958142,114.215761822258
0.708748763840631,114.340752218426
0.709260410470219,114.465742610705
0.709783902953097,114.5907329993
0.710319065383538,114.715723384392
0.710865601527887,114.840713766142
0.711423138054553,114.965704144692
0.711991170252204,115.090694520174
0.712569064847929,115.215684892708
0.713156240194206,115.34067526243
0.713752283308024,115.465665629497
0.71435689506915,115.590655994097
0.714969793247005,115.715646356447
0.715590676956563,115.840636716801
0.716219242728478,115.965627075438
0.716855152146218,116.090617432664
0.717498017386417,116.215607788808
0.718147302168628,116.340598144218
0.718802373137278,116.465588499241
0.719462626856964,116.590578854223
0.720127554970673,116.715569209504
0.720796696131612,116.840559565403
0.721469543154647,116.965549922244
0.722145480076651,117.090540280362
0.722823860457265,117.215530640094
0.723504126144273,117.340521002136
0.724185820951902,117.465511367036
0.724868493610844,117.590501735119
0.725551603233094,117.715492106653
0.726234463526441,117.840482481905
0.726916184214223,117.965472861135
0.727595691367235,118.090463244607
0.728271775305481,118.215453632593
0.72894344343073,118.340444025375
0.729609343908661,118.465434423275
0.73026811448199,118.590424826322
0.730918459425529,118.715415233994
0.731558910262233,118.840405644785
0.732187931102623,118.965396058895
0.732803924428679,119.090386477362
0.733405186984949,119.215376900885
0.733989876569516,119.340367331937
0.734556079549314,119.465357769435
0.735101797265471,119.590348212937
0.735625369282759,119.715338662276
0.736123789541405,119.840329117341
0.73659442764262,119.965319583092
0.73703562932101,120.09031005209
0.737445765248028,120.215300525319
0.737823278180224,120.340291003224
0.738166873462196,120.465281485927
0.738475645657959,120.590271973365
0.738749722898757,120.715262465412
0.738988063845697,120.840252961922
0.739190329935435,120.965243466903
0.739357345922076,121.090233974345
0.739489990226091,121.215224485063
0.739588932354689,121.340214999573
0.739654854914927,121.465205516099
0.73968828475791,121.590196035043
0.739689522056292,121.715186556703
0.739658599500811,121.84017708141
0.73959522270221,121.965167610268
0.739498974248468,122.090158144877
0.739369592936267,122.215148684904
0.739206972356102,122.340139229593
0.739011211827849,122.465129778485
0.738781810412715,122.590120331469
0.73851841563367,122.715110888507
0.738220674967449,122.840101446762
0.737888003452585,122.96509200762
0.737519824227562,123.090082572011
0.737115937800279,123.215073143175
0.736676310726975,123.340063720174
0.736201092796933,123.465054302521
0.735690543702717,123.590044889945
0.73514507420149,123.715035482241
0.734565313882826,123.840026079231
0.733952206629706,123.96501668076
0.733307020098336,124.090007286705
0.73263137798373,124.214997897048
0.731927344694901,124.339988512081
0.731197563704011,124.464979131986
0.730445036536784,124.589969756763
0.729672882169764,124.714960385091
0.728884593302588,124.839951017327
0.728083787090626,124.964941654672
0.727273856060659,125.089932296618
0.726458055722244,125.214922942796
0.725639421465226,125.339913592943
0.724820725767432,125.464904246876
0.72400451755625,125.589894904472
0.723193063585143,125.714885565663
0.722388219720132,125.839876230431
0.721591296174464,125.964866898794
0.72080316709472,126.089857570811
0.720024743531101,126.214848246555
0.719257335874113,126.339838926109
0.718502640170148,126.464829609578
0.717762548202886,126.589820296744
0.717039064407507,126.714810987789
0.716333965842868,126.839801682872
0.715648678402526,126.964792382457
0.714984052067866,127.089783086619
0.714340452705752,127.214773795408
0.713718487484659,127.339764508839
0.713118615759176,127.464754092165
0.712539527797475,127.589740647275
0.711980130767978,127.714724278823
0.711439517349346,127.839705097347
0.710916961689998,127.964683219681
0.710411917850463,128.089658768612
0.709924006775569,128.214631872834
0.709452983077744,128.339602667362
0.708998701865207,128.464571293643
0.708561091984419,128.589537901861
0.708140130742224,128.714502651797
0.707735826363704,128.839465713011
0.707348208270239,128.964427265131
0.706976706051949,129.089387498719
0.706621773491693,129.21434762523
0.706283677407947,129.339307585406
0.705962514251285,129.46426735698
0.705658321217864,129.589227060932
0.705371084663256,129.71418686535
0.705100706520341,129.839146964019
0.704849070006468,129.964107600819
0.70461255413179,130.089065632414
0.70438930680904,130.214025615249
0.70418268781649,130.338991262227
0.703991688889156,130.463958363549
0.703815465306287,130.588927246318
0.703653251195198,130.71389819497
0.703504150790118,130.838871373793
0.703367246315169,130.963847056442
0.703241607934104,131.088825509074
0.703126314559826,131.213806995902
0.703020475374063,131.338791780038
0.702924110785437,131.463780122769
0.702837778584888,131.588770876406
0.702760210371031,131.713761626517
0.702690528125689,131.838752372853
0.702628130922196,131.963743115182
0.702572659788797,132.088733853287
0.702523981885679,132.213724586969
0.702482179747872,132.338715316048
0.702447552417951,132.463706040363
0.702420612429207,132.588696759773
0.70240205938111,132.713687474157
0.702392740355308,132.838678183414
0.702393617861337,132.963668887458
0.702405731308314,133.088659586223
0.702430141078244,133.213650279657
0.702467865425735,133.338640967717
0.702519840445002,133.463631650375
0.702586887462349,133.588622327605
0.702669663649966,133.713612999387
0.702768634755675,133.838603665703
0.702884071922974,133.963594326532
0.703016031924002,134.088584981851
0.703164336543417,134.213575631632
0.703328571760564,134.338566275839
0.703508091608761,134.463556914433
0.703702046201328,134.58854754737
0.70390943429143,134.713538174652
0.704129141028294,134.838528796297
0.704359984592983,134.963519412287
0.704600774486973,135.088510022565
0.704850346102508,135.213500627044
0.705107590161263,135.338491225613
0.705371482482093,135.463481818145
0.70564109173513,135.5884724045
0.705915594812084,135.713462984528
0.70619429951323,135.838453558073
0.706476843423268,135.963444124976
0.70676271881688,136.088434685075
0.707051543284458,136.213425238166
0.707343276612647,136.338415784095
0.707637885431392,136.463406322706
0.707935709916564,136.588396853832
0.708237273641629,136.713387377341
0.708542437352309,136.838377893035
0.70885075448067,136.963368400675
0.709161717400952,137.088358900029
0.709475335002933,137.213349390699
0.709791742652856,137.338339872415
0.710110850309745,137.463330344684
0.710432490650151,137.588320808815
0.710756546486014,137.71331126424
0.711082893162566,137.838301709903
0.711411313544519,137.963292147451
0.711741447630952,138.088282576471
0.712072809091595,138.213272996787
0.712404839104156,138.338263408348
0.712736959266971,138.463253811179
0.713068602856603,138.588244205349
0.713399195108155,138.71323458988
0.713728113281327,138.838224965829
0.714054694783742,138.963215333847
0.714378282353947,139.088205694396
0.714698266385906,139.21319604784
0.715014108850109,139.338186394507
0.715325341350817,139.463176734715
0.715631540155245,139.588167068786
0.715932295587391,139.713157397053
0.716227187629556,139.838147719857
0.716515769154156,139.963138038606
0.71679754619015,140.08812835274
0.717071969760864,140.213118662111
0.717338443221239,140.338108966788
0.71759634159425,140.463099266965
0.717845034639579,140.588089562926
0.718083907071006,140.713079855014
0.718312369798409,140.838070143631
0.718529863504235,140.963060429226
0.718735865484497,141.088050712295
0.71892990560869,141.213040993374
0.719111598303831,141.33803127304
0.719280675959064,141.463021551897
0.719436992588519,141.58801183058
0.71958048944405,141.713002109738
0.719711163244627,141.837992390028
0.719829073268614,141.962982671682
0.719934395377722,142.087972955731
0.720027452114794,142.21296324299
0.72010870291132,142.337953534164
0.720178686103347,142.462943830135
0.720237958022041,142.587934131205
0.720287110784983,142.712924437732
0.720326827387598,142.837914750074
0.720357872717696,142.962905068563
0.720381019824225,143.0878953935
0.720397024159776,143.212885725159
0.720406629609217,143.337876063771
0.720410555149367,143.462866409523
0.720409494523475,143.587856762556
0.72040416091343,143.712847122971
0.720395315804973,143.837837490834
0.720383739714557,143.962827866178
0.720370179633531,144.08781824901
0.720355317801854,144.212808639321
0.720339786154,144.337799037083
0.720324198029835,144.462789442259
0.72030915096235,144.587779854808
0.720295464991711,144.712770274686
0.72028347849035,144.837760701853
0.720273264297843,144.96275113623
0.720264739000926,145.087741577809
0.720258275312064,145.212732026576
0.720254390390753,145.337722482512
0.720253302318215,145.462712945593
0.720255061227932,145.587703415798
0.720259653945249,145.712693893109
0.720267046915442,145.837684377505
0.720277186503461,145.962674868961
0.720289979016506,146.087665367441
0.720305268615711,146.212655872901
0.720322823300614,146.337646385282
0.720342333324914,146.462636904506
0.720363430806915,146.58762743048
0.7203857295804,146.712617963087
0.720409184128698,146.837608502186
0.720433002960813,146.962599047614
0.72045672559064,147.087589599302
0.720480804442874,147.212580156831
0.720505250528731,147.337570720031
0.720529825045842,147.462561287065
0.720554146857341,147.587551860157
0.720578386550772,147.712542438657
0.720602910051023,147.837533022001
0.720627780858322,147.962523609873
0.720652955162543,148.087514201999
0.7206784171686,148.212504798136
0.720704189710918,148.337495398076
0.720730325960254,148.46248600164
0.720756926905276,148.587476608677
0.720784148626046,148.712467219068
0.720812222602799,148.837457832715
0.720841486880647,148.962448449542
0.720872429750969,149.087439069486
0.720905631782859,149.212429692496
0.720941574401747,149.337420318526
0.720980486247512,149.46241094753
0.721022412805364,149.58740157946
0.721067413153901,149.71239221426
0.721115602444626,149.837382850967
0.721167183021742,149.962373490812
0.721222341790481,150.087364133518
0.721281247870118,150.212354778859
0.721344015197053,150.33734542664
0.721410655697057,150.462336075881
0.721481088712457,150.587326726763
0.721555314368682,150.712317380078
0.721633526082786,150.837308034629
0.721715939281098,150.962298691119
0.721802554274306,151.087289349092
0.721893167541163,151.212280007474
0.721987386918985,151.337270666235
0.722084548458011,151.46226132524
0.722183655536184,151.587251984288
0.722283487484733,151.712242643136
0.722382854104956,151.83723330152
0.722480697102559,151.962223959164
0.722576077515333,152.087214616396
0.722668156887481,152.212205272676
0.722756218578126,152.337195926986
0.722839658299778,152.462186579207
0.722917935671006,152.587177229743
0.72299053877949,152.712167878168
0.723056963768998,152.837158523593
0.723116748927957,152.962149166492
0.723169433806601,153.087139806019
0.723214605261543,153.212130442632
0.723251879591571,153.337121076054
0.723280939411906,153.462111706031
0.72330155225725,153.587102332336
0.723313579010393,153.712092954765
0.723316969545748,153.837083573132
0.723311749867033,153.962074187265
0.723298022397017,154.087064797005
0.723275941155208,154.212055401791
0.723245719092217,154.337046002062
0.723207601532041,154.46203659763
0.723161867523655,154.587027188333
0.723108818064221,154.712017774079
0.723048764772702,154.83700835475
0.722982021273634,154.961998930235
0.722908906024238,155.086989500441
0.722829757707993,155.21198006529
0.722744943196019,155.336970624721
0.722654844113892,155.461961178684
0.722559829390591,155.586951727144
0.722460224418157,155.711942270072
0.722356282234928,155.836932807449
0.722248160577536,155.961923339263
0.72213592033871,156.086913865506
0.72201956191389,156.211904386174
0.721899091801674,156.336894901264
0.721774581887569,156.461885410776
0.721646162246327,156.586875914707
0.721513935763814,156.711866413058
0.721377915226193,156.836856905827
0.721238073536437,156.961847393013
0.721094471885784,157.086837874617
0.720947311492961,157.211828350638
0.720796896327583,157.336818821081
0.720643610308011,157.461809285954
0.720487960969723,157.586799745271
0.720330601780339,157.711790199051
0.720172266613972,157.836780647326
0.720013688813155,157.961771090135
0.719855542981733,158.086761527533
0.719698412228528,158.211751959589
0.719542776598937,158.336742386389
0.719389018924451,158.461732808039
0.719237441243745,158.586723224663
0.719088284387277,158.711713636409
0.71894174703222,158.836704043447
0.718798002516055,158.96169444597
0.718657214000326,159.086684844194
0.718519545881183,159.211675238356
0.718385171661063,159.336665628718
0.718254274374353,159.461656015557
0.718127043045284,159.586646399171
0.718003665078727,159.711636779869
0.71788431945995,159.836627157972
0.717769173925477,159.961617533811
0.717658386950046,160.086607907717
0.717552112073187,160.211598280023
0.717450500326379,160.336588651059
0.717353697274971,160.461579021149
0.71726183400785,160.586569390607
0.717175014498355,160.711559759734
0.717093303917042,160.836550128821
0.717016721734764,160.96154049814
0.716945241858492,161.086530867951
0.716878798857166,161.211521238496
0.716817295866043,161.336511610002
0.716760608692195,161.461501982682
0.716708582084439,161.586492356735
0.716661016000707,161.711482732347
0.716617643817265,161.836473109695
0.716578108818317,161.96146348895
0.716541946058006,162.086453870274
0.716508573481868,162.211444253831
0.716477294464684,162.336434639782
0.716447311201586,162.461425028293
0.716417744815532,162.586415419535
0.716387657577283,162.711405813692
0.716356076301189,162.836396210961
0.716322015198881,162.961386611567
0.716284494885625,163.086377015786
0.716242557793801,163.21136742404
0.716195281745573,163.33635783674
0.716141792617789,163.461348254189
0.71608127864866,163.586338676604
0.716013009238331,163.711329104148
0.715936356528023,163.836319536956
0.715850815544651,163.961309975152
0.715756019043248,164.086300418858
0.715651741239034,164.2112908682
0.715537885909949,164.336281323313
0.71541446179238,164.461271784337
0.71528155066659,164.586262251417
0.71513927802026,164.711252724701
0.71498779184794,164.836243204336
0.71482724138262,164.961233690467
0.714657767941027,165.086224183232
0.714479501964552,165.211214682762
0.71429256600942,165.336205189179
0.714097081877997,165.461195702598
0.713893179348833,165.58618622312
0.713681005358883,165.71117675084
0.713460733898812,165.836167285839
0.713232577449237,165.961157828176
0.7129968013485,166.086148377931
0.712753741967185,166.211138935136
0.712503824260532,166.336129499814
0.712247562305874,166.461120071992
0.711985522227242,166.586110651704
0.71171832203182,166.711101238988
0.711447234143015,166.836091833441
0.711174112495746,166.961081389969
0.710899057344455,167.086067658199
0.710622534049193,167.211050688205
0.71034518390386,167.336030609699
0.710067769462407,167.461007647986
0.709791125322772,167.585982081575
0.70951611349113,167.710954215901
0.709234141267652,167.835924373543
0.708959290517927,167.960908423485
0.70869915554089,168.085890707461
0.708432253126497,168.210857630523
0.708172164793921,168.335838396853
0.707926794044558,168.460818557098
0.707683054044695,168.585784049398
0.707434131802685,168.710750474321
0.707192463062395,168.835731509123
0.706956329740657,168.960712807821
0.706724764924756,169.085694897861
0.706497209803889,169.21067822902
0.706273282073494,169.335663116245
0.706052682115357,169.460649811646
0.705835332801432,169.585638552516
0.705622327756966,169.710629298597
0.705413115351436,169.83562004877
0.705207393518254,169.960610802741
0.705005014646917,170.085601560208
0.704805946335489,170.210592320858
0.704610254010247,170.335583084365
0.704418091075052,170.460573850388
0.704229689240585,170.585564618567
0.704045345654561,170.710555388527
0.7038654071565,170.835546159873
0.703690254079035,170.960536932188
0.703520282356239,171.08552770504
0.703355892383402,171.210518477974
0.703197489077927,171.335509250521
0.703045460595694,171.460500022194
0.702900170866736,171.585490792496
0.702761953297265,171.710481560922
0.70263110667459,171.83547232696
0.702507893139592,171.960463090104
0.702392537146646,172.085453849851
0.702285224410222,172.210444605709
0.702186101215727,172.335435357202
0.702095274778671,172.460426103875
0.702012815063318,172.585416845292
0.701938757895598,172.710407581048
0.701873109422288,172.835398310765
0.701815852118099,172.9603890341
0.701766951938756,173.085379750747
0.701726366733362,173.210370460497
0.701694056103386,173.335361163188
0.70166999118961,173.460351858669
0.701654165300378,173.585342546785
0.701646605234729,173.710333227395
0.701647382878558,173.835323900367
0.701656626791265,173.960314565587
0.701674532406778,174.085305222964
0.701701370689956,174.210295872423
0.70173749779381,174.335286513916
0.70178335952646,174.460277147414
0.70183949281973,174.585267772907
0.701906524061129,174.71025839041
0.701985164131228,174.835248999953
0.702076199790089,174.960239601583
0.702180479357873,175.08523019536
0.702298890578132,175.21022078135
0.702432330657646,175.335211359608
0.702581671013208,175.460201930057
0.702747721288357,175.585192492612
0.702931197677778,175.710183047335
0.703132699057462,175.835173594408
0.70335269289483,175.960164134082
0.703591511925992,176.085154666648
0.703849361733011,176.210145192414
0.704126336785674,176.335135711694
0.704422440065992,176.460126224795
0.704737601847503,176.585116732011
0.705071695393062,176.710107233617
0.705424549154587,176.835097729868
0.70579595593819,176.960088220996
0.706185679628961,177.085078707209
0.706593459814475,177.210069188694
0.70701901416705,177.335059665615
0.707462038448596,177.460050138116
0.707922204089407,177.585040606323
0.708399153715214,177.710031070351
0.708892493942386,177.835021530308
0.709401786181552,177.9600119863
0.709926542720956,178.085002438434
0.710466220872963,178.209992886822
0.711020220959671,178.33498333158
0.711587887095137,178.459973772827
0.712168510502457,178.584964210684
0.712761332011924,178.709954645277
0.713365536783237,178.834945076728
0.713980236751584,178.95993550516
0.714604448421517,179.084925930689
0.715237083279834,179.20991635343
0.715876961752566,179.33490677349
0.7165228447012,179.45989719097
0.717173465633376,179.584887605965
0.717827558348738,179.709878018567
0.718483880723426,179.834868428857
0.719141228055343,179.959858836914
0.719798439229321,180.084849242812
0.720454427192293,180.209839646621
0.721108194013278,180.334830048406
0.721758759161642,180.45982044823
0.722405076367534,180.584810846154
0.723046002240082,180.709801242237
0.723680322712124,180.834791636536
0.724306820355447,180.959782029111
0.724924339480244,181.084772420021
0.725531828025081,181.209762809327
0.726128355858149,181.334753197091
0.726713115200805,181.459743583382
0.727285409354739,181.584733968268
0.727844635225056,181.709724351824
0.728390263721019,181.834714734128
0.728921820658135,181.95970511526
0.729438869963049,182.084695495305
0.729941000493224,182.209685874355
0.730427816843873,182.334676252503
0.730898933644215,182.459666629849
0.731353973134506,182.584657006501
0.73179256559059,182.709647382567
0.732214351675474,182.834637758162
0.732618985360827,182.959628133402
0.733006140530031,183.084618508406
0.733375514851661,183.209608883294
0.733726837278449,183.334599258185
0.734059874063136,183.459589633201
0.73437443265391,183.584580008464
0.734670362371697,183.709570384097
0.734947552299436,183.834560760221
0.735205928086153,183.959551136958
0.735445449169052,184.08454151443
0.735666106517713,184.209531892757
0.735867919693512,184.334522272057
0.736050931902503,184.459512652448
0.736215202986029,184.584503034043
0.736360801933314,184.709493416958
0.736487801079428,184.834483801309
0.736596273202233,184.959474187207
0.73668629104691,185.08446457476
0.736757927697395,185.209454964075
0.736811256015839,185.334445355256
0.736846346209941,185.459435748405
0.736863262335131,185.584426143623
0.736862059717305,185.709416541011
0.736842784672024,185.834406940664
0.73680547661873,185.959397342677
0.736750156080997,186.084387747139
0.736676867149413,186.209378154135
0.736585673548204,186.334368561457
0.736476681383873,186.459358970211
0.736350004901379,186.584349380985
0.736205772623328,186.709339794096
0.736044126005824,186.834330209729
0.735865216822541,186.959320627986
0.735669208000138,187.084311048902
0.735456279129525,187.209301472457
0.735226635938643,187.334291898589
0.734980540619215,187.459282327203
0.73471827051585,187.584272758183
0.734440161619442,187.709263193439
0.734146552372991,187.834253631978
0.733837911492778,187.95924407318
0.733514785398783,188.08423451486
0.733177864746276,188.209224957601
0.732827858514493,188.334215401751
0.73246555126837,188.459205849384
0.73209174925296,188.584196299914
0.731707364794417,188.709186753064
0.731313353090663,188.834177208773
0.730910629355353,188.959167667087
0.730500033700934,189.084158128115
0.730082350522057,189.209148592005
0.729658340111604,189.334139058928
0.729228758255297,189.459129529073
0.72879435845653,189.584120002637
0.728355884273986,189.709110479812
0.727914060568329,189.834100960781
0.727469587848798,189.959091445718
0.727023140086224,190.084081934787
0.726575364231094,190.209072428157
0.72612688013551,190.334062926061
0.72567828446973,190.459053428852
0.725230155159595,190.584043936753
0.724783051304111,190.709034449837
0.72433751063177,190.834024968085
0.723894047287255,190.959015491425
0.7234531501659,191.084006019766
0.723015280984532,191.20899655302
0.722580871554959,191.333987091112
0.722150320707346,191.458977633992
0.721723990852496,191.583968181632
0.721302203703132,191.708958734028
0.720885236735052,191.833949291199
0.720473321739795,191.958939853178
0.720066644829779,192.083930420011
0.719665344999187,192.208920991746
0.719269513430344,192.333911568439
0.718879200410624,192.458902150138
0.718494424639765,192.583892736888
0.718115179199872,192.708883328727
0.717741438736062,192.833873925682
0.717373168048451,192.95886452777
0.717010324598919,193.083855134996
0.716652854057663,193.208845747355
0.716300682826796,193.333836364829
0.715953710166306,193.45882698739
0.715611800965118,193.583817614998
0.715274779459264,193.7088082476
0.714942424691618,193.833798885131
0.714614470793642,193.958789527507
0.714290616599266,194.083780174633
0.713970541912772,194.20877082638
0.713653921733803,194.333761482613
0.713340431629577,194.458752143191
0.713029740652292,194.583742807975
0.712721500268081,194.708733476824
0.712415342337925,194.833724149614
0.712110889575106,194.958714826173
0.711807774194791,195.083705506322
0.711505659013713,195.208696189868
0.711204252609762,195.333686876605
0.710903341307502,195.458677566313
0.710602790700787,195.58366825854
0.710302560206105,195.708658953062
0.710002697543525,195.833649649835
0.709703341386301,195.958640348569
0.709404872870874,196.083631048765
0.709107549504971,196.208621750124
0.708811663664846,196.333612452319
0.708517527857233,196.458603155014
0.70822585732633,196.58359385786
0.707937514139627,196.708584560505
0.707653322302825,196.833575262588
0.707374097552613,196.958565963748
0.707100680043461,197.083556663633
0.706833942021081,197.208547362003
0.706574753081059,197.333538058514
0.706323960001846,197.458528752843
0.70608235801201,197.583519444695
0.705850670709251,197.708510133808
0.705629536882385,197.833500819955
0.705419502387774,197.958491502972
0.705221016280351,198.08348218276
0.705034430506964,198.208472859238
0.704860002540909,198.333463532344
0.704697900467854,198.458454202029
0.704548210224373,198.583444868262
0.704410944572752,198.708435531031
0.704286053213201,198.833426190339
0.704173433556539,198.958416846202
0.704072941881724,199.083407498651
0.703984404391457,199.208398147726
0.703907627379375,199.333388793474
0.703842405757422,199.458379435948
0.703788530044925,199.583370075203
0.703745791984349,199.708360711293
0.703713988907688,199.833351344273
0.703692927082445,199.958341974192
0.703682424227825,200.083332601094
0.70368231068599,200.208323225018
0.703692428095448,200.333313845992
0.703712624718784,200.458304464036
0.703742747846681,200.583295079161
0.70378263595072,200.708285691365
0.703832114514085,200.833276300633
0.70389099768187,200.958266906939
0.703959094990528,201.083257510241
0.704036219159981,201.208248110486
0.704122189155479,201.333238707604
0.704216832709234,201.458229301512
0.704319990560825,201.583219892113
0.704431510597114,201.708210479296
0.704551240911901,201.833201062939
0.704679025522734,201.958191642904
0.704814680933355,202.083182219047
0.704957973450941,202.208172791208
0.705108577190947,202.333163359219
0.70526605221999,202.458153922886
0.705429877185136,202.583144481941
0.705599488212279,202.708135036098
0.705774303041831,202.833125585148
0.705953757522921,202.958116128971
0.706137355167185,203.083106667503
0.706324701818177,203.208097200721
0.706515514445557,203.33308772863
0.706709608991063,203.458078251257
0.706906875869266,203.583068768639
0.707107250411406,203.708059280827
0.707310683297886,203.833049787882
0.70751711407962,203.958040289874
0.70772644946577,204.083030786883
0.707938547160232,204.208021279005
0.708153205641529,204.333011766349
0.708370160202531,204.458002249043
0.708589085259827,204.582992727232
0.708809601994256,204.707983201084
0.70903128929101,204.832973670788
0.7092536955817,204.957964136555
0.709476349736031,205.082954598619
0.709698770431967,205.207945057236
0.709920474019024,205.332935512683
0.710140981472257,205.457925965256
0.710359825038404,205.582916415269
0.710576554689356,205.707906863049
0.710790744055731,205.832897308938
0.711001995588826,205.957887753285
0.711209944884497,206.082878196447
0.711414263884307,206.207868638782
0.711614898595955,206.332859080649
0.711811446964093,206.457849522404
0.712003164063038,206.582839963919
0.712189925795145,206.707830405753
0.712371874498604,206.832820848849
0.712549005802512,206.95781129334
0.712721239160871,207.082801739426
0.712888502159574,207.207792187331
0.713050769343155,207.332782637282
0.7132080655984,207.457773089495
0.713360698555538,207.582763544171
0.71350860087197,207.707754001493
0.713651329150854,207.832744461015
0.7137890453496,207.95773492316
0.713922148904449,208.082725388853
0.714050856240154,208.207715857971
0.714175279397013,208.332706330479
0.714295518576215,208.457696806376
0.714411707005266,208.582687285668
0.714524033383963,208.707677768356
0.714632725775355,208.832668254434
0.714738037223195,208.957658743881
0.714840235343483,209.082649236668
0.714939599474471,209.207639732758
0.715036420966966,209.332630232102
0.715131002822409,209.457620734644
0.715223659846732,209.582611240323
0.715314721340612,209.707601749068
0.715404533991587,209.832592260803
0.715493705697966,209.957582775447
0.715582458780911,210.082573292913
0.71567086739858,210.207563812293
0.715759186657534,210.33255433386
0.715847473791142,210.457544857682
0.715936163950543,210.58253538379
0.716025784449677,210.707525912986
0.716116602694311,210.832516444797
0.716208766100347,210.957506978894
0.716302405347193,211.082497515026
0.716397669823744,211.207488052984
0.716494722729175,211.3324785926
0.716593724885934,211.457469133712
0.716694823292927,211.582459676165
0.716798148358966,211.707450219809
0.716903813121294,211.8324407645
0.717011904519085,211.957431310098
0.717122472829065,212.082421856469
0.717235534026382,212.207412403481
0.717351089138866,212.332402951007
0.717469155324565,212.457393498922
0.717589763519692,212.582384047108
0.71771291401295,212.707374595453
0.717838539032512,212.832365143849
0.717966492516971,212.957355692201
0.718096555227163,213.082346240421
0.718228462246224,213.207336788431
0.718361915971384,213.332327336165
0.718496599025365,213.457317883568
0.718632183695875,213.582308430598
0.718768337412726,213.707298977221
0.71890472659728,213.832289523415
0.719041020449658,213.957280069166
0.7191768944698,214.082270614469
0.719312032208124,214.207261159325
0.719446124558467,214.332251703742
0.719578868001287,214.45724224773
0.719709963960233,214.582232791306
0.719839120390861,214.707223334485
0.719966054962071,214.832213877286
0.720090497695399,214.95720441973
0.720212191244435,215.082194961835
0.720330889401995,215.207185503622
0.720446356271178,215.332176045109
0.720558368001973,215.457166586314
0.720666717230135,215.582157127255
0.720771218801366,215.707147667949
0.720871714655815,215.832138208411
0.720968076425762,215.957128748657
0.721060206229939,216.082119288701
0.721148037255417,216.207109828555
0.721231535455917,216.332100368231
0.721310702434499,216.457090907739
0.721385578552966,216.582081447086
0.721456245017148,216.707071986276
0.721522824022643,216.832062525311
0.721585476934192,216.95705306422
0.721644400945025,217.082043602989
0.721699825115267,217.207034141589
0.721752006347705,217.332024679985
0.721801225506741,217.457015218131
0.721847783615033,217.582005755976
0.721891997945365,217.706996293459
0.721934197828553,217.831986830513
0.721974720094159,217.956977367058
0.722013904262923,218.08196790301
0.722052087848154,218.20695843827
0.722089602187759,218.331948972734
0.722126768990559,218.45693950629
0.722163897418089,218.581930038816
0.722201281277079,218.706920570187
0.722239196179669,218.831911100306
0.722277896283503,218.956901629021
0.722317610539789,219.081892156179
0.722358538210509,219.206882681628
0.722400843765715,219.331873205218
0.722444651697389,219.456863726804
0.722490041827363,219.581854246244
0.722537045460687,219.706844763398
0.722585642573305,219.831835278136
0.722635760273956,219.956825790331
0.722687272993995,220.081816299864
0.722740004749348,220.206806806624
0.722793733281721,220.331797310507
0.722848195394689,220.45678781142
0.722903092740728,220.581778309279
0.722958097721567,220.706768804007
0.723012859491927,220.831759295543
0.723067009846674,220.956749783834
0.723120168757422,221.08174026884
0.723171949284868,221.206730750535
0.723221961677678,221.331721228903
0.723269816407295,221.456711703946
0.723315126470244,221.581702175678
0.723357511465342,221.706692644127
0.72339660739413,221.831683109334
0.723432083518118,221.956673571356
0.723463663041745,222.081664030263
0.723491141620301,222.206654486135
0.723514397673579,222.331644939066
0.723533391917168,222.456635389163
0.723548158634356,222.58162583654
0.723558797456179,222.706616281324
0.723565485636563,222.831606723651
0.72356846098166,222.956597163665
0.723567927076685,223.081587601517
0.723563987240012,223.206578037369
0.723556649181237,223.331568471387
0.723545864329536,223.456558903744
0.723531567393951,223.581549334621
0.7235137026041,223.706539764201
0.723492235885105,223.831530192674
0.723467156665374,223.956520620233
0.723438470447555,224.081511047074
0.72340620056546,224.206501473394
0.723370373928864,224.331491898493
0.723331027737122,224.456482322963
0.723288195349979,224.581472747214
0.723241893086923,224.706463171551
0.72319213664765,224.831453597208
0.723138921177863,224.956444022979
0.723082250764842,225.081434449223
0.723022125710556,225.206424876195
0.722958546436814,225.331415304079
0.722891518895062,225.456405733017
0.72282104570729,225.58139616312
0.722747134829612,225.706386595546
0.722669787076832,225.831377029906
0.722589011901548,225.956367465993
0.722504825754262,226.081357903715
0.722417250604274,226.206348343038
0.722326311026832,226.331338783963
0.722232029582352,226.456329226514
0.722134421535548,226.581319670731
0.722033489951922,226.706310116669
0.72192922178709,226.831300564388
0.721821585231738,226.956291013961
0.72171052835455,227.08128146546
0.721595978979105,227.20627191896
0.721477845704834,227.331262374536
0.721356019958182,227.45625283226
0.721230378746424,227.581243292202
0.72110078768616,227.70623375443
0.7209671043175,227.83122421901
0.720829181954866,227.956214686004
0.720686873910427,228.081205155476
0.720540037468052,228.206195627495
0.72038853692842,228.331186102137
0.720232245440064,228.456176579509
0.720071045721478,228.581167059804
0.719904824524218,228.706157543249
0.719733484431205,228.831148029977
0.71955693506954,228.956138519213
0.719375109091037,229.081129011376
0.719187939334746,229.206119506622
0.718995361835437,229.331110004992
0.718797317432393,229.456100506474
0.718593754031736,229.581091011036
0.718384630340422,229.706081518639
0.718169920173203,229.831072029245
0.717949622088455,229.956062542817
0.717723746915242,230.081053059324
0.717492338786988,230.206043579538
0.717255456881076,230.331034103119
0.717013205078922,230.456024629857
0.716765733859908,230.581015159629
0.716513243932396,230.706005692366
0.716255988807677,230.830996228039
0.715994275047994,230.955986766648
0.715728460832594,231.080977308217
0.715458953344377,231.205967852788
0.715186204903754,231.330958400419
0.714910707550981,231.455948951182
0.714632985941166,231.580939505156
0.714353588717262,231.705930062426
0.714073078785581,231.830920623083
0.713792018605643,231.955911187218
0.71351097293513,232.080901754923
0.713230487559612,232.205892325744
0.712951101216781,232.330882899905
0.712673314710477,232.455873477543
0.712397592608394,232.580864058762
0.712124347819383,232.705854643639
0.71185395016572,232.830845232675
0.711586704957772,232.955835825834
0.71132289420245,233.080826423107
0.71106292444273,233.205817024116
0.710806735167703,233.330807629194
0.710554437994607,233.455798237943
0.710306487415665,233.580788850305
0.710062796213196,233.705779466192
0.709823418083819,233.830770085514
0.709588550544336,233.955760708166
0.709358334445448,234.080751334036
0.709132843758656,234.205741962998
0.7089121320138,234.330732595168
0.70869624951066,234.455723230409
0.708485263463075,234.58071386858
0.708279256228313,234.705704509519
0.70807832258519,234.830695153054
0.707882568987878,234.955685798998
0.707692117948385,235.080676447164
0.707507114806523,235.205667097357
0.707327731234224,235.330657749383
0.70715416366473,235.455648403046
0.706986628075355,235.580639058149
0.706825352593743,235.705629714493
0.706670568854638,235.830620371877
0.706522502993138,235.955611030097
0.706381367161939,236.080601688948
0.706247352087984,236.20559234822
0.706120620703043,236.3305830077
0.706001302614891,236.455573667173
0.705889489212147,236.580564326421
0.705785229407295,236.705554985229
0.70568852619779,236.830545643377
0.705599334253546,236.955536300652
0.705517558601089,237.080526956839
0.705443054369083,237.205517611732
0.705375627929112,237.330508265129
0.705315040631074,237.455498916838
0.705261016244734,237.580489566673
0.705213252268284,237.705480214463
0.705171434361477,237.830470860046
0.705135252814026,237.955461503274
0.705104419844328,238.080452144015
0.705078686400543,238.205442782151
0.705057857126454,238.330433417581
0.705041802755693,238.45542405022
0.705030470242512,238.580414680001
0.705023890496019,238.705405306875
0.70502218255736,238.830395930809
0.705025553569111,238.95538655179
0.705034296029798,239.08037716982
0.70504878313987,239.205367784918
0.705069460782369,239.330358397117
0.705096835692739,239.455349006467
0.705131461836959,239.580339613028
0.705173925794001,239.705330216871
0.705224829825291,239.830320818076
0.705284773117993,239.955311416729
0.705354333747848,240.080302012917
0.70543405168229,240.205292606727
0.705524411464351,240.330283198239
0.705625825224337,240.45527378751
0.705738618101579,240.580264374529
0.705863017382947,240.705254959202
0.705999146617875,240.830245541498
0.706147025640389,240.955236121471
0.706306576181028,241.080226699222
0.70647763186157,241.205217274876
0.706659952323019,241.330207848559
0.706853240423474,241.455198420392
0.7070571597902,241.580188990477
0.70727135092632,241.705179558891
0.707495444820408,241.83017012569
0.707729073578792,241.955160690897
0.707971878332499,242.080151254513
0.708223514698364,242.205141816512
0.708483656114448,242.330132376846
0.708751995345961,242.455122935449
0.709028244297268,242.580113492237
0.709312132225034,242.705104047116
0.709603402494075,242.83009459998
0.70990180815219,242.955085150719
0.71020710666119,243.080075699218
0.710519054128056,243.205066245363
0.71083739946464,243.330056789039
0.711161878886743,243.455047330134
0.711492211006084,243.58003786854
0.711828092712866,243.705028404153
0.712169195966681,243.830018936876
0.712515165469528,243.955009466619
0.712865617281799,244.079999993297
0.713220138554763,244.204990516834
0.713578288263942,244.329981037164
0.713939598439363,244.454971554227
0.714303575303045,244.579962067974
0.714669699907607,244.704952578366
0.715037428353995,244.829943085374
0.715406192243588,244.954933588979
0.715775400258499,245.079924089176
0.71614444150565,245.204914585968
0.71651269003954,245.329905079371
0.716879508643298,245.454895569412
0.717244253044071,245.57988605613
0.71760628025034,245.704876539574
0.71796495926746,245.829867019805
0.718319679149871,245.954857496894
0.718669852443788,246.079847970922
0.719014915449832,246.20483844198
0.719354326983631,246.329828910171
0.719687566257263,246.454819375604
0.720014130549021,246.579809838401
0.720333533766181,246.704800298689
0.720645306151296,246.829790756606
0.720948994224898,246.954781212297
0.721244160904833,247.079771665915
0.721530387397045,247.204762117619
0.721807278384253,247.329752567572
0.722074470051108,247.454743015946
0.722331638894241,247.579733462912
0.722578510115071,247.704723908646
0.722814865309529,247.829714353323
0.723040548552157,247.95470479712
0.723255470477365,248.079695240208
0.723459609607898,248.204685682758
0.723653010665825,248.329676124933
0.723835780036787,248.454666566889
0.724008079504734,248.579657008774
0.724170121143631,248.704647450726
0.724322163523864,248.829637892873
0.724464506809115,248.954628335328
0.724597485704821,249.079618778194
0.724721463132181,249.204609221559
0.724836827313909,249.329599665496
0.724943989455593,249.454590110067
0.725043379099622,249.579580555317
0.725135437931014,249.70457100128
0.725220612860659,249.829561447976
0.725299347800002,249.954551895412
0.72537207519773,250.079542343587
0.725439209458986,250.204532792489
0.725501141842975,250.329523242096
0.725558234656835,250.454513692379
0.725610814375213,250.579504143283
0.7256591650439,250.704494594806
0.725703522762231,250.829485046932
0.725744071747625,250.954475499642
0.725780941638237,251.079465952915
0.725814205023462,251.204456406732
0.725843874559065,251.329446861074
0.725869900401896,251.454437315929
0.725892169761638,251.579427771287
0.725910510089302,251.704418227143
0.725924696280146,251.829408683493
0.72593446119232,251.954399140339
0.725939508125358,252.079389597682
0.725939523691249,252.204380055526
0.725934189791905,252.329370513875
0.725923194038033,252.454360972732
0.725906238409841,252.5793514321
0.725883046186918,252.704341891981
0.725853367228422,252.829332352377
0.725816981944523,252.95432281329
0.725773704680854,253.079313274721
0.725723387017212,253.204303736674
0.725665920955278,253.329294199185
0.725601241400394,253.454284662253
0.725529328027035,253.579275125875
0.725450207175372,253.704265590058
0.725363953857277,253.829256054816
0.725270692794377,253.954246520174
0.725170592753242,254.079236986161
0.725063876824682,254.204227452818
0.724950812288442,254.329217919163
0.724831723763785,254.454208385732
0.724706964340222,254.579198852846
0.724576910941578,254.704189320711
0.724441957850427,254.82917978947
0.724302509447399,254.954170259226
0.724158972341983,255.079160730057
0.724011748663228,255.204151202024
0.72386123065868,255.329141675178
0.723707794227324,255.454132149572
0.7235517921897,255.579122625272
0.72339355002155,255.704113102386
0.723233362963122,255.829103581078
0.723071492544217,255.954094061488
0.72290816397712,256.079084543705
0.722743569604385,256.204075027781
0.722577855684943,256.329065513751
0.722411131033222,256.45405600213
0.722243448677482,256.579046492331
0.722074833769187,256.704036984191
0.721905286755479,256.829027477791
0.721734791712112,256.954017973372
0.721563325562226,257.07900847123
0.721390860219705,257.203998971636
0.72121738001162,257.328989474823
0.721042873493397,257.453979980272
0.720867353405896,257.578970488559
0.720690832741883,257.703961000028
0.720513326803046,257.828951514903
0.72033485198021,257.953942033335
0.720155425226369,258.078932555428
0.719975066478966,258.203923081243
0.719793808233729,258.328913610809
0.719611688082366,258.453904144122
0.719428762044356,258.578894681879
0.719245087788135,258.703885223694
0.719060745531988,258.82887576934
0.718875831603678,258.953866318558
0.718690451788305,259.078856871125
0.718504713198323,259.203847426842
0.718318712559089,259.328837985524
0.718132547318414,259.453828546993
0.71794629104543,259.578819110463
0.717760214492935,259.703809676654
0.717574083297327,259.828800244683
0.717387911089827,259.953790814586
0.717201908250633,260.078781386289
0.717016240926996,260.203771960262
0.716831031433863,260.328762536116
0.716646404572077,260.453753112994
0.716462534890192,260.578743691394
0.71627961142215,260.703734270982
0.716097865985029,260.828724851476
0.715917541560224,260.95371543214
0.715738902479723,261.078706013458
0.715562203133768,261.203696595146
0.715387692116188,261.328687176518
0.715215617098148,261.453677757582
0.715046200236438,261.578668338289
0.714879633669172,261.703658918563
0.714716075695985,261.828649498317
0.714555636766533,261.95364007746
0.714398383568754,262.078630656305
0.714244326259703,262.203621234593
0.714093433811034,262.32861181214
0.713945635037691,262.453602388818
0.713800823441627,262.578592964541
0.713658863789903,262.703583539255
0.713519598909341,262.828574112939
0.713382856756187,262.953564685598
0.713248458124777,263.078555257261
0.713116224851724,263.203545827981
0.7129859880221,263.32853639783
0.712857595915555,263.453526966898
0.712730921757826,263.578517535286
0.712605871305995,263.703508103107
0.712482390088621,263.828498670479
0.712360469959343,263.953489237526
0.712240154540648,264.078479804372
0.712121543181807,264.20347037114
0.712004793169298,264.328460937949
0.7118901196766,264.453451504913
0.711777792560269,264.57844207214
0.711668129376101,264.703432639726
0.711561484928121,264.828423207758
0.711458238541776,264.95341377631
0.711358780620683,265.078404345444
0.711263499935634,265.203394915205
0.711172772695707,265.328385485625
0.711086953945989,265.45337605672
0.711006371378128,265.578366628486
0.710931321273613,265.703357200906
0.710862066038858,265.828347773944
0.710798832708287,265.95333834755
0.7107418119463,266.078328921656
0.710691157312068,266.203319496182
0.710646984533458,266.328310071032
0.710609370408458,266.453300646098
0.710578351565367,266.578291221264
0.710553924649631,266.703281796403
0.710536049378412,266.828272371382
0.710524653556295,266.953262946061
0.71051963761316,267.0782535203
0.710520877074673,267.203244093954
0.710528222973509,267.328234666882
0.710541501098905,267.453225238939
0.710560511264516,267.578215809989
0.710585027848515,267.703206379894
0.710614802094467,267.828196948524
0.710649565225784,267.953187515752
0.710689030836894,268.078178081459
0.710732895571231,268.20316864553
0.710780838020651,268.328159207857
0.710832516387491,268.453149768338
0.710887565869687,268.57814032688
0.710945597266809,268.703130883393
0.711006198303885,268.828121437795
0.711068938283469,268.95311199001
0.711133375555266,269.078102539974
0.711199066622995,269.203093087638
0.711265575571893,269.328083632975
0.711332482736168,269.453074175984
0.711399615823833,269.578064716684
0.711466463426183,269.703055255117
0.711532425673353,269.828045791223
0.711597108183274,269.953036325429
0.711660236865061,270.07802685795
0.711721584936907,270.203017388908
0.711780948420833,270.328007918392
0.711838150897103,270.45299844648
0.711893055408958,270.577988973252
0.711945572007014,270.702979498799
0.711995658296436,270.827970023225
0.712043314646851,270.95296054665
0.712088576745788,271.077951069207
0.71213150767288,271.202941591042
0.712172190800711,271.327932112315
0.712210724107169,271.452922633193
0.712247216012488,271.577913153849
0.712281782539355,271.702903674458
0.712314545367018,271.827894195198
0.712345630367094,271.95288471624
0.712375166555506,272.077875237754
0.712403285697065,272.202865759897
0.712430122617437,272.327856282821
0.712455815961885,272.452846806661
0.712480509271576,272.577837331539
0.712504352682598,272.702827857563
0.712527505421307,272.82781838482
0.712550138551184,272.952808913383
0.712572437331551,273.0777994433
0.712594376794244,273.202789974603
0.71261632686679,273.327780507302
0.712638792666483,273.452771041631
0.712662120462328,273.57776157717
0.71268658942281,273.702752113734
0.712712485281236,273.827742651242
0.712740119446133,273.952733189655
0.712769816453491,274.077723728951
0.712801894367878,274.202714269102
0.712836650233244,274.327704810072
0.712874352989029,274.452695351813
0.71291524179793,274.577685894261
0.712959526788826,274.702676437339
0.713007390021099,274.827666980956
0.71305898563291,274.952657525012
0.713114439035093,275.077648069399
0.713173845467546,275.202638614003
0.71323726834243,275.327629158707
0.713304737779624,275.452619703394
0.713376249652473,275.577610247944
0.713451765310112,275.702600792243
0.713531211930794,275.827591336177
0.71361448324799,275.952581879637
0.713701440292699,276.077572422518
0.713791911936358,276.202562964719
0.713885695438662,276.327553506144
0.713982557718194,276.452544046705
0.714082238191237,276.577534586316
0.714184453309193,276.7025251249
0.714288901647396,276.827515662389
0.714395268008255,276.952506198721
0.714503226024432,277.077496733843
0.714612440109656,277.202487267712
0.714722568079192,277.327477800299
0.714833264898512,277.452468331583
0.714944186686404,277.577458861557
0.715054993934924,277.702449390224
0.71516535384909,277.827439917602
0.715274942362941,277.952430443719
0.715383446190931,278.077420968614
0.715490564735279,278.202411492336
0.715596011611215,278.327402014942
0.715699516008393,278.452392536499
0.715800824469709,278.577383057076
0.715899703855542,278.702373576747
0.71599594597257,278.82736409559
0.716089373407279,278.952354613683
0.716179845408677,279.077345131104
0.716267262672263,279.202335647931
0.716351570747438,279.327326164241
0.716432762842717,279.452316680108
0.716510882176623,279.577307195605
0.716586022568996,279.702297710804
0.71665832605083,279.827288225776
0.716727978508599,279.952278740588
0.716795205842115,280.077269255309
0.716860269627018,280.202259770006
0.716923460104291,280.327250284748
0.716985087856526,280.4522407996
0.717045477142395,280.57723131463
0.717104959398194,280.702221829901
0.717163865793047,280.827212345479
0.717222521747955,280.952202861423
0.717281244592644,281.077193377791
0.717340340086608,281.202183894637
0.717400095979512,281.327174412006
0.717460775503524,281.45216492994
0.717522612027224,281.577155448469
0.717585805536532,281.702145967616
0.717650522792367,281.827136487391
0.71771689801564,281.952127007794
0.717785031251706,282.07711752881
0.7178549880286,282.202108050413
0.717926805516549,282.327098572561
0.718000502028405,282.452089095201
0.718076083745539,282.577079618264
0.718153549871816,282.702070141671
0.718232899221776,282.827060665329
0.718314135530304,282.952051189135
0.718397268888433,283.077041712979
0.718482315320791,283.202032236742
0.718569296932813,283.3270227603
0.71865824196401,283.452013283524
0.718749183118552,283.577003806286
0.718842152888725,283.701994328453
0.718937175107753,283.826984849897
0.719034253581052,283.951975370491
0.71913335972582,284.07696589011
0.719234421748045,284.201956408637
0.719337317727789,284.326946925959
0.719441873756901,284.451937441969
0.719547866785392,284.57692795657
0.719655030899379,284.701918469669
0.719763065514356,284.826908981182
0.719871644212978,284.951899491034
0.719980423241163,285.076889999157
0.720089048909045,285.201880505491
0.720197163640707,285.326871009984
0.720304410837809,285.451861512595
0.720410438723702,285.576852013289
0.72051490326041,285.701842512039
0.720617470368598,285.826833008828
0.720717817749253,285.951823503649
0.720815636455307,286.076813996502
0.7209106322571,286.201804487395
0.721002526782761,286.326794976347
0.721091058342914,286.451785463385
0.7211759824288,286.576775948546
0.721257072023097,286.701766431874
0.721334117877277,286.826756913425
0.721406928854958,286.951747393262
0.721475332349289,287.076737871458
0.721539174529793,287.201728348095
0.721598320085551,287.326718823265
0.721652651646975,287.451709297071
0.721702069614062,287.57669976962
0.721746492793692,287.701690241033
0.72178585945831,287.826680711437
0.72182012816157,287.951671180967
0.72184927781564,288.076661649764
0.721873306918807,288.201652117976
0.721892232489083,288.326642585756
0.721906089508499,288.45163305326
0.72191493081188,288.576623520643
0.721918826387491,288.701613988066
0.721917861272852,288.826604455683
0.721912132046453,288.951594923648
0.72190174266329,289.076585392108
0.721886800884154,289.201575861206
0.721867416086726,289.326566331074
0.721843697963937,289.451556801836
0.721815755903561,289.576547273605
0.721783697643712,289.701537746484
0.721747646097756,289.826528220559
0.721707744658124,289.951518695066
0.721664169387593,290.07650917044
0.721617086858178,290.20149964693
0.721566651722733,290.326490125555
0.721513011205486,290.451480605997
0.721456321696991,290.5764710872
0.721396769765382,290.701461569417
0.721334573106285,290.826452052758
0.721269995845585,290.951442537246
0.721203558352392,291.076433022857
0.721135477773263,291.201423509536
0.72106588299456,291.326413997226
0.720995041830545,291.451404485829
0.72092327380616,291.576394975244
0.720850865468674,291.701385465367
0.720778036871105,291.826375956095
0.720704719690135,291.951366447329
0.720631144085131,292.076356938974
0.720557583868868,292.201347430931
0.720484101132882,292.326337923954
0.720410621300509,292.451328417566
0.720337017433969,292.576318910736
0.720263148610738,292.701309403726
0.720188828617103,292.826299896689
0.720113825747223,292.951290390396
0.720037847340367,293.076280884418
0.719960562536203,293.201271378536
0.719881611702709,293.326261872657
0.719800619858986,293.451252366763
0.719717209629157,293.576242860886
0.71963101179286,293.701233355096
0.719541673872938,293.826223849495
0.719448867456309,293.951214344231
0.719352294541136,294.076204839518
0.719251692842313,294.201195335593
0.719146840018452,294.32618583264
0.719037557039587,294.451176330785
0.718923710843854,294.576166830108
0.718805216126656,294.701157330666
0.71868203580573,294.826147832502
0.718554179787019,294.951138335655
0.718421702294761,295.076128840165
0.718284698510698,295.201119346078
0.718143300588052,295.326109853446
0.717997672356984,295.451100362329
0.717848002916307,295.576090872789
0.717694500773095,295.701081384899
0.717537389342771,295.826071898732
0.717376902614006,295.951062414367
0.71721328043623,296.076052931886
0.717046764781095,296.201043451372
0.716877597671399,296.326033972911
0.71670601946619,296.45102449659
0.716532266932307,296.576015022497
0.716356572343595,296.701005550721
0.716179164234629,296.825996081349
0.716000268798931,296.95098661447
0.715820111406391,297.075977150169
0.715638918800589,297.200967688528
0.715456922052913,297.325958229624
0.715274359537372,297.450948773529
0.715091479466291,297.575939320307
0.714908542129011,297.700929870013
0.714725821868208,297.825920422691
0.714543608331493,297.950910978373
0.714362203578295,298.075901537076
0.714181930313614,298.200892098803
0.714003124679062,298.325882663028
0.713826135540736,298.45087322993
0.713651322150503,298.575863800107
0.713479028937644,298.700854372838
0.713309608622281,298.825844948165
0.713143399195519,298.950835526049
0.712980719868409,299.07582610641
0.712821865886739,299.200816689127
0.712667103551963,299.325807274054
0.712516667143769,299.450797861016
0.712370757910067,299.575788449823
0.712229544600273,299.700779040269
0.712093164979419,299.825769632135
0.711961728089178,299.950760225196
0.711835317559608,300.075750819225
0.711713996558373,300.20074141399
0.711597814492246,300.325732009266
0.711486814298748,300.450722604828
0.71138103810216,300.575713200462
0.711280532715884,300.70070379596
0.711185540334284,300.825694391128
0.711095974522898,300.950684986208
0.711011633943445,301.0756755804
0.710932462348618,301.200666173612
0.710858256067283,301.325656765733
0.710789167938407,301.450647356656
0.710725441055057,301.575637946691
0.710667141106216,301.700628535579
0.710614250007331,301.825619123136
0.71056673956687,301.950609709234
0.710524589833863,302.075600293786
0.71048777447368,302.200590876738
0.710456237759359,302.32558145806
0.710429876374328,302.450572037748
0.710408529988824,302.575562615817
0.710391979940783,302.700553192301
0.710379953785991,302.82554376725
0.710372133414884,302.950534340726
0.710368164922804,303.075524912804
0.710367669044599,303.200515483567
0.710370251487271,303.325506053106
0.710375512849914,303.45049662152
0.710383058002601,303.575487188913
0.710392504898287,303.700477755393
0.710403492911849,303.825468321069
0.71041569089135,303.950458886055
0.710428804939346,304.075449450464
0.710442585521344,304.200440014412
0.710456833203351,304.325430578008
0.710471402408953,304.450421141362
0.710486202973744,304.575411704577
0.710501199710145,304.70040226775
0.71051641049794,304.825392830966
0.710531903508046,304.950383394297
0.710547794096998,305.075373957796
0.710564241737742,305.200364521478
0.710581447128287,305.325355085302
0.710599649563172,305.450345649216
0.710619124503993,305.575336213196
0.710640181162218,305.700326777249
0.710663159905259,305.825317341396
0.710688429306764,305.950307905664
0.710716382699344,306.07529847007
0.71074743412864,306.200289034619
0.710782013647081,306.325279599297
0.710820561925397,306.45027016407
0.710863524188686,306.575260728885
0.710911343514942,306.700251293665
0.710964453578086,306.825241858317
0.711023270974945,306.95023242273
0.711088187342229,307.075222986779
0.7111595615251,307.200213550328
0.711237712098356,307.325204113233
0.71132291053858,307.450194675346
0.711415375317646,307.575185236514
0.711515267129998,307.700175796585
0.71162268539024,307.825166355409
0.711737666049164,307.950156912838
0.7118601806937,308.07514746873
0.711990136830184,308.200138022947
0.712127379210919,308.325128575361
0.712271692050065,308.450119125848
0.7124228019807,308.575109674295
0.712580381628034,308.700100220598
0.7127440536932,308.825090764662
0.7129133954531,308.950081306403
0.713087943591129,309.075071845748
0.71326719929174,309.200062382636
0.713450633552597,309.325052917016
0.71363769268158,309.450043448852
0.713827803959219,309.575033978118
0.714020381481271,309.700024504804
0.714214832217468,309.82501502891
0.714410562271467,309.95000555045
0.714606983247425,310.074996069453
0.714803518561619,310.199986585958
0.714999609522193,310.324977100022
0.715194721091343,310.449967611711
0.715388347437372,310.574958121105
0.71558001730806,310.699948628297
0.715769298703107,310.824939133391
0.715955801924089,310.949929636504
0.716139180460429,311.07492013776
0.716319129930739,311.199910637297
0.716495385727513,311.324901135256
0.716667719916275,311.449891631789
0.716835937702811,311.574882127053
0.716999873767396,311.699872621208
0.717159388974551,311.824863114417
0.71731436839779,311.949853606844
0.717464722129881,312.074844098653
0.717610388457086,312.199834590004
0.717751332349636,312.324825081054
0.717887533541193,312.449815571953
0.718018973554719,312.574806062846
0.718145633405163,312.699796553867
0.718267502160813,312.82478704514
0.718384589496085,312.949777536779
0.718496935978233,313.074768028885
0.718604619167645,313.199758521545
0.718707756259942,313.324749014833
0.718806502716091,313.449739508809
0.718901046630585,313.574730003519
0.718991601190194,313.699720498992
0.719078397442864,313.824710995246
0.719161676559232,313.949701492283
0.719241681567573,314.074691990091
0.71931865126544,314.199682488646
0.719392816719461,314.324672987912
0.71946439754756,314.449663487837
0.719533597582107,314.574653988364
0.719600602737644,314.699644489421
0.719665581746659,314.824634990929
0.719728687331924,314.949625492802
0.719790057379884,315.074615994945
0.719849816924728,315.199606497262
0.719908080181098,315.324596999649
0.71996495221087,315.449587502002
0.720020530841077,315.574578004217
0.720074908943026,315.699568506188
0.720128176499248,315.824559007811
0.720180421912963,315.949549508988
0.720231732407265,316.07454000962
0.720282193403437,316.199530509617
0.720331886447729,316.324521008892
0.720380885255055,316.449511507365
0.720429250016498,316.574502004962
0.720477020869827,316.699492501618
0.720524211710302,316.824482997275
0.720570805260475,316.949473491884
0.720616749953761,317.074463985405
0.720661958867318,317.199454477806
0.72070631064015,317.324444969067
0.720749652063847,317.449435459179
0.720791801812815,317.574425948142
0.720832554682075,317.699416435969
0.720871685848212,317.824406922685
0.72090895497506,317.949397408326
0.720944110132894,318.074387892941
0.720976891532234,318.199378376591
0.721007035166635,318.324368859347
0.721034276514915,318.449359341292
0.721058354261881,318.574349822516
0.721079013920623,318.699340303118
0.721096011414781,318.824330783205
0.721109116641821,318.949321262889
0.721118116894625,319.074311742284
0.721122820221033,319.199302221509
0.721123058726056,319.324292700683
0.721118687890827,319.449283179926
0.721109596350598,319.574273659355
0.721095701690953,319.699264138365
0.721076961662934,319.824254617406
0.721053357693981,319.949245096775
0.721024895016173,320.074235576675
0.720991601214457,320.199226057256
0.720953524560074,320.324216538633
0.720910732506834,320.449207020894
0.720863309919326,320.574197504108
0.720811360635402,320.699187988327
0.720754997845871,320.824178473589
0.720694349057693,320.94916896067
0.720629538092995,321.074159449241
0.72056070769883,321.199149939122
0.720488012860941,321.324140429519
0.720411636160459,321.449130920746
0.720331772758287,321.574121412987
0.720248630375667,321.699111906362
0.720162427247939,321.82410240095
0.720073389773135,321.949092896808
0.719981751542946,322.074083393979
0.719887755628175,322.199073892485
0.719791658512901,322.324064392339
0.719693731775401,322.449054893535
0.719594261669097,322.574045396059
0.719493550520915,322.699035899881
0.719391919886987,322.824026404964
0.719289712602885,322.949016911263
0.719187293305674,323.074007418722
0.71908504737551,323.198997927282
0.718983377501285,323.323988436879
0.718882697679951,323.448978947442
0.71878342476442,323.573969458897
0.718685968137767,323.698959971171
0.718590718602444,323.823950484182
0.718498037529671,323.948940997853
0.718408246702762,324.073931512103
0.718321622271903,324.198922026851
0.718238376912867,324.323912542021
0.718158653538944,324.448903058058
0.718082514907287,324.573893574481
0.718009949223462,324.698884090617
0.717940878639818,324.823874606721
0.717875148608007,324.94886512288
0.717812526501137,325.073855639116
0.717752714837357,325.198846155768
0.717695350546663,325.323836672355
0.717640033749943,325.448827188641
0.717586340595324,325.573817704523
0.7175338369971,325.698808219967
0.717482090746909,325.823798734986
0.717430681142481,325.948789249617
0.717379206796582,326.073779763913
0.717327292029639,326.198770277941
0.717274591841366,326.323760791772
0.717220795667563,326.448751305485
0.717165630026813,326.573741819158
0.717108859757193,326.698732332874
0.717050288056021,326.823722846716
0.716989755966433,326.94871336077
0.716927141322595,327.073703875122
0.716862357043572,327.198694389866
0.716795349137068,327.323684905095
0.716726094199608,327.448675420909
0.716654595904819,327.573665937405
0.716580881142192,327.698656454671
0.716504996750998,327.823646972784
0.716427006711231,327.948637491812
0.716346989609879,328.073628011813
0.716265036667656,328.198618532841
0.716181250093824,328.323609054949
0.71609574140121,328.448599578188
0.71600863013297,328.573590102612
0.715920043339712,328.698580628273
0.715830115120768,328.823571155227
0.715738985520833,328.948561683526
0.71564679882802,329.073552213225
0.715553701701455,329.198542744372
0.715459841991167,329.323533277014
0.715365368882935,329.448523811191
0.715270433540423,329.573514346936
0.715175189394337,329.698504884276
0.715079793109788,329.823495423225
0.714984407955488,329.948485963791
0.714889209005229,330.073476505969
0.714794387981017,330.198467049742
0.714700156935772,330.323457595085
0.714606751706929,330.448448141958
0.714514435260453,330.57343869031
0.714423499454649,330.698429240081
0.714334263880925,330.8234197912
0.714247072020911,330.948410343586
0.714162285662993,331.07340089715
0.714080277767965,331.198391451797
0.714001423521385,331.323382007425
0.713926089648512,331.448372563927
0.713854623290277,331.573363121192
0.713787343124218,331.698353679108
0.71372453476913,331.823344237562
0.713666449240765,331.94833479644
0.713613301232032,332.07332535563
0.713565265164881,332.198315915021
0.713522469053745,332.323306474507
0.713484987516601,332.448297033984
0.713452835624695,332.573287593352
0.713425964965222,332.698278152517
0.713404262619535,332.823268711389
0.713387553140957,332.948259269886
0.713375603303391,333.073249827929
0.713368129158202,333.198240385448
0.713364804666343,333.323230942379
0.71336527116573,333.448221498668
0.713369147131323,333.573212054265
0.713376037721171,333.698202609132
0.713385543655549,333.823193163239
0.713397269266927,333.948183716563
0.71341082953244,334.073174269092
0.713425855546957,334.198164820823
0.713441997988018,334.32315537176
0.713458928628762,334.448145921916
0.713476340243128,334.573136471314
0.713493945307232,334.698127019983
0.713511474005921,334.823117567958
0.713528672066805,334.948108115281
0.713545298852342,335.073098662002
0.713561126165677,335.198089208172
0.71357593800243,335.32307975385
0.713589530799524,335.448070299097
0.71360171346518,335.573060843977
0.713612307228555,335.698051388559
0.713621146186485,335.823041932913
0.713628078816975,335.948032477109
0.713632969638425,336.073023021222
0.713635700700918,336.198013565324
0.713636173736407,336.32300410949
0.713634313376498,336.447994653792
0.71363007055192,336.572985198301
0.71362342543648,336.697975743087
0.713614390293388,336.822966288215
0.713603012364891,336.947956833748
0.713589376172722,337.072947379741
0.713573604882719,337.197937926245
0.713555860971895,337.322928473304
0.713536346266469,337.447919020953
0.713515301128097,337.572909569218
0.713493002744507,337.697900118116
0.7134697628103,337.822890667652
0.713445924854489,337.947881217818
0.713421861164522,338.072871768592
0.713397969175904,338.197862319938
0.713374667169411,338.322852871809
0.713352389132218,338.44784342415
0.713331578692189,338.572833976906
0.713312682135268,338.697824530023
0.713296140614329,338.822815083444
0.713282381773085,338.947805637115
0.713271811116721,339.072796190974
0.713264803555549,339.197786744959
0.713261695595516,339.322777298999
0.713262778634292,339.447767853022
0.713268293753258,339.572758406948
0.713278428275047,339.697748960694
0.71329331421126,339.82273951417
0.713313028584501,339.947730067288
0.713337595479983,340.072720619954
0.713366989540915,340.197711172075
0.713401140441263,340.322701723558
0.713439937642195,340.447692274309
0.713483234676237,340.57268282424
0.713530852748891,340.69767337326
0.713582584608358,340.822663921285
0.713638200114161,340.947654468234
0.713697453604604,341.072645014029
0.713760091184935,341.197635558599
0.713825855750693,341.322626101877
0.713894488903391,341.447616643803
0.713965730203418,341.572607184324
0.71403931477651,341.697597723393
0.714114970442461,341.822588260972
0.714192415430992,341.947578797031
0.71427135744382,342.072569331551
0.714351494469941,342.197559864519
0.714432517414935,342.322550395934
0.714514114213058,342.447540925805
0.714595974640766,342.57253145415
0.714677794864153,342.697521980997
0.714759281152431,342.822512506386
0.714840152846143,342.947503030365
0.714920144988867,343.072493552993
0.714999010893047,343.197484074336
0.715076524640144,343.322474594472
0.715152483389154,343.447465113485
0.715226709413647,343.572455631469
0.715299051882388,343.697446148522
0.71536938843037,343.822436664753
0.715437626501729,343.947427180273
0.715503704341304,344.072417695198
0.715567591428031,344.19740820965
0.715629288142806,344.322398723751
0.715688824550839,344.447389237625
0.715746258323219,344.572379751398
0.715801671964266,344.69737026519
0.715855169593394,344.822360779122
0.715906873559233,344.94735129331
0.715956921140266,345.072341807862
0.716005461530414,345.197332322882
0.716052653251064,345.322322838463
0.716098662070508,345.447313354689
0.716143659476828,345.572303871635
0.716187821737792,345.697294389362
0.716231329577513,345.822284907919
0.716274368471,345.947275427344
0.716317129479233,346.072265947659
0.716359810432443,346.197256468874
0.716402617180099,346.322246990984
0.716445764576158,346.447237513969
0.716489476883083,346.572228037797
0.716533987339685,346.697218562422
0.716579536725412,346.822209087784
0.716626370840331,346.947199613811
0.716674736898206,347.072190140421
0.71672487892042,347.197180667519
0.716777032301418,347.322171195003
0.71683141779505,347.447161722763
0.716888235230245,347.572152250682
0.716947657309558,347.697142778636
0.717009823849269,347.8221333065
0.71707483678414,347.947123834144
0.717142756193899,348.072114361439
0.71721359752149,348.197104888252
0.717287330059041,348.322095414453
0.717363876688249,348.447085939916
0.717443114795194,348.572076464513
0.717524878228274,348.697066988125
0.717608960140877,348.822057510635
0.717695116542599,348.947048031932
0.717783070382322,349.072038551913
0.71787251598781,349.197029070483
0.717963123731877,349.322019587555
0.718054544827109,349.447010103054
0.718146416183208,349.572000616913
0.718238365303912,349.696991129079
0.718330015229919,349.821981639509
0.718420989519085,349.946972148175
