0,0
0,0.124999999999969
0,0.249999999912828
0,0.374999962568592
0,0.499999932371872
0,0.624999858363771
0,0.749999798780569
0,0.874999713222712
0,0.999999615470905
0,1.12499953638337
-7.24381966861894e-65,1.24999941291449
6.61608705958358e-58,1.37499931326196
-5.97708290311485e-54,1.49999920245806
2.18139580030153e-52,1.62499905531766
-1.03871225083213e-51,1.74999894055017
4.58961056190913e-51,1.87499880882401
4.55889246721563e-50,1.99999864238527
-7.8269493488876e-49,2.12499849954271
1.43767595992806e-48,2.24999835621104
3.43744302358793e-47,2.37499817527261
-9.81381351956936e-47,2.49999800059334
-1.07375273567342e-45,2.62499785437511
1.48963238726698e-45,2.74999766128306
2.56952391457484e-44,2.87499745990961
2.39589020078991e-44,2.99999731810917
-3.65813760636434e-43,3.124997121332
-1.28452701863985e-42,3.24999690374893
1.28086155149208e-42,3.37499670881588
1.88287757112085e-41,3.49999651820673
4.12775105886985e-41,3.62499628765084
-6.36288389670014e-41,3.7499960587517
-5.72342220001261e-40,3.87499588402743
-1.20793834101919e-39,3.99999565401535
8.59379300269532e-40,4.12499540599139
1.1742261988382e-38,4.24999518077649
3.02703007898688e-38,4.37499496460084
1.48685592193204e-38,4.49999470634804
-1.47209081218455e-37,4.62499445161338
-5.45045078186443e-37,4.74999424226537
-8.23312543316064e-37,4.87499399193944
5.05939850546388e-37,4.99999371586047
5.94693751703502e-36,5.12499345842312
1.55207412130822e-35,5.24999323105479
1.76338687758101e-35,5.37499295384549
-2.09739179550325e-35,5.49999266884381
-1.44690845387624e-34,5.62499241625579
-3.39282907149472e-34,5.7499921577526
-3.82261196595086e-34,5.87499186042522
2.98700995016583e-34,5.99999157427359
2.45260809894578e-33,6.12499133259048
6.01716090145904e-33,6.24999104758216
8.05150238592576e-33,6.37499073620732
5.72864697283797e-34,6.49999045098921
-2.8253223177005e-32,6.62499019225119
-8.36946888500363e-32,6.7499898852709
-1.4032694734439e-31,6.87498956513053
-1.1068954969867e-31,6.99998928090621
1.62754812917368e-31,7.12498899633932
8.32394083771762e-31,7.24998867153336
1.82095804740835e-30,7.37498834706166
2.44988239793968e-30,7.49998806736956
1.11362872108881e-30,7.62498776027929
-4.50825137440047e-30,7.74998742152675
-1.59678638407704e-29,7.87498709669473
-3.07466552811307e-29,7.99998682334313
-3.7694018961227e-29,8.12498649697823
-1.40856345027699e-29,8.24998614737276
6.98109025511161e-29,8.37498582560927
2.31076288204389e-28,8.49998552741325
4.35064308155579e-28,8.62498518334485
5.44996821115365e-28,8.74998482651906
2.9142486843108e-28,8.87498451091783
-6.79449876492155e-28,8.99998419348787
-2.60549056398739e-27,9.12498383709646
-5.2139249684869e-27,9.24998347531404
-7.19916661550202e-27,9.37498310544876
-5.84081241944088e-27,9.49998261990919
2.72393936249834e-27,9.62498202628863
2.19051200657027e-26,9.74998138080797
5.12486693165198e-26,9.87498077565461
8.1491966674955e-26,9.99998009740738
8.98948471163058e-26,10.1249793458061
3.97059642261353e-26,10.2499786184533
-1.10655496676581e-25,10.3749779895466
-3.83332537858803e-25,10.4999772536735
-7.40497963054719e-25,10.6249764882891
-1.03618669265499e-24,10.749975813017
-9.84250134502446e-25,10.8749751587776
-1.8255268796125e-25,10.9999744153847
1.75801166798545e-24,11.1249736681923
4.94425140605284e-24,11.2499730453667
8.80501822178679e-24,11.3749723699474
1.16757028922372e-23,11.4999716151196
1.05945086673652e-23,11.6249708708496
1.65880371063894e-24,11.7499702701071
-1.86776711765908e-23,11.8749695654502
-5.11382237188153e-23,11.9999687906412
-9.01893915167224e-23,12.1249680408452
-1.20580588874291e-22,12.2499674280894
-1.15736163388766e-22,12.3749666930922
-4.0701982433854e-23,12.499965899683
1.37475360586916e-22,12.6249651489728
4.30212081750502e-22,12.7499645022794
8.0006200642816e-22,12.8749637410492
1.13216869080576e-21,12.9999629344977
1.21766762945714e-21,13.1249621895887
7.68235821963082e-22,13.2499615126152
-5.16955926516797e-22,13.3749607291686
-2.81685302109817e-21,13.4999599134504
-5.99020907081137e-21,13.6249591777955
-9.34953503959842e-21,13.7499584729346
-1.1487009379223e-20,13.8749576697023
-1.02758982742046e-20,13.9999568469472
-3.19633005493849e-21,14.1249561219776
1.18848827865094e-20,14.2499553907694
3.54409253495461e-20,14.3749545694748
6.46571146670316e-20,14.4999537413966
9.18479564519129e-20,14.6249530285871
1.03616937068982e-19,14.7499522725117
8.16993893893994e-20,14.8749514349318
6.47856138043944e-21,14.9999506034683
-1.36140987261927e-19,15.1249499047568
-3.44623951856688e-19,15.2499491254452
-5.89930824456435e-19,15.3749482734666
-8.05131850690164e-19,15.4999474406156
-8.81601297178199e-19,15.624946757942
-6.78148382050057e-19,15.7499459570387
-4.92505670759891e-20,15.874945092475
1.10400608426298e-18,15.9999442600597
2.76233293567284e-18,16.1249435554401
4.70691259433326e-18,16.2499427344895
6.45031716835144e-18,16.3749418590029
7.21263414556298e-18,16.4999410286485
5.98278945240821e-18,16.6249402928681
1.70314792417127e-18,16.7499394533095
-6.40049744275106e-18,16.8749385684401
-1.83552126697792e-17,16.9999377416468
-3.29071581990314e-17,17.1249369785921
-4.70463066497541e-17,17.2499361217924
-5.57829129463811e-17,17.3749352289955
-5.24136398697235e-17,17.4999344071784
-2.95128086431768e-17,17.6249336202784
1.91933433513893e-17,17.749932747551
9.60852984008049e-17,17.8749318482073
1.96333264778703e-16,17.9999310326923
3.04652058799939e-16,18.1249302251072
3.93151420581593e-16,18.2499293377139
4.21603860332145e-16,18.374928433129
3.4154237778774e-16,18.4999276251471
1.05333102289771e-16,18.6249267999146
-3.19384357614571e-16,18.7499258990621
-9.30792056120175e-16,18.8749249904706
-1.67221517575562e-15,18.9999241911714
-2.41442672146125e-15,19.1249233512964
-2.94759874693242e-15,19.2499224381279
-2.99073797077724e-15,19.3749215266927
-2.22615640094724e-15,19.4999207225621
-3.64053158632328e-16,19.6249198710634
2.76288469786104e-15,19.7499189466571
7.08289020800443e-15,19.8749180334569
1.21647064375405e-14,19.9999172228622
1.71224761503572e-14,20.1249163580343
2.05842801084157e-14,20.2499154234375
2.07672180018172e-14,20.3749145094836
1.5698126461099e-14,20.4999136948239
3.60350814376148e-15,20.6249128141672
-1.65369701851541e-14,20.749911870448
-4.43217619004706e-14,20.8749109567781
-7.72447094450146e-14,20.9999101405549
-1.10155090909519e-13,21.124909244964
-1.3506286416802e-13,21.2499082931539
-1.41513399938492e-13,21.3749073808845
-1.17736393981879e-13,21.4999065655619
-5.26971101271785e-14,21.6249056556135
6.09641882574882e-14,21.749904696465
2.23326106929238e-13,21.8749037865053
4.23392386083327e-13,21.9999029742589
6.3586503646724e-13,22.1249020504145
8.19473378452208e-13,22.2499010842826
9.17984437018292e-13,22.3749001767866
8.64974194617281e-13,22.4998993477746
5.93140695485261e-13,22.6248984112588
4.83417569868321e-14,22.7498974387431
-7.92365552319174e-13,22.8748965334005
-1.90057648972016e-12,22.999895690345
-3.17748047881319e-12,23.1248947437833
-4.44030846462663e-12,23.2498937670836
-5.41958847205389e-12,23.3748928653676
-5.77271517511502e-12,23.4998920096043
-5.11852683605317e-12,23.6248910555059
-3.09550451423697e-12,23.7498900785166
5.5725229141264e-13,23.8748891859368
5.90193445456847e-12,23.9998883133705
1.26982249427212e-11,24.1248873500243
2.03111501164339e-11,24.2498863743491
2.76531686452375e-11,24.3748854968481
3.31862836951023e-11,24.4998845987495
3.50095529283776e-11,24.6248836177365
3.10522858459715e-11,24.7498826359099
1.93823915634171e-11,24.8748817676769
-1.37775302605339e-12,24.9998808431936
-3.15579170035669e-11,25.1248798369453
-6.99250524151263e-11,25.2498788326831
-1.132290749365e-10,25.3748779464505
-1.55914472928012e-10,25.4998770271925
-1.90115315903004e-10,25.6248760129002
-2.06049214700162e-10,25.7498749821939
-1.92903304753605e-10,25.8748740450178
-1.4025834385321e-10,25.9998731656609
-4.00241811939572e-11,26.1248722207946
1.11235095158598e-10,26.2498712166671
3.09818658637715e-10,26.374870243772
5.42595313219023e-10,26.4998694009747
7.85346574443632e-10,26.6248685665724
1.00225675435639e-09,26.7498677426855
1.14707011624548e-09,26.8748668649985
1.16636130683238e-09,26.9998660151764
1.00520068037553e-09,27.1248653055525
6.15223964757425e-10,27.2498645828821
-3.52499776796365e-11,27.3748639023506
-9.49851587889954e-10,27.499863205039
-2.09281781618637e-09,27.6248623912234
-3.37939165199809e-09,27.7498615066417
-4.67003101921475e-09,27.8748606230442
-5.77066073832192e-09,27.9998596438434
-6.44107829762691e-09,28.1248585693203
-6.41317797037242e-09,28.2498574750638
-5.41981562953395e-09,28.3748564686244
-3.23389063209603e-09,28.4998554822393
2.84373397697278e-10,28.6248545010635
5.13578037035411e-09,28.7498535934064
1.11318950976581e-08,28.8748526788493
1.78536001784373e-08,28.9998517051983
2.462714822212e-08,29.1248507409251
3.0526869882907e-08,29.2498498314145
3.44130799859902e-08,29.3748489103544
3.50117418544778e-08,29.4998479178356
3.10390344393883e-08,29.6248469096727
2.1369105755027e-08,29.7498459574639
5.23706409020185e-09,29.8748449818106
-1.75377647215734e-08,29.99984395318
-4.63305073726257e-08,30.1248429168804
-7.95201624181895e-08,30.2498419332683
-1.14363675256673e-07,30.3748409509598
-1.46970708365117e-07,30.4998399201321
-1.72413571099816e-07,30.6248388790003
-1.85000671004139e-07,30.7498378661438
-1.78730354670507e-07,30.8748369291166
-1.47925206483486e-07,30.9998359238666
-8.8025225326702e-08,31.1248348784053
3.50663222137225e-09,31.2498338324033
1.26239869058099e-07,31.3748328387722
2.75891454857679e-07,31.4998319653157
4.43621658227303e-07,31.6248310291192
6.15643295859262e-07,31.7498300434102
7.7328046176864e-07,31.8748290417667
8.93599542120397e-07,31.9998280594071
9.50705474682132e-07,32.1248271459998
9.17748510840044e-07,32.2498263289224
7.69620757037139e-07,32.374825489097
4.86241277283432e-07,32.4998246519291
5.62387031402749e-08,32.6248238367076
-5.19252960573024e-07,32.749823075872
-1.22305749828305e-06,32.8748223547681
-2.01911885292177e-06,32.9998217096437
-2.8508460843435e-06,33.1248211496899
-3.64112822167436e-06,33.2498205910339
-4.29445466674519e-06,33.3748200586141
-4.70148181309894e-06,33.4998195111662
-4.74622144500293e-06,33.6248189493063
-4.31581437926348e-06,33.7498183444276
-3.31258892253483e-06,33.8748177025749
-1.66781093818622e-06,33.9998170399223
6.43773025460728e-07,34.1248163789328
3.58978686621443e-06,34.2498157493132
7.06789726943341e-06,34.3748151889394
1.08969091965685e-05,34.4998146349965
1.48129249678652e-05,34.624814070423
1.84721253347712e-05,34.7498135419563
2.1461502181525e-05,34.8748130196855
2.33184450063577e-05,34.9998124627274
2.3559508681443e-05,35.1248118970943
2.17179772062963e-05,35.2498113674831
1.73889942740503e-05,35.3748108407593
1.02801219676487e-05,35.4998102810105
2.64301941068949e-07,35.6248097145685
-1.25686291742881e-05,35.7498091858697
-2.78664209607471e-05,35.8748086548927
-4.49798377283104e-05,35.9998080925338
-6.29440901740115e-05,36.1248075254911
-8.04810684234553e-05,36.2498069961749
-9.60265254106593e-05,36.3748064610885
-0.000107785162948735,36.4998058962936
-0.000113815068527655,36.6248053288462
-0.000112141069869637,36.7498047988793
-0.000100894363841593,36.8748042598366
-7.84733393201235e-05,36.9998036927898
-4.37180940445027e-05,37.1248031251413
3.91123408531878e-06,37.249802594849
6.41644503881984e-05,37.3748020520046
0.000135853189536643,37.4998014828889
0.00021673915123235,37.6248009152382
0.000303472993503364,37.7498003846311
0.000391597243643552,37.8747998381335
0.000475624101014404,37.9997992671322
0.000549196477554273,38.1247986996857
0.00060533760898608,38.2497981688244
0.000636791737057032,38.3747976186598
0.000636454899617649,38.499797045728
0.000597891070687886,38.6247964783355
0.000515922517945928,38.7497959469522
0.000387274097560766,38.8747953961998
0.000211241593210586,38.9997948251228
-9.65316403998053e-06,39.1247942627238
-0.000269059927683676,39.2497937353653
-0.000556288507794912,39.3747931547699
-0.000855919295455003,39.4997925524674
-0.00114755890605235,39.6247919565992
-0.00140572974875473,39.7497913995717
-0.00159978538735834,39.87479084978
-0.00169356365150311,39.999790305757
-0.00164436709473564,40.124789771144
-0.00140110918605306,40.2497892456065
-0.000902167155474016,40.3747887157726
-7.39643740521194e-05,40.499788193069
0.00116924361764943,40.6247876938024
0.00292491481326015,40.7497872283626
0.00530174265957463,40.8747868242143
0.00841913450439332,40.999786418643
0.0124066849818759,41.1247860213763
0.0174054230719423,41.2497856509704
0.0235740564696693,41.3747853120406
0.0311008137136373,41.4997850179833
0.0402163549075184,41.62478478067
0.0512025878414388,41.7497845758697
0.0643968159711573,41.8747843899879
0.080194306529241,41.9997841923416
0.0990523828493079,42.1247839914358
0.121497543851102,42.2497837988619
0.14813541810021,42.3747836123783
0.179662009990174,42.4997834161459
0.216874198605193,42.624783219187
0.260678481434595,42.7497830336491
0.312098616194724,42.8747828752663
0.372282342074192,42.9997827217971
0.442502900581414,43.1247825631454
0.524147293279096,43.2497824079318
0.618685908970535,43.3747822676464
0.727625588058201,43.4997821570786
0.852453707319857,43.624782083314
0.994581278831512,43.7497820129154
1.15528951910521,43.8747819416439
1.33568095014793,43.9997818717811
1.53663439735922,44.1247818058587
1.75876441796547,44.2497817400401
2.00238886098897,44.3747816710965
2.26751140615672,44.4997816009613
2.55382621374004,44.6247815319124
2.86074765872646,44.7497814666092
3.18746131573035,44.8747814082639
3.53298670664573,44.9997813610096
3.89624064764134,45.1247813305025
4.27609223870202,45.2497813247498
4.67140515295273,45.3747813247498
5.08106632623857,45.4997813247497
5.50400306684101,45.6247813247497
5.93919137376801,45.7497813247497
6.3856580229601,45.8747813247497
6.84247847800322,45.9997813247496
7.30877223750595,46.1247813247496
7.78369681631053,46.2497813247496
8.26644107048255,46.3747813247495
8.75621821236274,46.4997813247495
9.25225904068125,46.6247813247495
9.75380680951466,46.7497813247495
10.2601162678879,46.8747813247494
10.7704595546256,46.9997813247494
11.2841398055281,47.1247813247494
11.8005099837518,47.2497813247493
12.3189917746876,47.3747813247493
12.8390892656749,47.4997813247493
13.3603942681651,47.6247813247493
13.8825829568405,47.7497813247492
14.4054057055111,47.8747813247492
14.9286730417973,47.9997813247492
15.4522405133602,48.1247813247492
15.9759944264337,48.2497813247491
16.4998394532853,48.3747813247491
17.0236883040193,48.4997813247491
17.5474531933685,48.624781324749
18.0710388389664,48.749781324749
18.5943372513934,48.874781324749
19.1172252755026,48.999781324749
19.6395659938493,49.1247813247489
20.1612144141292,49.2497813247489
20.682027059381,49.3747813247489
21.201874776762,49.4997813247488
21.7206577941651,49.6247813247488
22.2383211916689,49.7497813247488
22.754868567433,49.8747813247488
23.2703730979311,49.9997813247487
23.7849862124706,50.1247813247487
24.2989431143033,50.2497813247487
24.8125650274021,50.3747813247486
25.3262573954689,50.4997813247486
25.8405003855097,50.6247813247486
26.3558343343368,50.7497813247486
26.8728447364341,50.8747813247485
27.3921408039171,50.9997813247485
27.914324335307,51.1247813247485
28.4399646795485,51.2497813247484
28.9695687428912,51.3747813247484
29.5035480270682,51.4997813247484
30.0422283281149,51.6247813247484
30.5858179069711,51.7497813247483
31.1343233044408,51.8747813247483
31.6875004052773,51.9997813247483
32.2448721224757,52.1247813247482
32.8055912756529,52.2497813247482
33.3683678562943,52.3747813247482
33.9315451937581,52.4997813247482
34.4932183163678,52.6247813247481
35.0513507234705,52.7497813247481
35.6039564089601,52.8747813247481
36.1491510543062,52.999781324748
36.6850925546812,53.124781324748
37.2100008915544,53.249781324748
37.722195079314,53.374781324748
38.2202086334115,53.4997813247479
38.7026810516968,53.6247813247479
39.1683269533446,53.7497813247479
39.6161442367973,53.8747813247478
40.0453002665894,53.9997813247478
40.454872863601,54.1247813247478
40.8438372957867,54.2497813247478
41.2113403474778,54.3747813247477
41.5567096880422,54.4997813247477
41.8801824442527,54.6247813247477
42.1822292251202,54.7497813247476
42.4630519154749,54.8747813247476
42.7227544121185,54.9997813247476
42.9614778398728,55.1247813247476
43.1794744549454,55.2497813247475
43.3771188658519,55.3747813247475
43.5549750143632,55.4997813247475
43.713764389133,55.6247813247474
43.8543029065563,55.7497813247474
43.9774490818988,55.8747813247474
44.0841078713304,55.9997813247474
44.1754864583542,56.1247813247473
44.2534522261455,56.2497813247473
44.3204688123429,56.3747813247473
44.3792013377758,56.4997813247472
44.43217258039,56.6247813247472
44.4815578115873,56.7497813247472
44.5291415745268,56.8747813247472
44.5763296897227,56.9997813247471
44.6242366675629,57.1247813247471
44.6737782516029,57.2497813247471
44.7257440721111,57.374781324747
44.7808320224599,57.499781324747
44.8396601511609,57.624781324747
44.9027384917665,57.749781324747
44.9704426733255,57.8747813247469
45.0430305568407,57.9997813247469
45.120653067427,58.1247813247469
45.2033626139985,58.2497813247468
45.291148820477,58.3747813247468
45.3839733809044,58.4997813247468
45.4818144223882,58.6247813247468
45.5846624848835,58.7497813247467
45.692528534098,58.8747813247467
45.8054204124245,58.9997813247467
45.9232705317745,59.1247813247466
46.0459809748725,59.2497813247466
46.1733799356359,59.3747813247466
46.3052291499569,59.4997813247466
46.4412962310796,59.6247813247465
46.5813510370304,59.7497813247465
46.725130444316,59.8747813247465
46.872309717344,59.9997813247465
47.0225348051549,60.1247813247464
47.1754941746309,60.2497813247464
47.3308080712655,60.3747813247464
47.4880571781792,60.4997813247463
47.6468055208908,60.6247813247463
47.8066067606933,60.7497813247463
47.9670164592121,60.8747813247463
48.1275926140303,60.9997813247462
48.2878870515516,61.1247813247462
48.4474387728826,61.2497813247462
48.605796519366,61.3747813247461
48.7625235146253,61.4997813247461
48.9171912376236,61.6247813247461
49.0693848529088,61.7497813247461
49.2187284684063,61.874781324746
49.3649783882971,61.999781324746
49.5080536693351,62.124781324746
49.6480627844497,62.2497813247459
49.7852823218264,62.3747813247459
49.9201023470813,62.4997813247459
50.0529804548181,62.6247813247459
50.18443754613,62.7497813247458
50.3150402147121,62.8747813247458
50.4453581928681,62.9997813247458
50.5759605835971,63.1247813247457
50.7073964638881,63.2497813247457
50.8401602947629,63.3747813247457
50.9746598844201,63.4997813247457
51.1111585286905,63.6247813247456
51.2498638793397,63.7497813247456
51.3910077330975,63.8747813247456
51.5349477135961,63.9997813247455
51.6822722873571,64.1247813247455
51.8335616662335,64.2497813247455
51.989275039445,64.3747813247455
52.149680108849,64.4997813247454
52.3149049801726,64.6247813247454
52.4849150490518,64.7497813247454
52.6593278090138,64.8747813247453
52.8375197904751,64.9997813247453
53.0187487674726,65.1247813247453
53.202231492017,65.2497813247453
53.3871455975888,65.3747813247452
53.5721287594905,65.4997813247452
53.7560661558586,65.6247813247452
53.9381175672868,65.7497813247451
54.1176304951499,65.8747813247451
54.2940684997202,65.9997813247451
54.4669600578073,66.1247813247451
54.6358122268547,66.249781324745
54.7999935779841,66.374781324745
54.9585455769798,66.499781324745
55.1100633779958,66.6247813247449
55.2527419089151,66.7497813247449
55.3844842720296,66.8747813247449
55.5030774401077,66.9997813247449
55.6063931621417,67.1247813247448
55.6925854126212,67.2497813247448
55.7602486457584,67.3747813247448
55.8085030515986,67.4997813247447
55.8368354942696,67.6247813247447
55.8450040932957,67.7497813247447
55.8329833365355,67.8747813247447
55.800866078613,67.9997813247446
55.7488364362327,68.1247813247446
55.6773659440887,68.2497813247446
55.5877157340716,68.3747813247445
55.4822543118394,68.4997813247445
55.3642274527693,68.6247813247445
55.2373792365991,68.7497813247445
55.1056526804966,68.8747813247444
54.9727650846846,68.9997813247444
54.8418292606277,69.1247813247444
54.7150690140528,69.2497813247443
54.5937771201972,69.3747813247443
54.4785942888594,69.4997813247443
54.3698009230419,69.6247813247443
54.267413852192,69.7497813247442
54.1712470806767,69.8747813247442
54.0809564401001,69.9997813247442
53.9960951177575,70.1247813247441
53.9160933343328,70.2497813247441
53.840376813439,70.3747813247441
53.7684076262849,70.4997813247441
53.6995439845562,70.624781324744
53.6329160929535,70.749781324744
53.5674088405214,70.874781324744
53.5018333071736,70.9997813247439
53.435072619353,71.1247813247439
53.3662764752139,71.2497813247439
53.2948504672007,71.3747813247439
53.2204162806287,71.4997813247438
53.1426420596415,71.6247813247438
53.0613030836277,71.7497813247438
52.9761902588546,71.8747813247438
52.8871064070534,71.9997813247437
52.7938566275097,72.1247813247437
52.6962631710313,72.2497813247437
52.594101673458,72.3747813247436
52.4873709677533,72.4997813247436
52.3760822043924,72.6247813247436
52.2601480693008,72.7497813247436
52.1393707759283,72.8747813247435
52.0133898247034,72.9997813247435
51.8817410902393,73.1247813247435
51.743921425606,73.2497813247434
51.5995094798137,73.3747813247434
51.4482622558465,73.4997813247434
51.2901769545313,73.6247813247434
51.1255379559235,73.7497813247433
50.9548109947978,73.8747813247433
50.7784877397882,73.9997813247433
50.5970385007291,74.1247813247432
50.4109560294373,74.2497813247432
50.2208366052706,74.3747813247432
50.0273709379558,74.4997813247432
49.8312218463255,74.6247813247431
49.6330799211346,74.7497813247431
49.4336474144867,74.8747813247431
49.233691392653,74.999781324743
49.03416629747,75.124781324743
48.8362619396461,75.249781324743
48.6413279091798,75.374781324743
48.4506675407702,75.4997813247429
48.2653000712905,75.6247813247429
48.0859781119644,75.7497813247429
47.9133391146195,75.8747813247428
47.7480403413594,75.9997813247428
47.5908774445263,76.1247813247428
47.4429387798335,76.2497813247428
47.3056662501635,76.3747813247427
47.1808406168927,76.4997813247427
47.0705905501921,76.6247813247427
46.977571910261,76.7497813247426
46.9053795736188,76.8747813247426
46.8585970881568,76.9997813247426
46.8420053528501,77.1247813247426
46.8595704414006,77.2497813247425
46.9138750342065,77.3747813247425
47.0060643369211,77.4997813247425
47.1361065902041,77.6247813247424
47.3029918105005,77.7497813247424
47.5049401515584,77.8747813247424
47.7395229941092,77.9997813247424
48.0035233897761,78.1247813247423
48.2930262010248,78.2497813247423
48.6037664011104,78.3747813247423
48.9312497244278,78.4997813247422
49.2706868429855,78.6247813247422
49.6168923040328,78.7497813247422
49.9643659732005,78.8747813247422
50.3072795032689,78.9997813247421
50.6403406175539,79.1247813247421
50.9594516081646,79.2497813247421
51.2611017341745,79.374781324742
51.5415008000868,79.499781324742
51.7962608522234,79.624781324742
52.0206396919443,79.749781324742
52.2099220723289,79.8747813247419
52.3601976646585,79.9997813247419
52.4675871532456,80.1247813247419
52.5286302622167,80.2497813247418
52.5406055681656,80.3747813247418
52.5016975946032,80.4997813247418
52.4113815207535,80.6247813247418
52.2704130055678,80.7497813247417
52.0804879584801,80.8747813247417
51.8438945828816,80.9997813247417
51.5630414744139,81.1247813247416
51.2405808243416,81.2497813247416
50.881047791063,81.3747813247416
50.4916357367976,81.4997813247416
50.0810832003501,81.6247813247415
49.6586248108527,81.7497813247415
49.2345810221608,81.8747813247415
48.8192208057544,81.9997813247414
48.4205327862578,82.1247813247414
48.0442054011003,82.2497813247414
47.6941130098967,82.3747813247414
47.3723509322124,82.4997813247413
47.0793796924266,82.6247813247413
46.814563973902,82.7497813247413
46.5768988636026,82.8747813247412
46.3655438111098,82.9997813247412
46.1801641380411,83.1247813247412
46.0209509227793,83.2497813247412
45.8883353300958,83.3747813247411
45.7828018566133,83.4997813247411
45.7046239576327,83.6247813247411
45.6536292300955,83.7497813247411
45.6291849325279,83.874781324741
45.6305335555809,83.999781324741
45.656990282337,84.124781324741
45.7080321140843,84.2497813247409
45.7832759485554,84.3747813247409
45.8822588533688,84.4997813247409
46.0043263717955,84.6247813247409
46.1484712850997,84.7497813247408
46.3136324939417,84.8747813247408
46.4987974548515,84.9997813247408
46.7031039092706,85.1247813247407
46.9254864581678,85.2497813247407
47.1642644715055,85.3747813247407
47.417497151055,85.4997813247407
47.6833271442763,85.6247813247406
47.9599913331214,85.7497813247406
48.245665837639,85.8747813247406
48.5382653554474,85.9997813247405
48.8359136880222,86.1247813247405
49.1366462154961,86.2497813247405
49.4382946278822,86.3747813247405
49.7387560556035,86.4997813247404
50.0359178904035,86.6247813247404
50.3277354324191,86.7497813247404
50.6120544509214,86.8747813247403
50.886515912651,86.9997813247403
51.1487412950775,87.1247813247403
51.396605155064,87.2497813247403
51.6282067589567,87.3747813247402
51.8418105779673,87.4997813247402
52.0358884842026,87.6247813247402
52.2092076998323,87.7497813247401
52.3609373352011,87.8747813247401
52.4906249708201,87.9997813247401
52.5978030005176,88.1247813247401
52.6805231607542,88.24978132474
52.7363240436726,88.37478132474
52.7637259998317,88.49978132474
52.7626042668133,88.6247813247399
52.7338220173464,88.7497813247399
52.678782442875,88.8747813247399
52.5995083207132,88.9997813247399
52.4983186012604,89.1247813247398
52.377819199742,89.2497813247398
52.2412004966768,89.3747813247398
52.0920583784121,89.4997813247397
51.9345541674613,89.6247813247397
51.7739131505292,89.7497813247397
51.6145519683423,89.8747813247397
51.4602193903311,89.9997813247396
51.3144248669789,90.1247813247396
51.1806663322413,90.2497813247396
51.0625931559242,90.3747813247395
50.9640019205441,90.4997813247395
50.8886778841295,90.6247813247395
50.8401543875741,90.7497813247395
50.8215021607131,90.8747813247394
50.8352843068687,90.9997813247394
50.8836960459603,91.1247813247394
50.9686640000249,91.2497813247393
51.0917642711498,91.3747813247393
51.2541121325233,91.4997813247393
51.4563594280472,91.6247813247393
51.698760496854,91.7497813247392
51.9812257535229,91.8747813247392
52.3033453934369,91.9997813247392
52.6643359088711,92.1247813247391
53.0629310226441,92.2497813247391
53.497287881193,92.3747813247391
53.9650297533138,92.4997813247391
54.4632794159112,92.624781324739
54.9886137180194,92.749781324739
55.5370712076294,92.874781324739
56.1042813687041,92.9997813247389
56.6858905042814,93.1247813247389
57.2777798991641,93.2497813247389
57.8760308526532,93.3747813247389
58.4766263615905,93.4997813247388
59.0753475268799,93.6247813247388
59.6681649428771,93.7497813247388
60.2513612062431,93.8747813247387
60.8208051182149,93.9997813247387
61.3713874754894,94.1247813247387
61.8972473651882,94.2497813247387
62.3924797341027,94.3747813247386
62.8519131135502,94.4997813247386
63.2712484040536,94.6247813247386
63.6479838490381,94.7497813247385
63.9796771268215,94.8747813247385
64.2637849137197,94.9997813247385
64.4981152920542,95.1247813247385
64.6808287338923,95.2497813247384
64.81073721077,95.3747813247384
64.888179425186,95.4997813247384
64.9155196507392,95.6247813247384
64.8971245151554,95.7497813247383
64.8386246625526,95.8747813247383
64.7458554111482,95.9997813247383
64.6243902546357,96.1247813247382
64.4798452919006,96.2497813247382
64.3181826240574,96.3747813247382
64.1454427006683,96.4997813247382
63.9665818595753,96.6247813247381
63.7856239690693,96.7497813247381
63.6066860193992,96.8747813247381
63.4332709365807,96.999781324738
63.2679883648332,97.124781324738
63.113709107706,97.249781324738
62.9714937795345,97.374781324738
62.8410810659316,97.4997813247379
62.7213306529923,97.6247813247379
62.6116274101185,97.7497813247379
62.5122574777549,97.8747813247378
62.42231840044,97.9997813247378
62.3387500052663,98.1247813247378
62.258122056724,98.2497813247378
62.17667245797,98.3747813247377
62.0904852563065,98.4997813247377
61.9970503577933,98.6247813247377
61.8940931819979,98.7497813247376
61.7796254342087,98.8747813247376
61.6531691941791,98.9997813247376
61.5127954575737,99.1247813247376
61.3547479863391,99.2497813247375
61.1749382858852,99.3747813247375
60.9701098380522,99.4997813247375
60.73898009446,99.6247813247374
60.4820652503009,99.7497813247374
60.200989142849,99.8747813247374
59.8979577351604,99.9997813247374
59.5754605017821,100.124781324737
59.2365818793908,100.249781324737
58.8861657728328,100.374781324737
58.5319053250241,100.499781324737
58.1836083500394,100.624781324737
57.8513030117404,100.749781324737
57.5436285539602,100.874781324737
57.2669705493981,100.999781324737
57.0255086655365,101.124781324737
56.821894675608,101.249781324737
56.6575876465398,101.374781324737
56.5326959638443,101.499781324737
56.4455896368995,101.624781324737
56.3934609522182,101.749781324737
56.373412951955,101.874781324737
56.3829030169081,101.999781324737
56.4197099222267,102.124781324737
56.4817678228792,102.249781324737
56.5670031766644,102.374781324737
56.6733706722889,102.499781324737
56.7991039975759,102.624781324737
56.9428280852684,102.749781324737
57.1033686327811,102.874781324737
57.2797364789688,102.999781324737
57.4709540940875,103.124781324737
57.6756765989857,103.249781324737
57.8917764489344,103.374781324737
58.1166472910507,103.499781324737
58.3476638400096,103.624781324737
58.5824726455885,103.749781324737
58.8191101610973,103.874781324736
59.0560072147979,103.999781324736
59.2917825894292,104.124781324736
59.5252565850628,104.249781324736
59.7554340340664,104.374781324736
59.9814349907059,104.499781324736
60.2023463115162,104.624781324736
60.4172244081693,104.749781324736
60.6254738646908,104.874781324736
60.8272677368576,104.999781324736
61.0239151334405,105.124781324736
61.2177019194212,105.249781324736
61.4122571588328,105.374781324736
61.6113473269398,105.499781324736
61.8159538352573,105.624781324736
62.0236908971623,105.749781324736
62.2299856351047,105.874781324736
62.428779310569,105.999781324736
62.6134279557618,106.124781324736
62.7778429384426,106.249781324736
62.9167427850321,106.374781324736
63.0254445711216,106.499781324736
63.1011075806017,106.624781324736
63.1417156682141,106.749781324736
63.1448924026284,106.874781324736
63.109142872924,106.999781324736
63.0346122604232,107.124781324736
62.9199902842921,107.249781324736
62.7654420837294,107.374781324736
62.5714187489565,107.499781324736
62.338053629694,107.624781324736
62.0660409641253,107.749781324736
61.7582600796057,107.874781324736
61.422331407684,107.999781324736
61.0718097860955,108.124781324736
60.7205995894128,108.249781324735
60.378045545366,108.374781324735
60.0490227819947,108.499781324735
59.7360907319215,108.624781324735
59.4409887696502,108.749781324735
59.164917611296,108.874781324735
58.9081906213168,108.999781324735
58.6695042648687,109.124781324735
58.4465089561183,109.249781324735
58.2371472691399,109.374781324735
58.0400991675847,109.499781324735
57.8546742376671,109.624781324735
57.6807910266208,109.749781324735
57.5194734028149,109.874781324735
57.3748229738633,109.999781324735
57.2555070307751,110.124781324735
57.1715844772899,110.249781324735
57.1305370754462,110.374781324735
57.1360204163629,110.499781324735
57.188307527405,110.624781324735
57.2851187076278,110.749781324735
57.4226082950346,110.874781324735
57.5963358686968,110.999781324735
57.8015125954674,111.124781324735
58.0326589826882,111.249781324735
58.2836936381722,111.374781324735
58.5481593867917,111.499781324735
58.8193031627394,111.624781324735
59.0897465327587,111.749781324735
59.351798303445,111.874781324735
59.598840448367,111.999781324735
59.825685263437,112.124781324735
60.0282588608226,112.249781324735
60.2031896388985,112.374781324735
60.3466568996561,112.499781324735
60.4554325440521,112.624781324734
60.5273292393405,112.749781324734
60.5611775151169,112.874781324734
60.5561693405609,112.999781324734
60.5109803261545,113.124781324734
60.4229539541444,113.249781324734
60.2882195409235,113.374781324734
60.1034612798403,113.499781324734
59.8675285145537,113.624781324734
59.5814877451496,113.749781324734
59.2483406182974,113.874781324734
58.8726372109738,113.999781324734
58.4592102894854,114.124781324734
58.0122871090945,114.249781324734
57.5359271836253,114.374781324734
57.0343381371193,114.499781324734
56.5114068297733,114.624781324734
55.9713978895958,114.749781324734
55.4202533267787,114.874781324734
54.8653789782081,114.999781324734
54.3146210065379,115.124781324734
53.7779252625254,115.249781324734
53.2718217400801,115.374781324734
52.8162938005862,115.499781324734
52.4266974311514,115.624781324734
52.1112252667309,115.749781324734
51.8726235247384,115.874781324734
51.7103311559132,115.999781324734
51.6218054807324,116.124781324734
51.603228944968,116.249781324734
51.6500276785022,116.374781324734
51.7572911046141,116.499781324734
51.9200890125165,116.624781324734
52.1336043936943,116.749781324734
52.392759290855,116.874781324734
52.691664067332,116.999781324733
53.0244526893288,117.124781324733
53.3863935198963,117.249781324733
53.7736366191396,117.374781324733
54.1825918041663,117.499781324733
54.6096126754556,117.624781324733
55.050970149367,117.749781324733
55.502902487822,117.874781324733
55.9617680314031,117.999781324733
56.4240943679563,118.124781324733
56.8861660598247,118.249781324733
57.3429005308933,118.374781324733
57.7875073740318,118.499781324733
58.2128943256595,118.624781324733
58.6125994085862,118.749781324733
58.9805729637737,118.874781324733
59.3109975581667,118.999781324733
59.5992983493745,119.124781324733
59.8433522110765,119.249781324733
60.0427453351579,119.374781324733
60.1977970645781,119.499781324733
60.3099933789438,119.624781324733
60.382647924543,119.749781324733
60.4199935434852,119.874781324733
60.4255790824006,119.999781324733
60.4019274517409,120.124781324733
60.3513904977018,120.249781324733
60.276003161165,120.374781324733
60.1773006602457,120.499781324733
60.0581455769818,120.624781324733
59.9229299599387,120.749781324733
59.7762590412662,120.874781324733
59.6221033666655,120.999781324733
59.463160885945,121.124781324733
59.3028913607809,121.249781324733
59.1481169323995,121.374781324732
59.0070493758496,121.499781324732
58.8856804149168,121.624781324732
58.7872263202628,121.749781324732
58.7133086445171,121.874781324732
58.6646649523768,121.999781324732
58.6415947461705,122.124781324732
58.6434615440536,122.249781324732
58.6676407027287,122.374781324732
58.71072396475,122.499781324732
58.7697817134981,122.624781324732
58.8419635104469,122.749781324732
58.9251869336943,122.874781324732
59.0180265834822,122.999781324732
59.1192095042338,123.124781324732
59.2274462230766,123.249781324732
59.3411334411977,123.374781324732
59.4584757881518,123.499781324732
59.5777750604905,123.624781324732
59.6974862130924,123.749781324732
59.8157440618359,123.874781324732
59.9304660700669,123.999781324732
60.0392582743045,124.124781324732
60.1387008509419,124.249781324732
60.2245535399258,124.374781324732
60.2922538348043,124.499781324732
60.3378587193553,124.624781324732
60.3589351539632,124.749781324732
60.3546037427552,124.874781324732
60.3250478321898,124.999781324732
60.2710093907247,125.124781324732
60.1934328018647,125.249781324732
60.0933543647345,125.374781324732
59.9718786815774,125.499781324732
59.8304662283853,125.624781324732
59.671469694219,125.749781324732
59.4981978708677,125.874781324731
59.3143246955698,125.999781324731
59.1233393052736,126.124781324731
58.928644313609,126.249781324731
58.7339602842092,126.374781324731
58.5431871745986,126.499781324731
58.359856961463,126.624781324731
58.1866684034597,126.749781324731
58.0253103203981,126.874781324731
57.8765493327975,126.999781324731
57.7404418979187,127.124781324731
57.6165339534198,127.249781324731
57.5040425429649,127.374781324731
57.4020408992873,127.499781324731
57.3095792632017,127.624781324731
57.2257678677575,127.749781324731
57.1497980346963,127.874781324731
57.0809276589682,127.999781324731
57.0184648177826,128.124781324731
56.9618062724062,128.249781324731
56.9104171028068,128.374781324731
56.8638037430373,128.499781324731
56.8215476120866,128.624781324731
56.7832921435139,128.749781324731
56.7487098791624,128.874781324731
56.7175179877389,128.999781324731
56.68956676026,129.124781324731
56.6648516388385,129.249781324731
56.6432207920481,129.374781324731
56.624107782738,129.499781324731
56.6063904131655,129.624781324731
56.5884500331044,129.749781324731
56.5687173012499,129.874781324731
56.5460462609849,129.999781324731
56.5198466671385,130.12478132473
56.4893830069471,130.24978132473
56.4537470705765,130.37478132473
56.4119432852225,130.49978132473
56.3628536927718,130.62478132473
56.3050092000717,130.74978132473
56.2363497285648,130.87478132473
56.1541909073815,130.99978132473
56.0553499578586,131.12478132473
55.9365053413373,131.24978132473
55.7946308547088,131.37478132473
55.6272461087118,131.49978132473
55.4325186145068,131.62478132473
55.2092864027145,131.74978132473
54.9570129028366,131.87478132473
54.6759147374014,131.99978132473
54.3671528466396,132.12478132473
54.0329574540082,132.24978132473
53.6767937634008,132.37478132473
53.3035156251813,132.49978132473
52.9191756169287,132.62478132473
52.5304729822099,132.74978132473
52.1442368565625,132.87478132473
51.767330435637,132.99978132473
51.406810585992,133.12478132473
51.0696282174048,133.24978132473
50.7616240131036,133.37478132473
50.4868134129242,133.49978132473
50.2475703313369,133.62478132473
50.0452682096077,133.74978132473
49.880937959521,133.87478132473
49.7557102688539,133.99978132473
49.670923472543,134.12478132473
49.6279984731709,134.24978132473
49.6281819606528,134.37478132473
49.6723287003728,134.499781324729
49.7607606585187,134.624781324729
49.8931923248207,134.749781324729
50.068780489845,134.874781324729
50.2860581532208,134.999781324729
50.5428778693776,135.124781324729
50.8362878784972,135.249781324729
51.1624583602834,135.374781324729
51.5167449504509,135.499781324729
51.894271127398,135.624781324729
52.2913431224006,135.749781324729
52.7060481935136,135.874781324729
53.1376588183999,135.999781324729
53.585988049328,136.124781324729
54.0506834479896,136.249781324729
54.5296873051908,136.374781324729
55.0173493164182,136.499781324729
55.5043394435228,136.624781324729
55.978394774491,136.749781324729
56.4267597831172,136.874781324729
56.8386828243621,136.999781324729
57.2074708388694,137.124781324729
57.530518399292,137.249781324729
57.8070536991571,137.374781324729
58.0365626925704,137.499781324729
58.2183445849232,137.624781324729
58.3518619412582,137.749781324729
58.4360934429539,137.874781324729
58.471080447631,137.999781324729
58.4572885483809,138.124781324729
58.3950997054966,138.249781324729
58.2837444089965,138.374781324729
58.1223300667122,138.499781324729
57.9141172098586,138.624781324729
57.6700923217249,138.749781324729
57.4057832551577,138.874781324729
57.1354732325122,138.999781324728
56.8698768531661,139.124781324728
56.6161427466359,139.249781324728
56.3782093541519,139.374781324728
56.1576022317899,139.499781324728
55.9543737845364,139.624781324728
55.7673818095934,139.749781324728
55.59428643113,139.874781324728
55.4327260282914,139.999781324728
55.2816737982107,140.124781324728
55.1417118743408,140.249781324728
55.0142792588046,140.374781324728
54.9008822697283,140.499781324728
54.8026437494405,140.624781324728
54.7203219023254,140.749781324728
54.6544863057335,140.874781324728
54.6054715992837,140.999781324728
54.5730854366315,141.124781324728
54.5567622516405,141.249781324728
54.5565687669474,141.374781324728
54.5746727873342,141.499781324728
54.6144952630239,141.624781324728
54.6785941530851,141.749781324728
54.7677725391902,141.874781324728
54.8812387829075,141.999781324728
55.017261383206,142.124781324728
55.1735998243581,142.249781324728
55.3476310580083,142.374781324728
55.5360314320968,142.499781324728
55.7350503269665,142.624781324728
55.9407595545878,142.749781324728
56.1492579448783,142.874781324728
56.3570634495312,142.999781324728
56.5611965919234,143.124781324728
56.7588190466017,143.249781324728
56.9470322223249,143.374781324727
57.1237070961197,143.499781324727
57.2877170222181,143.624781324727
57.4385352935421,143.749781324727
57.5760106275896,143.874781324727
57.7004144991939,143.999781324727
57.8122049494347,144.124781324727
57.9118808030895,144.249781324727
58.0001149887484,144.374781324727
58.0778137053077,144.499781324727
58.1459443751429,144.624781324727
58.2055086608274,144.749781324727
58.2575796434385,144.874781324727
58.3032328613257,144.999781324727
58.3435381274721,145.124781324727
58.3792812767929,145.249781324727
58.4110930253916,145.374781324727
58.4396556930504,145.499781324727
58.4656610140997,145.624781324727
58.4897823489778,145.749781324727
58.5127362538726,145.874781324727
58.535427873817,145.999781324727
58.5590188830134,146.124781324727
58.5848408920885,146.249781324727
58.6140810732237,146.374781324727
58.6476075981167,146.499781324727
58.6859032560634,146.624781324727
58.7292024930358,146.749781324727
58.7776413850969,146.874781324727
58.8311263366992,146.999781324727
58.8891562514166,147.124781324727
58.9507430952561,147.249781324727
59.0143984554723,147.374781324727
59.0781474780735,147.499781324727
59.1394707409739,147.624781324727
59.1955840860965,147.749781324726
59.244172071891,147.874781324726
59.2835006900214,147.999781324726
59.3122297007214,148.124781324726
59.329243597717,148.249781324726
59.3336821689612,148.374781324726
59.3250689589286,148.499781324726
59.3033980809363,148.624781324726
59.2686343081265,148.749781324726
59.2206870863912,148.874781324726
59.1597914478918,148.999781324726
59.08660144768,149.124781324726
59.0021274985811,149.249781324726
58.908450355694,149.374781324726
58.8094020873916,149.499781324726
58.7095891894346,149.624781324726
58.613043158541,149.749781324726
58.5228057278893,149.874781324726
58.4413651759614,149.999781324726
58.3715064490959,150.124781324726
58.3161013310053,150.249781324726
58.2772679569062,150.374781324726
58.2560247500903,150.499781324726
58.2525268601002,150.624781324726
58.2663455624262,150.749781324726
58.2967852239603,150.874781324726
58.3430626366816,150.999781324726
58.4041448356518,151.124781324726
58.47809701673,151.249781324726
58.5620856444799,151.374781324726
58.6532577013698,151.499781324726
58.7486981097574,151.624781324726
58.8441912006622,151.749781324726
58.9348364038485,151.874781324726
59.016723035668,151.999781324726
59.0878062469424,152.124781324725
59.1469056948127,152.249781324725
59.1933420230013,152.374781324725
59.226974923305,152.499781324725
59.2478135519679,152.624781324725
59.2561330966542,152.749781324725
59.2523299397693,152.874781324725
59.2370175442468,152.999781324725
59.2117239470487,153.124781324725
59.1790232051611,153.249781324725
59.1419345462525,153.374781324725
59.1033564284504,153.499781324725
59.0656254407728,153.624781324725
59.030512045002,153.749781324725
58.9996643705476,153.874781324725
58.9743870283907,153.999781324725
58.9555654417735,154.124781324725
58.944110391704,154.249781324725
58.9412903986667,154.374781324725
58.948621653964,154.499781324725
58.9672933814626,154.624781324725
58.9976868557079,154.749781324725
59.0399938443493,154.874781324725
59.0942574501265,154.999781324725
59.1604868847855,155.124781324725
59.2383514911359,155.249781324725
59.3270381137439,155.374781324725
59.4252427158521,155.499781324725
59.5316183035846,155.624781324725
59.6450351470025,155.749781324725
59.76401530362,155.874781324725
59.8872209409682,155.999781324725
60.0130922438781,156.124781324725
60.1397703103446,156.249781324725
60.2653385140952,156.374781324725
60.3874586689695,156.499781324724
60.5033066403939,156.624781324724
60.610030837604,156.749781324724
60.7049116518368,156.874781324724
60.785321987641,156.999781324724
60.8484581304377,157.124781324724
60.8914026553229,157.249781324724
60.9109553122537,157.374781324724
60.9037983724542,157.499781324724
60.8665140682316,157.624781324724
60.7954915349375,157.749781324724
60.6870857061403,157.874781324724
60.5387213091274,157.999781324724
60.3497604609591,158.124781324724
60.1217070888029,158.249781324724
59.857518834248,158.374781324724
59.560935444562,158.499781324724
59.2358700258705,158.624781324724
58.8860161594354,158.749781324724
58.5148962447466,158.874781324724
58.1267204065339,158.999781324724
57.7280172375616,159.124781324724
57.3283571510924,159.249781324724
56.9391901331267,159.374781324724
56.5707238882947,159.499781324724
56.2309347262743,159.624781324724
55.9259433493742,159.749781324724
55.6601842972703,159.874781324724
55.4365221483508,159.999781324724
55.2565352572791,160.124781324724
55.1206025496081,160.249781324724
55.0280632754938,160.374781324724
54.9777857895834,160.499781324724
54.9685487501344,160.624781324724
54.9984950453977,160.749781324724
55.06500394025,160.874781324724
55.1655109564206,160.999781324723
55.2975837860628,161.124781324723
55.4587476202735,161.249781324723
55.6466230742913,161.374781324723
55.859043262176,161.499781324723
56.0939192316312,161.624781324723
56.3489347958232,161.749781324723
56.6211228516282,161.874781324723
56.9062502123668,161.999781324723
57.198731021534,162.124781324723
57.4923781320447,162.249781324723
57.7811143248379,162.374781324723
58.0592829893482,162.499781324723
58.3210361323854,162.624781324723
58.5590236431411,162.749781324723
58.7653863564239,162.874781324723
58.9336838610907,162.999781324723
59.0591936435157,163.124781324723
59.1382231915228,163.249781324723
59.1676687410905,163.374781324723
59.1449616368657,163.499781324723
59.0678585086678,163.624781324723
58.9350510908253,163.749781324723
58.7488033208256,163.874781324723
58.5152274737255,163.999781324723
58.2416471221954,164.124781324723
57.9350891579006,164.249781324723
57.6042762333439,164.374781324723
57.259980118165,164.499781324723
56.9115092149979,164.624781324723
56.5653975018827,164.749781324723
56.2264285359922,164.874781324723
55.8984601555392,164.999781324723
55.5843586073397,165.124781324723
55.2857509715265,165.249781324723
55.0036905706395,165.374781324722
54.7392238515167,165.499781324722
54.4929025691681,165.624781324722
54.2647944007842,165.749781324722
54.0547755488691,165.874781324722
53.8625910870995,165.999781324722
53.6877764173076,166.124781324722
53.5297039116802,166.249781324722
53.3878289385523,166.374781324722
53.2621742393426,166.499781324722
53.153511951728,166.624781324722
53.0631523102937,166.749781324722
52.9928568946712,166.874781324722
52.9443453836894,166.999781324722
52.9186593772707,167.124781324722
52.9158447346439,167.249781324722
52.9350401791655,167.374781324722
52.9748143670417,167.499781324722
53.033446333374,167.624781324722
53.1090834262823,167.749781324722
53.1999011021102,167.874781324722
53.3042266845923,167.999781324722
53.4205299045052,168.124781324722
53.5473123546684,168.249781324722
53.6829803191605,168.374781324722
53.825856024364,168.499781324722
53.9743324002031,168.624781324722
54.1270270471013,168.749781324722
54.282862266,168.874781324722
54.441090662058,168.999781324722
54.6011100127162,169.124781324722
54.7622390072947,169.249781324722
54.9238084255535,169.374781324722
55.085150907557,169.499781324722
55.2455960826638,169.624781324722
55.4044635375904,169.749781324721
55.5609870299096,169.874781324721
55.7143515050975,169.999781324721
55.8635781959509,170.124781324721
56.0075435037938,170.249781324721
56.1450689796598,170.374781324721
56.2748216602978,170.499781324721
56.3953539981493,170.624781324721
56.504916970356,170.749781324721
56.6014096304375,170.874781324721
56.682542688835,170.999781324721
56.7460615395484,171.124781324721
56.7899508773165,171.249781324721
56.812617597243,171.374781324721
56.8130021593369,171.499781324721
56.7905001338389,171.624781324721
56.7447388044839,171.749781324721
56.675345502275,171.874781324721
56.5818067542818,171.999781324721
56.4634688131678,172.124781324721
56.319781984407,172.249781324721
56.1506977839938,172.374781324721
55.956888875851,172.499781324721
55.7396740217121,172.624781324721
55.5006442859198,172.749781324721
55.2413928832371,172.874781324721
54.9637444368946,172.999781324721
54.6703715602284,173.124781324721
54.3652162461519,173.249781324721
54.0533498962075,173.374781324721
53.7402621549427,173.499781324721
53.430949521912,173.624781324721
53.1290336701884,173.749781324721
52.8365352582362,173.874781324721
52.5548506988462,173.999781324721
52.2863917501192,174.12478132472
52.0356220657536,174.24978132472
51.8086948968936,174.37478132472
51.6122642096201,174.49978132472
51.4523909413976,174.62478132472
51.3339392735233,174.74978132472
51.2603485937503,174.87478132472
51.2336148683452,174.99978132472
51.2543404146086,175.12478132472
51.3218510025065,175.24978132472
51.4343658773463,175.37478132472
51.5889956293229,175.49978132472
51.7819290281689,175.62478132472
52.0090353966253,175.74978132472
52.2660521268847,175.87478132472
52.5484792011547,175.99978132472
52.8519019623985,176.12478132472
53.1725948022578,176.24978132472
53.5076161929049,176.37478132472
53.8545516718984,176.49978132472
54.2113266491495,176.62478132472
54.5760239370928,176.74978132472
54.9467773595764,176.87478132472
55.3217000089154,176.99978132472
55.6988659093361,177.12478132472
56.0763193470937,177.24978132472
56.4520530167615,177.37478132472
56.8239196764497,177.49978132472
57.1895651056226,177.62478132472
57.546485764617,177.74978132472
57.8921900939433,177.87478132472
58.2243862689111,177.99978132472
58.54111824481,178.12478132472
58.8408288280902,178.24978132472
59.1224156747202,178.37478132472
59.3852878665952,178.499781324719
59.6293188573073,178.624781324719
59.8547173412566,178.749781324719
60.0618202772783,178.874781324719
60.2509065310967,178.999781324719
60.4220659651811,179.124781324719
60.5751545402616,179.249781324719
60.7100498632438,179.374781324719
60.8267322952318,179.499781324719
60.925145742422,179.624781324719
61.0052942057655,179.749781324719
61.0672579076714,179.874781324719
61.1110873674422,179.999781324719
61.1366556250866,180.124781324719
61.1435186728135,180.249781324719
61.1309009534032,180.374781324719
61.0980547120113,180.499781324719
61.0442866685449,180.624781324719
60.9687805829465,180.749781324719
60.8707082542801,180.874781324719
60.749265669475,180.999781324719
60.6036911321284,181.124781324719
60.4333086763911,181.249781324719
60.2376456377015,181.374781324719
60.0166116817554,181.499781324719
59.7705782091435,181.624781324719
59.5002813560483,181.749781324719
59.2068146816353,181.874781324719
58.8916442103412,181.999781324719
58.55663746619,182.124781324719
58.2041765474122,182.249781324719
57.837322482197,182.374781324719
57.4599074740506,182.499781324719
57.0763652982677,182.624781324719
56.6914025202444,182.749781324719
56.3099510249341,182.874781324718
55.9377398687381,182.999781324718
55.5820276411892,183.124781324718
55.2517618922652,183.249781324718
54.9566867766788,183.374781324718
54.7060184743943,183.499781324718
54.5074235098002,183.624781324718
54.3661877328555,183.749781324718
54.2846058436945,183.874781324718
54.2621596332519,183.999781324718
54.2966880123117,184.124781324718
54.3857357053836,184.249781324718
54.5271669791364,184.374781324718
54.7190828044925,184.499781324718
54.9595304452926,184.624781324718
55.2462310373211,184.749781324718
55.5764385511649,184.874781324718
55.946855988631,184.999781324718
56.3536535193721,185.124781324718
56.7925254223365,185.249781324718
57.2586864513926,185.374781324718
57.7467379869379,185.499781324718
58.2504350682966,185.624781324718
58.7626543973632,185.749781324718
59.2758200527118,185.874781324718
59.782566515776,185.999781324718
60.2759393053985,186.124781324718
60.7491049150844,186.249781324718
61.1951849193217,186.374781324718
61.6074877454212,186.499781324718
61.9802373261732,186.624781324718
62.3093606845134,186.749781324718
62.5926203124854,186.874781324718
62.8291867116766,186.999781324718
63.0192878794621,187.124781324718
63.1641719346989,187.249781324718
63.265912411286,187.374781324717
63.3269028110373,187.499781324717
63.3493807152854,187.624781324717
63.3352688213312,187.749781324717
63.2862416587468,187.874781324717
63.2038514222197,187.999781324717
63.0895679031437,188.124781324717
62.9448280521789,188.249781324717
62.771239532079,188.374781324717
62.5709161045788,188.499781324717
62.3465407464429,188.624781324717
62.1011495390791,188.749781324717
61.8379530071436,188.874781324717
61.5602548059124,188.999781324717
61.2713324104711,189.124781324717
60.9742682114233,189.249781324717
60.6717779387498,189.374781324717
60.3660869164443,189.499781324717
60.0588689088657,189.624781324717
59.7512615799461,189.749781324717
59.443920655722,189.874781324717
59.1371431271963,189.999781324717
58.8309905247211,190.124781324717
58.5254900985532,190.249781324717
58.2210398438,190.374781324717
57.9189082400313,190.499781324717
57.6214807611545,190.624781324717
57.3320457365904,190.749781324717
57.0542952917485,190.874781324717
56.7916352549397,190.999781324717
56.5467056289436,191.124781324717
56.3212177103269,191.249781324717
56.1162162749435,191.374781324717
55.9324191458866,191.499781324717
55.7703709032458,191.624781324717
55.6303166841187,191.749781324716
55.512142793238,191.874781324716
55.415577940556,191.999781324716
55.340293607462,192.124781324716
55.2859734732268,192.249781324716
55.2527655433429,192.374781324716
55.2411134168737,192.499781324716
55.251350841426,192.624781324716
55.2834541778094,192.749781324716
55.3368205290376,192.874781324716
55.4103193264616,192.999781324716
55.502646909277,193.124781324716
55.6124318546241,193.249781324716
55.7381039451723,193.374781324716
55.8775080334116,193.499781324716
56.027291216105,193.624781324716
56.182847308821,193.749781324716
56.3389324585885,193.874781324716
56.4903945532339,193.999781324716
56.6320172129201,194.124781324716
56.7579843972958,194.249781324716
56.8624893659783,194.374781324716
56.9404160990486,194.499781324716
56.9874286572164,194.624781324716
56.9998289184861,194.749781324716
56.9744110178632,194.874781324716
56.9082711627742,194.999781324716
56.7985343656942,195.124781324716
56.6421779815474,195.249781324716
56.4367458931769,195.374781324716
56.1825869723128,195.499781324716
55.8844190042708,195.624781324716
55.550818589815,195.749781324716
55.1919560692485,195.874781324716
54.8170466464706,195.999781324716
54.4329379925612,196.124781324715
54.0447883714538,196.249781324715
53.6570035835719,196.374781324715
53.2741026377675,196.499781324715
52.9006288597995,196.624781324715
52.5407080617651,196.749781324715
52.1983660588413,196.874781324715
51.8781151065825,196.999781324715
51.5849628497081,197.124781324715
51.3238888838329,197.249781324715
51.0991177011088,197.374781324715
50.9139431207211,197.499781324715
50.770934591338,197.624781324715
50.6723946607111,197.749781324715
50.6197468824656,197.874781324715
50.6131347095264,197.999781324715
50.6522881249228,198.124781324715
50.7378903657775,198.249781324715
50.8718289068342,198.374781324715
51.0549118088069,198.499781324715
51.2856077526709,198.624781324715
51.5606653361716,198.749781324715
51.8760585230848,198.874781324715
52.2271003221359,198.999781324715
52.6091406261372,199.124781324715
53.0178492531533,199.249781324715
53.4491485245019,199.374781324715
53.8985750713468,199.499781324715
54.360245807387,199.624781324715
54.8260024631977,199.749781324715
55.285597135369,199.874781324715
55.7281491461224,199.999781324715
56.1435944773277,200.124781324715
56.5236368685753,200.249781324715
56.8620925429088,200.374781324715
57.1550789348285,200.499781324714
57.4013813375826,200.624781324714
57.6014416996736,200.749781324714
57.7566709055955,200.874781324714
57.869507707163,200.999781324714
57.9423478191032,201.124781324714
57.9770049221296,201.249781324714
57.9750280899891,201.374781324714
57.9377692127396,201.499781324714
57.8654703973019,201.624781324714
57.7587644570026,201.749781324714
57.621657261664,201.874781324714
57.4611553629171,201.999781324714
57.2848868501589,202.124781324714
57.0991973035193,202.249781324714
56.9116472671191,202.374781324714
56.7311808149587,202.499781324714
56.5647849709143,202.624781324714
56.4165105975756,202.749781324714
56.2877495053043,202.874781324714
56.1778418224984,202.999781324714
56.0853265789378,203.124781324714
56.0085507137541,203.249781324714
55.9454598358792,203.374781324714
55.8938591809623,203.499781324714
55.8518227326388,203.624781324714
55.8190035528762,203.749781324714
55.7972052284217,203.874781324714
55.7885992221582,203.999781324714
55.793841212605,204.124781324714
55.8119924089661,204.249781324714
55.8409939569395,204.374781324714
55.8783069395035,204.499781324714
55.9207663956221,204.624781324714
55.9647549496885,204.749781324714
56.0053514206976,204.874781324713
56.0365264542078,204.999781324713
56.0528359546395,205.124781324713
56.0497047549954,205.249781324713
56.0231468411621,205.374781324713
55.9698238185774,205.499781324713
55.8871233602664,205.624781324713
55.773329275477,205.749781324713
55.6276644450042,205.874781324713
55.4494250975337,205.999781324713
55.2377849982224,206.124781324713
54.9930353765327,206.249781324713
54.7176607026066,206.374781324713
54.4162946858694,206.499781324713
54.0944341248884,206.624781324713
53.7573687309969,206.749781324713
53.4099432613892,206.874781324713
53.056573674864,206.999781324713
52.7012488389639,207.124781324713
52.3475416011123,207.249781324713
51.9987511705904,207.374781324713
51.6584463370711,207.499781324713
51.3310095526004,207.624781324713
51.0215327550723,207.749781324713
50.7352458774367,207.874781324713
50.4768707714475,207.999781324713
50.2501628248788,208.124781324713
50.0577529112176,208.249781324713
49.9011839953191,208.374781324713
49.7810308629605,208.499781324713
49.6972152991734,208.624781324713
49.6493836098835,208.749781324713
49.6369905662598,208.874781324713
49.6592588380019,208.999781324713
49.7154645307393,209.124781324713
49.8051862700846,209.249781324713
49.9283034981593,209.374781324712
50.0848788082081,209.499781324712
50.274940913491,209.624781324712
50.4985691815683,209.749781324712
50.7559347743271,209.874781324712
51.0471286487689,209.999781324712
51.3720914348205,210.124781324712
51.7305567430065,210.249781324712
52.1219495833864,210.374781324712
52.5452773914218,210.499781324712
52.9991377302202,210.624781324712
53.4817628549781,210.749781324712
53.991014644601,210.874781324712
54.5243624347167,210.999781324712
55.0788525858322,211.124781324712
55.6511872481275,211.249781324712
56.2379033031416,211.374781324712
56.8355365018953,211.499781324712
57.4407427691953,211.624781324712
58.0503966829621,211.749781324712
58.6616009311609,211.874781324712
59.2714764463146,211.999781324712
59.8768641485553,212.124781324712
60.4742710427245,212.249781324712
61.0598546825521,212.374781324712
61.6293085330672,212.499781324712
62.1779194696092,212.624781324712
62.7009271498128,212.749781324712
63.1936796814945,212.874781324712
63.6515321994541,212.999781324712
64.0695842126247,213.124781324712
64.4425099440067,213.249781324712
64.7647239702123,213.374781324712
65.0305525155721,213.499781324712
65.234286525593,213.624781324712
65.3705595312855,213.749781324711
65.4348085173696,213.874781324711
65.4233541372284,213.999781324711
65.3329100621529,214.124781324711
65.1598540038998,214.249781324711
64.9008129890234,214.374781324711
64.5552481491665,214.499781324711
64.1264335395288,214.624781324711
63.6204507289071,214.749781324711
63.045588975372,214.874781324711
62.4119265951685,214.999781324711
61.7309719720523,215.124781324711
61.0162538740589,215.249781324711
60.2839149127075,215.374781324711
59.551043924074,215.499781324711
58.8327396520153,215.624781324711
58.1403806390697,215.749781324711
57.4820028527966,215.874781324711
56.863609256762,215.999781324711
56.2902070475834,216.124781324711
55.7666457648903,216.249781324711
55.2980309295597,216.374781324711
54.8887400619466,216.499781324711
54.541745769637,216.624781324711
54.2595612161122,216.749781324711
54.044508670709,216.874781324711
53.8983221661201,216.999781324711
53.8218829811042,217.124781324711
53.8149959485185,217.249781324711
53.8761095214699,217.374781324711
54.0020481661374,217.499781324711
54.1880349869367,217.624781324711
54.4280548195989,217.749781324711
54.715599864641,217.874781324711
55.0445340180851,217.999781324711
55.4093084293073,218.12478132471
55.8045404478652,218.24978132471
56.224663360098,218.37478132471
56.6636432816409,218.49978132471
57.1148696542626,218.62478132471
57.5712046341825,218.74978132471
58.0249548373529,218.87478132471
58.4681852789748,218.99978132471
58.8934076013628,219.12478132471
59.293756440899,219.24978132471
59.6628193263155,219.37478132471
59.9948134593507,219.49978132471
60.2848507966292,219.62478132471
60.5288254847861,219.74978132471
60.7232024356236,219.87478132471
60.8650004066442,219.99978132471
60.9517378683043,220.12478132471
60.9811872065557,220.24978132471
60.9518014432856,220.37478132471
60.8644823055121,220.49978132471
60.7232104235096,220.62478132471
60.5341275926831,220.74978132471
60.3048373893484,220.87478132471
60.0434048857171,220.99978132471
59.7567061306555,221.12478132471
59.4495791322712,221.24978132471
59.1259955036718,221.37478132471
58.7911781817025,221.49978132471
58.4515832650376,221.62478132471
58.1132062889184,221.74978132471
57.7806315967446,221.87478132471
57.4571115820515,221.99978132471
57.1447671898277,222.12478132471
56.8449371442238,222.24978132471
56.5582064453678,222.37478132471
56.2845883487097,222.499781324709
56.0238663248698,222.624781324709
55.7754254773898,222.749781324709
55.5382873587673,222.874781324709
55.3113163838387,222.999781324709
55.0934411535428,223.124781324709
54.8840647331657,223.249781324709
54.6833652364637,223.374781324709
54.4921442479956,223.499781324709
54.3114848595501,223.624781324709
54.1439378462331,223.749781324709
53.9935711236615,223.874781324709
53.8637518762363,223.999781324709
53.7563608340069,224.124781324709
53.67212749044,224.249781324709
53.6111565038668,224.374781324709
53.5733357035804,224.499781324709
53.5586525856986,224.624781324709
53.5669414857639,224.749781324709
53.5971811416258,224.874781324709
53.6475789735109,224.999781324709
53.7162623709581,225.124781324709
53.8017881662984,225.249781324709
53.9032163920138,225.374781324709
54.0199556909288,225.499781324709
54.1515978611333,225.624781324709
54.2979069199705,225.749781324709
54.4588198620081,225.874781324709
54.6340714981469,225.999781324709
54.8227723138709,226.124781324709
55.0234843980567,226.249781324709
55.2347546450004,226.374781324709
55.455218089395,226.499781324709
55.6834814440849,226.624781324709
55.9180314340499,226.749781324709
56.1573004456968,226.874781324708
56.3997467837412,226.999781324708
56.6437035359999,227.124781324708
56.886985120114,227.249781324708
57.1267098190438,227.374781324708
57.3594953701353,227.499781324708
57.5817376250394,227.624781324708
57.7896213383194,227.749781324708
57.979054918943,227.874781324708
58.1459725076909,227.999781324708
58.2866844972219,228.124781324708
58.3980843707639,228.249781324708
58.4777303669702,228.374781324708
58.5239074141565,228.499781324708
58.5355936071116,228.624781324708
58.5123117145531,228.749781324708
58.4539079646453,228.874781324708
58.3600448800973,228.999781324708
58.2305119451213,229.124781324708
58.0687035953057,229.249781324708
57.8825021828068,229.374781324708
57.6805554220001,229.499781324708
57.4707675670872,229.624781324708
57.2598249424636,229.749781324708
57.0526046865683,229.874781324708
56.852374585893,229.999781324708
56.6611244723114,230.124781324708
56.4804509781113,230.249781324708
56.3117668870436,230.374781324708
56.1553246763675,230.499781324708
56.0104419471651,230.624781324708
55.8763616887259,230.749781324708
55.7522663263499,230.874781324708
55.6372235520628,230.999781324708
55.5304077071266,231.124781324708
55.4311571766652,231.249781324707
55.3393357598107,231.374781324707
55.2558632558678,231.499781324707
55.1820041400741,231.624781324707
55.117368825802,231.749781324707
55.0597096019044,231.874781324707
55.0062594315783,231.999781324707
54.9548703933912,232.124781324707
54.9048525818112,232.249781324707
54.8567258092219,232.374781324707
54.8109534194813,232.499781324707
54.7675598765875,232.624781324707
54.726348559163,232.749781324707
54.6870990257619,232.874781324707
54.6496695157874,232.999781324707
54.6139939533329,233.124781324707
54.580098724402,233.249781324707
54.5479096943155,233.374781324707
54.5175497853815,233.499781324707
54.4894428200203,233.624781324707
54.4640483117318,233.749781324707
54.441604359599,233.874781324707
54.4218134060307,233.999781324707
54.4046928385483,234.124781324707
54.3913716148502,234.249781324707
54.3835013821637,234.374781324707
54.3832828602715,234.499781324707
54.3931081924787,234.624781324707
54.4147164854608,234.749781324707
54.4490715928604,234.874781324707
54.4965815033154,234.999781324707
54.5575342298476,235.124781324707
54.6322232693967,235.249781324707
54.7209658248769,235.374781324707
54.8240940984604,235.499781324707
54.9416715860135,235.624781324707
55.0733897202217,235.749781324706
55.2187688201153,235.874781324706
55.3772010093817,235.999781324706
55.547793239887,236.124781324706
55.7291718449487,236.249781324706
55.9193718192438,236.374781324706
56.1159719720126,236.499781324706
56.3161943964525,236.624781324706
56.5168884133547,236.749781324706
56.7144505143669,236.874781324706
56.9050186614373,236.999781324706
57.0849499287891,237.124781324706
57.2509981582175,237.249781324706
57.3997170656516,237.374781324706
57.5272250940576,237.499781324706
57.6290848977668,237.624781324706
57.7004890635444,237.749781324706
57.7366526390705,237.874781324706
57.7326826199245,237.999781324706
57.6834382594436,238.124781324706
57.5837960100923,238.249781324706
57.4293819060273,238.374781324706
57.2171336920728,238.499781324706
56.9453936660462,238.624781324706
56.6138422137754,238.749781324706
56.2237200834187,238.874781324706
55.7784009504257,238.999781324706
55.2837850191764,239.124781324706
54.7476365317542,239.249781324706
54.1781845150055,239.374781324706
53.5835194376422,239.499781324706
52.9725306018859,239.624781324706
52.3567291986769,239.749781324706
51.7503698234959,239.874781324706
51.1683705662504,239.999781324706
50.6243813657633,240.124781324705
50.130258863947,240.249781324705
49.6962378014389,240.374781324705
49.330866502855,240.499781324705
49.0403185847834,240.624781324705
48.8273881242391,240.749781324705
48.6914735748914,240.874781324705
48.63013375984,240.999781324705
48.6405081477404,241.124781324705
48.7194523681358,241.249781324705
48.8636864366352,241.374781324705
49.0701604375992,241.499781324705
49.3361705366271,241.624781324705
49.659146779865,241.749781324705
50.0363930848568,241.874781324705
50.4649572548556,241.999781324705
50.9415313153317,242.124781324705
51.4620772120973,242.249781324705
52.0220308295876,242.374781324705
52.6166641081845,242.499781324705
53.2410566567087,242.624781324705
53.8899525600445,242.749781324705
54.5576950088908,242.874781324705
55.2384258903556,242.999781324705
55.9263952169876,243.124781324705
56.6163095347726,243.249781324705
57.3035696673838,243.374781324705
57.9840680253436,243.499781324705
58.654377185786,243.624781324705
59.3117537772475,243.749781324705
59.9537669695252,243.874781324705
60.5778194852736,243.999781324705
61.1809161250061,244.124781324705
61.7596142470487,244.249781324705
62.309712653929,244.374781324705
62.8258777301522,244.499781324704
63.3015166087871,244.624781324704
63.7290507418904,244.749781324704
64.1006774609115,244.874781324704
64.4092107563777,244.999781324704
64.6489966903883,245.124781324704
64.8160957579503,245.249781324704
64.9078288741074,245.374781324704
64.9222051096915,245.499781324704
64.857404327236,245.624781324704
64.7111636082863,245.749781324704
64.480333051098,245.874781324704
64.1627156515477,245.999781324704
63.7608758557097,246.124781324704
63.2835641992639,246.249781324704
62.7431632621391,246.374781324704
62.1534923727633,246.499781324704
61.5294567907761,246.624781324704
60.8854445744276,246.749781324704
60.2348014212922,246.874781324704
59.5910618515636,246.999781324704
58.9669278293047,247.124781324704
58.3723768674217,247.249781324704
57.8141815150595,247.374781324704
57.2967776469854,247.499781324704
56.8233029662265,247.624781324704
56.3963857148099,247.749781324704
56.0184960934977,247.874781324704
55.6914545305601,247.999781324704
55.4160655787308,248.124781324704
55.1926004611463,248.249781324704
55.0212428911945,248.374781324704
54.9019088829018,248.499781324704
54.8340653788802,248.624781324704
54.8166704032913,248.749781324704
54.848151419252,248.874781324703
54.9263117143678,248.999781324703
55.0481372356418,249.124781324703
55.2097558264294,249.249781324703
55.4065143190187,249.374781324703
55.6328194348764,249.499781324703
55.8819058640743,249.624781324703
56.1459838593593,249.749781324703
56.4168108670657,249.874781324703
56.686614181488,249.999781324703
56.948965978854,250.124781324703
57.1989629730969,250.249781324703
57.4329247093255,250.374781324703
57.6482989138983,250.499781324703
57.8437408083021,250.624781324703
58.0184978768294,250.749781324703
58.1714331231148,250.874781324703
58.300956878964,250.999781324703
58.4054462326527,251.124781324703
58.4834000201664,251.249781324703
58.5334806788134,251.374781324703
58.5549690718457,251.499781324703
58.5480586334438,251.624781324703
58.5135311564185,251.749781324703
58.4525314982448,251.874781324703
58.3665961897236,251.999781324703
58.2575601399526,252.124781324703
58.1274802407122,252.249781324703
57.9783904982041,252.374781324703
57.8117531853591,252.499781324703
57.6283770208449,252.624781324703
57.4288019589753,252.749781324703
57.2140436406894,252.874781324703
56.9864112615511,252.999781324703
56.7493095918039,253.124781324703
56.5062117921716,253.249781324702
56.2600101402059,253.374781324702
56.0130278385398,253.499781324702
55.7672369978868,253.624781324702
55.5243190257619,253.749781324702
55.2857515948834,253.874781324702
55.0528911043226,253.999781324702
54.8269762023502,254.124781324702
54.6092051681099,254.249781324702
54.4010987963979,254.374781324702
54.2048786609969,254.499781324702
54.0233645557167,254.624781324702
53.8595659800455,254.749781324702
53.7162780866133,254.874781324702
53.596018403743,254.999781324702
53.5009069301876,255.124781324702
53.4322512678959,255.249781324702
53.3904847396218,255.374781324702
53.3755588493883,255.499781324702
53.3872156610426,255.624781324702
53.4249679129878,255.749781324702
53.4879555533027,255.874781324702
53.5749801958903,255.999781324702
53.684771916278,256.124781324702
53.8160964815331,256.249781324702
53.9676609611357,256.374781324702
54.1379494046167,256.499781324702
54.3251146363486,256.624781324702
54.526887724778,256.749781324702
54.7406287721485,256.874781324701
54.9634822027593,256.999781324701
55.1925562148414,257.124781324701
55.4250600239795,257.249781324701
55.6583225607082,257.374781324701
55.8897242443929,257.499781324701
56.1162813286675,257.624781324701
56.3340308004302,257.749781324701
56.5377765138678,257.874781324701
56.7215805333995,257.999781324701
56.8799303695492,258.124781324701
57.0088709193922,258.249781324701
57.1065106101027,258.374781324701
57.1728686174469,258.499781324701
57.209156672053,258.624781324701
57.2168009751008,258.749781324701
57.1972062141862,258.874781324701
57.1519196484141,258.999781324701
57.0828667961945,259.1247813247
56.9919656432924,259.2497813247
56.8812782908918,259.3747813247
56.7531125315235,259.4997813247
56.6096744350775,259.6247813247
56.4526970095362,259.7497813247
56.2837856586727,259.8747813247
56.1061201375304,259.9997813247
55.9262306927137,260.1247813247
55.7520291389039,260.2497813247
55.5922972625705,260.3747813247
55.4555341218827,260.4997813247
55.3479897225371,260.6247813247
55.2727540728196,260.7497813247
55.230448634209,260.8747813247
55.2206858344645,260.9997813247
55.242918915937,261.1247813247
55.2966454015622,261.249781324699
55.3812497006678,261.374781324699
55.4957775818904,261.499781324699
55.6391417769234,261.624781324699
55.8101663567906,261.749781324699
56.0071450129268,261.874781324699
56.2278949950909,261.999781324699
56.4698937418101,262.124781324699
56.7301230161882,262.249781324699
57.0046774207793,262.374781324699
57.2886221509418,262.499781324699
57.5761406325526,262.624781324699
57.8601371109663,262.749781324699
58.1318930616157,262.874781324699
58.3821370327763,262.999781324699
58.6023873438889,263.124781324699
58.7857412249363,263.249781324699
58.92661076987,263.374781324699
59.0204149265129,263.499781324698
59.063550467366,263.624781324698
59.0534021233542,263.749781324698
58.9882627390991,263.874781324698
58.8670816400312,263.999781324698
58.6890191596568,264.124781324698
58.4529888993868,264.249781324698
58.1580300640702,264.374781324698
57.8047455953453,264.499781324698
57.3957123535373,264.624781324698
56.9363150804509,264.749781324698
56.4371812388643,264.874781324698
55.9128669012876,264.999781324698
55.3778580546072,265.124781324698
54.844525642464,265.249781324698
54.3226935589815,265.374781324698
53.8200959802014,265.499781324698
53.3433552080146,265.624781324697
52.8982696987629,265.749781324697
52.4894379421299,265.874781324697
52.1202962849431,265.999781324697
51.7942241942108,266.124781324697
51.5156816128095,266.249781324697
51.2906365259807,266.374781324697
51.1260503356537,266.499781324697
51.0284606533919,266.624781324697
51.0025047961911,266.749781324697
51.0503633558492,266.874781324697
51.1718043891925,266.999781324697
51.364211947857,267.124781324697
51.6230936428149,267.249781324697
51.9429115456513,267.374781324697
52.3174073584968,267.499781324697
52.7397664812045,267.624781324697
53.2030685768393,267.749781324697
53.7007159589905,267.874781324696
54.2265315323044,267.999781324696
54.7747630021622,268.124781324696
55.3402127966947,268.249781324696
55.9183627082343,268.374781324696
56.5050704772997,268.499781324696
57.096008136151,268.624781324696
57.6860416467405,268.749781324696
58.269085017399,268.874781324696
58.8383308686659,268.999781324696
59.3866313035095,269.124781324696
59.9066411004432,269.249781324696
60.3910599824029,269.374781324696
60.8329202475704,269.499781324696
61.2258549671325,269.624781324696
61.5644936191788,269.749781324696
61.8448723185259,269.874781324696
62.0638711685394,269.999781324696
62.2184344067736,270.124781324695
62.305392441741,270.249781324695
62.3217186246524,270.374781324695
62.2646192755294,270.499781324695
62.1314274476074,270.624781324695
61.9196158419435,270.749781324695
61.6280796619412,270.874781324695
61.2584957778105,270.999781324695
60.8160714009307,271.124781324695
60.3082313365572,271.249781324695
59.7436165649301,271.374781324695
59.1318075256208,271.499781324695
58.4827297879665,271.624781324695
57.8069907934279,271.749781324695
57.1170453531449,271.874781324695
56.4265801235348,271.999781324695
55.7486703566875,272.124781324695
55.0948078325803,272.249781324694
54.4746190909207,272.374781324694
53.8962483171016,272.499781324694
53.3667469198839,272.624781324694
52.8921033040601,272.749781324694
52.4779284801847,272.874781324694
52.1302767278596,272.999781324694
51.8550885904995,273.124781324694
51.6568509080005,273.249781324694
51.5378540982561,273.374781324694
51.4981717481369,273.499781324694
51.5359508955551,273.624781324694
51.6479611190723,273.749781324694
51.8301576053758,273.874781324694
52.0779473790361,273.999781324694
52.3861460284009,274.124781324694
52.7489232293921,274.249781324694
53.1601431292548,274.374781324694
53.6136699405359,274.499781324693
54.103386803562,274.624781324693
54.6232135925741,274.749781324693
55.1671436877348,274.874781324693
55.7292064046758,274.999781324693
56.3035254797346,275.124781324693
56.8846347200522,275.249781324693
57.4675493614576,275.374781324693
58.0475747377455,275.499781324693
58.6199591032811,275.624781324693
59.1796784132895,275.749781324693
59.7213399919297,275.874781324693
60.2390930487986,275.999781324693
60.726689200753,276.124781324693
61.177347862472,276.249781324693
61.5838138226272,276.374781324693
61.9391479810003,276.499781324693
62.2374607196349,276.624781324692
62.4739157087517,276.749781324692
62.6451500681089,276.874781324692
62.749107607163,276.999781324692
62.7848399380202,277.124781324692
62.7522203948993,277.249781324692
62.6512888612921,277.374781324692
62.481768186532,277.499781324692
62.2435430484439,277.624781324692
61.9375470824927,277.749781324692
61.5658695037813,277.874781324692
61.1317462940111,277.999781324692
60.6398689156926,278.124781324692
60.0969172161395,278.249781324692
59.5112459659603,278.374781324692
58.8925106002096,278.499781324692
58.2514380243287,278.624781324692
57.5981100172053,278.749781324692
56.9419802036079,278.874781324691
56.2910240762846,278.999781324691
55.6516406503686,279.124781324691
55.0289212179538,279.249781324691
54.4266754927583,279.374781324691
53.8472269406328,279.499781324691
53.2929045657448,279.624781324691
52.7682609184221,279.749781324691
52.2800026234218,279.874781324691
51.8352232817846,279.999781324691
51.439910790499,280.124781324691
51.0982947943488,280.249781324691
50.8128951504878,280.374781324691
50.5850715597672,280.499781324691
50.4155329951892,280.624781324691
50.3043657823444,280.749781324691
50.2509827611444,280.874781324691
50.2543585395434,280.999781324691
50.3132071034513,281.12478132469
50.4260966702318,281.24978132469
50.5914233990103,281.37478132469
50.8072834260962,281.49978132469
51.0713899391973,281.62478132469
51.3812144369016,281.74978132469
51.7341038078852,281.87478132469
52.1271763416866,281.99978132469
52.5568724179596,282.12478132469
53.0185053807254,282.24978132469
53.5065417864724,282.37478132469
54.0150838726217,282.49978132469
54.5381200518946,282.62478132469
55.0698899803284,282.74978132469
55.6055121552036,282.87478132469
56.1412324001121,282.99978132469
56.6736313390056,283.12478132469
57.1982406520973,283.249781324689
57.708400563931,283.374781324689
58.1956579574274,283.499781324689
58.6511817408693,283.624781324689
59.0668183980831,283.749781324689
59.4360623504275,283.874781324689
59.754758314798,283.999781324689
60.0210916609032,284.124781324689
60.2354231493065,284.249781324689
60.3995812040262,284.374781324689
60.5157198311566,284.499781324689
60.5858124501032,284.624781324689
60.6116494859257,284.749781324689
60.5948709759665,284.874781324689
60.5369234808324,284.999781324689
60.4387359737481,285.124781324689
60.301074713053,285.249781324689
60.1256317018973,285.374781324689
59.915307051474,285.499781324688
59.6741801843499,285.624781324688
59.4074176894397,285.749781324688
59.1212084689002,285.874781324688
58.8226777181765,285.999781324688
58.5186769512915,286.124781324688
58.2144616031674,286.249781324688
57.9134047182567,286.374781324688
57.6173495866084,286.499781324688
57.3270777098182,286.624781324688
57.042708064518,286.749781324688
56.7639521097299,286.874781324688
56.4901590877781,286.999781324688
56.2203291590973,287.124781324688
55.9536630626718,287.249781324688
55.6905466435779,287.374781324688
55.4324445154897,287.499781324688
55.1810229648462,287.624781324687
54.9375551561965,287.749781324687
54.7029455062245,287.874781324687
54.4780849343313,287.999781324687
54.263287371579,288.124781324687
54.0586863123682,288.249781324687
53.864321019572,288.374781324687
53.6801460562476,288.499781324687
53.5060506791863,288.624781324687
53.3419227114001,288.749781324687
53.1876871992951,288.874781324687
53.0432586373325,288.999781324687
52.9086326393992,289.124781324687
52.7842110259604,289.249781324687
52.6709943255126,289.374781324687
52.570212347452,289.499781324687
52.4829722143771,289.624781324687
52.4101793641808,289.749781324687
52.3524464142957,289.874781324686
52.3099478585614,289.999781324686
52.2825607337031,290.124781324686
52.2703255812911,290.249781324686
52.273710963891,290.374781324686
52.2935817555054,290.499781324686
52.3310963816895,290.624781324686
52.3876028776441,290.749781324686
52.4645671518688,290.874781324686
52.5634936011429,290.999781324686
52.6858402041312,291.124781324686
52.8329468943113,291.249781324686
53.005919295316,291.374781324686
53.2053906139168,291.499781324686
53.4313621550593,291.624781324686
53.6832722411557,291.749781324686
53.9601194270673,291.874781324686
54.2604406252995,291.999781324686
54.5822619228101,292.124781324685
54.9232948324803,292.249781324685
55.2812083692393,292.374781324685
55.65365080615,292.499781324685
56.0381835235116,292.624781324685
56.432213019397,292.749781324685
56.8329058370526,292.874781324685
57.2372265568858,292.999781324685
57.6420753053326,293.124781324685
58.0441287654574,293.249781324685
58.4395201016864,293.374781324685
58.8237359665964,293.499781324685
59.1917872856459,293.624781324685
59.538433834466,293.749781324685
59.8583260187211,293.874781324685
60.1460580159912,293.999781324685
60.3960749218965,294.124781324685
60.6028404670058,294.249781324684
60.7616869276561,294.374781324684
60.8676565628724,294.499781324684
60.9161194383532,294.624781324684
60.9030900944506,294.749781324684
60.8253759078919,294.874781324684
60.6806664421819,294.999781324684
60.4672655112335,295.124781324684
60.1841957980117,295.249781324684
59.8327072174086,295.374781324684
59.4176074900351,295.499781324684
58.9463104653203,295.624781324684
58.4267251559064,295.749781324684
57.8667581725501,295.874781324684
57.2754255634621,295.999781324684
56.663858229284,296.124781324684
56.0453930775412,296.249781324684
55.4332857420688,296.374781324684
54.8385397379954,296.499781324683
54.2698884675161,296.624781324683
53.7348430022383,296.749781324683
53.2402256445559,296.874781324683
52.7915422228327,296.999781324683
52.3918652625021,297.124781324683
52.0424631437064,297.249781324683
51.7449147782294,297.374781324683
51.5030569006378,297.499781324683
51.3235311213195,297.624781324683
51.2139946538814,297.749781324683
51.1801560291137,297.874781324683
51.2245162121057,297.999781324683
51.3466339994398,298.124781324683
51.5439720771949,298.249781324683
51.8124761623617,298.374781324683
52.1466499170711,298.499781324683
52.539765203468,298.624781324682
52.984235677244,298.749781324682
53.4718502529114,298.874781324682
53.9942909457325,298.999781324682
54.5438914625013,299.124781324682
55.1141454011303,299.249781324682
55.6997067297501,299.374781324682
56.2958071190103,299.499781324682
56.897960720819,299.624781324682
57.5009858978368,299.749781324682
58.0982353386933,299.874781324682
58.6813327259456,299.999781324682
59.2403665571619,300.124781324682
59.7655838164802,300.249781324682
60.2487930884165,300.374781324682
60.6832888830655,300.499781324682
61.063644002917,300.624781324682
61.3860141964572,300.749781324682
61.6474099786914,300.874781324681
61.8450003640607,300.999781324681
61.976715803207,301.124781324681
62.0414481724424,301.249781324681
62.0388999081428,301.374781324681
61.9691522533202,301.499781324681
61.8318478974261,301.624781324681
61.6267814380046,301.749781324681
61.3555277967848,301.874781324681
61.0219412422048,301.999781324681
60.6325266828283,302.124781324681
60.1970509447973,302.249781324681
59.7263667520264,302.374781324681
59.2299045871575,302.499781324681
58.7155677926955,302.624781324681
58.1914824828349,302.749781324681
57.6665112140946,302.874781324681
57.1496481160667,302.99978132468
56.6491773399428,303.12478132468
56.1714766726297,303.24978132468
55.7215881003677,303.37478132468
55.3031165703158,303.49978132468
54.917699227643,303.62478132468
54.5654855581734,303.74978132468
54.2476078746355,303.87478132468
53.9680446771412,303.99978132468
53.7315460277813,304.12478132468
53.5411672162569,304.24978132468
53.3979979177047,304.37478132468
53.3016724507929,304.49978132468
53.2509020580483,304.62478132468
53.24389686066,304.74978132468
53.2786276361976,304.87478132468
53.3530337023641,304.99978132468
53.4649860400292,305.12478132468
53.6119177608094,305.249781324679
53.7907039037371,305.374781324679
53.9978662483556,305.499781324679
54.2297963253801,305.624781324679
54.4829824338452,305.749781324679
54.754071163928,305.874781324679
55.0396781779459,305.999781324679
55.3362681772541,306.124781324679
55.6403013127603,306.249781324679
55.9485106597644,306.374781324679
56.2579674824142,306.499781324679
56.5660252268574,306.624781324679
56.8703701848817,306.749781324679
57.1691668030929,306.874781324679
57.460988781547,306.999781324679
57.7442102299831,307.124781324679
58.0160902727496,307.249781324679
58.2721382648707,307.374781324679
58.506372144655,307.499781324678
58.7124394974933,307.624781324678
58.8846590994421,307.749781324678
59.0185248185002,307.874781324678
59.1109487537375,307.999781324678
59.1600062943715,308.124781324678
59.1646006696232,308.249781324678
59.1242603833045,308.374781324678
59.039050053329,308.499781324678
58.9095547403875,308.624781324678
58.7369163294681,308.749781324678
58.5228297249746,308.874781324678
58.2694042590451,308.999781324678
57.9787429001173,309.124781324678
57.6526647998608,309.249781324678
57.2938685561378,309.374781324678
56.9082745694355,309.499781324678
56.5055852104774,309.624781324677
56.0975871308953,309.749781324677
55.6961473083464,309.874781324677
55.3119409121584,309.999781324677
54.9538336755745,310.124781324677
54.6287689445583,310.249781324677
54.3419009936226,310.374781324677
54.0967731732593,310.499781324677
53.8954491439051,310.624781324677
53.7388561365138,310.749781324677
53.6272374196255,310.874781324677
53.560205892008,310.999781324677
53.5366169663943,311.124781324677
53.5548242374056,311.249781324677
53.6130705950314,311.374781324677
53.7095706509639,311.499781324677
53.8423768810923,311.624781324677
54.0091925754205,311.749781324677
54.2073101403569,311.874781324676
54.4336906184039,311.999781324676
54.6850264818146,312.124781324676
54.9577634112962,312.249781324676
55.2481602555411,312.374781324676
55.5523818107619,312.499781324676
55.8662316558727,312.624781324676
56.1847993963253,312.749781324676
56.5028775035693,312.874781324676
56.8155114208949,312.999781324676
57.117946671211,313.124781324676
57.4050765545779,313.249781324676
57.6708783328022,313.374781324676
57.9084809974069,313.499781324676
58.1114859155683,313.624781324676
58.2751865833125,313.749781324676
58.3963918906187,313.874781324676
58.4736474181493,313.999781324675
58.5066092008627,314.124781324675
58.4956158618527,314.249781324675
58.4415479587286,314.374781324675
58.3455485146549,314.499781324675
58.2087652012648,314.624781324675
58.0322401353406,314.749781324675
57.8173479574862,314.874781324675
57.5672522173339,314.999781324675
57.2875602757293,315.124781324675
56.9858122307797,315.249781324675
56.6709633988657,315.374781324675
56.3527565139015,315.499781324675
56.0409635410915,315.624781324675
55.7438886000191,315.749781324675
55.4674721510875,315.874781324675
55.2158147156102,315.999781324675
54.9922083760384,316.124781324675
54.799763130843,316.249781324674
54.6410276907835,316.374781324674
54.5178326977856,316.499781324674
54.4317971495341,316.624781324674
54.3843663931401,316.749781324674
54.3764700321566,316.874781324674
54.4082127751824,316.999781324674
54.4787760059982,317.124781324674
54.5867339049557,317.249781324674
54.7304471692552,317.374781324674
54.9079325186594,317.499781324674
55.116576644233,317.624781324674
55.35311286333,317.749781324674
55.6138563715943,317.874781324674
55.8948841931476,317.999781324674
56.1918118561111,318.124781324674
56.4990074821879,318.249781324674
56.8094397751317,318.374781324674
57.1160348695175,318.499781324673
57.4127148368589,318.624781324673
57.6943479952919,318.749781324673
57.9566127200797,318.874781324673
58.1961805847948,318.999781324673
58.4107700204831,319.124781324673
58.5987989422481,319.249781324673
58.7586546226473,319.374781324673
58.8883070647467,319.499781324673
58.9854215300401,319.624781324673
59.0476562507992,319.749781324673
59.0729643504816,319.874781324673
59.0598150739517,319.999781324673
59.007388838918,320.124781324673
58.9158420592153,320.249781324673
58.7865387087758,320.374781324673
58.6218191691247,320.499781324673
58.424358136747,320.624781324672
58.1968997975204,320.749781324672
57.9423883634365,320.874781324672
57.6639305250146,320.999781324672
57.364700562667,321.124781324672
57.0479635725414,321.249781324672
56.7171117075417,321.374781324672
56.375664304833,321.499781324672
56.0272202727466,321.624781324672
55.6753866531026,321.749781324672
55.3237073832584,321.874781324672
54.975639284969,321.999781324672
54.634562177029,322.124781324672
54.3036585411592,322.249781324672
53.9858164102526,322.374781324672
53.6836684797945,322.499781324672
53.3997987259107,322.624781324672
53.1369472140999,322.749781324672
52.8981057190641,322.874781324671
52.6866563636155,322.999781324671
52.5063334792493,323.124781324671
52.3606836303195,323.249781324671
52.2525577790017,323.374781324671
52.1840341951561,323.499781324671
52.1565636489874,323.624781324671
52.1711456364571,323.749781324671
52.2284419693172,323.874781324671
52.3288221403106,323.999781324671
52.4722426258119,324.124781324671
52.6581547430166,324.249781324671
52.8854722355354,324.374781324671
53.1525621724738,324.499781324671
53.4571684085243,324.624781324671
53.7963364508885,324.749781324671
54.1665220057728,324.874781324671
54.5637021230767,324.99978132467
54.9833413596845,325.12478132467
55.4205585420389,325.24978132467
55.8706053431008,325.37478132467
56.3291469099688,325.49978132467
56.7921682683527,325.62478132467
57.2557361638989,325.74978132467
57.7155423939418,325.87478132467
58.1664384818508,325.99978132467
58.6022358854042,326.12478132467
59.0161056513177,326.24978132467
59.4015316661182,326.37478132467
59.7527865705254,326.49978132467
60.06496986944,326.62478132467
60.3341290651119,326.74978132467
60.5572352235814,326.87478132467
60.7319720239304,326.99978132467
60.856522919812,327.12478132467
60.9294930979198,327.249781324669
60.9499956379024,327.374781324669
60.9177475950992,327.499781324669
60.8329181606006,327.624781324669
60.6961142051084,327.749781324669
60.5090377640041,327.874781324669
60.2746606270228,327.999781324669
59.9967915970358,328.124781324669
59.6800558518987,328.249781324669
59.329930865372,328.374781324669
58.9523053170364,328.499781324669
58.5531753222459,328.624781324669
58.1388537123253,328.749781324669
57.7156423866014,328.874781324669
57.2889315694667,328.999781324669
56.8632431756492,329.124781324669
56.4427632975822,329.249781324669
56.0314882695089,329.374781324669
55.6332715921008,329.499781324668
55.2517479246305,329.624781324668
54.8899392990157,329.749781324668
54.5498764580626,329.874781324668
54.2327069694301,329.999781324668
53.9401728239108,330.124781324668
53.6764375718624,330.249781324668
53.4479456639616,330.374781324668
53.2612060795128,330.499781324668
53.1209177548716,330.624781324668
53.0295944209646,330.749781324668
52.9881013410836,330.874781324668
52.9963471645339,330.999781324668
53.0535842175448,331.124781324668
53.1583156074756,331.249781324668
53.3082376379952,331.374781324668
53.5003224775183,331.499781324668
53.7307928547904,331.624781324667
53.9952759049896,331.749781324667
54.2892503986277,331.874781324667
54.6082997466749,331.999781324667
54.9481370176202,332.124781324667
55.3047211364439,332.249781324667
55.6743706549657,332.374781324667
56.0537548575872,332.499781324667
56.43978308627,332.624781324667
56.8292322123144,332.749781324667
57.2181857157447,332.874781324667
57.6016116578901,332.999781324667
57.9737812947436,333.124781324667
58.3286519285169,333.249781324667
58.659756948263,333.374781324667
58.9608606984755,333.499781324667
59.2260752723836,333.624781324667
59.4499228513643,333.749781324667
59.6275100409075,333.874781324666
59.7549428253599,333.999781324666
59.8296813615293,334.124781324666
59.8505847385258,334.249781324666
59.8175172210015,334.374781324666
59.7305020321777,334.499781324666
59.5894199969473,334.624781324666
59.3950548425487,334.749781324666
59.1500923959677,334.874781324666
58.8597974224213,334.999781324666
58.5319375770339,335.124781324666
58.1749626204274,335.249781324666
57.7965750580541,335.374781324666
57.403553537815,335.499781324666
57.0031048212379,335.624781324666
56.6033164019101,335.749781324666
56.2110023483774,335.874781324666
55.8304417521978,335.999781324665
55.464146581737,336.124781324665
55.1137345927903,336.249781324665
54.780137470465,336.374781324665
54.4635529978306,336.499781324665
54.1640804711149,336.624781324665
53.8826948449311,336.749781324665
53.6219933977305,336.874781324665
53.3858686416767,336.999781324665
53.1780058223787,337.124781324665
53.0007656692634,337.249781324665
52.8551545973949,337.374781324665
52.7409753666968,337.499781324665
52.6571544332719,337.624781324665
52.6021141534315,337.749781324665
52.5739910248883,337.874781324665
52.5707629386709,337.999781324665
52.5901965214994,338.124781324665
52.6299616636029,338.249781324664
52.6876422701577,338.374781324664
52.7609613688428,338.499781324664
52.8482801852061,338.624781324664
52.9485844362889,338.749781324664
53.061241754567,338.874781324664
53.1858765992814,338.999781324664
53.3223696761015,339.124781324664
53.4708370168642,339.249781324664
53.6315295532311,339.374781324664
53.804739187526,339.499781324664
53.9907097240697,339.624781324664
54.1896963372391,339.749781324664
54.4020919045229,339.874781324664
54.6281750518616,339.999781324664
54.8679550664314,340.124781324664
55.1211790084806,340.249781324664
55.3873148797755,340.374781324664
55.6657661991082,340.499781324663
55.9557089774215,340.624781324663
56.2559131680652,340.749781324663
56.5645590212663,340.874781324663
56.8790373015481,340.999781324663
57.1961148220168,341.124781324663
57.5121954045527,341.249781324663
57.8233563646637,341.374781324663
58.1254720782022,341.499781324663
58.414558232317,341.624781324663
58.6869253959489,341.749781324663
58.9390353170763,341.874781324663
59.1673578154912,341.999781324663
59.3682617891321,342.124781324663
59.5380329909362,342.249781324663
59.6729587931597,342.374781324663
59.7695795398914,342.499781324663
59.8251974545646,342.624781324662
59.8381265075507,342.749781324662
59.8074258377161,342.874781324662
59.7326428345332,342.999781324662
59.6140333157109,343.124781324662
59.4533725953075,343.249781324662
59.2541150608644,343.374781324662
59.0205192259209,343.499781324662
58.7564814918475,343.624781324662
58.4649890390928,343.749781324662
58.1485400916657,343.874781324662
57.8101494792682,343.999781324662
57.4548736249328,344.124781324662
57.0895412099011,344.249781324662
56.7207705744318,344.374781324662
56.35391278901,344.499781324662
55.9930886577598,344.624781324662
55.6413385376938,344.749781324662
55.3005902208672,344.874781324661
54.9719325668926,344.999781324661
54.6568196750707,345.124781324661
54.3582287113649,345.249781324661
54.0802073583566,345.374781324661
53.8268288614969,345.499781324661
53.6015606336172,345.624781324661
53.4067856786096,345.749781324661
53.2436721316211,345.874781324661
53.1124135533615,345.999781324661
53.0126058121777,346.124781324661
52.9436015517616,346.249781324661
52.9044044051737,346.374781324661
52.8935574324781,346.499781324661
52.9092644644688,346.624781324661
52.9497522032718,346.749781324661
53.0134863758007,346.874781324661
53.0991633451153,346.99978132466
53.2056770692284,347.12478132466
53.3321641107319,347.24978132466
53.4779957987742,347.37478132466
53.6426813397735,347.49978132466
53.8257889485646,347.62478132466
54.0269113058479,347.74978132466
54.245599771573,347.87478132466
54.481125765278,347.99978132466
54.7321695650251,348.12478132466
54.996880293631,348.24978132466
55.2731887227801,348.37478132466
55.5590810920041,348.49978132466
55.8526670674432,348.62478132466
56.1521416215498,348.74978132466
56.4557782546531,348.87478132466
56.7619130953362,348.99978132466
57.0687836686396,349.12478132466
57.3743146524311,349.249781324659
57.6760217584813,349.374781324659
57.9709561288829,349.499781324659
58.2561795634016,349.624781324659
58.528540156363,349.749781324659
58.7846022748339,349.874781324659
59.0211709437239,349.999781324659
59.2352778005737,350.124781324659
59.4240350396462,350.249781324659
59.5845900123285,350.374781324659
59.7140936966942,350.499781324659
59.8097506434778,350.624781324659
59.8688416442729,350.749781324659
59.8886420955353,350.874781324659
59.866383059514,350.999781324659
59.79944935149,351.124781324659
59.6857319251141,351.249781324659
59.5239673913511,351.374781324658
59.3140414706515,351.499781324658
59.0571298361821,351.624781324658
58.755430935678,351.749781324658
58.4116380855067,351.874781324658
58.0285191344302,351.999781324658
57.6087154610173,352.124781324658
57.1547331257057,352.249781324658
56.6692337790479,352.374781324658
56.1554275954341,352.499781324658
55.6177075674636,352.624781324658
55.0625364408859,352.749781324658
54.4986069197481,352.874781324658
53.9356527904804,352.999781324658
53.3829134158512,353.124781324658
52.8483506783324,353.249781324658
52.3387984270772,353.374781324658
51.8606793400024,353.499781324658
51.4205616621163,353.624781324657
51.0247259450096,353.749781324657
50.6782019462346,353.874781324657
50.3847977145594,353.999781324657
50.1480174841211,354.124781324657
49.971740203195,354.249781324657
49.8602304875914,354.374781324657
49.8170550525784,354.499781324657
49.8441435844761,354.624781324657
49.9418879711953,354.749781324657
50.1094390674213,354.874781324657
50.3444908441356,354.999781324657
50.6430699577497,355.124781324657
51.0000540521899,355.249781324657
51.4100343581453,355.374781324657
51.8673985124382,355.499781324657
52.3660444755092,355.624781324657
52.8994686377626,355.749781324657
53.4610224356504,355.874781324656
54.044063404605,355.999781324656
54.6422253538266,356.124781324656
55.2497192186688,356.249781324656
55.8615185489465,356.374781324656
56.4731762925111,356.499781324656
57.0802370802422,356.624781324656
57.6773585885487,356.749781324656
58.2578019195721,356.874781324656
58.8136735563527,356.999781324656
59.3363621528574,357.124781324656
59.816885293713,357.249781324656
60.2468546144067,357.374781324656
60.6179449566897,357.499781324656
60.9218648046424,357.624781324656
61.151204387862,357.749781324656
61.2998966409906,357.874781324656
61.363569708914,357.999781324655
61.3398094818256,358.124781324655
61.2278930223033,358.249781324655
61.0280351181251,358.374781324655
60.7402703818059,358.499781324655
60.3641060535324,358.624781324655
59.9003182835313,358.749781324655
59.3533759655887,358.874781324655
58.7335142267443,358.999781324655
58.0567629897627,359.124781324655
57.3414727281519,359.249781324655
56.6066335762036,359.374781324655
55.8723005098559,359.499781324655
55.1571174841998,359.624781324655
54.4760226061666,359.749781324655
53.8402743611735,359.874781324655
53.2581659347747,359.999781324655
52.7351674524597,360.124781324655
52.2736517657574,360.249781324654
51.8736588337745,360.374781324654
51.5333692061949,360.499781324654
51.250283637456,360.624781324654
51.0246618210627,360.749781324654
50.8611500614233,360.874781324654
50.7661253181556,360.999781324654
50.7440443897126,361.124781324654
50.7963608992332,361.249781324654
50.9220729794202,361.374781324654
51.1184143299625,361.499781324654
51.3812754875044,361.624781324654
51.7054568968973,361.749781324654
52.0847012317696,361.874781324654
52.5115992393113,361.999781324654
52.9777074221947,362.124781324654
53.474611774138,362.249781324654
53.9953164647949,362.374781324653
54.5345539413837,362.499781324653
55.0876053682206,362.624781324653
55.6485222441532,362.749781324653
56.2082680473055,362.874781324653
56.7548185483312,362.999781324653
57.2757410301929,363.124781324653
57.7601475809673,363.249781324653
58.1987586154032,363.374781324653
58.5840652856253,363.499781324653
58.9116303116326,363.624781324653
59.181068163138,363.749781324653
59.3942164667922,363.874781324653
59.552508813335,363.999781324653
59.6561890401603,364.124781324653
59.7051300482503,364.249781324653
59.6998933895352,364.374781324653
59.6419925458482,364.499781324653
59.5333089146948,364.624781324652
59.3748515155286,364.749781324652
59.1669744265376,364.874781324652
58.915435363937,364.999781324652
58.6339823929969,365.124781324652
58.3374393258707,365.249781324652
58.0372877629501,365.374781324652
57.7426400749783,365.499781324652
57.4606680755014,365.624781324652
57.1962655173391,365.749781324652
56.9527169122937,365.874781324652
56.7320812990622,365.999781324652
56.5353252291124,366.124781324652
56.362455730103,366.249781324652
56.2134774684699,366.374781324652
56.0894208871005,366.499781324652
55.9917401134748,366.624781324652
55.9212637059286,366.749781324652
55.8778893591823,366.874781324651
55.8603303231578,366.999781324651
55.8662787150347,367.124781324651
55.8930584226269,367.249781324651
55.9381410961929,367.374781324651
55.9987831530891,367.499781324651
56.0714282310054,367.624781324651
56.1520522543131,367.749781324651
56.236434259428,367.874781324651
56.3195281797752,367.999781324651
56.3963481066106,368.124781324651
56.4633024805343,368.249781324651
56.5185041477072,368.374781324651
56.5612067866775,368.499781324651
56.5910909212469,368.624781324651
56.608088066144,368.749781324651
56.6122278913407,368.874781324651
56.603269267129,368.99978132465
56.5813494852464,369.12478132465
56.5469648337901,369.24978132465
56.5007393436789,369.37478132465
56.44339546992,369.49978132465
56.3757636880981,369.62478132465
56.2990619713605,369.74978132465
56.2154042465118,369.87478132465
56.1274792057374,369.99978132465
56.0378260305943,370.12478132465
55.9483778288385,370.24978132465
55.8601706393149,370.37478132465
55.7734237279146,370.49978132465
55.6879788220209,370.62478132465
55.6037496378219,370.74978132465
55.5209413798272,370.87478132465
55.4400012449325,370.99978132465
55.3614614009877,371.12478132465
55.2858425222065,371.249781324649
55.2136574828731,371.374781324649
55.1454698642785,371.499781324649
55.0819238193742,371.624781324649
55.0237045776618,371.749781324649
54.9714415122812,371.874781324649
54.9256326859202,371.999781324649
54.8866802234548,372.124781324649
54.8549979020794,372.249781324649
54.8310847205207,372.374781324649
54.815521284525,372.499781324649
54.808931155364,372.624781324649
54.8119476653294,372.749781324649
54.8251907185391,372.874781324649
54.8492559932719,372.999781324649
54.8847323827659,373.124781324649
54.9322463485564,373.249781324649
54.9925012858455,373.374781324648
55.0662658868614,373.499781324648
55.1543146137955,373.624781324648
55.2573647749325,373.749781324648
55.3760207482667,373.874781324648
55.5107129387017,373.999781324648
55.6616350714621,374.124781324648
55.8286772883642,374.249781324648
56.01137617172,374.374781324648
56.2089512541833,374.499781324648
56.4203726192532,374.624781324648
56.6444107100026,374.749781324648
56.8796367794384,374.874781324648
57.1243483152303,374.999781324648
57.3765732225481,375.124781324648
57.6341977992534,375.249781324648
57.8950153629858,375.374781324648
58.1567407054095,375.499781324648
58.4170857394842,375.624781324647
58.6737784763905,375.749781324647
58.924402542326,375.874781324647
59.1661575167539,375.999781324647
59.3957278900402,376.124781324647
59.6093003431178,376.249781324647
59.8027567284284,376.374781324647
59.9720349984333,376.499781324647
60.11341215162,376.624781324647
60.223426276774,376.749781324647
60.298626714396,376.874781324647
60.3354991426723,376.999781324647
60.3305001617189,377.124781324647
60.280157286977,377.249781324647
60.1812029217588,377.374781324647
60.0307527225663,377.499781324647
59.8265524232879,377.624781324647
59.5674640352069,377.749781324647
59.254052874985,377.874781324646
58.8888241572413,377.999781324646
58.4758882977153,378.124781324646
58.0204299713281,378.249781324646
57.5283954565818,378.374781324646
57.0067435463773,378.499781324646
56.4640724736423,378.624781324646
55.9108126733469,378.749781324646
55.358508166751,378.874781324646
54.8185312941902,378.999781324646
54.3010308195955,379.124781324646
53.8146262289591,379.249781324646
53.3666460967759,379.374781324646
52.9634307598312,379.499781324646
52.6103649970841,379.624781324646
52.3113707808013,379.749781324646
52.0688559403298,379.874781324646
51.8845770735275,379.999781324645
51.7602237399748,380.124781324645
51.6973333856866,380.249781324645
51.6968730408945,380.374781324645
51.7589446701469,380.499781324645
51.8827714866763,380.624781324645
52.0665532317219,380.749781324645
52.3073304210081,380.874781324645
52.601233318171,380.999781324645
52.9436936149875,381.124781324645
53.3297812886634,381.249781324645
53.7544060846255,381.374781324645
54.2121630404063,381.499781324645
54.6972096436989,381.624781324645
55.2035869757814,381.749781324645
55.725574073697,381.874781324645
56.2576497397162,381.999781324645
56.7943991303816,382.124781324645
57.3303901539551,382.249781324644
57.8600278773255,382.374781324644
58.3771119586155,382.499781324644
58.8746927376156,382.624781324644
59.3451646881906,382.749781324644
59.7806867740404,382.874781324644
60.1736910626995,382.999781324644
60.5175599553953,383.124781324644
60.807140305116,383.249781324644
61.0386859796508,383.374781324644
61.2097762079749,383.499781324644
61.3186252450338,383.624781324644
61.3635896291289,383.749781324644
61.3435427050808,383.874781324644
61.2579874287026,383.999781324644
61.107668493599,384.124781324644
60.8954090903596,384.249781324644
60.6259112415939,384.374781324643
60.3047061800179,384.499781324643
59.9377463959106,384.624781324643
59.532014142951,384.749781324643
59.0954566482303,384.874781324643
58.6361793778942,384.999781324643
58.1622110803445,385.124781324643
57.6812587214258,385.249781324643
57.1999881642631,385.374781324643
56.723714262483,385.499781324643
56.2566622085086,385.624781324643
55.8023260550781,385.749781324643
55.3636624825937,385.874781324643
54.9432916786872,385.999781324643
54.5435983465965,386.124781324643
54.1666245451407,386.249781324643
53.8138433080997,386.374781324643
53.4861012923659,386.499781324643
53.1837620368546,386.624781324642
52.907199719279,386.749781324642
52.6581995672803,386.874781324642
52.4412425971687,386.999781324642
52.2621629840082,387.124781324642
52.1257326058411,387.249781324642
52.0349212848977,387.374781324642
51.9913415920488,387.499781324642
51.9957397187722,387.624781324642
52.0482492684622,387.749781324642
52.1483023731493,387.874781324642
52.2944332357842,387.999781324642
52.4842966059847,388.124781324642
52.7148644801527,388.249781324642
52.9827036716541,388.374781324642
53.2842327041997,388.499781324642
53.6158369586021,388.624781324642
53.9737848627026,388.749781324642
54.3541562250114,388.874781324641
54.7530723255267,388.999781324641
55.1669381392338,389.124781324641
55.5924298983335,389.249781324641
56.0262285035443,389.374781324641
56.4646285847383,389.499781324641
56.9031957432286,389.624781324641
57.3365733240142,389.749781324641
57.7586343126665,389.874781324641
58.1629020327739,389.999781324641
58.5431866257368,390.124781324641
58.89404171635,390.249781324641
59.21074062095,390.374781324641
59.4889473077019,390.499781324641
59.7244433255507,390.624781324641
59.9133697310895,390.749781324641
60.0527000452395,390.874781324641
60.1404861295532,390.99978132464
60.1758343561014,391.12478132464
60.1584782500796,391.24978132464
60.0885933301018,391.37478132464
59.9674568922347,391.49978132464
59.7971077748197,391.62478132464
59.5805650394606,391.74978132464
59.3228769767091,391.87478132464
59.0300546720543,391.99978132464
58.7076617562332,392.12478132464
58.3605875155203,392.24978132464
57.9939304606053,392.37478132464
57.6141021422048,392.49978132464
57.2276881870111,392.62478132464
56.8396665731447,392.74978132464
56.4533353497097,392.87478132464
56.0710711909946,392.99978132464
55.6948659905105,393.12478132464
55.3263794413333,393.249781324639
54.9667588484529,393.374781324639
54.616523323263,393.499781324639
54.2762037411433,393.624781324639
53.9480064569522,393.749781324639
53.636782097177,393.874781324639
53.3485076821574,393.999781324639
53.0883351031363,394.124781324639
52.8599810410719,394.249781324639
52.6658418975119,394.374781324639
52.5072406257415,394.499781324639
52.3846855705001,394.624781324639
52.2980934625878,394.749781324639
52.2470713923279,394.874781324639
52.2311074755399,394.999781324639
52.2495774403904,395.124781324639
52.3016180920194,395.249781324639
52.3862138256773,395.374781324638
52.5021729967416,395.499781324638
52.6481172108458,395.624781324638
52.8226622250771,395.749781324638
53.0244891602678,395.874781324638
53.2523426976263,395.999781324638
53.5048452325029,396.124781324638
53.7803236034354,396.249781324638
54.076844272806,396.374781324638
54.3923035190034,396.499781324638
54.7244061197944,396.624781324638
55.0706257809788,396.749781324638
55.4283372030122,396.874781324638
55.794885373017,396.999781324638
56.1676252863427,397.124781324638
56.5437611305801,397.249781324638
56.9198292239488,397.374781324638
57.2913714874683,397.499781324638
57.6532856706519,397.624781324637
58.0004799531645,397.749781324637
58.3277373529559,397.874781324637
58.6298870418647,397.999781324637
58.9021122959189,398.124781324637
59.1400964431968,398.249781324637
59.3400378296562,398.374781324637
59.4985636897923,398.499781324637
59.61293567221,398.624781324637
59.6814140082773,398.749781324637
59.7030741647449,398.874781324637
59.6773341704364,398.999781324637
59.6040083099422,399.124781324637
59.4837423228218,399.249781324637
59.3181228728205,399.374781324637
59.1101116042624,399.499781324637
58.8645495684314,399.624781324637
58.5871448994563,399.749781324637
58.2833489041041,399.874781324636
57.9582282793336,399.999781324636
