0,0
0,0.124999999999969
0,0.24999999996306
0,0.374999952923915
0,0.499999926285355
0,0.624999846078128
0,0.749999794586623
0,0.874999699615517
0,0.999999621202942
0,1.12499952807309
-2.96131230174112e-65,1.24999940546675
5.5420391059102e-58,1.37499933002305
-6.3360560056283e-54,1.49999920450001
1.95471920623819e-52,1.62499906407771
-1.90675680798362e-52,1.74999896810228
4.79491035668462e-51,1.87499882149556
4.13840802866779e-50,1.99999866102684
-9.32020650153157e-49,2.12499855209953
2.46980095996605e-48,2.24999839008682
3.8404381275772e-47,2.37499820915524
-1.43028868708861e-46,2.49999807844475
-1.19311249130242e-45,2.6249979081536
2.53563688025807e-45,2.7499977110876
2.97814775149783e-44,2.87499753686108
1.21972239545968e-44,2.99999736648333
-4.58756921805844e-43,3.12499715672814
-1.34205490535571e-42,3.24999694864721
2.3424149308655e-42,3.37499678686862
2.24393903013287e-41,3.49999657260818
4.01038560745412e-41,3.62499634498197
-1.03002919884899e-40,3.74999614889407
-6.78611758072732e-40,3.87499594142459
-1.18960613740497e-39,3.99999569903078
1.7692537639436e-39,4.12499546405664
1.43790389227477e-38,4.24999527416116
3.18479849557026e-38,4.37499503124338
1.88739311170912e-39,4.49999477529005
-1.97116107607678e-37,4.62499454604989
-6.18393043430268e-37,4.74999431751696
-7.55615172351406e-37,4.87499404939667
1.12326008570629e-36,4.9999937886768
7.45955506397168e-36,5.12499357570328
1.69096436900543e-35,5.24999331538737
1.42814807649863e-35,5.37499303146591
-3.77507151134855e-35,5.49999276890661
-1.79342422246508e-34,5.62499253163627
-3.66966158317011e-34,5.74999224621965
-3.12791896216802e-34,5.8749919544948
6.22081111677764e-34,5.99999169681798
3.11831587172901e-33,6.12499143032375
6.66827120370321e-33,6.24999112598201
7.34045837099684e-33,6.37499083344687
-3.99097722974596e-33,6.4999905860665
-3.8819224008301e-32,6.62499029482627
-9.74970017837785e-32,6.74998997709905
-1.42190811859899e-31,6.87498968739075
-6.76687869714915e-32,6.99998942232664
2.91814704249379e-31,7.12498910994309
1.05411307143341e-30,7.24998878367295
2.02194432287947e-30,7.37498849463568
2.29733642718193e-30,7.49998820454861
4.50852418627472e-32,7.62498787495605
-7.01950221906385e-30,7.74998754424072
-1.96760346147073e-29,7.87498725910556
-3.34344151328744e-29,7.99998694724381
-3.40689047960722e-29,8.12498660380734
3.80997553690052e-30,8.24998627227664
1.0850007093156e-28,8.37498599218634
2.85976570372576e-28,8.49998565993348
4.76048178067571e-28,8.62498530639145
5.04055996933853e-28,8.74998497741038
6.79912046086629e-29,8.8749846779277
-1.17299651595126e-27,8.99998433100454
-3.33914174839696e-27,9.12498396966811
-5.88296444367119e-27,9.24998360408097
-7.07776912311829e-27,9.37498315255559
-3.78982695156677e-27,9.49998258376662
7.88158936418987e-27,9.62498194659721
3.04393048397903e-26,9.74998132472825
6.09937595583244e-26,9.87498067903667
8.61660292034642e-26,9.99997994310641
7.8377166136282e-26,10.1249792051711
-1.91719618425906e-27,10.2499785982089
-1.9223974145576e-25,10.3749778878767
-4.9794842328319e-25,10.4999771268053
-8.47642840557663e-25,10.6249764246576
-1.04778290713616e-24,10.7499758045973
-7.66495822404472e-25,10.8749750812133
4.08697579655261e-25,10.9999743311855
2.79242294731657e-24,11.1249736727628
6.28083190180681e-24,11.2499730289113
9.93323526368954e-24,11.3749722906884
1.16083867557614e-23,11.4999715395312
7.93644884694702e-24,11.6249708986826
-4.99794491484399e-24,11.7499702235217
-2.99144308430133e-23,11.8749694624418
-6.54450418722152e-23,11.9999687021834
-1.02557125463837e-22,12.1249680716437
-1.21600688141991e-22,12.2499673638994
-9.22319754785768e-23,12.3749665810141
2.09016679962662e-23,12.4999658157286
2.44123052494597e-22,12.6249652033575
5.71652186325339e-22,12.7499644669179
9.36822177103365e-22,12.8749636674514
1.18686831648039e-21,12.9999629035896
1.07726741575209e-21,13.1249622602785
3.06412670439546e-22,13.249961499131
-1.38958076986578e-21,13.3749606871233
-4.07335844238829e-21,13.499959928301
-7.3903441574105e-21,13.6249592554797
-1.03548892639171e-20,13.7499584721197
-1.12386826850203e-20,13.8749576498651
-7.70001426037803e-21,13.9999568977854
2.69887437481578e-21,14.1249561969843
2.14877444708302e-20,14.2499553931847
4.78287985930318e-20,14.3749545625108
7.68523891944735e-20,14.4999538188305
9.83259823592908e-20,14.6249530915092
9.64819013002761e-20,14.7499522690653
5.20014468144212e-20,14.8749514319689
-5.29449636311782e-20,14.9999506987243
-2.26233076674297e-19,15.1249499464942
-4.54598331638245e-19,15.2499491073077
-6.92020725604171e-19,15.3749482658362
-8.51852519110517e-19,15.4999475450491
-8.08524123374151e-19,15.624946769546
-4.15334101897877e-19,15.7499459154567
4.5641576517417e-19,15.8749450714948
1.85572324842694e-18,15.9999443649098
3.67373996918701e-18,16.1249435676792
5.5654760551557e-18,16.2499427003834
6.89912115859869e-18,16.3749418556233
6.77033471730298e-18,16.4999411351873
4.12203634510607e-18,16.6249403176751
-1.99829570033474e-18,16.7499394387475
-1.20366739379033e-17,16.874938594751
-2.54224705914029e-17,16.9999378475639
-4.0046661167125e-17,17.1249370111474
-5.18920676050553e-17,17.2499361220769
-5.50368492841375e-17,17.3749352803134
-4.22760532862305e-17,17.4999345097951
-6.56704447477947e-18,17.6249336558003
5.66225648509854e-17,17.7499327580014
1.46215717267642e-16,17.8749319198483
2.52151831071452e-16,17.9999311291504
3.52592866909212e-16,18.1249302588523
4.12914723042217e-16,18.2499293536646
3.87894283796491e-16,18.3749285204055
2.28415517106633e-16,18.4999277125504
-1.06504951710142e-16,18.6249268271671
-6.32626493693564e-16,18.7499259158575
-1.32017304058999e-15,18.8749250886938
-2.07414006754738e-15,18.9999242666637
-2.72110919205201e-15,19.1249233673481
-3.01004893835967e-15,19.2499224511087
-2.63503046999546e-15,19.374921631166
-1.28634030552635e-15,19.4999207979476
1.26751077672233e-15,19.6249198857892
5.07118163582001e-15,19.7499189657284
9.86096522603755e-15,19.8749181509388
1.49549061189857e-14,19.9999173095684
1.91894908157312e-14,20.1249163856296
2.0944830306752e-14,20.2499154627925
1.83004053711478e-14,20.3749146438698
9.35311333187378e-15,20.4999137861485
-7.29418191392615e-15,20.6249128515089
-3.19028972897717e-14,20.7499119269612
-6.29066931202264e-14,20.8749111064057
-9.62921219101943e-14,20.9999102325812
-1.25238374981053e-13,21.1249092882683
-1.40236321429507e-13,21.2499083631316
-1.29906085180025e-13,21.3749075434251
-8.26799590870641e-14,21.4999066540624
1.05988011952554e-14,21.624905700824
1.53293997134421e-13,21.7499047760099
3.39185971734096e-13,21.8749039593932
5.48922812736108e-13,21.9999030549812
7.47621183072617e-13,22.1249020932259
8.84709995647993e-13,22.2499011689721
8.9714281495374e-13,22.3749003576983
7.1691014256649e-13,22.4998994395406
2.8329884698291e-13,22.6248984700047
-4.40447341732701e-13,22.7498975462026
-1.44749728315152e-12,22.8748967308007
-2.66754856243688e-12,22.9998958015494
-3.95068033498878e-12,23.1248948265026
-5.05999143515581e-12,23.2498939047404
-5.67856206696015e-12,23.374893075726
-5.43587535291554e-12,23.4998921376862
-3.95722525797507e-12,23.6248911607479
-9.36681996863832e-13,23.7498902461741
3.77018411005701e-12,23.8748893992521
1.004312841298e-11,23.9998884503358
1.73988748333145e-11,24.1248874725227
2.49185038850232e-11,24.2498865702473
3.12255765154398e-11,24.3748856968623
3.45410012884238e-11,24.4998847287153
3.2837284830323e-11,24.6248837424895
2.41060569896421e-11,24.7498828464632
6.73776460780618e-12,24.8748819468254
-2.00083526234058e-11,24.9998809532864
-5.54908521433836e-11,25.1248799441501
-9.72028184350973e-11,25.249879029307
-1.40416807076645e-10,25.3748781367937
-1.78072664456497e-10,25.4998771379477
-2.01026069491577e-10,25.6248761060789
-1.98760596934118e-10,25.7498751451251
-1.60627294498404e-10,25.8748742612537
-7.76112769238177e-11,25.9998733373175
5.54634500487577e-11,26.1248723406998
2.37486068015669e-10,26.249871356387
4.58677184456982e-10,26.3748705011729
6.98690365088538e-10,26.4998696601022
9.25689453717532e-10,26.6248688543103
1.09692446979582e-09,26.7498679825866
1.16128072709493e-09,26.8748671214527
1.06414255107433e-09,26.9998663773688
7.54674041738487e-10,27.1248656565373
1.95281364448413e-10,27.2498649611403
-6.27396909649503e-10,27.3748642889448
-1.69109684380546e-09,27.4998634947849
-2.92771085374262e-09,27.6248626198861
-4.21620729381015e-09,27.7498617305195
-5.3808757182046e-09,27.8748607754679
-6.19705511199956e-09,27.9998597145848
-6.40615571466775e-09,28.1248586179194
-5.74106679057631e-09,28.2498575865247
-3.96192060208651e-09,28.3748566122467
-9.00688384429932e-10,28.4998556292621
3.4886536262664e-09,28.6248547189554
9.07954685928132e-09,28.7498538089599
1.55287696664257e-08,28.8748528446169
2.22471322523912e-08,28.9998518710329
2.83939252682388e-08,29.1248509716008
3.29038297198254e-08,29.2498500737265
3.45533916613224e-08,29.3748490926094
3.20711893381912e-08,29.4998480816022
2.42914098958257e-08,29.6248471101201
1.03447461079854e-08,29.7498461487761
-1.01262501056924e-08,29.8748451348541
-3.67472908583337e-08,29.9998441141093
-6.82146602083644e-08,30.1248431391396
-1.02151842002603e-07,30.2498421883854
-1.35055594194935e-07,30.3748411683255
-1.62365907123049e-07,30.499840116762
-1.78689601722269e-07,30.6248390852569
-1.78197334905449e-07,30.7498381410154
-1.55198643656132e-07,30.8748371327326
-1.04879471073124e-07,30.9998360897998
-2.41630284661796e-08,31.1248350537734
8.7371154367706e-08,31.2498340747787
2.26600614677921e-07,31.3748331626493
3.8611908639102e-07,31.4998321845408
5.53768638016545e-07,31.6248311672676
7.12577915285757e-07,31.7498301483951
8.41230277905859e-07,31.8748291777251
9.15160596013252e-07,31.9998283188681
9.08337282674636e-07,32.1248274904954
7.95724924334633e-07,32.2498265955642
5.56348331543188e-07,32.3748256587689
1.76792844936038e-07,32.4998247146371
-3.45115275781741e-07,32.6248237883169
-9.96790968106476e-07,32.7498228938679
-1.74795015264773e-06,32.8748220249801
-2.54870920498043e-06,32.9998211789776
-3.32919735768204e-06,33.1248203660367
-4.00112070422527e-06,33.2498196126288
-4.46163023006388e-06,33.3748189192583
-4.59970132050616e-06,33.4998183205354
-4.30503640388108e-06,33.6248177730646
-3.47925328680228e-06,33.7498172237982
-2.04884470753785e-06,33.8748166789129
2.09023446082062e-08,33.9998161154269
2.71211706467179e-06,34.1248155731492
5.94203311236712e-06,34.2498149653921
9.55365878475732e-06,34.3748142938221
1.33110176311122e-05,34.4998135622111
1.69004860515221e-05,34.6248127766995
1.99395472787038e-05,34.7498119460821
2.19939116128206e-05,34.8748110821269
2.26034225475451e-05,34.9998101999394
2.13164928247824e-05,35.124809318374
1.77320241624993e-05,35.2498084604949
1.15469102107774e-05,35.3748076540622
2.60633784616543e-06,35.4998068463405
-9.04668497276496e-06,35.6248060417164
-2.31268178431804e-05,35.7498052629242
-3.90715800157022e-05,35.8748045371611
-5.60210677767005e-05,35.9998038964856
-7.28168403877221e-05,36.1248032993696
-8.80239716085746e-05,36.249802683688
-9.99792189892749e-05,36.3748020486659
-0.000106866879137094,36.4998014091783
-0.000106822103318995,36.6248007835524
-9.80593912872059e-05,36.7498001644522
-7.90217066690222e-05,36.8747995279344
-4.85433435935875e-05,36.9997988891231
-6.01740870820463e-06,37.1247982665836
4.84432429687364e-05,37.2497976637051
0.000113864386882937,37.3747970454578
0.00018830158433724,37.4997964271365
0.000268777604508631,37.6247958274643
0.000351278567687529,37.7497952314884
0.000430819219725277,37.8747946219392
0.000501585099309387,37.9997940143341
0.000557156583442897,38.1247934276173
0.000590817014498927,38.2497928373298
0.000595944129602646,38.3747922351124
0.000566480506977767,38.4997916366929
0.00049747318817612,38.6247910612209
0.000385664417262532,38.7497904772174
0.000230106247055735,38.8747898827921
3.27644350736951e-05,38.9997892938632
-0.000200925470557266,39.1247887297644
-0.000461584994779662,39.2497881515937
-0.000735532020819472,39.3747875515763
-0.00100455376659446,39.4997869519003
-0.00124580801834082,39.6247863956812
-0.00143176690015227,39.7497858230155
-0.00152995359513111,39.8747852427381
-0.00150208280766626,39.9997846711269
-0.00130238891281403,40.1247841233392
-0.000875567675579152,40.2497835559598
-0.000155321481928651,40.3747829822761
0.000935889912192359,40.4997824187322
0.0024863174090928,40.6247818749489
0.00459432512632818,40.7497813126758
0.00736781219750926,40.8747807453567
0.0109235932975596,40.9997801895939
0.0153881338329938,41.1247796497027
0.0209026949450773,41.2497790923863
0.0276340280732436,41.3747785312388
0.0357867155611874,41.4997779830134
0.0456117721220092,41.6247774469259
0.0574103104623496,41.7497768944452
0.0715350730394102,41.8747763393096
0.0883930378321392,41.9997757984153
0.108450788686604,42.1247752660966
0.132242744178789,42.2497747183976
0.160381025057307,42.3747741691947
0.193565105465752,42.499773635519
0.232589967241911,42.6247731066119
0.278352964487386,42.7497725633312
0.331859636957137,42.8747720197103
0.394225230903072,42.9997714929377
0.466664792819651,43.1247709678948
0.550466324983453,43.2497704288904
0.646948353745993,43.3747698899301
0.757409041047901,43.4997693681513
0.883074676889779,43.624768847609
1.02505218144703,43.7497683171423
1.18428665712809,43.8747677916451
1.36152329594628,43.9997672891869
1.55727341218194,44.124766831119
1.77178765086434,44.2497663577775
2.00504157829208,44.3747658741966
2.25674051087216,44.4997653936704
2.52634689259279,44.6247649324414
2.81312727460169,44.7497645098491
3.1162101926295,44.8747641484215
3.43464414799791,44.9997638738959
3.76744675336806,45.1247637151578
4.11364078100156,45.2497636418182
4.47227704217563,45.374763565552
4.84244552556334,45.4997634878529
5.22327901794331,45.6247634104479
5.613952316798,45.7497633352428
6.01367950171974,45.8747632642734
6.42171071782519,45.9997631996876
6.83732902975773,46.1247631437977
7.25984728709266,46.2497630992392
7.68860471623426,46.3747630692672
8.12296323912767,46.4997630581974
8.56230463233117,46.6247630581974
9.00603058698734,46.7497630581974
9.45356792770087,46.8747630581974
9.90438002531683,46.9997630581973
10.357982476743,47.1247630581973
10.8139587348281,47.2497630581973
11.2719709393643,47.3747630581972
11.7317628388709,47.4997630581972
12.1931542495512,47.6247630581972
12.6560286930232,47.7497630581972
13.1203169914514,47.8747630581971
13.5859796977369,47.9997630581971
14.0529906536552,48.1247630581971
14.5213231148718,48.249763058197
14.9909390229333,48.374763058197
15.4617813016451,48.499763058197
15.9337686809399,48.624763058197
16.4067926719484,48.7497630581969
16.8807168858692,48.8747630581969
17.3553792808435,48.9997630581969
17.8305974436617,49.1247630581968
18.3061759717114,49.2497630581968
18.7819144962655,49.3747630581968
19.2576152050368,49.4997630581968
19.733089187993,49.6247630581967
20.2081611281741,49.7497630581967
20.6826722723229,49.8747630581967
21.1564823615921,49.9997630581966
21.6294712504536,50.1247630581966
22.1015395927189,50.2497630581966
22.5726067175919,50.3747630581966
23.0426047260581,50.4997630581965
23.5114700399782,50.6247630581965
23.9791350661028,50.7497630581965
24.4455220869113,50.8747630581965
24.9105405899884,50.9997630581964
25.3740880709983,51.1247630581964
25.8360532231303,51.2497630581964
26.2963195266912,51.3747630581963
26.7547674414396,51.4997630581963
27.2112747800508,51.6247630581963
27.6657165577063,51.7497630581963
28.1179661851746,51.8747630581962
28.567899661652,51.9997630581962
29.0154024997597,52.1247630581962
29.4603778053543,52.2497630581961
29.9027551175133,52.3747630581961
30.3424999913756,52.4997630581961
30.7796249061636,52.6247630581961
31.2142011558773,52.749763058196
31.6463726441461,52.874763058196
32.0763721164241,52.999763058196
32.5045400409726,53.1247630581959
32.9313374354797,53.2497630581959
33.3573457909937,53.3747630581959
33.7832562338792,53.4997630581959
34.2098503923174,53.6247630581958
34.6379843082953,53.7497630581958
35.0685728748937,53.8747630581958
35.5025757022245,53.9997630581957
35.9409835771094,54.1247630581957
36.3848050376455,54.2497630581957
36.8350503650744,54.3747630581957
37.2927107160381,54.4997630581956
37.7587284997343,54.6247630581956
38.2339751116967,54.7497630581956
38.7192283075256,54.8747630581955
39.2151499157463,54.9997630581955
39.7222536038646,55.1247630581955
40.2408798983562,55.2497630581955
40.771171827267,55.3747630581954
41.3130511197757,55.4997630581954
41.8662102346226,55.6247630581954
42.4301175146957,55.7497630581953
43.0040548407476,55.8747630581953
43.5871497179827,55.9997630581953
44.1784232507313,56.1247630581953
44.7768013563538,56.2497630581952
45.3811425072962,56.3747630581952
45.9902329578093,56.4997630581952
46.6027720567895,56.6247630581951
47.2173602198253,56.7497630581951
47.8325227936325,56.8747630581951
48.4467024143989,56.9997630581951
49.0582866345874,57.124763058195
49.6657451477243,57.249763058195
50.2676552952712,57.374763058195
50.8626413174627,57.4997630581949
51.4494506337238,57.6247630581949
52.0269526701995,57.7497630581949
52.5941010103561,57.8747630581949
53.1499045901696,57.9997630581948
53.6932556848332,58.1247630581948
54.2229071159077,58.2497630581948
54.7375415904157,58.3747630581947
55.2363393755012,58.4997630581947
55.7190888646541,58.6247630581947
56.185580580585,58.7497630581947
56.6354216929672,58.8747630581946
57.0681238510856,58.9997630581946
57.4832375637963,59.1247630581946
57.880270719182,59.2497630581945
58.2587876109289,59.3747630581945
58.6184066505987,59.4997630581945
58.9588152565425,59.6247630581945
59.2798837643132,59.7497630581944
59.5815760214575,59.8747630581944
59.8639237899857,59.9997630581944
60.1269687800826,60.1247630581943
60.3709441045808,60.2497630581943
60.5967200895274,60.3747630581943
60.8062433359881,60.4997630581943
61.0021040067644,60.6247630581942
61.1869722633677,60.7497630581942
61.3632298763371,60.8747630581942
61.5328206906662,60.9997630581941
61.6971301970788,61.1247630581941
61.8570128566199,61.2497630581941
62.012758402271,61.3747630581941
62.164109268292,61.499763058194
62.3103077644456,61.624763058194
62.4501795461579,61.749763058194
62.5823616029529,61.8747630581939
62.7052666899838,61.9997630581939
62.8172207731786,62.1247630581939
62.9165906957794,62.2497630581939
63.0018685991199,62.3747630581938
63.0719036081293,62.4997630581938
63.1258953670103,62.6247630581938
63.1635224346471,62.7497630581937
63.1849526270283,62.8747630581937
63.1909785550266,62.9997630581937
63.1832671241567,63.1247630581937
63.1646252974095,63.2497630581936
63.1389058381706,63.3747630581936
63.1105392622301,63.4997630581936
63.0839543727397,63.6247630581936
63.063189124752,63.7497630581935
63.0519105793254,63.8747630581935
63.0533442488163,63.9997630581935
63.0700665849532,64.1247630581934
63.1038398812723,64.2497630581934
63.1556039804968,64.3747630581934
63.2259873398149,64.4997630581934
63.3155595260389,64.6247630581933
63.4247463727481,64.7497630581933
63.5537731176974,64.8747630581933
63.7022487773899,64.9997630581932
63.8687449377162,65.1247630581932
64.0513806384627,65.2497630581932
64.2486548884698,65.3747630581932
64.4598579951268,65.4997630581931
64.6844735552198,65.6247630581931
64.9221764718015,65.7497630581931
65.1725669913931,65.874763058193
65.4351576044994,65.999763058193
65.7093412112919,66.124763058193
65.9944161335064,66.249763058193
66.2901713134059,66.3747630581929
66.5960020527047,66.4997630581929
66.9108407709239,66.6247630581929
67.2331600413355,66.7497630581928
67.561044105211,66.8747630581928
67.8926884813113,66.9997630581928
68.2263363243224,67.1247630581928
68.5602447906345,67.2497630581927
68.8928286998469,67.3747630581927
69.2228664390111,67.4997630581927
69.5494988161155,67.6247630581926
69.8718879585115,67.7497630581926
70.189053937156,67.8747630581926
70.4998497911729,67.9997630581926
70.8030828998568,68.1247630581925
71.0973468763977,68.2497630581925
71.3812127070867,68.3747630581925
71.653344468644,68.4997630581924
71.9126167911556,68.6247630581924
72.1579683606221,68.7497630581924
72.3884150605713,68.8747630581924
72.6031671388188,68.9997630581923
72.8014133934748,69.1247630581923
72.982298117079,69.2497630581923
73.1448280124967,69.3747630581922
73.2880083825309,69.4997630581922
73.4110628539385,69.6247630581922
73.5136475920828,69.7497630581922
73.5953867230913,69.8747630581921
73.655859508628,69.9997630581921
73.694611247951,70.1247630581921
73.7112237207873,70.249763058192
73.7054058104945,70.374763058192
73.6773246442415,70.499763058192
73.6276989916473,70.624763058192
73.5579823597653,70.7497630581919
73.4699165198236,70.8747630581919
73.3652174597775,70.9997630581919
73.2455752146842,71.1247630581918
73.1126878884,71.2497630581918
72.9682246727986,71.3747630581918
72.8137404761419,71.4997630581918
72.6506600053571,71.6247630581917
72.4803647032187,71.7497630581917
72.3042517578146,71.8747630581917
72.1239090268377,71.9997630581916
71.9411969945353,72.1247630581916
71.7582304654338,72.2497630581916
71.5770587757391,72.3747630581916
71.3993833135517,72.4997630581915
71.226487210624,72.6247630581915
71.0591629971898,72.7497630581915
70.8976277945062,72.8747630581914
70.7417916032152,72.9997630581914
70.5910010913734,73.1247630581914
70.4439179038633,73.2497630581914
70.2988131832115,73.3747630581913
70.1538910323629,73.4997630581913
70.0073928168763,73.6247630581913
69.8576096815739,73.7497630581912
69.7028990074258,73.8747630581912
69.5417762607251,73.9997630581912
69.3728243217747,74.1247630581912
69.1947688489647,74.2497630581911
69.0064741559624,74.3747630581911
68.8069475159383,74.4997630581911
68.5953235871132,74.624763058191
68.37077946693,74.749763058191
68.1325808255843,74.874763058191
67.8803268399327,74.999763058191
67.6141035770945,75.1247630581909
67.3344363149199,75.2497630581909
67.0423980570735,75.3747630581909
66.7398846236048,75.4997630581909
66.4294420864908,75.6247630581908
66.1137756523554,75.7497630581908
65.7953468754538,75.8747630581908
65.4762950466296,75.9997630581907
65.1584299254413,76.1247630581907
64.8432364217865,76.2497630581907
64.5318679469932,76.3747630581907
64.2251650307612,76.4997630581906
63.9235890796808,76.6247630581906
63.6273819989834,76.7497630581906
63.3366865278203,76.8747630581905
63.0515895978982,76.9997630581905
62.7721676894968,77.1247630581905
62.4985555791147,77.2497630581905
62.2310281391363,77.3747630581904
61.9698730770247,77.4997630581904
61.7152381541129,77.6247630581904
61.4671168748957,77.7497630581903
61.2252164859124,77.8747630581903
60.9889709226027,77.9997630581903
60.7574475087955,78.1247630581903
60.5294690104825,78.2497630581902
60.3038488614142,78.3747630581902
60.0791843808602,78.4997630581902
59.8538114999652,78.6247630581901
59.6260548784755,78.7497630581901
59.3943018163075,78.8747630581901
59.1569317331736,78.9997630581901
58.9122991537731,79.12476305819
58.6587738194668,79.24976305819
58.3946941206915,79.37476305819
58.1183288179944,79.4997630581899
57.8278199116677,79.6247630581899
57.5211703331459,79.7497630581899
57.1967631594479,79.8747630581899
56.8537871224462,79.9997630581898
56.491567869877,80.1247630581898
56.1099917403928,80.2497630581898
55.710489881009,80.3747630581897
55.2963691045863,80.4997630581897
54.8724182851091,80.6247630581897
54.4441115166541,80.7497630581897
54.0169625440915,80.8747630581896
53.595989031167,80.9997630581896
53.1855070016626,81.1247630581896
52.7891784620934,81.2497630581895
52.4100127748978,81.3747630581895
52.0505553886179,81.4997630581895
51.7130582380517,81.6247630581895
51.3995510798825,81.7497630581894
51.1122214458444,81.8747630581894
50.8535839640996,81.9997630581894
50.6262676204593,82.1247630581893
50.4327332064942,82.2497630581893
50.275432430036,82.3747630581893
50.1564888653653,82.4997630581893
50.0774741660304,82.6247630581892
50.0395772858846,82.7497630581892
50.0440774075812,82.8747630581892
50.0918443444375,82.9997630581891
50.1826567288645,83.1247630581891
50.3161636572009,83.2497630581891
50.4912601687364,83.3747630581891
50.7059989407595,83.499763058189
50.9578233045698,83.624763058189
51.2439768882435,83.749763058189
51.5619445390556,83.8747630581889
51.9098122855412,83.9997630581889
52.2856539053926,84.1247630581889
52.6867169848397,84.2497630581889
53.1098892490483,84.3747630581888
53.552294129093,84.4997630581888
54.0108511843045,84.6247630581888
54.4820203391052,84.7497630581887
54.9614847696238,84.8747630581887
55.4445652374528,84.9997630581887
55.9266659979012,85.1247630581887
56.4035519881692,85.2497630581886
56.8712079184824,85.3747630581886
57.3253990015997,85.4997630581886
57.7629952167429,85.6247630581885
58.1808390267442,85.7497630581885
58.5762075535059,85.8747630581885
58.9465093075741,85.9997630581885
59.2893685844952,86.1247630581884
59.6021538353358,86.2497630581884
59.8820009879141,86.3747630581884
60.1255368276349,86.4997630581883
60.3290350516511,86.6247630581883
60.4889059244181,86.7497630581883
60.6052086931107,86.8747630581883
60.6828586846544,86.9997630581882
60.728416858992,87.1247630581882
60.7475364622426,87.2497630581882
60.7439294583285,87.3747630581882
60.7196473120201,87.4997630581881
60.6749038629475,87.6247630581881
60.6099154741197,87.7497630581881
60.5251991386565,87.874763058188
60.4218703812761,87.999763058188
60.302147945363,88.124763058188
60.1672270308969,88.249763058188
60.0179082119588,88.3747630581879
59.8536884795756,88.4997630581879
59.6737078303464,88.6247630581879
59.4759822180374,88.7497630581878
59.2588067484719,88.8747630581878
59.02019311121,88.9997630581878
58.7591357453827,89.1247630581878
58.4764397654556,89.2497630581877
58.1741378458179,89.3747630581877
57.8554183372679,89.4997630581877
57.523966436779,89.6247630581876
57.1846910476062,89.7497630581876
56.8439717034928,89.8747630581876
56.5091079050588,89.9997630581876
56.1884704321581,90.1247630581875
55.8917762828681,90.2497630581875
55.6312345711402,90.3747630581875
55.4216440781726,90.4997630581874
55.2781349144831,90.6247630581874
55.2130993772737,90.7497630581874
55.2357100252475,90.8747630581874
55.3508526437689,90.9997630581873
55.5603084862738,91.1247630581873
55.862051719163,91.2497630581873
56.2491768983942,91.3747630581872
56.7103918774548,91.4997630581872
57.2314453625871,91.6247630581872
57.7974900177163,91.7497630581872
58.3942514961538,91.8747630581871
59.0080876359169,91.9997630581871
59.62558984542,92.1247630581871
60.2340710712642,92.249763058187
60.8223715468731,92.374763058187
61.3816669110825,92.499763058187
61.9056756245287,92.624763058187
62.3871103675113,92.7497630581869
62.8079149616997,92.8747630581869
63.1322665907739,92.9997630581869
63.3159460373106,93.1247630581868
63.3341852092749,93.2497630581868
63.1894387516771,93.3747630581868
62.8953651328293,93.4997630581868
62.4682274694978,93.6247630581867
61.9243912576571,93.7497630581867
61.2780439804647,93.8747630581867
60.5410021147913,93.9997630581866
59.7239283147756,94.1247630581866
58.8386106147669,94.2497630581866
57.8952270161879,94.3747630581866
56.9023874796169,94.4997630581865
55.893442860633,94.6247630581865
54.9243657322125,94.7497630581865
54.0415096868906,94.8747630581864
53.2734423482966,94.9997630581864
52.6358893156459,95.1247630581864
52.1375219021345,95.2497630581864
51.7825800329557,95.3747630581863
51.57000909138,95.4997630581863
51.4927702425354,95.6247630581863
51.536641950188,95.7497630581862
51.6896538078595,95.8747630581862
51.9438602565206,95.9997630581862
52.2915786025691,96.1247630581862
52.7256925808387,96.2497630581861
53.238132114609,96.3747630581861
53.8220230486319,96.4997630581861
54.4720533721016,96.624763058186
55.1857526695467,96.749763058186
55.9624447118726,96.874763058186
56.7999449894098,96.999763058186
57.6972828085083,97.1247630581859
58.6511631220692,97.2497630581859
59.6542358609634,97.3747630581859
60.6991695850314,97.4997630581858
61.7763625432112,97.6247630581858
62.8741430353326,97.7497630581858
63.9836121528149,97.8747630581858
65.0978678870549,97.9997630581857
66.2127238867545,98.1247630581857
67.3268057094477,98.2497630581857
68.4383383264931,98.3747630581856
69.5461550395308,98.4997630581856
70.6504329505383,98.6247630581856
71.7511268454829,98.7497630581856
72.8477708466166,98.8747630581855
73.9402317269044,98.9997630581855
75.0282994537277,99.1247630581855
76.1112786163948,99.2497630581855
77.1885422783546,99.3747630581854
78.2597507695176,99.4997630581854
79.3243741561578,99.6247630581854
80.38143243476,99.7497630581853
81.4293921566575,99.8747630581853
82.4661565837755,99.9997630581853
83.4895723377138,100.124763058185
84.4979786304079,100.249763058185
85.4905934814071,100.374763058185
86.467311546418,100.499763058185
87.4283564006351,100.624763058185
88.373975305206,100.749763058185
89.3039607065848,100.874763058185
90.2180532952424,100.999763058185
91.1157130307558,101.124763058185
91.9939128858317,101.249763058185
92.8426995514889,101.374763058185
93.6437228820321,101.499763058185
94.3740278703578,101.624763058185
95.0123435454583,101.749763058185
95.5413718335113,101.874763058185
95.9466399891167,101.999763058185
96.2159429373872,102.124763058185
96.3386956478675,102.249763058185
96.3058217828828,102.374763058185
96.1094731011653,102.499763058185
95.7428425479836,102.624763058185
95.1968576083621,102.749763058185
94.4524408908395,102.874763058185
93.4920805288218,102.999763058185
92.3361097294173,103.124763058185
91.0380611518838,103.249763058185
89.6549497893424,103.374763058185
88.2343800110984,103.499763058184
86.8130891847053,103.624763058184
85.4187682146512,103.749763058184
84.0724492854315,103.874763058184
82.7886009724629,103.999763058184
81.5760788625804,104.124763058184
80.4397438634613,104.249763058184
79.3814932305183,104.374763058184
78.4007534870058,104.499763058184
77.4952405713309,104.624763058184
76.6614713998249,104.749763058184
75.8952285062373,104.874763058184
75.1917709556317,104.999763058184
74.5463148747908,105.124763058184
73.9542803154158,105.249763058184
73.4115007550944,105.374763058184
72.9144170237174,105.499763058184
72.4602301119805,105.624763058184
72.0465540970483,105.749763058184
71.6707000742721,105.874763058184
71.3297398179933,105.999763058184
71.0208156208352,106.124763058184
70.7412630979505,106.249763058184
70.4885220623788,106.374763058184
70.2608315091877,106.499763058184
70.0569022030764,106.624763058184
69.8754526984414,106.749763058184
69.7148615117596,106.874763058184
69.57372246021,106.999763058184
69.4503996011347,107.124763058184
69.343161766458,107.249763058184
69.2504949835607,107.374763058184
69.1713035976546,107.499763058184
69.1046299676397,107.624763058184
69.0492234027087,107.749763058184
69.0035852483325,107.874763058183
68.9664882509704,107.999763058183
68.9378391257389,108.124763058183
68.9180535644831,108.249763058183
68.9068906080877,108.374763058183
68.904279508629,108.499763058183
68.9110907956123,108.624763058183
68.92895490992,108.749763058183
68.9602326799584,108.874763058183
69.0076641250757,108.999763058183
69.0740190865106,109.124763058183
69.1623174967236,109.249763058183
69.2762209743669,109.374763058183
69.4202050735337,109.499763058183
69.5985683164409,109.624763058183
69.8147000265223,109.749763058183
70.07031858833,109.874763058183
70.365749667885,109.999763058183
70.7007286184051,110.124763058183
71.0744291741618,110.249763058183
71.484929378779,110.374763058183
71.9290334394464,110.499763058183
72.4033065441144,110.624763058183
72.9044403586959,110.749763058183
73.4296964717789,110.874763058183
73.9767988844802,110.999763058183
74.5435663797545,111.124763058183
75.1271289560165,111.249763058183
75.7242556389015,111.374763058183
76.3321305287159,111.499763058183
76.9477722479351,111.624763058183
77.5670073104328,111.749763058183
78.184052807837,111.874763058183
78.7916325817395,111.999763058183
79.3815379081981,112.124763058183
79.9453517581941,112.249763058182
80.474273242266,112.374763058182
80.9589021788115,112.499763058182
81.3898997274058,112.624763058182
81.7582651991718,112.749763058182
82.0559412860636,112.874763058182
82.2753839784327,112.999763058182
82.4089866606137,113.124763058182
82.4473216618034,113.249763058182
82.3817510456599,113.374763058182
82.2142969082831,113.499763058182
81.9580246377065,113.624763058182
81.6291860115219,113.749763058182
81.2437148369662,113.874763058182
80.8171619719255,113.999763058182
80.3641551837473,114.124763058182
79.8975376008807,114.249763058182
79.4279811386991,114.374763058182
78.963970788621,114.499763058182
78.5119795066772,114.624763058182
78.0774148160806,114.749763058182
77.6647589969234,114.874763058182
77.2775072424444,114.999763058182
76.9170309267796,115.124763058182
76.5824645028411,115.249763058182
76.2711875191988,115.374763058182
75.9797916755032,115.499763058182
75.7053743583618,115.624763058182
75.4449380821243,115.749763058182
75.1954323337083,115.874763058182
74.9541837358846,115.999763058182
74.7188069271694,116.124763058182
74.4870035113015,116.249763058182
74.2569191817741,116.374763058182
74.0268745791032,116.499763058182
73.7941030910907,116.624763058182
73.5552700310955,116.749763058181
73.308587255657,116.874763058181
73.0519474919172,116.999763058181
72.782238649665,117.124763058181
72.4988947631818,117.249763058181
72.2010555713373,117.374763058181
71.8867097281904,117.499763058181
71.5559379633351,117.624763058181
71.2099857821776,117.749763058181
70.8481512291193,117.874763058181
70.4713872056369,117.999763058181
70.0819632104894,118.124763058181
69.6805608194299,118.249763058181
69.2691614122242,118.374763058181
68.8507882997507,118.499763058181
68.4269089115364,118.624763058181
67.9997080258429,118.749763058181
67.5712277774223,118.874763058181
67.1416847444517,118.999763058181
66.7110788762662,119.124763058181
66.2763313434974,119.249763058181
65.8329328486509,119.374763058181
65.3770354087324,119.499763058181
64.9048940149946,119.624763058181
64.4158381080019,119.749763058181
63.908834954189,119.874763058181
63.386931078377,119.999763058181
62.8555769066531,120.124763058181
62.3210827040684,120.249763058181
61.791470048592,120.374763058181
61.2768201361288,120.499763058181
60.7916184167602,120.624763058181
60.3558915583834,120.749763058181
59.9911985631988,120.874763058181
59.7151063437404,120.999763058181
59.5424637948627,121.12476305818
59.4899671820535,121.24976305818
59.5708438759719,121.37476305818
59.7902799105902,121.49976305818
60.1471250648606,121.62476305818
60.6357699731885,121.74976305818
61.2476949191083,121.87476305818
61.9723763483928,121.99976305818
62.7972228548879,122.12476305818
63.7085480629749,122.24976305818
64.6920388232642,122.37476305818
65.7343767499822,122.49976305818
66.823616359538,122.62476305818
67.9484963241563,122.74976305818
69.0987084372265,122.87476305818
70.2652230370437,122.99976305818
71.4412513347824,123.12476305818
72.6223623152104,123.24976305818
73.8051325590981,123.37476305818
74.9865621931932,123.49976305818
76.1638252750674,123.62476305818
77.3336662357188,123.74976305818
78.4925342445795,123.87476305818
79.6360891424734,123.99976305818
80.7593966114958,124.12476305818
81.8569323301987,124.24976305818
82.9230835654935,124.37476305818
83.953080053904,124.49976305818
84.943972416329,124.62476305818
85.8944898984396,124.74976305818
86.8042792285787,124.87476305818
87.6738895459527,124.99976305818
88.5048474571446,125.12476305818
89.2984083361117,125.24976305818
90.0554199839294,125.37476305818
90.7762255483956,125.499763058179
91.4613922501812,125.624763058179
92.1116578668887,125.749763058179
92.7286088275866,125.874763058179
93.3136085174206,125.999763058179
93.8674650383166,126.124763058179
94.3920575397671,126.249763058179
94.8887591740036,126.374763058179
95.3579698978378,126.499763058179
95.7985156904049,126.624763058179
96.2047389801217,126.749763058179
96.565638799528,126.874763058179
96.8678718091706,126.999763058179
97.0994420443698,127.124763058179
97.2495200829717,127.249763058179
97.3084822531788,127.374763058179
97.2737149455986,127.499763058179
97.145851770745,127.624763058179
96.9257389864106,127.749763058179
96.6148133135277,127.874763058179
96.2138897225164,127.999763058179
95.7235780356992,128.124763058179
95.1459729418397,128.249763058179
94.4842966234933,128.374763058179
93.7427448496679,128.499763058179
92.9254739534611,128.624763058179
92.0372377748335,128.749763058179
91.0880884735038,128.874763058179
90.0964787574753,128.999763058179
89.0832886139691,129.124763058179
88.0657381950825,129.249763058179
87.0545758527999,129.374763058179
86.0568877894947,129.499763058179
85.0767461486943,129.624763058179
84.115199708728,129.749763058179
83.1717318411729,129.874763058178
82.24438489487,129.999763058178
81.3305181022949,130.124763058178
80.4272563586621,130.249763058178
79.5332889570862,130.374763058178
78.6494504494696,130.499763058178
77.7792130619187,130.624763058178
76.927293824649,130.749763058178
76.0988211752311,130.874763058178
75.2995099100806,130.999763058178
74.5331091203431,131.124763058178
73.8015560150959,131.249763058178
73.1075206448014,131.374763058178
72.452788918579,131.499763058178
71.8379970464246,131.624763058178
71.2624557304892,131.749763058178
70.7239343720854,131.874763058178
70.2185555175501,131.999763058178
69.7413621377941,132.124763058178
69.2872182303599,132.249763058178
68.8510964692387,132.374763058178
68.4271248138266,132.499763058178
68.0087022179133,132.624763058178
67.5898246312229,132.749763058178
67.1661120072188,132.874763058178
66.7346702179506,132.999763058178
66.293069267133,133.124763058178
65.8392092882798,133.249763058178
65.3734355195385,133.374763058178
64.9017462180355,133.499763058178
64.4360608944994,133.624763058178
63.9910066333466,133.749763058178
63.5817052721325,133.874763058178
63.2218065550234,133.999763058178
62.9210467014394,134.124763058178
62.6844585669748,134.249763058177
62.5138776199181,134.374763058177
62.4097230895504,134.499763058177
62.3716170788131,134.624763058177
62.3985104235816,134.749763058177
62.4888905674468,134.874763058177
62.6407473465756,134.999763058177
62.8516089043345,135.124763058177
63.1188300784571,135.249763058177
63.4397810559158,135.374763058177
63.8115146749712,135.499763058177
64.2301367162343,135.624763058177
64.6915383627693,135.749763058177
65.1915769993665,135.874763058177
65.7251984872124,135.999763058177
66.2875535904855,136.124763058177
66.8744074944273,136.249763058177
67.4819101191849,136.374763058177
68.1053217135189,136.499763058177
68.7372005078315,136.624763058177
69.3666405866789,136.749763058177
69.9796916843155,136.874763058177
70.5611726336697,136.999763058177
71.0978556068331,137.124763058177
71.5793083681687,137.249763058177
71.9975030730844,137.374763058177
72.3463409050723,137.499763058177
72.622207322664,137.624763058177
72.8230336559584,137.749763058177
72.9478127492722,137.874763058177
72.9963253929101,137.999763058177
72.9691802925114,138.124763058177
72.8669836402794,138.249763058177
72.6886681595672,138.374763058177
72.4315070472404,138.499763058177
72.1003284616284,138.624763058176
71.7120611254714,138.749763058176
71.290518619313,138.874763058176
70.8601029550716,138.999763058176
70.4438998312689,139.124763058176
70.0624168754157,139.249763058176
69.7311011520518,139.374763058176
69.4592480781078,139.499763058176
69.2502419706796,139.624763058176
69.1048741990266,139.749763058176
69.0221199705866,139.874763058176
68.9984070050661,139.999763058176
69.0300703967117,140.124763058176
69.1141335730338,140.249763058176
69.247570786593,140.374763058176
69.4284187075346,140.499763058176
69.6552785506635,140.624763058176
69.9258223047952,140.749763058176
70.2375093495074,140.874763058176
70.5882357844678,140.999763058176
70.9755204505891,141.124763058176
71.3961471623083,141.249763058176
71.846263569058,141.374763058176
72.3216543852661,141.499763058176
72.818245689727,141.624763058176
73.3315982266475,141.749763058176
73.8565849623921,141.874763058176
74.3879266237616,141.999763058176
74.9209209507618,142.124763058176
75.4514692943778,142.249763058176
75.9762767052972,142.374763058176
76.4933661653116,142.499763058176
77.0019545028224,142.624763058176
77.501944365003,142.749763058176
77.992964168898,142.874763058176
78.473262918133,142.999763058175
78.9390573512484,143.124763058175
79.3847988464429,143.249763058175
79.8034517209236,143.374763058175
80.1879947681498,143.499763058175
80.5324288664233,143.624763058175
80.831752535823,143.749763058175
81.0820239559435,143.874763058175
81.2805632809655,143.999763058175
81.4257628785142,144.124763058175
81.5166583134463,144.249763058175
81.5531413998334,144.374763058175
81.534883997343,144.499763058175
81.4607560158234,144.624763058175
81.3278802332664,144.749763058175
81.1346952588931,144.874763058175
80.8878172759582,144.999763058175
80.6004531816888,145.124763058175
80.2868236704492,145.249763058175
79.9584213502584,145.374763058175
79.6239047286861,145.499763058175
79.2890014314659,145.624763058175
78.9574610721069,145.749763058175
78.6318582032129,145.874763058175
78.3136227070288,145.999763058175
78.0039527387343,146.124763058175
77.7038951937534,146.249763058175
77.413851429482,146.374763058175
77.1344014671771,146.499763058175
76.8655072025752,146.624763058175
76.6060343757686,146.749763058175
76.3546989781101,146.874763058175
76.1092834344241,146.999763058175
75.867402331942,147.124763058175
75.6267314527977,147.249763058175
75.3846379203224,147.374763058174
75.1382879651984,147.499763058174
74.8857166566514,147.624763058174
74.6249216618338,147.749763058174
74.3542209648671,147.874763058174
74.0710270709087,147.999763058174
73.7717188547037,148.124763058174
73.4536690015256,148.249763058174
73.1152096016763,148.374763058174
72.7500010618913,148.499763058174
72.3546405756843,148.624763058174
71.9250751269596,148.749763058174
71.4558641916783,148.874763058174
70.9416604779071,148.999763058174
70.3776611786351,149.124763058174
69.756876553885,149.249763058174
69.0736024321708,149.374763058174
68.32303216088,149.499763058174
67.5001476691043,149.624763058174
66.602474904123,149.749763058174
65.6295029147456,149.874763058174
64.5830491374309,149.999763058174
63.4681484368,150.124763058174
62.2935085327114,150.249763058174
61.0715300143574,150.374763058174
59.8182984202859,150.499763058174
58.5530054498813,150.624763058174
57.297107902224,150.749763058174
56.0727095222244,150.874763058174
54.901580299274,150.999763058174
53.8063620149877,151.124763058174
52.8128879088205,151.249763058174
51.9466494962781,151.374763058174
51.2257981240762,151.499763058174
50.6604029906557,151.624763058174
50.2538624854692,151.749763058173
50.00507838922,151.874763058173
49.9096732485136,151.999763058173
49.9614249395324,152.124763058173
50.1536453980652,152.249763058173
50.4796060420319,152.374763058173
50.9318801864999,152.499763058173
51.5028235856251,152.624763058173
52.1843576603616,152.749763058173
52.9688644903332,152.874763058173
53.8488674087479,152.999763058173
54.8170888059724,153.124763058173
55.8660817753628,153.249763058173
56.98833815962,153.374763058173
58.1764784244054,153.499763058173
59.4225682409489,153.624763058173
60.7171456183463,153.749763058173
62.0496859468553,153.874763058173
63.4096329001312,153.999763058173
64.7868816968041,154.124763058173
66.1718396547716,154.249763058173
67.5560293258847,154.374763058173
68.9327973528404,154.499763058173
70.2975414126567,154.624763058173
71.6474518594027,154.749763058173
72.9808372867237,154.874763058173
74.2967951689162,154.999763058173
75.5950216602002,155.124763058173
76.8756175971027,155.249763058173
78.1388441206738,155.374763058173
79.3850804551458,155.499763058173
80.614842098575,155.624763058173
81.8287680756857,155.749763058173
83.0276798109666,155.874763058173
84.2125529629072,155.999763058173
85.3841225194572,156.124763058173
86.54261064619,156.249763058172
87.6876959366672,156.374763058172
88.8185860578893,156.499763058172
89.9344563640696,156.624763058172
91.034592822076,156.749763058172
92.1185906610777,156.874763058172
93.1861913990139,156.999763058172
94.2371411140739,157.124763058172
95.271100428261,157.249763058172
96.2876999928831,157.374763058172
97.2861580856059,157.499763058172
98.264221311928,157.624763058172
99.2178218465002,157.749763058172
100.14082112385,157.874763058172
101.025847991098,157.999763058172
101.866364352412,158.124763058172
102.656169142512,158.249763058172
103.389447847608,158.374763058172
104.060258944429,158.499763058172
104.663161132969,158.624763058172
105.191938935664,158.749763058172
105.639791164341,158.874763058172
105.999605000928,158.999763058172
106.264221081345,159.124763058172
106.423581728654,159.249763058172
106.46248019695,159.374763058172
106.370492354066,159.499763058172
106.15153806126,159.624763058172
105.818843191445,159.749763058172
105.386778543269,159.874763058172
104.869155091451,159.999763058172
104.276757779202,160.124763058172
103.619063826132,160.249763058172
102.904434584492,160.374763058172
102.139179306571,160.499763058172
101.326706110719,160.624763058171
100.466053621179,160.749763058171
99.5529740722959,160.874763058171
98.5832955156832,160.999763058171
97.5540571878547,161.124763058171
96.4649611073603,161.249763058171
95.3184227171699,161.374763058171
94.1192913142956,161.499763058171
92.8740798059112,161.624763058171
91.5895015721692,161.749763058171
90.2740017889608,161.874763058171
88.9377371679128,161.999763058171
87.5945954630899,162.124763058171
86.2657193054783,162.249763058171
84.9779799076674,162.374763058171
83.7603379020111,162.499763058171
82.6405865051798,162.624763058171
81.6428962879612,162.749763058171
80.7846298589812,162.874763058171
80.0762113839563,162.999763058171
79.522042776922,163.124763058171
79.1230670616154,163.249763058171
78.8773907122801,163.374763058171
78.7798893638248,163.499763058171
78.82213344508,163.624763058171
78.9921800239078,163.749763058171
79.2758669441752,163.874763058171
79.6588383813344,163.999763058171
80.1279399991865,164.124763058171
80.6718490216876,164.249763058171
81.2811239388405,164.374763058171
81.9476573511869,164.499763058171
82.6641233195003,164.624763058171
83.4231109520839,164.749763058171
84.2176058353977,164.874763058171
85.0409629918662,164.99976305817
85.8863101302989,165.12476305817
86.7468498369937,165.24976305817
87.6169317679247,165.37476305817
88.4922900100183,165.49976305817
89.3691763830623,165.62476305817
90.2426458678293,165.74976305817
91.1054800314676,165.87476305817
91.9471013406212,165.99976305817
92.7522761316939,166.12476305817
93.5011459494442,166.24976305817
94.1686186100622,166.37476305817
94.7212681964249,166.49976305817
95.1216590558411,166.62476305817
95.339643107661,166.74976305817
95.3559957641825,166.87476305817
95.1584958367606,166.99976305817
94.7380670885706,167.12476305817
94.0858986311568,167.24976305817
93.1860038349651,167.37476305817
92.0176613463697,167.49976305817
90.5808241857344,167.62476305817
88.8966117932795,167.74976305817
86.9970287899336,167.87476305817
84.944714193324,167.99976305817
82.8467242782622,168.12476305817
80.8065537402417,168.24976305817
78.8916938018773,168.37476305817
77.1419443126056,168.49976305817
75.5797393661643,168.62476305817
74.2162083744247,168.74976305817
73.0517015613714,168.87476305817
72.0779869361591,168.99976305817
71.2842242583346,169.12476305817
70.6582193881548,169.24976305817
70.184399622631,169.374763058169
69.8436651540011,169.499763058169
69.6151998803286,169.624763058169
69.4783166911525,169.749763058169
69.4140597198089,169.874763058169
69.406727922967,169.999763058169
69.4425258339577,170.124763058169
69.5104652317936,170.249763058169
69.6036334672969,170.374763058169
69.7177450591568,170.499763058169
69.8495954155568,170.624763058169
69.9957570825879,170.749763058169
70.1523633345651,170.874763058169
70.3142631120783,170.999763058169
70.4765341676764,171.124763058169
70.6359866602123,171.249763058169
70.7929264264852,171.374763058169
70.9510949323657,171.499763058169
71.117334689731,171.624763058169
71.2984664080379,171.749763058169
71.5000975875454,171.874763058169
71.7272338633196,171.999763058169
71.9849267905616,172.124763058169
72.2774370107267,172.249763058169
72.6074234036494,172.374763058169
72.9762784056917,172.499763058169
73.3834783562378,172.624763058169
73.8270326528309,172.749763058169
74.3030166976224,172.874763058169
74.802779987437,172.999763058169
75.3121874147938,173.124763058169
75.8143728650165,173.249763058169
76.2926559642954,173.374763058169
76.732933113444,173.499763058169
77.1236835670822,173.624763058169
77.454471512593,173.749763058168
77.7150390439913,173.874763058168
77.8966803129024,173.999763058168
77.9922549871096,174.124763058168
77.9957792658563,174.249763058168
77.9003941047988,174.374763058168
77.693349841423,174.499763058168
77.3657467206828,174.624763058168
76.9318278086594,174.749763058168
76.4190505939436,174.874763058168
75.8545121764783,174.999763058168
75.2605051423938,175.124763058168
74.6535538762063,175.249763058168
74.0459001776969,175.374763058168
73.4473373089676,175.499763058168
72.863669389793,175.624763058168
72.2997169050923,175.749763058168
71.7584154301612,175.874763058168
71.2395322343512,175.999763058168
70.7440178833929,176.124763058168
70.2724401041045,176.249763058168
69.8225981085315,176.374763058168
69.3927354083584,176.499763058168
68.9811288785311,176.624763058168
68.5839514495065,176.749763058168
68.1968724911286,176.874763058168
67.8178064603839,176.999763058168
67.444575511894,177.124763058168
67.0735815103794,177.249763058168
66.7024809219065,177.374763058168
66.3302979548685,177.499763058168
65.9549275392271,177.624763058168
65.5744848996414,177.749763058168
65.1888280483649,177.874763058168
64.7974276822947,177.999763058168
64.3991132046655,178.124763058168
63.9951726354399,178.249763058167
63.5860188988625,178.374763058167
63.1717932732518,178.499763058167
62.754883775724,178.624763058167
62.3365851223533,178.749763058167
61.9173942136471,178.874763058167
61.4992334629028,178.999763058167
61.0825567386065,179.124763058167
60.6669777725866,179.249763058167
60.2525474283045,179.374763058167
59.8373041270219,179.499763058167
59.4185758154738,179.624763058167
58.9939348914776,179.749763058167
58.5568127701985,179.874763058167
58.102359016697,179.999763058167
57.6287734102219,180.124763058167
57.1319787481896,180.249763058167
56.6114199733795,180.374763058167
56.0698330311502,180.499763058167
55.509758311613,180.624763058167
54.9355689086695,180.749763058167
54.3554379433443,180.874763058167
53.778635607564,180.999763058167
53.219455789743,181.124763058167
52.6997295100908,181.249763058167
52.2433891595719,181.374763058167
51.8733626617803,181.499763058167
51.6099279525823,181.624763058167
51.4648284522831,181.749763058167
51.4427596812686,181.874763058167
51.5468907311313,181.999763058167
51.7760284127032,182.124763058167
52.1251772156486,182.249763058167
52.5918180040976,182.374763058167
53.1722061690644,182.499763058167
53.8583957425776,182.624763058166
54.6436083570996,182.749763058166
55.5205224147733,182.874763058166
56.4784901738698,182.999763058166
57.5072847455984,183.124763058166
58.5982096788562,183.249763058166
59.7416679369816,183.374763058166
60.9295749542372,183.499763058166
62.1556731510985,183.624763058166
63.4133655813254,183.749763058166
64.6976881166021,183.874763058166
66.0050060952348,183.999763058166
67.3320127101705,184.124763058166
68.674912830737,184.249763058166
70.029101919158,184.374763058166
71.3894920425158,184.499763058166
72.7507467327634,184.624763058166
74.1075273270639,184.749763058166
75.4545161181216,184.874763058166
76.786777596732,184.999763058166
78.100028165399,185.124763058166
79.3907085956185,185.249763058166
80.6561096744855,185.374763058166
81.8938271282259,185.499763058166
83.1018355974678,185.624763058166
84.2791114591477,185.749763058166
85.4256290367797,185.874763058166
86.5416134661438,185.999763058166
87.6269486592501,186.124763058166
88.6814871560556,186.249763058166
89.7055849347976,186.374763058166
90.6987044931854,186.499763058166
91.6606635749844,186.624763058166
92.5911429371145,186.749763058166
93.4900678852708,186.874763058166
94.3570869357108,186.999763058165
95.1913843290247,187.124763058165
95.9920257177455,187.249763058165
96.757843116056,187.374763058165
97.4883635393731,187.499763058165
98.1828090400924,187.624763058165
98.8399637172301,187.749763058165
99.4581521543279,187.874763058165
100.037664659155,187.999763058165
100.58093902284,188.124763058165
101.091583255491,188.249763058165
101.573296152944,188.374763058165
102.02880356817,188.499763058165
102.459465602821,188.624763058165
102.866796595063,188.749763058165
103.251337582554,188.874763058165
103.612923588814,188.999763058165
103.950980496684,189.124763058165
104.262457178575,189.249763058165
104.543816729358,189.374763058165
104.790487716973,189.499763058165
104.997539848243,189.624763058165
105.161229768709,189.749763058165
105.278840366698,189.874763058165
105.347369462269,189.999763058165
105.365153482759,190.124763058165
105.332290589317,190.249763058165
105.247913232423,190.374763058165
105.110962224876,190.499763058165
104.919929996111,190.624763058165
104.673935382427,190.749763058165
104.372262262577,190.874763058165
104.011828158745,190.999763058165
103.58873074505,191.124763058165
103.103995852904,191.249763058165
102.564547098487,191.374763058164
101.972553031705,191.499763058164
101.336321502164,191.624763058164
100.665454957958,191.749763058164
99.9651046593544,191.874763058164
99.2408339154683,191.999763058164
98.4996937684676,192.124763058164
97.7460561411401,192.249763058164
96.9849361659035,192.374763058164
96.2206178340956,192.499763058164
95.4558140686689,192.624763058164
94.691427961645,192.749763058164
93.9267302970788,192.874763058164
93.1604530580137,192.999763058164
92.392936015542,193.124763058164
91.6271559575611,193.249763058164
90.8694676296402,193.374763058164
90.126617655908,193.499763058164
89.4037357683571,193.624763058164
88.7047957731588,193.749763058164
88.0326411766288,193.874763058164
87.3898236710287,193.999763058164
86.779429604916,194.124763058164
86.2050149195214,194.249763058164
85.6707954770674,194.374763058164
85.1817510493667,194.499763058164
84.7411358275215,194.624763058164
84.3488933239442,194.749763058164
84.0031449314204,194.874763058164
83.6999669183007,194.999763058164
83.4337198351877,195.124763058164
83.1977845086769,195.249763058164
82.9857434542903,195.374763058164
82.7919916244297,195.499763058164
82.6120768548178,195.624763058164
82.4429916460736,195.749763058163
82.2801339413345,195.874763058163
82.1170349436612,195.999763058163
81.9464751378241,196.124763058163
81.7613047896622,196.249763058163
81.5553165841224,196.374763058163
81.3230617411325,196.499763058163
81.0588059215629,196.624763058163
80.7567450867927,196.749763058163
80.4144914022422,196.874763058163
80.0356652082634,196.999763058163
79.6284526342739,197.124763058163
79.2027603644301,197.249763058163
78.7676908011096,197.374763058163
78.3323963296881,197.499763058163
77.9031369295539,197.624763058163
77.4849288711472,197.749763058163
77.081892799616,197.874763058163
76.6963740354864,197.999763058163
76.3278006297223,198.124763058163
75.9744346763605,198.249763058163
75.6347313575095,198.374763058163
75.3085235474665,198.499763058163
74.9980414983704,198.624763058163
74.6991876161421,198.749763058163
74.4047246333398,198.874763058163
74.1094822132772,198.999763058163
73.8116691547132,199.124763058163
73.5093125831425,199.249763058163
73.2016672438613,199.374763058163
72.8867102039716,199.499763058163
72.5619996150293,199.624763058163
72.2246613977702,199.749763058163
71.8700451671264,199.874763058163
71.4914533854838,199.999763058163
71.0812408070819,200.124763058163
70.6328581506834,200.249763058162
70.1415253639655,200.374763058162
69.6040395937951,200.499763058162
69.0180815923895,200.624763058162
68.3814763080814,200.749763058162
67.6939796713493,200.874763058162
66.9614168147889,200.999763058162
66.1949211316903,201.124763058162
65.4065854405668,201.249763058162
64.6082889940678,201.374763058162
63.8114452998632,201.499763058162
63.0267012715491,201.624763058162
62.263830081142,201.749763058162
61.5318331570063,201.874763058162
60.8387521652548,201.999763058162
60.1911939379297,202.124763058162
59.5931187961354,202.249763058162
59.0458200107885,202.374763058162
58.5483068668622,202.499763058162
58.0974816993722,202.624763058162
57.6894780515995,202.749763058162
57.3205347663575,202.874763058162
56.9871417907436,202.999763058162
56.6860043213974,203.124763058162
56.4140206306283,203.249763058162
56.1681624391485,203.374763058162
55.9456359694564,203.499763058162
55.743744129255,203.624763058162
55.5598152597882,203.749763058162
55.3910335862867,203.874763058162
55.2347981229733,203.999763058162
55.0890082290778,204.124763058162
54.9527394171158,204.249763058162
54.8262940531653,204.374763058162
54.7109910188668,204.499763058162
54.6090649456784,204.624763058161
54.5234620763134,204.749763058161
54.4575915722136,204.874763058161
54.4153676607874,204.999763058161
54.4018976046495,205.124763058161
54.4238048358562,205.249763058161
54.4888706586218,205.374763058161
54.6050277205656,205.499763058161
54.7794722837164,205.624763058161
55.0180169458412,205.749763058161
55.3249006388621,205.874763058161
55.7026456784484,205.999763058161
56.1521077544364,206.124763058161
56.672745852881,206.249763058161
57.2628983968028,206.374763058161
57.9199839306506,206.499763058161
58.6407417920397,206.624763058161
59.4214909617025,206.749763058161
60.2581229678411,206.874763058161
61.1460792231816,206.999763058161
62.0805785949433,207.124763058161
63.0565085708544,207.249763058161
64.068494422291,207.374763058161
65.1109880871779,207.499763058161
66.1786336360634,207.624763058161
67.2663191617698,207.749763058161
68.369306905538,207.874763058161
69.4832307509357,207.999763058161
70.6041287255413,208.124763058161
71.728320179508,208.249763058161
72.8517078870111,208.374763058161
73.9697575323382,208.499763058161
75.0774909742433,208.624763058161
76.1695675794005,208.749763058161
77.2404894656286,208.874763058161
78.2846928784593,208.99976305816
79.2966993882374,209.12476305816
80.2720889422139,209.24976305816
81.2067251160859,209.37476305816
82.0964411480568,209.49976305816
82.9363914748851,209.62476305816
83.7230020580697,209.74976305816
84.4541045497576,209.87476305816
85.1268273218612,209.99976305816
85.7384341467818,210.12476305816
86.285876163815,210.24976305816
86.7663679792255,210.37476305816
87.180411908641,210.49976305816
87.5322633595814,210.62476305816
87.8280851880735,210.74976305816
88.0746164821955,210.87476305816
88.2787292296858,210.99976305816
88.4473023766416,211.12476305816
88.5862490926982,211.24976305816
88.7002843632151,211.37476305816
88.7933048991416,211.49976305816
88.8685708006883,211.62476305816
88.9287776051139,211.74976305816
88.9762003640961,211.87476305816
89.0124376814624,211.99976305816
89.0381672801894,212.12476305816
89.0533685170072,212.24976305816
89.0576675833226,212.37476305816
89.0501248925458,212.49976305816
89.0289709936002,212.62476305816
88.9921183922145,212.74976305816
88.9378420280143,212.87476305816
88.8642211368729,212.99976305816
88.7693668078745,213.12476305816
88.6511230960012,213.24976305816
88.5076029323065,213.374763058159
88.337009337127,213.499763058159
88.1374795849063,213.624763058159
87.9067958450252,213.749763058159
87.6426473724072,213.874763058159
87.3422217710969,213.999763058159
87.0017404850614,214.124763058159
86.6161325833337,214.249763058159
86.1789239916027,214.374763058159
85.6814386427043,214.499763058159
85.1114287944696,214.624763058159
84.4523459660514,214.749763058159
83.6861455196054,214.874763058159
82.7986262077912,214.999763058159
81.7808795675452,215.124763058159
80.6278502707231,215.249763058159
79.3353320204346,215.374763058159
77.8964214083014,215.499763058159
76.2968334362717,215.624763058159
74.5198899105618,215.749763058159
72.5761921079751,215.874763058159
70.5231531430297,215.999763058159
68.438401481852,216.124763058159
66.3997949610268,216.249763058159
64.4731076981261,216.374763058159
62.7115670750404,216.499763058159
61.1553626523788,216.624763058159
59.8304565984347,216.749763058159
58.7487966727945,216.874763058159
57.9129020210454,216.999763058159
57.3194479293235,217.124763058159
56.9595631792923,217.249763058159
56.8187558134398,217.374763058159
56.8774176850167,217.499763058159
57.1131854399032,217.624763058159
57.5032043626396,217.749763058158
58.0257763745669,217.874763058158
58.661593436317,217.999763058158
59.3943376310007,218.124763058158
60.2102019734231,218.249763058158
61.0958946253582,218.374763058158
62.0400978611594,218.499763058158
63.0356028895403,218.624763058158
64.0768003392646,218.749763058158
65.1573380575672,218.874763058158
66.269255788649,218.999763058158
67.4032003405885,219.124763058158
68.5488952165018,219.249763058158
69.6954222545097,219.374763058158
70.8317730406677,219.499763058158
71.947049111242,219.624763058158
73.0314549150535,219.749763058158
74.0772372763096,219.874763058158
75.07802179093,219.999763058158
76.0285159164634,220.124763058158
76.9240975631735,220.249763058158
77.7596819710948,220.374763058158
78.5315909235382,220.499763058158
79.2415638143824,220.624763058158
79.8955672740172,220.749763058158
80.5004629834913,220.874763058158
81.062429325529,220.999763058158
81.5852556687237,221.124763058158
82.0711189433731,221.249763058158
82.5239985679073,221.374763058158
82.9483115910141,221.499763058158
83.3470232382538,221.624763058158
83.7239617823432,221.749763058158
84.0819182070461,221.874763058158
84.4210031655489,221.999763058158
84.7433049603585,222.124763058157
85.0514458324392,222.249763058157
85.3390764122748,222.374763058157
85.5917683548151,222.499763058157
85.7935283983385,222.624763058157
85.9266027160534,222.749763058157
85.9791252945595,222.874763058157
85.9524094928521,222.999763058157
85.8517063374169,223.124763058157
85.6813950468948,223.249763058157
85.4458319433951,223.374763058157
85.1492196866192,223.499763058157
84.7967011384248,223.624763058157
84.3954356300553,223.749763058157
83.954019404039,223.874763058157
83.4811004468527,223.999763058157
82.9858572134759,224.124763058157
82.4774686313968,224.249763058157
81.969792454816,224.374763058157
81.485353832794,224.499763058157
81.0473439685261,224.624763058157
80.6712972235467,224.749763058157
80.3651687497261,224.874763058157
80.1329676755623,224.999763058157
79.9754708322066,225.124763058157
79.8909850152511,225.249763058157
79.8761982932224,225.374763058157
79.9269592105167,225.499763058157
80.0372246702553,225.624763058157
80.1999096610433,225.749763058157
80.4099779068704,225.874763058157
80.6640284157165,225.999763058157
80.9595826764436,226.124763058157
81.294825974513,226.249763058157
81.6685671681676,226.374763058157
82.0803396497634,226.499763058157
82.5293435462511,226.624763058156
83.0147870737385,226.749763058156
83.5355158233157,226.874763058156
84.09069445324,226.999763058156
84.6816109501999,227.124763058156
85.3103580612316,227.249763058156
85.9735754175195,227.374763058156
86.6605218351483,227.499763058156
87.3575586211571,227.624763058156
88.0497730083883,227.749763058156
88.7209187530945,227.874763058156
89.3537917419922,227.999763058156
89.9312987972632,228.124763058156
90.4383530398988,228.249763058156
90.8617866715516,228.374763058156
91.1900321415902,228.499763058156
91.4126215215794,228.624763058156
91.5212203925909,228.749763058156
91.509178755601,228.874763058156
91.3716739335924,228.999763058156
91.1046583899718,229.124763058156
90.7002939698594,229.249763058156
90.1429637933496,229.374763058156
89.4260603121131,229.499763058156
88.5741687575976,229.624763058156
87.636220691645,229.749763058156
86.6611707642303,229.874763058156
85.6859584785872,229.999763058156
84.7364778071304,230.124763058156
83.8287415953765,230.249763058156
82.9722884139937,230.374763058156
82.1714298215273,230.499763058156
81.4272641404361,230.624763058156
80.7398957008548,230.749763058156
80.1082864766145,230.874763058156
79.52995258999,230.999763058155
79.0026485875749,231.124763058155
78.524476438408,231.249763058155
78.094320987561,231.374763058155
77.7079664299767,231.499763058155
77.3527760120418,231.624763058155
77.0198247047148,231.749763058155
76.7050962446446,231.874763058155
76.4066429020889,231.999763058155
76.1198542125905,232.124763058155
75.8415959840134,232.249763058155
75.5689481378437,232.374763058155
75.299343991404,232.499763058155
75.0312117546647,232.624763058155
74.7634475394266,232.749763058155
74.4919089352149,232.874763058155
74.2087046639605,232.999763058155
73.9056142776803,233.124763058155
73.5770979407834,233.249763058155
73.2186786242255,233.374763058155
72.8270851010168,233.499763058155
72.3996127023149,233.624763058155
71.9314882771465,233.749763058155
71.4183438858866,233.874763058155
70.8578723796069,233.999763058155
70.256494103037,234.124763058155
69.6271495803573,234.249763058155
68.9814043092094,234.374763058155
68.3249894708301,234.499763058155
67.6657475175072,234.624763058155
67.0106389608287,234.749763058155
66.3661193948066,234.874763058155
65.7388756007073,234.999763058155
65.1361207834147,235.124763058155
64.5642850085895,235.249763058155
64.0279764128501,235.374763058154
63.5302025275364,235.499763058154
63.0724223267751,235.624763058154
62.65434489694,235.749763058154
62.2744142638105,235.874763058154
61.93040604763,235.999763058154
61.6197071972972,236.124763058154
61.3394145712356,236.249763058154
61.0850109864857,236.374763058154
60.8515673863983,236.499763058154
60.6349733857475,236.624763058154
60.4316316412169,236.749763058154
60.237433567823,236.874763058154
60.0490429041756,236.999763058154
59.8636149482413,237.124763058154
59.6794416763969,237.249763058154
59.4957073803512,237.374763058154
59.3120869071278,237.499763058154
59.1292521242102,237.624763058154
58.9481898869958,237.749763058154
58.7706731365179,237.874763058154
58.598848404515,237.999763058154
58.4349443424309,238.124763058154
58.2806884992546,238.249763058154
58.1364786879262,238.374763058154
58.0024505731171,238.499763058154
57.8789470583985,238.624763058154
57.7662243291646,238.749763058154
57.6645626355426,238.874763058154
57.5729288110079,238.999763058154
57.4894531693579,239.124763058154
57.4120634715703,239.249763058154
57.339077273855,239.374763058154
57.2682695852491,239.499763058154
57.1968939529136,239.624763058154
57.1221308351394,239.749763058153
57.0407983150958,239.874763058153
56.9497470689177,239.999763058153
56.8462089150752,240.124763058153
56.7294616682006,240.249763058153
56.5993460599158,240.374763058153
56.4563195524769,240.499763058153
56.3017240798611,240.624763058153
56.1371972794631,240.749763058153
55.9643700582551,240.874763058153
55.7852657532122,240.999763058153
55.602138226363,241.124763058153
55.4168126691301,241.249763058153
55.2308840968676,241.374763058153
55.0462471246665,241.499763058153
54.863971528708,241.624763058153
54.6844505933439,241.749763058153
54.5079793724786,241.874763058153
54.3354684789743,241.999763058153
54.1679983893322,242.124763058153
54.0070481353063,242.249763058153
53.8539507269493,242.374763058153
53.7101364448341,242.499763058153
53.5772945249238,242.624763058153
53.457342734927,242.749763058153
53.3522983328238,242.874763058153
53.2642947893957,242.999763058153
53.1958303486832,243.124763058153
53.1500157656665,243.249763058153
53.1307210951855,243.374763058153
53.1427554773282,243.499763058153
53.1919176765951,243.624763058153
53.2848394886558,243.749763058153
53.4280506381974,243.874763058153
53.6269249164327,243.999763058153
53.8853931718878,244.124763058152
54.2063280337608,244.249763058152
54.5918415106297,244.374763058152
55.0436285032368,244.499763058152
55.5635233571722,244.624763058152
56.1542260437442,244.749763058152
56.8193350751868,244.874763058152
57.561978345363,244.999763058152
58.3835019119575,245.124763058152
59.2831213384245,245.249763058152
60.2578910125877,245.374763058152
61.3025245138835,245.499763058152
62.4094631783327,245.624763058152
63.5697205743034,245.749763058152
64.7741861256634,245.874763058152
66.0140185406612,245.999763058152
67.2814327054182,246.124763058152
68.5696428789185,246.249763058152
69.8731674864567,246.374763058152
71.1874547687066,246.499763058152
72.5085815744147,246.624763058152
73.8330477082768,246.749763058152
75.1576896579806,246.874763058152
76.4798015675998,246.999763058152
77.7971335043062,247.124763058152
79.1078508015732,247.249763058152
80.4103572949907,247.374763058152
81.7033823917873,247.499763058152
82.9858961057339,247.624763058152
84.2571463041524,247.749763058152
85.5166264491174,247.874763058152
86.7640436976303,247.999763058152
87.9992663108384,248.124763058152
89.2222659538394,248.249763058152
90.4330857870064,248.374763058152
91.6318248086626,248.499763058152
92.8186169979065,248.624763058151
93.9935932225358,248.749763058151
95.1567115891006,248.874763058151
96.3076649100744,248.999763058151
97.4459541025653,249.124763058151
98.5706754616989,249.249763058151
99.6804741000194,249.374763058151
100.77377194077,249.499763058151
101.849092053593,249.624763058151
102.905385974649,249.749763058151
103.941733015851,249.874763058151
104.957280343402,249.999763058151
105.951119060893,250.124763058151
106.92290970778,250.249763058151
107.872913494448,250.374763058151
108.80181400585,250.499763058151
109.71003090707,250.624763058151
110.595183104032,250.749763058151
111.449480912901,250.874763058151
112.260465770386,250.999763058151
113.014109870529,251.124763058151
113.69634891196,251.249763058151
114.293233710456,251.374763058151
114.790619278117,251.499763058151
115.174977269108,251.624763058151
115.43336801235,251.749763058151
115.554062932752,251.874763058151
115.526098407678,251.999763058151
115.338364170827,252.124763058151
114.977983878872,252.249763058151
114.427595638826,252.374763058151
113.671898414469,252.499763058151
112.713656833078,252.624763058151
111.573066175645,252.749763058151
110.27527261606,252.874763058151
108.843600712209,252.99976305815
107.297422930333,253.12476305815
105.654781009816,253.24976305815
103.937927886391,253.37476305815
102.173393085574,253.49976305815
100.38849179769,253.62476305815
98.6077671555794,253.74976305815
96.8524168838767,253.87476305815
95.1415143575832,253.99976305815
93.490747724125,254.12476305815
91.9126364355847,254.24976305815
90.4164282325382,254.37476305815
89.0060547488528,254.49976305815
87.6853967679504,254.62476305815
86.4570725883108,254.74976305815
85.3234160441694,254.87476305815
84.283881659109,254.99976305815
83.3357998232095,255.12476305815
82.4758086570766,255.24976305815
81.6974077346276,255.37476305815
80.9968846560024,255.49976305815
80.3731549400331,255.62476305815
79.8254281811993,255.74976305815
79.3527889489688,255.87476305815
78.9538753910645,255.99976305815
78.626992489682,256.12476305815
78.3706111163841,256.24976305815
78.1827583628953,256.37476305815
78.0606312630869,256.49976305815
78.0018634139696,256.62476305815
78.0041928917916,256.749763058149
78.0650707872751,256.874763058149
78.1813360302216,256.999763058149
78.3486622192563,257.124763058149
78.5630354048445,257.249763058149
78.8210771742534,257.374763058149
79.1185144357846,257.499763058149
79.4512393119421,257.624763058149
79.8161403508895,257.749763058149
80.2094062079507,257.874763058149
80.6264053100344,257.999763058149
81.0624602491234,258.124763058149
81.5138040106486,258.249763058149
81.9758785732227,258.374763058149
82.4432254987759,258.499763058149
82.911368816127,258.624763058149
83.3759061316809,258.749763058149
83.8318798118755,258.874763058149
84.2738240834005,258.999763058148
84.6966907731186,259.124763058148
85.0955327607456,259.249763058148
85.4650325661712,259.374763058148
85.7997568393898,259.499763058148
86.0944273648454,259.624763058148
86.3458874965265,259.749763058148
86.5526382777586,259.874763058148
86.7137920627946,259.999763058148
86.8282000929574,260.124763058148
86.895153472588,260.249763058148
86.9143948671406,260.374763058148
86.8869684806296,260.499763058148
86.8139411579278,260.624763058148
86.696701077134,260.749763058148
86.5376640480016,260.874763058148
86.3405018102636,260.999763058148
86.1094471699064,261.124763058147
85.8495924410959,261.249763058147
85.566933118565,261.374763058147
85.2677949357492,261.499763058147
84.9589807520881,261.624763058147
84.6480695838739,261.749763058147
84.3416119116606,261.874763058147
84.0448819842156,261.999763058147
83.7630165257759,262.124763058147
83.501024365522,262.249763058147
83.2638163595259,262.374763058147
83.0533903046777,262.499763058147
82.8706484238415,262.624763058147
82.7155773344953,262.749763058147
82.5860588058453,262.874763058147
82.4796808384141,262.999763058147
82.3943983389831,263.124763058147
82.3273899179041,263.249763058147
82.2761480304402,263.374763058146
82.2382055145148,263.499763058146
82.2120234242609,263.624763058146
82.194617095793,263.749763058146
82.1836544700948,263.874763058146
82.1770661200704,263.999763058146
82.1731790546309,264.124763058146
82.170636218998,264.249763058146
82.1683540411236,264.374763058146
82.165385648326,264.499763058146
82.1607571227828,264.624763058146
82.1537802536488,264.749763058146
82.1441889090766,264.874763058146
82.1321507651436,264.999763058146
82.1176545870795,265.124763058146
82.09980638856,265.249763058146
82.0771196577127,265.374763058146
82.0479029106221,265.499763058146
82.0104844689978,265.624763058145
81.9634991022229,265.749763058145
81.9059167879994,265.874763058145
81.8372330499006,265.999763058145
81.7571281033153,266.124763058145
81.6653064981273,266.249763058145
81.5614678656797,266.374763058145
81.4452293367978,266.499763058145
81.3153268702314,266.624763058145
81.1693454264944,266.749763058145
81.0039189061668,266.874763058145
80.8152092434201,266.999763058145
80.5995210687335,267.124763058145
80.3537121825681,267.249763058145
80.0750462446198,267.374763058145
79.7609211199154,267.499763058145
79.4084549615334,267.624763058145
79.0144546121251,267.749763058144
78.5782953690666,267.874763058144
78.1042708623127,267.999763058144
77.5998196033412,268.124763058144
77.0731000020005,268.249763058144
76.5314117923313,268.374763058144
75.9813339129152,268.499763058144
75.4283475104195,268.624763058144
74.8778149386152,268.749763058144
74.3357487272737,268.874763058144
73.8067643289564,268.999763058144
73.2939329346456,269.124763058144
72.8000082900778,269.249763058144
72.32725732568,269.374763058144
71.8774499600072,269.499763058144
71.451784397742,269.624763058144
71.0514983986763,269.749763058144
70.6782487291508,269.874763058144
70.3338970628943,269.999763058143
70.0214457985951,270.124763058143
69.7443534838533,270.249763058143
69.505317342378,270.374763058143
69.3050446290316,270.499763058143
69.1423103283033,270.624763058143
69.0149797835334,270.749763058143
68.92040029441,270.874763058143
68.8566982164868,270.999763058143
68.8226502202656,271.124763058143
68.8174055677506,271.249763058143
68.8398247474378,271.374763058143
68.8886630000212,271.499763058143
68.9623275534428,271.624763058143
69.0582572753426,271.749763058143
69.1731002860509,271.874763058143
69.3025280608668,271.999763058143
69.4418612885306,272.124763058142
69.5864604006988,272.249763058142
69.731533852044,272.374763058142
69.8731637832977,272.499763058142
70.0074535866632,272.624763058142
70.1304474354659,272.749763058142
70.2380068512771,272.874763058142
70.326095017213,272.999763058142
70.3912982539833,273.124763058142
70.4299997402469,273.249763058142
70.4389213505721,273.374763058142
70.4146846994012,273.499763058142
70.3533473628242,273.624763058142
70.2516534985689,273.749763058142
70.1066265506687,273.874763058142
69.9166930691772,273.999763058142
69.6820311487256,274.124763058142
69.4044952598878,274.249763058142
69.0868397928315,274.374763058141
68.7325302633809,274.499763058141
68.3451769316026,274.624763058141
67.9275111091277,274.749763058141
67.4815111280253,274.874763058141
67.008587362481,274.999763058141
66.5109612805327,275.124763058141
65.9915167377953,275.249763058141
65.4543168857927,275.374763058141
64.9030939024247,275.499763058141
64.3420861139135,275.624763058141
63.7742042157928,275.749763058141
63.2035391019,275.874763058141
62.6338402850576,275.999763058141
62.0687806040172,276.124763058141
61.5140192774354,276.249763058141
60.9759974578976,276.374763058141
60.4623549804882,276.499763058141
59.9820428949593,276.62476305814
59.5441460066345,276.74976305814
59.1573377133765,276.87476305814
58.8303892761056,276.99976305814
58.5728436451842,277.12476305814
58.3947956563915,277.24976305814
58.3070775732344,277.37476305814
58.3184862141264,277.49976305814
58.4336629657018,277.62476305814
58.6530136639723,277.74976305814
58.9741922470503,277.87476305814
59.3932839708516,277.99976305814
59.9052849436803,278.12476305814
60.5042472498679,278.24976305814
61.1834368390819,278.37476305814
61.9358811594025,278.49976305814
62.7543366200708,278.62476305814
63.6313930990183,278.749763058139
64.5595294541583,278.874763058139
65.5312287841809,278.999763058139
66.5380720535383,279.124763058139
67.5717362831402,279.249763058139
68.6245156698548,279.374763058139
69.6891999648876,279.499763058139
70.7588330660851,279.624763058139
71.8264132867882,279.749763058139
72.8849078961057,279.874763058139
73.9271983867139,279.999763058139
74.9469828727537,280.124763058139
75.9376552090003,280.249763058139
76.8912891940882,280.374763058139
77.7993293770902,280.499763058139
78.6541704153548,280.624763058139
79.4493223712154,280.749763058139
80.1802814586723,280.874763058139
80.8444939164575,280.999763058138
81.4402750217038,281.124763058138
81.9662889120354,281.249763058138
82.4219580870243,281.374763058138
82.807489693145,281.499763058138
83.1235264881402,281.624763058138
83.3710071551368,281.749763058138
83.5504763024719,281.874763058138
83.6614856405205,281.999763058138
83.7029078965591,282.124763058138
83.6808852708436,282.249763058138
83.6118016793385,282.374763058138
83.5155443908893,282.499763058138
83.410454898454,282.624763058138
83.3117168017432,282.749763058138
83.2310390763554,282.874763058138
83.1766716778054,282.999763058138
83.1541669139351,283.124763058137
83.1666995802944,283.249763058137
83.2160864466263,283.374763058137
83.3028518735285,283.499763058137
83.4265653914416,283.624763058137
83.5861854781671,283.749763058137
83.7799193956903,283.874763058137
84.0058159368841,283.999763058137
84.2611855979891,284.124763058137
84.5439274314347,284.249763058137
84.8512620365212,284.374763058137
85.1811563626774,284.499763058137
85.5319489167232,284.624763058137
85.9016592071992,284.749763058137
86.289191874075,284.874763058137
86.6931983584535,284.999763058137
87.1131794519829,285.124763058137
87.5492226730533,285.249763058137
88.0018068395382,285.374763058136
88.4706413778509,285.499763058136
88.9531105376614,285.624763058136
89.4442909454443,285.749763058136
89.9369372591733,285.874763058136
90.4223043063225,285.999763058136
90.8913529082436,286.124763058136
91.3343044672966,286.249763058136
91.7412185959741,286.374763058136
92.1023213294317,286.499763058136
92.4082753483698,286.624763058136
92.650546519491,286.749763058136
92.8208280169555,286.874763058136
92.9102917950569,286.999763058136
92.9072050587888,287.124763058136
92.7970020485742,287.249763058136
92.5695514764826,287.374763058136
92.2241316704143,287.499763058135
91.7653073904123,287.624763058135
91.1990368976813,287.749763058135
90.5313347788188,287.874763058135
89.7680460091665,287.999763058135
88.9149227308676,288.124763058135
87.9783242031455,288.249763058135
86.966037500669,288.374763058135
85.8859609055784,288.499763058135
84.7442008930288,288.624763058135
83.5458564329902,288.749763058135
82.2972602902513,288.874763058135
81.0055709258198,288.999763058135
79.6791721983072,289.124763058135
78.3278604005329,289.249763058135
76.9647359608384,289.374763058135
75.6028162068976,289.499763058135
74.2529046661641,289.624763058135
72.9202524277294,289.749763058134
71.6055166218634,289.874763058134
70.3066692526476,289.999763058134
69.0199285154061,290.124763058134
67.7407237165954,290.249763058134
66.4631244221187,290.374763058134
65.1797802105713,290.499763058134
63.8845209487407,290.624763058134
62.577260767503,290.749763058134
61.2637989512768,290.874763058134
59.9534767690189,290.999763058134
58.6572897365974,291.124763058134
57.3869863810472,291.249763058134
56.1550421979069,291.374763058134
54.9736798578686,291.499763058134
53.8538679030955,291.624763058134
52.8042426754147,291.749763058134
51.8306714861705,291.874763058134
50.9349692909911,291.999763058133
50.1157733111734,292.124763058133
49.3701749600733,292.249763058133
48.6931691293108,292.374763058133
48.0788426760032,292.499763058133
47.521154272193,292.624763058133
47.0148104224171,292.749763058133
46.5552929639802,292.874763058133
46.1389305190896,292.999763058133
45.7623109148611,293.124763058133
45.4223542814225,293.249763058133
45.1164720141817,293.374763058133
44.8420959125711,293.499763058133
44.5986680137186,293.624763058133
44.3879452534658,293.749763058133
44.213302367976,293.874763058133
44.0781731847786,293.999763058133
43.9846737912275,294.124763058132
43.9338954570599,294.249763058132
43.9269755200791,294.374763058132
43.9653869603483,294.499763058132
44.0501814854004,294.624763058132
44.1813130022674,294.749763058132
44.3576743853422,294.874763058132
44.5776299659511,294.999763058132
44.8397771245591,295.124763058132
45.1431059718894,295.249763058132
45.4865084961571,295.374763058132
45.8682538752875,295.499763058132
46.2862073680509,295.624763058132
46.738616662862,295.749763058132
47.2242914893877,295.874763058132
47.7423487571737,295.999763058132
48.2924184135339,296.124763058132
48.8745233694914,296.249763058132
49.4884610795329,296.374763058131
50.1338935818511,296.499763058131
50.8106010712042,296.624763058131
51.5185961139528,296.749763058131
52.2579817088498,296.874763058131
53.0288649183359,296.999763058131
53.8312441063096,297.124763058131
54.664761793417,297.249763058131
55.528648817127,297.374763058131
56.4218411819184,297.499763058131
57.3428268400564,297.624763058131
58.2895666685078,297.749763058131
59.259541696687,297.874763058131
60.2500387117836,297.999763058131
61.2585033770692,298.124763058131
62.2826267590868,298.249763058131
63.3203695523538,298.374763058131
64.3699533426589,298.49976305813
65.4297220588319,298.62476305813
66.4980945087156,298.74976305813
67.5737395809672,298.87476305813
68.6556105532487,298.99976305813
69.7428102872779,299.12476305813
70.8345896085459,299.24976305813
71.9299506175939,299.37476305813
73.0274818309932,299.49976305813
74.1263278804015,299.62476305813
75.2255753768452,299.74976305813
76.3240173118435,299.87476305813
77.4203666257907,299.99976305813
78.5131357904166,300.12476305813
79.6003754446827,300.24976305813
80.6801501960018,300.37476305813
81.7505514899412,300.49976305813
82.8100565975028,300.62476305813
83.8576377029319,300.749763058129
84.8930502700533,300.874763058129
85.9165342404083,300.999763058129
86.9282776387977,301.124763058129
87.9279071760556,301.249763058129
88.9145117988255,301.374763058129
89.886804351115,301.499763058129
90.8431728579483,301.624763058129
91.7802414863725,301.749763058129
92.692222016685,301.874763058129
93.5717888760938,301.999763058129
94.4115875802378,302.124763058129
95.2053336837856,302.249763058129
95.9468338480789,302.374763058129
96.6299910625366,302.499763058129
97.2482536308889,302.624763058129
97.7950117303152,302.749763058129
98.2648773634667,302.874763058129
98.6522145140869,302.999763058128
98.9495641183371,303.124763058128
99.1465386274971,303.249763058128
99.2369449329257,303.374763058128
99.2269070322138,303.499763058128
99.1312291321374,303.624763058128
98.9664190044546,303.749763058128
98.7474797880574,303.874763058128
98.4867361571387,303.999763058128
98.1935631047161,304.124763058128
97.8763388992993,304.249763058128
97.541157250097,304.374763058128
97.1934412069075,304.499763058128
96.8369765383774,304.624763058128
96.4747392154267,304.749763058128
96.1068636233808,304.874763058128
95.7321693297487,304.999763058128
95.3498614499957,305.124763058127
94.9576157364121,305.249763058127
94.5547988703444,305.374763058127
94.1383467859012,305.499763058127
93.7062630344348,305.624763058127
93.2582935931189,305.749763058127
92.7895947347486,305.874763058127
92.2988780252818,305.999763058127
91.7860789909523,306.124763058127
91.2457209597224,306.249763058127
90.6758010214445,306.374763058127
90.0749400864366,306.499763058127
89.437729260469,306.624763058127
88.7628864194383,306.749763058127
88.0490173273241,306.874763058127
87.2925390914294,306.999763058127
86.4929084498976,307.124763058127
85.6481604164179,307.249763058127
84.7584457048602,307.374763058126
83.8243288122689,307.499763058126
82.8484819419009,307.624763058126
81.8336269785789,307.749763058126
80.7835391161162,307.874763058126
79.7021518976856,307.999763058126
78.5954468597989,308.124763058126
77.472087149431,308.249763058126
76.3416971745071,308.374763058126
75.2145007466183,308.499763058126
74.0993274002355,308.624763058126
73.0035496154803,308.749763058126
71.9353980362258,308.874763058126
70.9065243110442,308.999763058126
69.9264785412215,309.124763058126
69.0081798554737,309.249763058126
68.1660841246126,309.374763058126
67.4129113870773,309.499763058125
66.7633468838055,309.624763058125
66.2266650853113,309.749763058125
65.8071004510963,309.874763058125
65.5114381502985,309.999763058125
65.3370402947827,310.124763058125
65.2790619624755,310.249763058125
65.3318615769708,310.374763058125
65.484865852219,310.499763058125
65.7299047673682,310.624763058125
66.0604241918594,310.749763058125
66.4684380654325,310.874763058125
66.9460130993589,310.999763058125
67.4843129116361,311.124763058125
68.0748598251954,311.249763058125
68.7101511601069,311.374763058125
69.3838990148831,311.499763058125
70.0905033678696,311.624763058125
70.8248127402712,311.749763058124
71.5821690958605,311.874763058124
72.3573716403319,311.999763058124
73.1452572274106,312.124763058124
73.9415724414786,312.249763058124
74.7419996915557,312.374763058124
75.5415248621304,312.499763058124
76.3347653231865,312.624763058124
77.1163882871641,312.749763058124
77.8822701614186,312.874763058124
78.6279344357974,312.999763058124
79.3508219352043,313.124763058124
80.0497981401803,313.249763058124
80.7220102950389,313.374763058124
81.3656712318611,313.499763058124
81.9792937960036,313.624763058124
82.5572311863613,313.749763058124
83.0941732190138,313.874763058124
83.5851652204185,313.999763058123
84.0212989070313,314.124763058123
84.3942874460499,314.249763058123
84.6982323730757,314.374763058123
84.9271684069847,314.499763058123
85.0795385012612,314.624763058123
85.1561656575573,314.749763058123
85.1587382516558,314.874763058123
85.0915750513342,314.999763058123
84.9610582729369,315.124763058123
84.7748631224059,315.249763058123
84.5423665355707,315.374763058123
84.2742758756829,315.499763058123
83.9810683029014,315.624763058123
83.675146717938,315.749763058123
83.3734036012046,315.874763058123
83.0941793710654,315.999763058123
82.8533608305168,316.124763058122
82.6618661882016,316.249763058122
82.5266237985092,316.374763058122
82.4513918942192,316.499763058122
82.4346837147446,316.624763058122
82.4722414194343,316.749763058122
82.557399633293,316.874763058122
82.6810832938345,316.999763058122
82.8353905406898,317.124763058122
83.0146119652907,317.249763058122
83.2121440087763,317.374763058122
83.4220227379523,317.499763058122
83.6388483695881,317.624763058122
83.8568058110884,317.749763058122
84.0719076730035,317.874763058122
84.2848974371982,317.999763058122
84.5016700370448,318.124763058122
84.7302699176188,318.249763058122
84.9785031117266,318.374763058121
85.2529805453873,318.499763058121
85.558768248879,318.624763058121
85.8979763500487,318.749763058121
86.2694331566807,318.874763058121
86.6685364149174,318.999763058121
87.0886206518497,319.124763058121
87.5222061556181,319.249763058121
87.9614010181056,319.374763058121
88.3974702532971,319.499763058121
88.8206020644527,319.624763058121
89.2205734009267,319.749763058121
89.5880407619483,319.874763058121
89.9151862510702,319.999763058121
90.1956796975073,320.124763058121
90.4244768853994,320.249763058121
90.5968361270502,320.374763058121
90.7083269579698,320.49976305812
90.754765329191,320.62476305812
90.7320762144111,320.74976305812
90.6367595056857,320.87476305812
90.4645167818573,320.99976305812
90.2070556450149,321.12476305812
89.8583779344191,321.24976305812
89.4265397070252,321.37476305812
88.9321731896023,321.49976305812
88.3992937272471,321.62476305812
87.8497131598691,321.74976305812
87.3001357272163,321.87476305812
86.7621239866009,321.99976305812
86.2426098228041,322.12476305812
85.7446288658837,322.24976305812
85.2687058570605,322.37476305812
84.8139594677957,322.49976305812
84.3782539599684,322.62476305812
83.9575371591656,322.749763058119
83.5473619011565,322.874763058119
83.1425883270876,322.999763058119
82.7396525060836,323.124763058119
82.3379066293598,323.249763058119
81.9350954463376,323.374763058119
81.5261683448548,323.499763058119
81.1022337628637,323.624763058119
80.6576509929231,323.749763058119
80.1866850679822,323.874763058119
79.6867272830595,323.999763058119
79.1544669618333,324.124763058119
78.5856058378362,324.249763058119
77.9784893161643,324.374763058119
77.3324540847755,324.499763058119
76.6448888793146,324.624763058119
75.9131090439084,324.749763058119
75.1341203040247,324.874763058119
74.3056233064772,324.999763058118
73.4258471653476,325.124763058118
72.4948425200634,325.249763058118
71.5146562830321,325.374763058118
70.4876196849838,325.499763058118
69.4154826282791,325.624763058118
68.3009236093815,325.749763058118
67.1510250840723,325.874763058118
65.9788156004189,325.999763058118
64.7994671634329,326.124763058118
63.6285799160612,326.249763058118
62.4830083262656,326.374763058118
61.3794469113055,326.499763058118
60.3325356296141,326.624763058118
59.3549599563073,326.749763058118
58.4558263717067,326.874763058118
57.6409779933757,326.999763058118
56.912918584709,327.124763058117
56.271681933105,327.249763058117
55.7172919497911,327.374763058117
55.2495487699844,327.499763058117
54.8662875853613,327.624763058117
54.5646411716408,327.749763058117
54.3424124133061,327.874763058117
54.1975053475129,327.999763058117
54.1278234339582,328.124763058117
54.1316969063316,328.249763058117
54.2089274983116,328.374763058117
54.3612132854708,328.499763058117
54.5912040351472,328.624763058117
54.9004451100346,328.749763058117
55.2883560011243,328.874763058117
55.7524636439608,328.999763058117
56.2888846958678,329.124763058117
56.8932527207674,329.249763058117
57.5605109726136,329.374763058116
58.2852913027009,329.499763058116
59.0624812409982,329.624763058116
59.8869714731213,329.749763058116
60.7538867969775,329.874763058116
61.6585846926233,329.999763058116
62.5963523228683,330.124763058116
63.5620112794427,330.249763058116
64.550210518415,330.374763058116
65.555778431425,330.499763058116
66.5727950226519,330.624763058116
67.5939829576866,330.749763058116
68.6122975293892,330.874763058116
69.6213481273773,330.999763058116
70.6166892082194,331.124763058116
71.5949125668033,331.249763058116
72.55385211575,331.374763058116
73.4922442662487,331.499763058115
74.4093946764097,331.624763058115
75.3048528542848,331.749763058115
76.1777488168388,331.874763058115
77.0256411291077,331.999763058115
77.842438193421,332.124763058115
78.6187717860714,332.249763058115
79.3429102712673,332.374763058115
80.0055435584358,332.499763058115
80.6019016398103,332.624763058115
81.1288917777772,332.749763058115
81.5841272086991,332.874763058115
81.9656194725442,332.999763058115
82.2723533625255,333.124763058115
82.503626642423,333.249763058115
82.6588664196867,333.374763058115
82.7388289813505,333.499763058115
82.743499727945,333.624763058115
82.6645743871096,333.749763058114
82.5005939705557,333.874763058114
82.2678615210549,333.999763058114
81.9936927857862,334.124763058114
81.7066837992903,334.249763058114
81.4313286890154,334.374763058114
81.1864570403717,334.499763058114
80.9858126069686,334.624763058114
80.8377912195866,334.749763058114
80.7461668930273,334.874763058114
80.7103509591036,334.999763058114
80.7264639317068,335.124763058114
80.7910134712162,335.249763058114
80.8993939718008,335.374763058114
81.0469858467498,335.499763058114
81.2315408314134,335.624763058114
81.4513833510405,335.749763058114
81.7031491954122,335.874763058114
81.9841270611747,335.999763058113
82.2922169176518,336.124763058113
82.6243981637933,336.249763058113
82.9764354959372,336.374763058113
83.3443971532825,336.499763058113
83.7246076719268,336.624763058113
84.1130530359087,336.749763058113
84.5050030925944,336.874763058113
84.8963801436091,336.999763058113
85.2839096865506,337.124763058113
85.6647120626836,337.249763058113
86.034529300564,337.374763058113
86.3885947533541,337.499763058113
86.7227851400048,337.624763058113
87.0339652308519,337.749763058113
87.3208775420992,337.874763058113
87.5833595467628,337.999763058113
87.8206628217843,338.124763058112
88.0311902565052,338.249763058112
88.2124986243404,338.374763058112
88.3621924171838,338.499763058112
88.4791337073098,338.624763058112
88.561630610121,338.749763058112
88.605439599525,338.874763058112
88.6045377784641,338.999763058112
88.552611622221,339.124763058112
88.4443073504931,339.249763058112
88.2748222261746,339.374763058112
88.0375847076077,339.499763058112
87.7254744993551,339.624763058112
87.3367371260552,339.749763058112
86.8766960243286,339.874763058112
86.3557784197651,339.999763058112
85.7876855967933,340.124763058112
85.1878205998221,340.249763058112
84.5720781731304,340.374763058111
83.9475637161548,340.499763058111
83.3238805837795,340.624763058111
82.7056207604222,340.749763058111
82.0905177203012,340.874763058111
81.4888693318567,340.999763058111
80.9048837594191,341.124763058111
80.3333965403933,341.249763058111
79.7835734313535,341.374763058111
79.2669101592319,341.499763058111
78.7783135948975,341.624763058111
78.3236917826472,341.749763058111
77.9108632196697,341.874763058111
77.5340330642653,341.999763058111
77.1935686724215,342.124763058111
76.8884402631463,342.249763058111
76.6092853161416,342.374763058111
76.3511202257024,342.49976305811
76.1110649203335,342.62476305811
75.8819687692234,342.74976305811
75.6603202322568,342.87476305811
75.4470201298095,342.99976305811
75.2376340801845,343.12476305811
75.0273755835507,343.24976305811
74.8159614212596,343.37476305811
74.6021204463352,343.49976305811
74.3843302494196,343.62476305811
74.1623158833648,343.74976305811
73.935298775841,343.87476305811
73.7042013447075,343.99976305811
73.469987902648,344.12476305811
73.2328575379762,344.24976305811
72.9937203948713,344.37476305811
72.7529655979482,344.49976305811
72.5102469199064,344.62476305811
72.2661387658832,344.749763058109
72.0203423423597,344.874763058109
71.7720457328618,344.999763058109
71.52269631404,345.124763058109
71.272111088297,345.249763058109
71.0201009253493,345.374763058109
70.7678321848839,345.499763058109
70.5158024350392,345.624763058109
70.2676103866309,345.749763058109
70.0279755832795,345.874763058109
69.8037285891888,345.999763058109
69.6018133159556,346.124763058109
69.4289262551912,346.249763058109
69.2917706368969,346.374763058109
69.1951053384618,346.499763058109
69.1447464282657,346.624763058109
69.1454281306823,346.749763058109
69.2029248539452,346.874763058108
69.3235508771004,346.999763058108
69.5112894732834,347.124763058108
69.7709400246831,347.249763058108
70.1061315143691,347.374763058108
70.5158027394049,347.499763058108
70.9976040421036,347.624763058108
71.5487464397596,347.749763058108
72.1621374203732,347.874763058108
72.8284584872837,347.999763058108
73.5388568183811,348.124763058108
74.2846854363229,348.249763058108
75.0571172198428,348.374763058108
75.846982273654,348.499763058108
76.6458797496681,348.624763058108
77.4466285481573,348.749763058108
78.2432278172774,348.874763058108
79.0303428154275,348.999763058108
79.8017930314387,349.124763058107
80.5522524038274,349.249763058107
81.2765019520032,349.374763058107
81.9699335663929,349.499763058107
82.6288371109319,349.624763058107
83.2490774777564,349.749763058107
83.8288818615025,349.874763058107
84.369884018889,349.999763058107
84.8763625982969,350.124763058107
85.3545798605428,350.249763058107
85.8120934017771,350.374763058107
86.25704044278,350.499763058107
86.697804717869,350.624763058107
87.1414686164998,350.749763058107
87.5894314688865,350.874763058107
88.0366234319365,350.999763058107
88.4729889283907,351.124763058107
88.8877340180361,351.249763058107
89.2729575844911,351.374763058106
89.6238849890851,351.499763058106
89.9395143680097,351.624763058106
90.2200900939515,351.749763058106
90.4651893341778,351.874763058106
90.6723971825968,351.999763058106
90.8383829246297,352.124763058106
90.9599288223989,352.249763058106
91.03321208549,352.374763058106
91.0552187916081,352.499763058106
91.022570061899,352.624763058106
90.925009216029,352.749763058106
90.7510653295564,352.874763058106
90.5051596623003,352.999763058106
90.2087654122658,353.124763058106
89.8888471719964,353.249763058106
89.5651145711169,353.374763058106
89.2485309410782,353.499763058105
88.9476933736477,353.624763058105
88.6656250473332,353.749763058105
88.4029575334695,353.874763058105
88.1572288410403,353.999763058105
87.9217713606774,354.124763058105
87.6942732375754,354.249763058105
87.4726934159057,354.374763058105
87.2554668264775,354.499763058105
87.0464829823822,354.624763058105
86.8483738024917,354.749763058105
86.661946504025,354.874763058105
86.495644469906,354.999763058105
86.3536825307985,355.124763058105
86.2401820846869,355.249763058105
86.1618666124523,355.374763058105
86.121063949141,355.499763058105
86.118002226121,355.624763058105
86.150096588066,355.749763058104
86.2151016830033,355.874763058104
86.3098597680602,355.999763058104
86.4281234404713,356.124763058104
86.5695149933365,356.249763058104
86.7320862939786,356.374763058104
86.9049757904028,356.499763058104
87.0792826777272,356.624763058104
87.2491927728991,356.749763058104
87.4026105994028,356.874763058104
87.528111391619,356.999763058104
87.6161711455107,357.124763058104
87.657997114505,357.249763058104
87.6495906559399,357.374763058104
87.5842735534944,357.499763058104
87.4505285449104,357.624763058104
87.2404056033085,357.749763058104
86.9546046362532,357.874763058103
86.5987648525783,357.999763058103
86.1816190168305,358.124763058103
85.716769216402,358.249763058103
85.2217908935896,358.374763058103
84.7126380162567,358.499763058103
84.2035236993169,358.624763058103
83.7071355517817,358.749763058103
83.2341219800755,358.874763058103
82.7920627341466,358.999763058103
82.3852221018598,359.124763058103
82.0159541365207,359.249763058103
81.6846929602173,359.374763058103
81.3908575228525,359.499763058103
81.1323197957617,359.624763058103
80.9074434603991,359.749763058103
80.715218904504,359.874763058103
80.5547835961409,359.999763058103
80.4267243121046,360.124763058102
80.3316065020221,360.249763058102
80.2701379092882,360.374763058102
80.2432395119046,360.499763058102
80.2506875233634,360.624763058102
80.2921042458298,360.749763058102
80.3658823906493,360.874763058102
80.4689839692933,360.999763058102
80.5993529891295,361.124763058102
80.7535313223535,361.249763058102
80.9267674406176,361.374763058102
81.1153025080808,361.499763058102
81.315629743705,361.624763058102
81.5239568436347,361.749763058102
81.7376052277652,361.874763058102
81.9534898068588,361.999763058102
82.1668971040795,362.124763058102
82.3742778501841,362.249763058102
82.5720324767452,362.374763058101
82.7560159816664,362.499763058101
82.9234976919228,362.624763058101
83.0722080285024,362.749763058101
83.2002965630253,362.874763058101
83.3071461749509,362.999763058101
83.3907663850471,363.124763058101
83.4496605619853,363.249763058101
83.4827204935464,363.374763058101
83.4871292645829,363.499763058101
83.4600233824333,363.624763058101
83.3993763608631,363.749763058101
83.3029670405755,363.874763058101
83.1686106101305,363.999763058101
82.99499207474,364.124763058101
82.7780195410831,364.249763058101
82.5115181583789,364.374763058101
82.1908786094503,364.4997630581
81.8133551093734,364.6247630581
81.3771531682194,364.7497630581
80.8805248072225,364.8747630581
80.3241737248191,364.9997630581
79.7101921634992,365.1247630581
79.0396973201459,365.2497630581
78.3154545681175,365.3747630581
77.5410861800923,365.4997630581
76.7187229809948,365.6247630581
75.851028231209,365.7497630581
74.9416475126594,365.8747630581
73.9958125346806,365.9997630581
73.0170135784816,366.1247630581
72.0078984544799,366.2497630581
70.9740451193361,366.3747630581
69.9207536329678,366.4997630581
68.8551248919901,366.6247630581
67.7839215643742,366.749763058099
66.7168030871786,366.874763058099
65.6610327096674,366.999763058099
64.6255662858213,367.124763058099
63.6169000027215,367.249763058099
62.6421342131563,367.374763058099
61.7053219765961,367.499763058099
60.8103785564296,367.624763058099
59.9598356050819,367.749763058099
59.1537973550139,367.874763058099
58.3926166334736,367.999763058099
57.6771933959113,368.124763058099
57.0066480603251,368.249763058099
56.3792275354895,368.374763058099
55.7947450670945,368.499763058099
55.2537206653259,368.624763058099
54.7534853649726,368.749763058099
54.2909915386069,368.874763058098
53.8639303743775,368.999763058098
53.470629790301,369.124763058098
53.1080943569487,369.249763058098
52.7736964889127,369.374763058098
52.4661047418709,369.499763058098
52.1834798579155,369.624763058098
51.9248402363903,369.749763058098
51.690118056555,369.874763058098
51.4783050529963,369.999763058098
51.2882076399388,370.124763058098
51.1193613309532,370.249763058098
50.9719822688046,370.374763058098
50.8485162159243,370.499763058098
50.7527443511301,370.624763058098
50.6880364084422,370.749763058098
50.6579066260523,370.874763058098
50.6643335493453,370.999763058098
50.707463806164,371.124763058097
50.7887535919852,371.249763058097
50.9092824240845,371.374763058097
51.0683906419312,371.499763058097
51.2670418988508,371.624763058097
51.5064257346266,371.749763058097
51.7872272935728,371.874763058097
52.1118124898259,371.999763058097
52.4815396849822,372.124763058097
52.8962494782257,372.249763058097
53.3575386374366,372.374763058097
53.8671628894175,372.499763058097
54.4258683149249,372.624763058097
55.0340948217566,372.749763058097
55.692173334625,372.874763058097
56.4014902730126,372.999763058097
57.1638069849549,373.124763058097
57.9791175587475,373.249763058097
58.8468151775794,373.374763058096
59.7657079802691,373.499763058096
60.7340467600379,373.624763058096
61.7496122754604,373.749763058096
62.8100882780524,373.874763058096
63.9128160974251,373.999763058096
65.0543405667678,374.124763058096
66.2296008139638,374.249763058096
67.4320081957277,374.374763058096
68.6543846036989,374.499763058096
69.8897916510088,374.624763058096
71.1316842183434,374.749763058096
72.3739570426637,374.874763058096
73.6113136573255,374.999763058096
74.839551969039,375.124763058096
76.0555636200993,375.249763058096
77.2569910153356,375.374763058096
78.4421576189473,375.499763058095
79.6103473213195,375.624763058095
80.7615181256535,375.749763058095
81.8958713893128,375.874763058095
83.0136037241617,375.999763058095
84.1152105482687,376.124763058095
85.2015309407797,376.249763058095
86.2734405663188,376.374763058095
87.3310682290522,376.499763058095
88.3722897419593,376.624763058095
89.3907318764307,376.749763058095
90.3759470950217,376.874763058095
91.3168433028003,376.999763058095
92.2043347248572,377.124763058095
93.0318175442866,377.249763058095
93.7940898487857,377.374763058095
94.4863725279224,377.499763058095
95.1042218561592,377.624763058095
95.6431424316577,377.749763058094
96.1002240833097,377.874763058094
96.4710230575472,377.999763058094
96.7481263638073,378.124763058094
96.9189059060182,378.249763058094
96.9762873727824,378.374763058094
96.9295057659368,378.499763058094
96.7986724962235,378.624763058094
96.6033336769791,378.749763058094
96.3598465939106,378.874763058094
96.0822848875609,378.999763058094
95.7812670948406,379.124763058094
95.4636491586119,379.249763058094
95.1339422266306,379.374763058094
94.7952457227361,379.499763058094
94.4501164134296,379.624763058094
94.0997436859915,379.749763058094
93.7456498507519,379.874763058093
93.3885651795647,379.999763058093
93.0262251477426,380.124763058093
92.6583195965964,380.249763058093
92.2852589905376,380.374763058093
91.9098806789326,380.499763058093
91.53639099075,380.624763058093
91.1676647963482,380.749763058093
90.8080820369829,380.874763058093
90.4600355913201,380.999763058093
90.1239543175441,381.124763058093
89.8026276822988,381.249763058093
89.4956303201096,381.374763058093
89.2018314117132,381.499763058093
88.9223096925667,381.624763058093
88.6555028432804,381.749763058093
88.3997251804059,381.874763058093
88.1548614605267,381.999763058093
87.9185377175401,382.124763058092
87.690744924268,382.249763058092
87.4705465898878,382.374763058092
87.2557800044021,382.499763058092
87.0469090794279,382.624763058092
86.842909189267,382.749763058092
86.6448577606304,382.874763058092
86.4556320907888,382.999763058092
86.275250176355,383.124763058092
86.1061197789548,383.249763058092
85.9488880733518,383.374763058092
85.8033253215604,383.499763058092
85.6703200455842,383.624763058092
85.5490944888826,383.749763058092
85.4407657550393,383.874763058092
85.3467483650526,383.999763058092
85.2698973663831,384.124763058092
85.2132250548614,384.249763058092
85.1800581895984,384.374763058091
85.1734842917949,384.499763058091
85.1965446476226,384.624763058091
85.2520375972674,384.749763058091
85.3430730911654,384.874763058091
85.4732375086487,384.999763058091
85.6456500977631,385.124763058091
85.8632188662076,385.249763058091
86.1273480522572,385.374763058091
86.4393007288142,385.499763058091
86.7989398905049,385.624763058091
87.2051508485815,385.749763058091
87.6562500341074,385.874763058091
88.1489753788704,385.999763058091
88.6788497874294,386.124763058091
89.2409213218182,386.249763058091
89.8297061560837,386.374763058091
90.440464179224,386.49976305809
91.0708790586349,386.62476305809
91.7195784439226,386.74976305809
92.3842773099129,386.87476305809
93.059025739052,386.99976305809
93.7343822030086,387.12476305809
94.3986603904943,387.24976305809
95.0395369812041,387.37476305809
95.6453942224036,387.49976305809
96.2064339887989,387.62476305809
96.7163891261795,387.74976305809
97.1718349904703,387.87476305809
97.5693221572675,387.99976305809
97.9050228495763,388.12476305809
98.1748296615923,388.24976305809
98.374760890101,388.37476305809
98.5010969687461,388.49976305809
98.5499484494594,388.62476305809
98.516941410504,388.749763058089
98.3977170752893,388.874763058089
98.1874728583732,388.999763058089
97.8789634801506,389.124763058089
97.4691107753516,389.249763058089
96.969541378585,389.374763058089
96.3988430938996,389.499763058089
95.7731312325466,389.624763058089
95.1038755813771,389.749763058089
94.3985102357066,389.874763058089
93.6584489030701,389.999763058089
92.8816664153419,390.124763058089
92.0741063390588,390.249763058089
91.2535103586858,390.374763058089
90.4407278855041,390.499763058089
89.6536073160407,390.624763058089
88.9060098071415,390.749763058089
88.2077033417096,390.874763058088
87.5650612319905,390.999763058088
86.9791701837878,391.124763058088
86.4452843522324,391.249763058088
85.9591907529603,391.374763058088
85.5161347876771,391.499763058088
85.1114444078393,391.624763058088
84.7399640085853,391.749763058088
84.3955976849103,391.874763058088
84.071815368088,391.999763058088
83.7622291286123,392.124763058088
83.4608843962305,392.249763058088
83.1620144975946,392.374763058088
82.8603539195415,392.499763058088
82.5507420550388,392.624763058088
82.2263835503714,392.749763058088
81.8805328562948,392.874763058088
81.5078257255146,392.999763058088
81.1044987295857,393.124763058087
80.6681185169652,393.249763058087
80.1970137468742,393.374763058087
79.6906128250085,393.499763058087
79.1500722810802,393.624763058087
78.5785740295362,393.749763058087
77.9819433834525,393.874763058087
77.3672054784898,393.999763058087
76.7422623360738,394.124763058087
76.1160432243023,394.249763058087
75.4963270396711,394.374763058087
74.8897086937946,394.499763058087
74.3018443966953,394.624763058087
73.7365256011277,394.749763058087
73.1947851011487,394.874763058087
72.6773105493554,394.999763058087
72.1843801840287,395.124763058087
71.7154016076387,395.249763058087
71.2693753117436,395.374763058086
70.8456299618851,395.499763058086
70.4430867099445,395.624763058086
70.0601972417034,395.749763058086
69.6956431105089,395.874763058086
69.3483224761048,395.999763058086
69.0171437017614,396.124763058086
68.7011862132721,396.249763058086
68.4004495528134,396.374763058086
68.1159776832917,396.499763058086
67.848601148502,396.624763058086
67.598475444139,396.749763058086
67.3661130626896,396.874763058086
67.1510813571561,396.999763058086
66.9512704288513,397.124763058086
66.7659673705319,397.249763058086
66.5944699290225,397.374763058086
66.4339802668719,397.499763058085
66.28265318862,397.624763058085
66.1401976836092,397.749763058085
66.0050883649933,397.874763058085
65.8765421176432,397.999763058085
65.7556543155413,398.124763058085
65.6424697321347,398.249763058085
65.5378567002216,398.374763058085
65.4440484357688,398.499763058085
65.3617816867589,398.624763058085
65.2925271600125,398.749763058085
65.2392931133686,398.874763058085
65.2032331771315,398.999763058085
65.1846619791752,399.124763058085
65.1852739719642,399.249763058085
65.2053931461466,399.374763058085
65.243977786718,399.499763058085
65.2996772714702,399.624763058085
65.3691610139919,399.749763058084
65.4486557472289,399.874763058084
65.5345290079605,399.999763058084
