0,0
0,0.124999999999969
0,0.249999999912828
0,0.374999962568592
0,0.499999932371872
0,0.624999858363771
0,0.749999798780569
0,0.874999713222712
0,0.999999615470905
0,1.12499953638337
-7.24381966861895e-65,1.24999941291449
6.61608705958358e-58,1.37499931326196
-5.97708290311485e-54,1.49999920245806
2.18139580030153e-52,1.62499905531766
-1.03871225083213e-51,1.74999894055017
4.58961056190913e-51,1.87499880882401
4.55889246721564e-50,1.99999864238527
-7.82694934888746e-49,2.12499849954271
1.43767595992804e-48,2.24999835621104
3.43744302358815e-47,2.37499817527261
-9.81381351957565e-47,2.49999800059334
-1.07375273567485e-45,2.62499785437511
1.48963238727105e-45,2.74999766128306
2.56952391458009e-44,2.87499745990961
2.39589020078978e-44,2.99999731810917
-3.6581376063882e-43,3.124997121332
-1.28452701865096e-42,3.24999690374893
1.28086155154551e-42,3.37499670881588
1.88287757116738e-41,3.49999651820673
4.1277510589493e-41,3.62499628765084
-6.36288389718938e-41,3.7499960587517
-5.72342220032879e-40,3.87499588402743
-1.20793834106435e-39,3.99999565401535
8.59379300443578e-40,4.12499540599139
1.1742261989623e-38,4.24999518077649
3.02703007922428e-38,4.37499496460084
1.48685592181084e-38,4.49999470634804
-1.47209081246044e-37,4.62499445161338
-5.45045078265874e-37,4.74999424226537
-8.23312543381041e-37,4.87499399193944
5.05939850793031e-37,4.99999371586047
5.94693751809569e-36,5.12499345842312
1.55207412152567e-35,5.24999323105479
1.76338687768922e-35,5.37499295384549
-2.0973917965102e-35,5.49999266884381
-1.44690845426288e-34,5.62499241625579
-3.39282907212685e-34,5.7499921577526
-3.82261196623495e-34,5.87499186042522
2.98700995271763e-34,5.99999157427359
2.45260809982614e-33,6.12499133259048
6.01716090282994e-33,6.24999104758216
8.05150238693913e-33,6.37499073620732
5.7286469569829e-34,6.49999045098921
-2.82532231835039e-32,6.62499019225119
-8.36946888629895e-32,6.7499898852709
-1.40326947370403e-31,6.87498956513053
-1.10689549750529e-31,6.99998928090621
1.62754812803993e-31,7.12498899633932
8.32394083637737e-31,7.24998867153336
1.82095804767473e-30,7.37498834706166
2.44988239964441e-30,7.49998806736956
1.11362872621263e-30,7.62498776027929
-4.50825136503905e-30,7.74998742152675
-1.59678638327982e-29,7.87498709669473
-3.07466552980258e-29,7.99998682334313
-3.76940190522527e-29,8.12498649697823
-1.40856347249275e-29,8.24998614737276
6.98109022189912e-29,8.37498582560927
2.31076288032853e-28,8.49998552741325
4.35064308891016e-28,8.62498518334485
5.44996824022421e-28,8.74998482651906
2.91424874560426e-28,8.87498451091783
-6.79449868159653e-28,8.99998419348787
-2.60549056004144e-27,9.12498383709646
-5.21392498442028e-27,9.24998347531404
-7.19916667663677e-27,9.37498310544876
-5.84081254801413e-27,9.49998261990919
2.72393917995582e-27,9.62498202628863
2.19051199355546e-26,9.74998138080797
5.12486695020071e-26,9.87498077565461
8.14919676104351e-26,9.99998009740738
8.98948492651913e-26,10.1249793458061
3.9705967646197e-26,10.2499786184533
-1.10655493144568e-25,10.3749779895466
-3.83332537642969e-25,10.4999772536735
-7.40497972550037e-25,10.6249764882891
-1.03618672031015e-24,10.749975813017
-9.84250186441826e-25,10.8749751587776
-1.82552758379158e-25,10.9999744153847
1.75801161165856e-24,11.1249736681923
4.94425143872332e-24,11.2499730453667
8.80501846493143e-24,11.3749723699474
1.16757034855828e-23,11.4999716151196
1.05945096812359e-23,11.6249708708496
1.65880497983854e-24,11.7499702701071
-1.86776702826333e-23,11.8749695654502
-5.11382245040455e-23,11.9999687906412
-9.01893959533262e-23,12.1249680408452
-1.20580599083976e-22,12.2499674280894
-1.15736180271904e-22,12.3749666930922
-4.07020032622717e-23,12.499965899683
1.37475345308804e-22,12.6249651489728
4.30212090936972e-22,12.7499645022794
8.00062068101935e-22,12.8749637410492
1.13216883517396e-21,12.9999629344977
1.21766787148538e-21,13.1249621895887
7.68236131551757e-22,13.2499615126152
-5.16955663054262e-22,13.3749607291686
-2.81685303461676e-21,13.4999599134504
-5.99020971109336e-21,13.6249591777955
-9.34953670613273e-21,13.7499584729346
-1.14870123388603e-20,13.8749576697023
-1.02759023419479e-20,13.9999568469472
-3.19633416672135e-21,14.1249561219776
1.18848809863414e-20,14.2499553907694
3.54409296566746e-20,14.3749545694748
6.46571298276484e-20,14.4999537413966
9.18479866084534e-20,14.6249530285871
1.03616982834198e-19,14.7499522725117
8.16994436446404e-20,14.8749514349318
6.47860465287927e-21,14.9999506034683
-1.36140989908668e-19,15.1249499047568
-3.44624049307378e-19,15.2499491254452
-5.89931069490533e-19,15.3749482734666
-8.05132277768009e-19,15.4999474406156
-8.816018867031e-19,15.624946757942
-6.78149014746539e-19,15.7499459570387
-4.92509801571723e-20,15.874945092475
1.10400631685537e-18,15.9999442600597
2.76233436791127e-18,16.1249435554401
4.70691577726912e-18,16.2499427344895
6.45032239340053e-18,16.3749418590029
7.21264105244852e-18,16.4999410286485
5.98279655274165e-18,16.6249402928681
1.70315215715158e-18,16.7499394533095
-6.40050087396446e-18,16.8749385684401
-1.83552298407266e-17,16.9999377416468
-3.2907195010556e-17,17.1249369785921
-4.70463660043481e-17,17.2499361217924
-5.57829905567319e-17,17.3749352289955
-5.24137192047333e-17,17.4999344071784
-2.95128564832115e-17,17.6249336202784
1.91933783481874e-17,17.749932747551
9.60854805312832e-17,17.8749318482073
1.96333655712337e-16,17.9999310326923
3.04652689082027e-16,18.1249302251072
3.93152247964568e-16,18.2499293377139
4.2160472157046e-16,18.374928433129
3.41542947628019e-16,18.4999276251471
1.05332883038278e-16,18.6249267999146
-3.19385986628511e-16,18.7499258990621
-9.30795697800255e-16,18.8749249904706
-1.67222116342905e-15,18.9999241911714
-2.41443476636841e-15,19.1249233512964
-2.94760753185356e-15,19.2499224381279
-2.99074480735131e-15,19.3749215266927
-2.2261571240753e-15,19.4999207225621
-3.64042472777977e-16,19.6249198710634
2.76291220382126e-15,19.7499189466571
7.08293823909108e-15,19.8749180334569
1.21647744241766e-14,19.9999172228622
1.71225562546934e-14,20.1249163580343
2.05843545368346e-14,20.2499154234375
2.07672577076379e-14,20.3749145094836
1.56980926237307e-14,20.4999136948239
3.60335776886668e-15,20.6249128141672
-1.65372735566816e-14,20.749911870448
-4.43222324146532e-14,20.8749109567781
-7.72453197450613e-14,20.9999101405549
-1.10155753078013e-13,21.124909244964
-1.35063416698463e-13,21.2499082931539
-1.41513608149195e-13,21.3749073808845
-1.17735971924026e-13,21.4999065655619
-5.26957701730527e-14,21.6249056556135
6.09666558127259e-14,21.749904696465
2.23329729410777e-13,21.8749037865053
4.23396894026521e-13,21.9999029742589
6.35869764532718e-13,22.1249020504145
8.1947721704398e-13,22.2499010842826
9.17985874513382e-13,22.3749001767866
8.64971487116995e-13,22.4998993477746
5.93132186382265e-13,22.6248984112588
4.83263410097376e-14,22.7498974387431
-7.92387865769474e-13,22.8748965334005
-1.90060400665287e-12,22.999895690345
-3.17750938340059e-12,23.1248947437833
-4.44033268701839e-12,23.2498937670836
-5.4196000390022e-12,23.3748928653676
-5.77270518454838e-12,23.4998920096043
-5.1184871084116e-12,23.6248910555059
-3.09542983262732e-12,23.7498900785166
5.57361622126879e-13,23.8748891859368
5.90207019621892e-12,23.9998883133705
1.26983692956315e-11,24.1248873500243
2.03112756001306e-11,24.2498863743491
2.76532401691277e-11,24.3748854968481
3.31862632744801e-11,24.4998845987495
3.50094070725715e-11,24.6248836177365
3.10519950310378e-11,24.7498826359099
1.93819604674126e-11,24.8748817676769
-1.37828658177099e-12,24.9998808431936
-3.15584770254455e-11,25.1248798369453
-6.99255264345478e-11,25.2498788326831
-1.13229324880756e-10,25.3748779464505
-1.55914356538993e-10,25.4998770271925
-1.90114718251901e-10,25.6248760129002
-2.06048086871596e-10,25.7498749821939
-1.92901703926753e-10,25.8748740450178
-1.40256466257434e-10,25.9998731656609
-4.00223774012198e-11,26.1248722207946
1.1123633371293e-10,26.2498712166671
3.09818751440061e-10,26.374870243772
5.4259368607639e-10,26.4998694009747
7.85342796713852e-10,26.6248685665724
1.0022507066492e-09,26.7498677426855
1.14706216607599e-09,26.8748668649985
1.16635245860145e-09,26.9998660151764
1.00519265718168e-09,27.1248653055525
6.15219175518074e-10,27.2498645828821
-3.5248628862673e-11,27.3748639023506
-9.49841080307257e-10,27.499863205039
-2.09279558495082e-09,27.6248623912234
-3.37935632605948e-09,27.7498615066417
-4.66998325201945e-09,27.8748606230442
-5.77060402189646e-09,27.9998596438434
-6.44101959118386e-09,28.1248585693203
-6.41312796023909e-09,28.2498574750638
-5.41978842096971e-09,28.3748564686244
-3.23390270409117e-09,28.4998554822393
2.84305095841568e-10,28.6248545010635
5.13564118878306e-09,28.7498535934064
1.11316761901914e-08,28.8748526788493
1.78533024428845e-08,28.9998517051983
2.46267861766026e-08,29.1248507409251
3.05264749193691e-08,29.2498498314145
3.44127021200962e-08,29.3748489103544
3.50114492401649e-08,29.4998479178356
3.10389099005061e-08,29.6248469096727
2.13692398038224e-08,29.7498459574639
5.237544255373e-09,29.8748449818106
-1.75368679767315e-08,29.99984395318
-4.63291572294226e-08,30.1248429168804
-7.95183732435807e-08,30.2498419332683
-1.14361528947975e-07,30.3748409509598
-1.46968366835327e-07,30.4998399201321
-1.72411281970337e-07,30.6248388790003
-1.84998763567005e-07,30.7498378661438
-1.78729223678135e-07,30.8748369291166
-1.4792528222277e-07,30.9998359238666
-8.80269297063022e-08,31.1248348784053
3.5029420645529e-09,31.2498338324033
1.26233966155517e-07,31.3748328387722
2.75883311284375e-07,31.4998319653157
4.43611509985501e-07,31.6248310291192
6.15631694925658e-07,31.7498300434102
7.73268305665101e-07,31.8748290417667
8.93588071510801e-07,31.9998280594071
9.50696230918234e-07,32.1248271459998
9.17743248042146e-07,32.2498263289224
7.69621306606461e-07,32.374825489097
4.86249367980607e-07,32.4998246519291
5.62557450120831e-08,32.6248238367076
-5.19226114472642e-07,32.749823075872
-1.22302079255916e-06,32.8748223547681
-2.01907324919828e-06,32.9998217096437
-2.85079373237934e-06,33.1248211496899
-3.64107255334213e-06,33.2498205910339
-4.2944003861756e-06,33.3748200586141
-4.70143476009203e-06,33.4998195111662
-4.74618831579284e-06,33.6248189493063
-4.31580229718399e-06,33.7498183444276
-3.31260486649981e-06,33.8748177025749
-1.66786104798586e-06,33.9998170399223
6.4368423088185e-07,34.1248163789328
3.5896573059788e-06,34.2498157493132
7.06772808513639e-06,34.3748151889394
1.08967054349696e-05,34.4998146349965
1.48126960629243e-05,34.624814070423
1.84718853110291e-05,34.7498135419563
2.14612694962569e-05,34.8748130196855
2.33182419648725e-05,34.9998124627274
2.35593603860664e-05,35.1248118970943
2.17179100320494e-05,35.2498113674831
1.73890339071499e-05,35.3748108407593
1.02802910905917e-05,35.4998102810105
2.64617696512442e-07,35.6248097145685
-1.2568157762739e-05,35.7498091858697
-2.78657953946301e-05,35.8748086548927
-4.49790720276122e-05,35.9998080925338
-6.29432122165278e-05,36.1248075254911
-8.04801204029432e-05,36.2498069961749
-9.60255632331977e-05,36.3748064610885
-0.000107784254457278,36.4998058962936
-0.000113814290545406,36.6248053288462
-0.000112140504155934,36.7498047988793
-0.000100894092169422,36.8748042598366
-7.84734379761644e-05,36.9998036927898
-4.37186281201516e-05,37.1248031251413
3.91021620094458e-06,37.249802594849
6.41629218685666e-05,37.3748020520046
0.000135851148853783,37.4998014828889
0.000216736624285221,37.6248009152382
0.000303470033654647,37.7498003846311
0.000391593929294726,37.8747998381335
0.000475620530569433,37.9997992671322
0.000549192762064219,38.1247986996857
0.000605333863314024,38.2497981688244
0.000636788071114745,38.3747976186598
0.000636451411761081,38.499797045728
0.000597887845516668,38.6247964783355
0.000515919630240535,38.7497959469522
0.000387271623114506,38.8747953961998
0.000211239626141381,38.9997948251228
-9.65448899467758e-06,39.1247942627238
-0.000269060410510332,39.2497937353653
-0.000556287860555696,39.3747931547699
-0.000855917127988517,39.4997925524674
-0.00114755472591776,39.6247919565992
-0.00140572297219918,39.7497913995717
-0.00159977533458784,39.87479084978
-0.00169354947479694,39.999790305757
-0.00164434761793521,40.124789771144
-0.00140108276162422,40.2497892456065
-0.000902131750122031,40.3747887157726
-7.391792389919e-05,40.499788193069
0.0011693029211971,40.6247876938024
0.00292498869910203,40.7497872283626
0.00530183338109985,40.8747868242143
0.00841924557369201,40.999786418643
0.0124068220881469,41.1247860213763
0.0174055956828874,41.2497856509704
0.0235742799630455,41.3747853120406
0.0311011101036844,41.4997850179833
0.0402167497611051,41.62478478067
0.0512031030402089,41.7497845758697
0.0643974596496987,41.8747843899879
0.0801950602759391,41.9997841923416
0.0990531845260334,42.1247839914358
0.121498265409773,42.2497837988619
0.148135842113043,42.3747836123783
0.179661813474908,42.4997834161459
0.216872953866876,42.624783219187
0.260675677712192,42.7497830336491
0.312093698135278,42.8747828752663
0.372274766037894,42.9997827217971
0.442492229592525,43.1247825631454
0.52413335993637,43.2497824079318
0.618669047626536,43.3747822676464
0.727606890395537,43.4997821570786
0.852435226616341,43.624782083314
0.994566111452376,43.7497820129154
1.15528171562409,43.8747819416439
1.33568523878577,43.9997818717811
1.53665572817462,44.1247818058587
1.75880734765358,44.2497817400401
2.00245679678642,44.3747816710965
2.26760573408684,44.4997816009613
2.55394537474699,44.6247815319124
2.86088630214983,44.7497814666092
3.18760971551671,44.8747814082639
3.53313063227887,44.9997813610096
3.89636183017247,45.1247813305025
4.27616948132142,45.2497813247498
4.67141603111604,45.3747813247498
5.08098933010697,45.4997813247497
5.50381998125816,45.6247813247497
5.93888968152524,45.7497813247497
6.38523314381979,45.8747813247497
6.84193568961211,45.9997813247496
7.30812814871994,46.1247813247496
7.78298028818738,46.2497813247496
8.26569351616185,46.3747813247495
8.75549324824794,46.4997813247495
9.25162149318889,46.6247813247495
9.75333108940376,46.7497813247495
10.259884101997,46.8747813247494
10.7705570281347,46.9997813247494
11.2846536462706,47.1247813247494
11.8015230411606,47.2497813247493
12.3205777372235,47.3747813247493
12.8413068299153,47.4997813247493
13.3632811602588,47.6247813247493
13.8861503091094,47.7497813247492
14.4096332660345,47.8747813247492
14.9335055945249,47.9997813247492
15.457585779992,48.1247813247492
15.9817226450309,48.2497813247491
16.5057847653983,48.3747813247491
17.0296520036446,48.4997813247491
17.5532088182415,48.624781324749
18.0763390480033,48.749781324749
18.5989224290889,48.874781324749
19.1208337568025,48.999781324749
19.6419456620194,49.1247813247489
20.1621352456332,49.2497813247489
20.6812939602077,49.3747813247489
21.1993398001484,49.4997813247488
21.7162305588456,49.6247813247488
22.2319760924683,49.7497813247488
22.746647619878,49.8747813247488
23.2603838901024,49.9997813247487
23.7733949503489,50.1247813247487
24.2859633084071,50.2497813247487
24.7984433730334,50.3747813247486
25.3112585958648,50.4997813247486
25.8248918517361,50.6247813247486
26.3398729390044,50.7497813247486
26.8567660267384,50.8747813247485
27.3761480781824,50.9997813247485
27.8985780475934,51.1247813247485
28.4245753201217,51.2497813247484
28.954593693623,51.3747813247484
29.4889918056625,51.4997813247484
30.0280517043411,51.6247813247484
30.5719260416101,51.7497813247483
31.1205530172915,51.8747813247483
31.673620108629,51.9997813247483
32.2305785431986,52.1247813247482
32.7904761289985,52.2497813247482
33.3519084054812,52.3747813247482
33.9131741560754,52.4997813247482
34.4723892552361,52.6247813247481
35.0276420967736,52.7497813247481
35.5771073396565,52.8747813247481
36.1190788510967,52.999781324748
36.6518851637812,53.124781324748
37.173911342964,53.249781324748
37.6836506316585,53.374781324748
38.1798038347061,53.4997813247479
38.6611535357665,53.6247813247479
39.126539331714,53.7497813247479
39.575106749276,53.8747813247478
40.0061271467986,53.9997813247478
40.4187648357797,54.1247813247478
40.8121082546292,54.2497813247478
41.1853587457637,54.3747813247477
41.5377374575426,54.4997813247477
41.8693631275713,54.6247813247477
42.180422571273,54.7497813247476
42.4708591393064,54.8747813247476
42.7405360173817,54.9997813247476
42.9893767363375,55.1247813247476
43.2174479922716,55.2497813247475
43.424962911677,55.3747813247475
43.6123400548855,55.4997813247475
43.7801788130384,55.6247813247474
43.9291999547587,55.7497813247474
44.0602009637524,55.8747813247474
44.1740420783054,55.9997813247474
44.2717698291687,56.1247813247473
44.3549142069894,56.2497813247473
44.4255866531945,56.3747813247473
44.4861830391438,56.4997813247472
44.5390560446942,56.6247813247472
44.5863039054897,56.7497813247472
44.6297205581059,56.8747813247472
44.6708025202004,56.9997813247471
44.7108183621319,57.1247813247471
44.7509159565658,57.2497813247471
44.7922263278583,57.374781324747
44.8358845992058,57.499781324747
44.8829861502618,57.624781324747
44.9345278533811,57.749781324747
44.9913125394877,57.8747813247469
45.0539435205468,57.9997813247469
45.1228524219548,58.1247813247469
45.1982894005966,58.2497813247468
45.2803498168301,58.3747813247468
45.3689499017183,58.4997813247468
45.4638902137782,58.6247813247468
45.5649044607209,58.7497813247467
45.671717211849,58.8747813247467
45.7840611870514,58.9997813247467
45.9016861835042,59.1247813247466
46.0242948924526,59.2497813247466
46.1515718224498,59.3747813247466
46.2832416565082,59.4997813247466
46.4190567415855,59.6247813247465
46.5587553773378,59.7497813247465
46.7020219249086,59.8747813247465
46.8485157636098,59.9997813247465
46.9978728202129,60.1247813247464
47.1496916794731,60.2497813247464
47.3035221348515,60.3747813247464
47.4588882565237,60.4997813247463
47.6153490711596,60.6247813247463
47.7725212540981,60.7497813247463
47.9300136766372,60.8747813247463
48.0874733153008,60.9997813247462
48.2446205368606,61.1247813247462
48.4012007816749,61.2497813247462
48.556931081816,61.3747813247461
48.7114980521779,61.4997813247461
48.8645587041831,61.6247813247461
49.0158083586159,61.7497813247461
49.1650081337139,61.874781324746
49.3120097695521,61.999781324746
49.4567717800494,62.124781324746
49.5993513037267,62.2497813247459
49.7398606239318,62.3747813247459
49.8784449187294,62.4997813247459
50.0152904415865,62.6247813247459
50.1505920534659,62.7497813247458
50.2845708443171,62.8747813247458
50.4174892817644,62.9997813247458
50.5497874496504,63.1247813247457
50.6820520565781,63.2497813247457
50.8149063444868,63.3747813247457
50.9490071892345,63.4997813247457
51.0850073455383,63.6247813247456
51.2235260856822,63.7497813247456
51.3651825935631,63.8747813247456
51.5105590043229,63.9997813247455
51.6601153329365,64.1247813247455
51.8141719535455,64.2497813247455
51.9729086370266,64.3747813247455
52.1363733859282,64.4997813247454
52.3044651619147,64.6247813247454
52.4769061114222,64.7497813247454
52.6533044425753,64.8747813247453
52.8331933273483,64.9997813247453
53.0159297299687,65.1247813247453
53.2008976553063,65.2497813247453
53.3872632217842,65.3747813247452
53.5736870847065,65.4997813247452
53.7591703585499,65.6247813247452
53.9429710381755,65.7497813247451
54.1245123453488,65.8747813247451
54.3033189160342,65.9997813247451
54.4789794770233,66.1247813247451
54.6510681350286,66.249781324745
54.8189757666738,66.374781324745
54.9816871986105,66.499781324745
55.1376740831318,66.6247813247449
55.2849633426361,66.7497813247449
55.4212312061234,66.8747813247449
55.5440747316807,66.9997813247449
55.6515447651811,67.1247813247448
55.7422359992932,67.2497813247448
55.8151385093189,67.3747813247448
55.8695940878219,67.4997813247447
55.9052378016066,67.6247813247447
55.921950316573,67.7497813247447
55.9197795048622,67.8747813247447
55.8988309197256,67.9997813247446
55.8592709840508,68.1247813247446
55.8013682605446,68.2497813247446
55.7255709588134,68.3747813247445
55.6332111639857,68.4997813247445
55.5272435544979,68.6247813247445
55.4119384727282,68.7497813247445
55.2917777286253,68.8747813247444
55.1707218656525,68.9997813247444
55.051983509362,69.1247813247444
54.937873962741,69.2497813247443
54.8298365714425,69.3747813247443
54.7285320669753,69.4997813247443
54.6340449595366,69.6247813247443
54.5460288119089,69.7497813247442
54.4637913502686,69.8747813247442
54.3864566612627,69.9997813247442
54.3131502967064,70.1247813247441
54.242981353909,70.2497813247441
54.1748504855227,70.3747813247441
54.107421162389,70.4997813247441
54.039291585275,70.624781324744
53.9691495877258,70.749781324744
53.89594889374,70.874781324744
53.8189527055622,70.9997813247439
53.7376313229583,71.1247813247439
53.6515881141854,71.2497813247439
53.5605354444374,71.3747813247439
53.4641551246021,71.4997813247438
53.3622708262435,71.6247813247438
53.2548848104704,71.7497813247438
53.1421830838438,71.8747813247438
53.0245569524742,71.9997813247437
52.9025665619725,72.1247813247437
52.7768522057617,72.2497813247437
52.6479718611699,72.3747813247436
52.5163387024288,72.4997813247436
52.3821259216119,72.6247813247436
52.2452530535209,72.7497813247436
52.1054191870081,72.8747813247435
51.9623062888712,72.9997813247435
51.8155061285625,73.1247813247435
51.664608608151,73.2497813247434
51.5093358231587,73.3747813247434
51.349542197496,73.4997813247434
51.1852505177425,73.6247813247434
51.0167558201632,73.7497813247433
50.844475717772,73.8747813247433
50.6687569086773,73.9997813247433
50.4898866510639,74.1247813247432
50.3081502753586,74.2497813247432
50.1238665204612,74.3747813247432
49.9374250310987,74.4997813247432
49.7493048461548,74.6247813247431
49.5600725442078,74.7497813247431
49.3703464653095,74.8747813247431
49.1807732321275,74.999781324743
48.9920395882379,75.124781324743
48.8048873029836,75.249781324743
48.6200709227967,75.374781324743
48.4382792949099,75.4997813247429
48.2600989961638,75.6247813247429
48.0860037817622,75.7497813247429
47.9163958918461,75.8747813247428
47.7517206534659,75.9997813247428
47.5925620121342,76.1247813247428
47.4396771575239,76.2497813247428
47.2940811265699,76.3747813247427
47.157171657892,76.4997813247427
47.0308965468951,76.6247813247427
46.9179205824662,76.7497813247426
46.8217940844963,76.8747813247426
46.7467487819127,76.9997813247426
46.6972731154328,77.1247813247426
46.677447478169,77.2497813247425
46.6906232911874,77.3747813247425
46.7391538352787,77.4997813247425
46.824325125292,77.6247813247424
46.9463731407185,77.7497813247424
47.1045542150475,77.8747813247424
47.2973167536815,77.9997813247424
47.5224979544224,78.1247813247423
47.7774361496181,78.2497813247423
48.0590005558531,78.3747813247423
48.3636522628286,78.4997813247422
48.6874089876061,78.6247813247422
49.0257452378818,78.7497813247422
49.3737594388926,78.8747813247422
49.7256050300052,78.9997813247421
50.0753752749596,79.1247813247421
50.4177042776218,79.2497813247421
50.7481505799774,79.374781324742
51.062895045946,79.499781324742
51.3584279471573,79.624781324742
51.6311884629053,79.749781324742
51.8770785229064,79.8747813247419
52.0914856074377,79.9997813247419
52.2694726489172,80.1247813247419
52.4058128942902,80.2497813247418
52.4961116421041,80.3747813247418
52.5364605395615,80.4997813247418
52.5242711004651,80.6247813247418
52.4586708904657,80.7497813247417
52.3403455624953,80.8747813247417
52.1710623580589,80.9997813247417
51.953400385136,81.1247813247416
51.6905173740858,81.2497813247416
51.3856097179928,81.3747813247416
51.0414895716692,81.4997813247416
50.6616375993025,81.6247813247415
50.2521098218994,81.7497813247415
49.8220661086798,81.8747813247415
49.3820082000004,81.9997813247414
48.9422577075921,82.1247813247414
48.5118868133037,82.2497813247414
48.0978506677545,82.3747813247414
47.704357211874,82.4997813247413
47.3336218727694,82.6247813247413
46.9870708802688,82.7497813247413
46.6658685830532,82.8747813247412
46.3709913646753,82.9997813247412
46.1031805568483,83.1247813247412
45.8630786473929,83.2497813247412
45.6514681196027,83.3747813247411
45.4692833221779,83.4997813247411
45.3173507034543,83.6247813247411
45.196241256919,83.7497813247411
45.1060912379373,83.874781324741
45.0468072025999,83.999781324741
45.0182865302247,84.124781324741
45.0202854989559,84.2497813247409
45.0526153636644,84.3747813247409
45.1151929131144,84.4997813247409
45.2079263613265,84.6247813247409
45.3306678485226,84.7497813247408
45.4832222445059,84.8747813247408
45.6651139775994,84.9997813247408
45.8752782815129,85.1247813247407
46.1118117321709,85.2497813247407
46.3722001102914,85.3747813247407
46.6538206499397,85.4997813247407
46.9546861420293,85.6247813247406
47.2732612907635,85.7497813247406
47.6080789891298,85.8747813247406
47.9575886194822,85.9997813247405
48.319978781516,86.1247813247405
48.6930491376997,86.2497813247405
49.0747356765321,86.3747813247405
49.4630799636218,86.4997813247404
49.8555005211961,86.6247813247404
50.2490428992862,86.7497813247404
50.6402642341562,86.8747813247403
51.0254275164906,86.9997813247403
51.4007855484417,87.1247813247403
51.7627985419783,87.2497813247403
52.1080814383004,87.3747813247402
52.43352101661,87.4997813247402
52.7362656178891,87.6247813247402
53.013622217308,87.7497813247401
53.2629963660367,87.8747813247401
53.4819083146926,87.9997813247401
53.6682806086018,88.1247813247401
53.8207745059557,88.24978132474
53.9388542416639,88.37478132474
54.0224679664189,88.49978132474
54.071726025645,88.6247813247399
54.0868858782388,88.7497813247399
54.0683656059437,88.8747813247399
54.0168236739856,88.9997813247399
53.9333823358622,89.1247813247398
53.8196219797742,89.2497813247398
53.677470344484,89.3747813247398
53.5091259565595,89.4997813247397
53.3174414031173,89.6247813247397
53.1058115350575,89.7497813247397
52.8785248897145,89.8747813247397
52.6413688243517,89.9997813247396
52.4004175857239,90.1247813247396
52.1614647797304,90.2497813247396
51.9301028103144,90.3747813247395
51.7114106160449,90.4997813247395
51.5107316522906,90.6247813247395
51.3339744959062,90.7497813247395
51.1877163958145,90.8747813247394
51.0781637105942,90.9997813247394
51.0101859382384,91.1247813247394
50.9872871954653,91.2497813247393
51.011444263448,91.3747813247393
51.0835722234607,91.4997813247393
51.2039845066515,91.6247813247393
51.372545912113,91.7497813247392
51.5887121582607,91.8747813247392
51.8515666426579,91.9997813247392
52.1599224521892,92.1247813247391
52.5123444268121,92.2497813247391
52.9070191246657,92.3747813247391
53.3415742347781,92.4997813247391
53.8130975652281,92.624781324739
54.3181602857623,92.749781324739
54.8527919368147,92.874781324739
55.412415653872,92.9997813247389
55.9919524788346,93.1247813247389
56.5861712098906,93.2497813247389
57.1899614137896,93.3747813247389
57.7985141213117,93.4997813247388
58.4072160010184,93.6247813247388
59.0117500819478,93.7497813247388
59.6077032771511,93.8747813247387
60.1899299526421,93.9997813247387
60.7528900293763,94.1247813247387
61.2905176644699,94.2497813247387
61.7963973867618,94.3747813247386
62.264757561769,94.4997813247386
62.6912417669078,94.6247813247386
63.072714658764,94.7497813247385
63.4075577866437,94.8747813247385
63.6940455540829,94.9997813247385
63.9306783333808,95.1247813247385
64.1171337209031,95.2497813247384
64.2539735196043,95.3747813247384
64.3419473590751,95.4997813247384
64.3824410217599,95.6247813247384
64.3780858352954,95.7497813247383
64.3345298545575,95.8747813247383
64.259373563468,95.9997813247383
64.1597514017401,96.1247813247382
64.0422354436067,96.2497813247382
63.9128939759089,96.3747813247382
63.7772241744007,96.4997813247382
63.6400069112795,96.6247813247381
63.5053768400377,96.7497813247381
63.3760272218055,96.8747813247381
63.2543926771071,96.999781324738
63.1423327345315,97.124781324738
63.0399508501476,97.249781324738
62.9476789493888,97.374781324738
62.8645464679257,97.4997813247379
62.7887757657644,97.6247813247379
62.7205488423314,97.7497813247379
62.6593921677279,97.8747813247378
62.6050465057302,97.9997813247378
62.5574385162822,98.1247813247378
62.5135337358793,98.2497813247378
62.4696932759748,98.3747813247377
62.42426578948,98.4997813247377
62.3750581708632,98.6247813247377
62.3190900671613,98.7497813247376
62.2551019661413,98.8747813247376
62.1810063062226,98.9997813247376
62.0947796450521,99.1247813247376
61.9952663498742,99.2497813247375
61.8803809396245,99.3747813247375
61.7469527930789,99.4997813247375
61.5914295756369,99.6247813247374
61.4110655015439,99.7497813247374
61.2046344067881,99.8747813247374
60.9725750306659,99.9997813247374
60.7162675343344,100.124781324737
60.437264940825,100.249781324737
60.1373398359659,100.374781324737
59.8190594891731,100.499781324737
59.4874323369415,100.624781324737
59.1514219408116,100.749781324737
58.8225725732807,100.874781324737
58.5119923988696,100.999781324737
58.2283802511903,101.124781324737
57.9776910234132,101.249781324737
57.7634954473204,101.374781324737
57.5877612813999,101.499781324737
57.4515183300231,101.624781324737
57.3547310041597,101.749781324737
57.2959146628205,101.874781324737
57.2726103544958,101.999781324737
57.28193722873,102.124781324737
57.3207632599187,102.249781324737
57.3862067674635,102.374781324737
57.4760135454003,102.499781324737
57.5885177714703,102.624781324737
57.7224756189835,102.749781324737
57.876833645935,102.874781324737
58.0504257586644,102.999781324737
58.2419225411113,103.124781324737
58.4498633124314,103.249781324737
58.6727240628404,103.374781324737
58.9087034594565,103.499781324737
59.1555454255463,103.624781324737
59.4104631809492,103.749781324737
59.6703906402688,103.874781324736
59.9322210122217,103.999781324736
60.1930981139044,104.124781324736
60.4501676229347,104.249781324736
60.7006461622605,104.374781324736
60.9419912408546,104.499781324736
61.172242586945,104.624781324736
61.3900673642472,104.749781324736
61.5950228697771,104.874781324736
61.7875499934958,104.999781324736
61.9686365157097,105.124781324736
62.1391995635775,105.249781324736
62.2987183166039,105.374781324736
62.4457285681915,105.499781324736
62.5788203870417,105.624781324736
62.6946882080632,105.749781324736
62.7884837515672,105.874781324736
62.8553838331127,105.999781324736
62.8917145569377,106.124781324736
62.8945769572798,106.249781324736
62.8619183825671,106.374781324736
62.7919332404082,106.499781324736
62.6838167095403,106.624781324736
62.5372103270333,106.749781324736
62.3519925591705,106.874781324736
62.1293181785253,106.999781324736
61.8708733293474,107.124781324736
61.5755766542764,107.249781324736
61.243286573454,107.374781324736
60.8756467680542,107.499781324736
60.4803877040776,107.624781324736
60.0727311490778,107.749781324736
59.6697899614035,107.874781324736
59.2853805475671,107.999781324736
58.9287020228708,108.124781324736
58.6048636453952,108.249781324735
58.3164144286698,108.374781324735
58.0637400445057,108.499781324735
57.8445004165174,108.624781324735
57.6544842858766,108.749781324735
57.489782538869,108.874781324735
57.3477744165663,108.999781324735
57.2268585954053,109.124781324735
57.1260267631652,109.249781324735
57.0445938261167,109.374781324735
56.9822230557574,109.499781324735
56.9393176200162,109.624781324735
56.9181440691819,109.749781324735
56.9235081154868,109.874781324735
56.9612439134395,109.999781324735
57.0354016696242,110.124781324735
57.147056364571,110.249781324735
57.2943334101757,110.374781324735
57.4733247162659,110.499781324735
57.6793560486655,110.624781324735
57.9080093876706,110.749781324735
58.1550971951318,110.874781324735
58.4161764132287,110.999781324735
58.6862786040348,111.124781324735
58.9598587165168,111.249781324735
59.230566052004,111.374781324735
59.4914007119933,111.499781324735
59.7351471978796,111.624781324735
59.9552456026821,111.749781324735
60.1458659573858,111.874781324735
60.3022192163965,111.999781324735
60.4210144755633,112.124781324735
60.4998017066121,112.249781324735
60.53620534349,112.374781324735
60.5290064707189,112.499781324735
60.4775076776731,112.624781324734
60.3809693381778,112.749781324734
60.2378668089125,112.874781324734
60.0454492362464,112.999781324734
59.8010740754901,113.124781324734
59.5040038352858,113.249781324734
59.1560103229153,113.374781324734
58.7621221800142,113.499781324734
58.3291708558082,113.624781324734
57.8632405030731,113.749781324734
57.3690394887616,113.874781324734
56.8503659835404,113.999781324734
56.3106396308888,114.124781324734
55.7532353542002,114.249781324734
55.1819376455365,114.374781324734
54.601198133819,114.499781324734
54.0160198910646,114.624781324734
53.4319957072278,114.749781324734
52.8559781693,114.874781324734
52.2990879036972,114.999781324734
51.7780377131793,115.124781324734
51.3099661615962,115.249781324734
50.9071803110347,115.374781324734
50.5764236723525,115.499781324734
50.3201976586845,115.624781324734
50.1381444311802,115.749781324734
50.028051340855,115.874781324734
49.9867643639471,115.999781324734
50.0106985951894,116.124781324734
50.0960355403207,116.249781324734
50.2388006237233,116.374781324734
50.4348179921269,116.499781324734
50.6796304760561,116.624781324734
50.9686164159706,116.749781324734
51.29751633321,116.874781324734
51.662719425832,116.999781324733
52.0609529401524,117.124781324733
52.4889608527931,117.249781324733
52.9434052037706,117.374781324733
53.4208688789593,117.499781324733
53.9178708505432,117.624781324733
54.4306442387872,117.749781324733
54.9548097507234,117.874781324733
55.4852678554206,117.999781324733
56.0164493330841,118.124781324733
56.5423026278481,118.249781324733
57.0559813882818,118.374781324733
57.5497925507902,118.499781324733
58.0159248413087,118.624781324733
58.4475483307162,118.749781324733
58.8396037344394,118.874781324733
59.189062800253,118.999781324733
59.4955030042305,119.124781324733
59.760780312806,119.249781324733
59.9873939762688,119.374781324733
60.177535527078,119.499781324733
60.3330738023308,119.624781324733
60.4566865124216,119.749781324733
60.5527065462751,119.874781324733
60.6254175346047,119.999781324733
60.6778828575933,120.124781324733
60.7122168558705,120.249781324733
60.7300697161066,120.374781324733
60.7332746152189,120.499781324733
60.7241799487299,120.624781324733
60.7053030764552,120.749781324733
60.6788710390294,120.874781324733
60.6465281984711,120.999781324733
60.6095876350735,121.124781324733
60.570001587452,121.249781324733
60.5305420765778,121.374781324732
60.4938338500808,121.499781324732
60.4615837383232,121.624781324732
60.4344868878174,121.749781324732
60.4124529800051,121.874781324732
60.394915490487,121.999781324732
60.3810419204018,122.124781324732
60.3698519723769,122.249781324732
60.3601657740209,122.374781324732
60.3505080209725,122.499781324732
60.3392605551231,122.624781324732
60.3248405443993,122.749781324732
60.305660771581,122.874781324732
60.2802031608349,122.999781324732
60.2472558872931,123.124781324732
60.2059230471738,123.249781324732
60.1555523328024,123.374781324732
60.095744542785,123.499781324732
60.0266118016717,123.624781324732
59.9487159174285,123.749781324732
59.8627526412523,123.874781324732
59.7691473095684,123.999781324732
59.668250053096,124.124781324732
59.5604332364288,124.249781324732
59.4461191920688,124.374781324732
59.3262445526742,124.499781324732
59.2022648694587,124.624781324732
59.0759337488887,124.749781324732
58.9493623736599,124.874781324732
58.8247862195342,124.999781324732
58.704497568868,125.124781324732
58.5907198267029,125.249781324732
58.4853441537466,125.374781324732
58.3897128969704,125.499781324732
58.3045981614645,125.624781324732
58.2301664222758,125.749781324732
58.166477622393,125.874781324731
58.1135154927311,125.999781324731
58.0707473523107,126.124781324731
58.0369480536897,126.249781324731
58.0100933188411,126.374781324731
57.9880097467413,126.499781324731
57.9690664081493,126.624781324731
57.9518861326505,126.749781324731
57.9350590953962,126.874781324731
57.9168993440176,126.999781324731
57.8953293039004,127.124781324731
57.8681957728539,127.249781324731
57.8335268690567,127.374781324731
57.7893972302324,127.499781324731
57.7336225380998,127.624781324731
57.6639482909763,127.749781324731
57.578939366662,127.874781324731
57.4786988833729,127.999781324731
57.3651672945838,128.124781324731
57.2416824774901,128.249781324731
57.1130495827775,128.374781324731
56.9854664081573,128.499781324731
56.8645260075214,128.624781324731
56.7539691261135,128.749781324731
56.6559506443729,128.874781324731
56.5716313001232,128.999781324731
56.5014929425939,129.124781324731
56.4452576814922,129.249781324731
56.4019303999398,129.374781324731
56.3704983653143,129.499781324731
56.3501549209034,129.624781324731
56.3400724912519,129.749781324731
56.3389959744622,129.874781324731
56.3457416346196,129.999781324731
56.3592795903694,130.12478132473
56.3789853847298,130.24978132473
56.4042092843313,130.37478132473
56.4339004781747,130.49978132473
56.4669637966441,130.62478132473
56.5023856527579,130.74978132473
56.5383961901557,130.87478132473
56.5723167195113,130.99978132473
56.6006170434102,131.12478132473
56.6191965127541,131.24978132473
56.6234943751233,131.37478132473
56.6086152059664,131.49978132473
56.5693526146319,131.62478132473
56.5006241421816,131.74978132473
56.3982430664375,131.87478132473
56.2590241189052,131.99978132473
56.0803335252065,132.12478132473
55.8601659314827,132.24978132473
55.5974043438344,132.37478132473
55.2916269785776,132.49978132473
54.9431544208892,132.62478132473
54.5539791822664,132.74978132473
54.1298029790914,132.87478132473
53.6822425069841,132.99978132473
53.2276475451472,133.12478132473
52.7828240233316,133.24978132473
52.3619657547508,133.37478132473
51.9759656391712,133.49978132473
51.6325446867505,133.62478132473
51.3362242716582,133.74978132473
51.0879830075644,133.87478132473
50.8860388676392,133.99978132473
50.7280824909477,134.12478132473
50.6127643813392,134.24978132473
50.5397351217397,134.37478132473
50.5092140188321,134.499781324729
50.5215651293951,134.624781324729
50.5770896443928,134.749781324729
50.6759295179236,134.874781324729
50.8179256661071,134.999781324729
51.0024596207021,135.124781324729
51.2280290669644,135.249781324729
51.4919706264522,135.374781324729
51.7904783545449,135.499781324729
52.118715216976,135.624781324729
52.4708507257036,135.749781324729
52.8413904211311,135.874781324729
53.2278585331701,135.999781324729
53.6308917937199,136.124781324729
54.0514692913392,136.249781324729
54.4901284190972,136.374781324729
54.9472825120113,136.499781324729
55.4224032481168,136.624781324729
55.9120122602468,136.749781324729
56.4078229455028,136.874781324729
56.897393800966,136.999781324729
57.366783416801,137.124781324729
57.8030463672497,137.249781324729
58.1966907553962,137.374781324729
58.5432179547777,137.499781324729
58.841460999175,137.624781324729
59.0900461684185,137.749781324729
59.2868514858739,137.874781324729
59.4303311166981,137.999781324729
59.5199574748586,138.124781324729
59.5556347642535,138.249781324729
59.5381738744611,138.374781324729
59.4680211505927,138.499781324729
59.3447018159257,138.624781324729
59.1656976254118,138.749781324729
58.9311929004081,138.874781324729
58.6524199923303,138.999781324728
58.347688449108,139.124781324728
58.0331978171868,139.249781324728
57.7205858668884,139.374781324728
57.4179964896172,139.499781324728
57.1309628851392,139.624781324728
56.8627429222957,139.749781324728
56.6150081648387,139.874781324728
56.3880046181127,139.999781324728
56.1805550730502,140.124781324728
55.9911593496924,140.249781324728
55.8191499832801,140.374781324728
55.6648185503506,140.499781324728
55.5289244412851,140.624781324728
55.4123192045841,140.749781324728
55.3158363236866,140.874781324728
55.2402387983914,140.999781324728
55.1860891940679,141.124781324728
55.1534958093484,141.249781324728
55.1422044614643,141.374781324728
55.1527138798625,141.499781324728
55.1869157587246,141.624781324728
55.2463341145776,141.749781324728
55.3302704780249,141.874781324728
55.4357325533417,141.999781324728
55.5584708821438,142.124781324728
55.6939078742392,142.249781324728
55.8377876137403,142.374781324728
55.9862615899627,142.499781324728
56.1359374205033,142.624781324728
56.2841648431445,142.749781324728
56.4289635602325,142.874781324728
56.5687717444555,142.999781324728
56.702049238188,143.124781324728
56.8275879195231,143.249781324728
56.9447214046918,143.374781324727
57.0531952630913,143.499781324727
57.1530666097692,143.624781324727
57.2447078810708,143.749781324727
57.3282844129488,143.874781324727
57.404025479834,143.999781324727
57.4725511635828,144.124781324727
57.5346145722061,144.249781324727
57.5909477481178,144.374781324727
57.6422309779982,144.499781324727
57.6889663486421,144.624781324727
57.7315934439376,144.749781324727
57.7706865002164,144.874781324727
57.8068786105564,144.999781324727
57.8410045704124,145.124781324727
57.873976619951,145.249781324727
57.9064859291089,145.374781324727
57.9391258981455,145.499781324727
57.9723563767067,145.624781324727
58.0064957236268,145.749781324727
58.0417908231912,145.874781324727
58.078618890058,145.999781324727
58.117538383552,146.124781324727
58.1591166312728,146.249781324727
58.2038515948842,146.374781324727
58.2520858501786,146.499781324727
58.3039241532051,146.624781324727
58.3592124218034,146.749781324727
58.4174953019108,146.874781324727
58.477960557699,146.999781324727
58.5395276094786,147.124781324727
58.6010446980455,147.249781324727
58.6614162829528,147.374781324727
58.7195832211161,147.499781324727
58.7743347740139,147.624781324727
58.8241016170353,147.749781324726
58.866880767358,147.874781324726
58.9004138354842,147.999781324726
58.9223046836928,148.124781324726
58.9299874575968,148.249781324726
58.9209734698188,148.374781324726
58.8933242591185,148.499781324726
58.8459468633572,148.624781324726
58.7785653606345,148.749781324726
58.6915608799133,148.874781324726
58.5858050230941,148.999781324726
58.4625566196833,149.124781324726
58.323433815286,149.249781324726
58.1704548043508,149.374781324726
58.0061073419618,149.499781324726
57.8333016558838,149.624781324726
57.6550880276872,149.749781324726
57.4744737637487,149.874781324726
57.2952568660638,149.999781324726
57.123381382488,150.124781324726
56.9665046533125,150.249781324726
56.8322697738238,150.374781324726
56.7275221940687,150.499781324726
56.6575203505459,150.624781324726
56.6250518801435,150.749781324726
56.6307265210081,150.874781324726
56.6738353248644,150.999781324726
56.7526897722472,151.124781324726
56.8648654993516,151.249781324726
57.0080015244913,151.374781324726
57.1790962137971,151.499781324726
57.3734692960682,151.624781324726
57.5857266603696,151.749781324726
57.8107837831837,151.874781324726
58.0439327276442,151.999781324726
58.2794639741588,152.124781324725
58.510567709435,152.249781324725
58.7312939755686,152.374781324725
58.9376830101518,152.499781324725
59.1269722220956,152.624781324725
59.2965205959974,152.749781324725
59.4445130924137,152.874781324725
59.5701679085706,152.999781324725
59.6735753078984,153.124781324725
59.7553181149106,153.249781324725
59.8164512340921,153.374781324725
59.8589856548593,153.499781324725
59.8854628023855,153.624781324725
59.8984222346419,153.749781324725
59.9003847546,153.874781324725
59.8937237883611,153.999781324725
59.8805865091001,154.124781324725
59.8629402849185,154.249781324725
59.8425928354412,154.374781324725
59.8211134053847,154.499781324725
59.7997679067527,154.624781324725
59.7796784243608,154.749781324725
59.7619613479611,154.874781324725
59.7476759577847,154.999781324725
59.7377354469211,155.124781324725
59.7328462986867,155.249781324725
59.7335591301976,155.374781324725
59.7403289327912,155.499781324725
59.7533341847903,155.624781324725
59.7724342266396,155.749781324725
59.7972685824159,155.874781324725
59.8271803417843,155.999781324725
59.8612878790152,156.124781324725
59.8986659718737,156.249781324725
59.9380114848584,156.374781324725
59.9776421056883,156.499781324724
60.015957233955,156.624781324724
60.051427153617,156.749781324724
60.0824159472886,156.874781324724
60.1070385612381,156.999781324724
60.123040442483,157.124781324724
60.1278485198411,157.249781324724
60.1187004558695,157.374781324724
60.0928626034641,157.499781324724
60.0476214257508,157.624781324724
59.9798381073466,157.749781324724
59.8856253471022,157.874781324724
59.7607463037092,157.999781324724
59.6013860127515,158.124781324724
59.4048503829676,158.249781324724
59.169916563925,158.374781324724
58.8966661526602,158.499781324724
58.5861959290479,158.624781324724
58.2406520128148,158.749781324724
57.8635401985441,158.874781324724
57.4597906959372,158.999781324724
57.0357808621466,159.124781324724
56.5996106921908,159.249781324724
56.161150720292,159.374781324724
55.7312009243654,159.499781324724
55.3201909289052,159.624781324724
54.9372909948046,159.749781324724
54.5900725244825,159.874781324724
54.2845404772773,159.999781324724
54.0255015214044,160.124781324724
53.8168810562076,160.249781324724
53.6614684650541,160.374781324724
53.5602212454683,160.499781324724
53.5125231507778,160.624781324724
53.5175222629523,160.749781324724
53.5747082379408,160.874781324724
53.683514256632,160.999781324723
53.8427022186732,161.124781324723
54.0500707036745,161.249781324723
54.3025341178895,161.374781324723
54.5965002507845,161.499781324723
54.9281959333617,161.624781324723
55.2938855294408,161.749781324723
55.6897692164791,161.874781324723
56.1114815756904,161.999781324723
56.5535613819204,162.124781324723
57.009296777104,162.249781324723
57.4711377238357,162.374781324723
57.9312698184234,162.499781324723
58.3817391805907,162.624781324723
58.813947017037,162.749781324723
59.2185609621503,162.874781324723
59.5862506671962,162.999781324723
59.9086061792344,163.124781324723
60.1787559519892,163.249781324723
60.3912181015277,163.374781324723
60.541400810559,163.499781324723
60.6255652869832,163.624781324723
60.6409398673156,163.749781324723
60.5856025634474,163.874781324723
60.4584899660649,163.999781324723
60.2599699170837,164.124781324723
59.9927645146359,164.249781324723
59.6618290806167,164.374781324723
59.27299947438,164.499781324723
58.8329027495873,164.624781324723
58.3513411621843,164.749781324723
57.8412164586284,164.874781324723
57.315452504033,164.999781324723
56.7851155220695,165.124781324723
56.2590404824053,165.249781324723
55.7439273599339,165.374781324722
55.24452883324,165.499781324722
54.7641085676244,165.624781324722
54.3051906473911,165.749781324722
53.8700749043176,165.874781324722
53.460655923492,165.999781324722
53.0782680380932,166.124781324722
52.7241366024665,166.249781324722
52.3996579925402,166.374781324722
52.1063825062077,166.499781324722
51.84622910516,166.624781324722
51.6217746105468,166.749781324722
51.4361815671248,166.874781324722
51.2931663872786,166.999781324722
51.1971642685459,167.124781324722
51.1525961180065,167.249781324722
51.1623460177262,167.374781324722
51.2271741158467,167.499781324722
51.3460475051114,167.624781324722
51.5164489728112,167.749781324722
51.7345604152311,167.874781324722
51.995793592207,167.999781324722
52.2952680176348,168.124781324722
52.6278412806297,168.249781324722
52.9885126860822,168.374781324722
53.3722019140641,168.499781324722
53.7744839288431,168.624781324722
54.1916949587958,168.749781324722
54.6207084141483,168.874781324722
55.0586270769662,168.999781324722
55.5027558177115,169.124781324722
55.9498943542663,169.249781324722
56.3952940048012,169.374781324722
56.8323933914495,169.499781324722
57.2533521170802,169.624781324722
57.6496830774098,169.749781324721
58.0133534541615,169.874781324721
58.3382421738426,169.999781324721
58.6200156788579,170.124781324721
58.8553708102489,170.249781324721
59.0415592557688,170.374781324721
59.1763929521062,170.499781324721
59.258283226052,170.624781324721
59.286340085541,170.749781324721
59.2604212809485,170.874781324721
59.1805600786324,170.999781324721
59.0468484218756,171.124781324721
58.8615062065437,171.249781324721
58.6310018425857,171.374781324721
58.3656044240445,171.499781324721
58.0772000479168,171.624781324721
57.77686173037,171.749781324721
57.4728847219602,171.874781324721
57.1711215139137,171.999781324721
56.876268996776,172.124781324721
56.5926279175077,172.249781324721
56.3236991830671,172.374781324721
56.0714185361776,172.499781324721
55.8359794766673,172.624781324721
55.6172270458218,172.749781324721
55.4157750383605,172.874781324721
55.2329451729996,172.999781324721
55.0703481482659,173.124781324721
54.9296455980952,173.249781324721
54.8122617105488,173.374781324721
54.7190010218382,173.499781324721
54.650449848247,173.624781324721
54.608868456457,173.749781324721
54.59827445383,173.874781324721
54.6220553108801,173.999781324721
54.6813762705745,174.12478132472
54.7744637760738,174.24978132472
54.8965229659075,174.37478132472
55.0404401317038,174.49978132472
55.1982967118742,174.62478132472
55.3626936687039,174.74978132472
55.5273090931835,174.87478132472
55.687121248327,174.99978132472
55.8381746952403,175.12478132472
55.9774574329699,175.24978132472
56.1026608167244,175.37478132472
56.2123151813653,175.49978132472
56.3060439456957,175.62478132472
56.384355274691,175.74978132472
56.4479865006039,175.87478132472
56.4971124655571,175.99978132472
56.531828790739,176.12478132472
56.5527183847389,176.24978132472
56.5611231459699,176.37478132472
56.558666692956,176.49978132472
56.5466187382975,176.62478132472
56.5261076489033,176.74978132472
56.4980753700407,176.87478132472
56.4635202525885,176.99978132472
56.4234568223316,177.12478132472
56.3785449916097,177.24978132472
56.329476014018,177.37478132472
56.2774192615699,177.49978132472
56.2242897706578,177.62478132472
56.1724799086011,177.74978132472
56.1244436168038,177.87478132472
56.0823419232501,177.99978132472
56.0479589327204,178.12478132472
56.0230010622451,178.24978132472
56.009770127177,178.37478132472
56.0114428125362,178.499781324719
56.0314959641546,178.624781324719
56.072847406596,178.749781324719
56.1373547951083,178.874781324719
56.2256955491345,178.999781324719
56.3375141991791,179.124781324719
56.4717922372894,179.249781324719
56.6271144967107,179.374781324719
56.8017446486528,179.499781324719
56.9937020142935,179.624781324719
57.2008520480538,179.749781324719
57.4207293962148,179.874781324719
57.650117344177,179.999781324719
57.8848413129217,180.124781324719
58.1201529445297,180.249781324719
58.3511274580118,180.374781324719
58.5729073952689,180.499781324719
58.7809345957026,180.624781324719
58.970877198234,180.749781324719
59.1381736522675,180.874781324719
59.277915136894,180.999781324719
59.3850819268384,181.124781324719
59.454612135739,181.249781324719
59.4815829382816,181.374781324719
59.4619389907586,181.499781324719
59.3930598270352,181.624781324719
59.2736594871504,181.749781324719
59.1034922681927,181.874781324719
58.8828791426335,181.999781324719
58.612874411163,182.124781324719
58.2966498180842,182.249781324719
57.9398714073692,182.374781324719
57.5495633531118,182.499781324719
57.1333750513931,182.624781324719
56.6997727380817,182.749781324719
56.2586899283309,182.874781324718
55.8210546395752,182.999781324718
55.3972348560446,183.124781324718
54.9969951979146,183.249781324718
54.6304773462264,183.374781324718
54.3070533275064,183.499781324718
54.0336996801138,183.624781324718
53.8150592590875,183.749781324718
53.654145458203,183.874781324718
53.5521419933847,183.999781324718
53.5078613218531,184.124781324718
53.5184539006686,184.249781324718
53.5806408766131,184.374781324718
53.6912181834299,184.499781324718
53.8469793967751,184.624781324718
54.0447029544413,184.749781324718
54.2811753068053,184.874781324718
54.5531717699831,184.999781324718
54.8574622374292,185.124781324718
55.1908741521718,185.249781324718
55.5503311569956,185.374781324718
55.9327866490866,185.499781324718
56.3349291323151,185.624781324718
56.7527791281844,185.749781324718
57.1815749243061,185.874781324718
57.6161089574915,185.999781324718
58.0511970721441,186.124781324718
58.4820113240571,186.249781324718
58.9043250408123,186.374781324718
59.3146995763162,186.499781324718
59.7105729843133,186.624781324718
60.0902674717053,186.749781324718
60.4527489928608,186.874781324718
60.7972058425616,186.999781324718
61.1225914994503,187.124781324718
61.4272791760127,187.249781324718
61.7090320004625,187.374781324717
61.9652580998006,187.499781324717
62.1932923028802,187.624781324717
62.3906702658665,187.749781324717
62.5552301997679,187.874781324717
62.685188681127,187.999781324717
62.7790423355079,188.124781324717
62.8355136603211,188.249781324717
62.8535291073335,188.374781324717
62.8322267826863,188.499781324717
62.7710109834073,188.624781324717
62.6693984841379,188.749781324717
62.5266845718867,188.874781324717
62.3418868937694,188.999781324717
62.1146409894257,189.124781324717
61.8466639252632,189.249781324717
61.5417333043787,189.374781324717
61.2047961710478,189.499781324717
60.8411138020772,189.624781324717
60.4558993853877,189.749781324717
60.0541821803106,189.874781324717
59.6406038356193,189.999781324717
59.219351194455,190.124781324717
58.7939670273489,190.249781324717
58.3672763237731,190.374781324717
57.9415412037515,190.499781324717
57.5184062335914,190.624781324717
57.0991797173305,190.749781324717
56.6850662625065,190.874781324717
56.2773456058412,190.999781324717
55.8774166630674,191.124781324717
55.4867494870567,191.249781324717
55.106856349641,191.374781324717
54.7393691457246,191.499781324717
54.3861303628343,191.624781324717
54.0492933288492,191.749781324716
53.731311573779,191.874781324716
53.4347639023198,191.999781324716
53.1621044468276,192.124781324716
52.9156248776429,192.249781324716
52.6975224134761,192.374781324716
52.5099375687492,192.499781324716
52.354876730717,192.624781324716
52.2340921354831,192.749781324716
52.1491253225173,192.874781324716
52.1014287307824,192.999781324716
52.0923628214141,193.124781324716
52.1229869466904,193.249781324716
52.1937929802908,193.374781324716
52.304575050845,193.499781324716
52.4542767631777,193.624781324716
52.6407743611405,193.749781324716
52.8609599102261,193.874781324716
53.1112195217677,193.999781324716
53.387811292881,194.124781324716
53.6868945891174,194.249781324716
54.0046593727208,194.374781324716
54.3376400238989,194.499781324716
54.6827419567379,194.624781324716
55.0370908704821,194.749781324716
55.3977373295468,194.874781324716
55.7611990015496,194.999781324716
56.1232252104246,195.124781324716
56.4788240747943,195.249781324716
56.8223800118409,195.374781324716
57.1479397903107,195.499781324716
57.4496095489982,195.624781324716
57.7219527969344,195.749781324716
57.9603876406425,195.874781324716
58.1612071485482,195.999781324716
58.32136514771,196.124781324715
58.4384314534112,196.249781324715
58.5106082596479,196.374781324715
58.5366648554284,196.499781324715
58.5157810047089,196.624781324715
58.4475324635706,196.749781324715
58.3324081250562,196.874781324715
58.1724182405782,196.999781324715
57.9708353298545,197.124781324715
57.7316609131355,197.249781324715
57.4598970905252,197.374781324715
57.1614870076635,197.499781324715
56.8423581183663,197.624781324715
56.5077179943141,197.749781324715
56.1619588912305,197.874781324715
55.8087554657464,197.999781324715
55.4510707039821,198.124781324715
55.0911793148174,198.249781324715
54.7308650084513,198.374781324715
54.3716293421993,198.499781324715
54.0147684600261,198.624781324715
53.6614946886643,198.749781324715
53.3132262887769,198.874781324715
52.971758221184,198.999781324715
52.6390821306139,199.124781324715
52.3173380910521,199.249781324715
52.0091182657669,199.374781324715
51.7176733035196,199.499781324715
51.4468148625154,199.624781324715
51.2007215519351,199.749781324715
50.9837149167632,199.874781324715
50.8003912022176,199.999781324715
50.6560153933053,200.124781324715
50.556633150331,200.249781324715
50.5073911837428,200.374781324715
50.511556430129,200.499781324714
50.5706878427702,200.624781324714
50.6850863543789,200.749781324714
50.8540967869593,200.874781324714
51.0762454043549,200.999781324714
51.34918036553,201.124781324714
51.6696916851064,201.249781324714
52.0339459023643,201.374781324714
52.4377239477359,201.499781324714
52.8766120120797,201.624781324714
53.3462118675745,201.749781324714
53.8421192145806,201.874781324714
54.3599882258592,201.999781324714
54.8953041249785,202.124781324714
55.4427989891777,202.249781324714
55.9962235175177,202.374781324714
56.5486594979205,202.499781324714
57.0931340681735,202.624781324714
57.622985806195,202.749781324714
58.1315715702904,202.874781324714
58.6119846696749,202.999781324714
59.0576075449651,203.124781324714
59.4628399613469,203.249781324714
59.8235257382162,203.374781324714
60.1376279442609,203.499781324714
60.4052329281391,203.624781324714
60.6275618897431,203.749781324714
60.8058524024872,203.874781324714
60.9412189654038,203.999781324714
61.0348266265524,204.124781324714
61.0876626236757,204.249781324714
61.1008058904802,204.374781324714
61.0754415785827,204.499781324714
61.0131411668632,204.624781324714
60.9157519850432,204.749781324714
60.7852864259837,204.874781324713
60.6245527383517,204.999781324713
60.4369450071487,205.124781324713
60.2261717873346,205.249781324713
59.9961069072884,205.374781324713
59.7501651118558,205.499781324713
59.4903499185889,205.624781324713
59.2183498325656,205.749781324713
58.9353830058113,205.874781324713
58.6422193040632,205.999781324713
58.3392579475202,206.124781324713
58.0267417843716,206.249781324713
57.7050242390357,206.374781324713
57.3747664518034,206.499781324713
57.0371045725141,206.624781324713
56.6937348871665,206.749781324713
56.3466962819726,206.874781324713
55.9980736176409,206.999781324713
55.6499698715053,207.124781324713
55.3047038227963,207.249781324713
54.9653999602075,207.374781324713
54.6362006070808,207.499781324713
54.321527997544,207.624781324713
54.0251318870466,207.749781324713
53.7496677132544,207.874781324713
53.4967201403316,207.999781324713
53.2669955723566,208.124781324713
53.060580279419,208.249781324713
52.8772057858903,208.374781324713
52.7164604671741,208.499781324713
52.5778898317657,208.624781324713
52.4610406821645,208.749781324713
52.3655229503282,208.874781324713
52.2909873484149,208.999781324713
52.2371551819179,209.124781324713
52.2041841024657,209.249781324713
52.1929589910075,209.374781324712
52.2050277924362,209.499781324712
52.2423874896969,209.624781324712
52.3072305297155,209.749781324712
52.4017227131235,209.874781324712
52.5278956654966,209.999781324712
52.6875105766188,210.124781324712
52.8819827608078,210.249781324712
53.1123255909392,210.374781324712
53.3789059093981,210.499781324712
53.6813424566414,210.624781324712
54.0184742300794,210.749781324712
54.3881245690536,210.874781324712
54.7871521886999,210.999781324712
55.2118026422415,211.124781324712
55.6579449868831,211.249781324712
56.1212471637417,211.374781324712
56.5972641722134,211.499781324712
57.0811176162353,211.624781324712
57.5676800117578,211.749781324712
58.0523274387098,211.874781324712
58.5304986151335,211.999781324712
58.9972079912376,212.124781324712
59.4466292411453,212.249781324712
59.8721846381802,212.374781324712
60.2671416916566,212.499781324712
60.6251466066941,212.624781324712
60.940180519829,212.749781324712
61.2062059876244,212.874781324712
61.4174787346584,212.999781324712
61.5692667562806,213.124781324712
61.6589625912282,213.249781324712
61.6846159183521,213.374781324712
61.6451782053082,213.499781324712
61.5407653309717,213.624781324712
61.3724614510162,213.749781324711
61.1417414010949,213.874781324711
60.8500723526565,213.999781324711
60.4998629530364,214.124781324711
60.0961938201508,214.249781324711
59.6466395995405,214.374781324711
59.1598442530756,214.499781324711
58.6453709536728,214.624781324711
58.1142972810688,214.749781324711
57.5784269729623,214.874781324711
57.049042567327,214.999781324711
56.5361350881868,215.124781324711
56.0480957692363,215.249781324711
55.5918292940194,215.374781324711
55.1732112777589,215.499781324711
54.7975401749081,215.624781324711
54.469194720165,215.749781324711
54.1911486727144,215.874781324711
53.9645868734983,215.999781324711
53.7892400195732,216.124781324711
53.6641759831921,216.249781324711
53.5883454260562,216.374781324711
53.560714558431,216.499781324711
53.5800430699089,216.624781324711
53.6445766774402,216.749781324711
53.7520118227583,216.874781324711
53.8997479345241,216.999781324711
54.0851169311235,217.124781324711
54.3055043314542,217.249781324711
54.5584014744184,217.374781324711
54.841373278858,217.499781324711
55.1519537902909,217.624781324711
55.487579706391,217.749781324711
55.8456263766803,217.874781324711
56.2234886227546,217.999781324711
56.6185697080685,218.12478132471
57.028231023011,218.24978132471
57.4495602762724,218.37478132471
57.8792331263609,218.49978132471
58.3134020410286,218.62478132471
58.7476993417704,218.74978132471
59.1773284466481,218.87478132471
59.5972288820855,218.99978132471
60.0024673447088,219.12478132471
60.3883388485698,219.24978132471
60.7498554227987,219.37478132471
61.0819805154514,219.49978132471
61.3799156589055,219.62478132471
61.6393387099098,219.74978132471
61.8562881348501,219.87478132471
62.0268988439824,219.99978132471
62.1470003965209,220.12478132471
62.2121722489203,220.24978132471
62.21829601653,220.37478132471
62.1622187809934,220.49978132471
62.0420632925393,220.62478132471
61.8574272526811,220.74978132471
61.6098049051772,220.87478132471
61.3030892347381,220.99978132471
60.9434037282201,221.12478132471
60.5382343555455,221.24978132471
60.0953549355999,221.37478132471
59.6222389946753,221.49978132471
59.1259452695792,221.62478132471
58.6135880461212,221.74978132471
58.0928790537057,221.87478132471
57.5721835002203,221.99978132471
57.0602338101298,222.12478132471
56.5652563969954,222.24978132471
56.0941831518253,222.37478132471
55.6528178387054,222.499781324709
55.2463756722266,222.624781324709
54.8793161538703,222.749781324709
54.554817664361,222.874781324709
54.2746553670115,222.999781324709
54.0396199832583,223.124781324709
53.8504737217988,223.249781324709
53.7075987426504,223.374781324709
53.6101413417177,223.499781324709
53.5560739175863,223.624781324709
53.5427760017048,223.749781324709
53.5680428488642,223.874781324709
53.6308995868181,223.999781324709
53.7314963887957,224.124781324709
53.870327787917,224.249781324709
54.0473331789219,224.374781324709
54.2613268202355,224.499781324709
54.5096748844353,224.624781324709
54.7878672821928,224.749781324709
55.0889692302529,224.874781324709
55.4038802254117,224.999781324709
55.7227459114524,225.124781324709
56.0363982336165,225.249781324709
56.3371834735675,225.374781324709
56.6191605547391,225.499781324709
56.8777991987985,225.624781324709
57.1097150266752,225.749781324709
57.3129485623514,225.874781324709
57.4875718083506,225.999781324709
57.6355903159583,226.124781324709
57.759584319151,226.249781324709
57.8614808626438,226.374781324709
57.9424494719321,226.499781324709
58.0032365560256,226.624781324709
58.0446502697732,226.749781324709
58.0675955643885,226.874781324708
58.0728558209321,226.999781324708
58.060753748876,227.124781324708
58.0310492927206,227.249781324708
57.9840959530273,227.374781324708
57.9220615089662,227.499781324708
57.8485873252679,227.624781324708
57.7680223063873,227.749781324708
57.6842492554918,227.874781324708
57.5999569506243,227.999781324708
57.5166357181541,228.124781324708
57.4349118721486,228.249781324708
57.3549021842205,228.374781324708
57.2766650320537,228.499781324708
57.2005494816003,228.624781324708
57.1270195471854,228.749781324708
57.0562822024085,228.874781324708
56.9881547125044,228.999781324708
56.9219770474634,229.124781324708
56.8569128277735,229.249781324708
56.792264107192,229.374781324708
56.727394273297,229.499781324708
56.6617380038244,229.624781324708
56.5946275194719,229.749781324708
56.5252155020548,229.874781324708
56.4527285013645,229.999781324708
56.3764711159188,230.124781324708
56.2955644472894,230.249781324708
56.2088344941589,230.374781324708
56.115459674514,230.499781324708
56.0148942403297,230.624781324708
55.9067565568316,230.749781324708
55.7909335470953,230.874781324708
55.667802185736,230.999781324708
55.5383477005605,231.124781324708
55.4040467806597,231.249781324707
55.2665418454521,231.374781324707
55.1273451509531,231.499781324707
54.9876196941097,231.624781324707
54.84805818036,231.749781324707
54.7089006769951,231.874781324707
54.5699938912935,231.999781324707
54.4309734494071,232.124781324707
54.2914326144343,232.249781324707
54.1508864232372,232.374781324707
54.0087464864024,232.499781324707
53.8644642718982,232.624781324707
53.7176987913942,232.749781324707
53.5684391143984,232.874781324707
53.4170410347477,232.999781324707
53.2642073073936,233.124781324707
53.1108837176901,233.249781324707
52.9580107397896,233.374781324707
52.8064135441555,233.499781324707
52.6571535931091,233.624781324707
52.5119847672261,233.749781324707
52.3734129197628,233.874781324707
52.2443909864748,233.999781324707
52.1279742335979,234.124781324707
52.0270983402743,234.249781324707
51.9443558781208,234.374781324707
51.881930437065,234.499781324707
51.8416935465371,234.624781324707
51.8253510472981,234.749781324707
51.8345729250581,234.874781324707
51.8709803788952,234.999781324707
51.9358624007439,235.124781324707
52.0300057287362,235.249781324707
52.1540925156533,235.374781324707
52.309083425239,235.499781324707
52.4961821669118,235.624781324707
52.7166576135956,235.749781324706
52.9710404046686,235.874781324706
53.2592830679496,235.999781324706
53.5809361638114,236.124781324706
53.9350642574613,236.249781324706
54.3201820303415,236.374781324706
54.7339110901238,236.499781324706
55.1727687591805,236.624781324706
55.6326080136517,236.749781324706
56.1090198141107,236.874781324706
56.5970937701373,236.999781324706
57.0915097007775,237.124781324706
57.5870193192881,237.249781324706
58.0791667301032,237.374781324706
58.5642211845887,237.499781324706
59.0383355995887,237.624781324706
59.496230657919,237.749781324706
59.9306601573315,237.874781324706
60.3334433060047,237.999781324706
60.6969898511831,238.124781324706
61.0151417155307,238.249781324706
61.2828982043532,238.374781324706
61.4956668529414,238.499781324706
61.6490537859689,238.624781324706
61.7391616269831,238.749781324706
61.7627654991094,238.874781324706
61.7172074263671,238.999781324706
61.6003275262941,239.124781324706
61.4106417670287,239.249781324706
61.1475027043548,239.374781324706
60.8108947554374,239.499781324706
60.4010252731942,239.624781324706
59.9203941690304,239.749781324706
59.3770440020885,239.874781324706
58.7833596666552,239.999781324706
58.1527174284767,240.124781324705
57.4985056011428,240.249781324705
56.8344782012362,240.374781324705
56.1740495714292,240.499781324705
55.528549900474,240.624781324705
54.906420743049,240.749781324705
54.314397304422,240.874781324705
53.7596111785092,240.999781324705
53.251117476919,241.124781324705
52.7989988318172,241.249781324705
52.4117312156268,241.374781324705
52.0947548322767,241.499781324705
51.8509917026998,241.624781324705
51.6816395955638,241.749781324705
51.5865019774681,241.874781324705
51.564157079751,241.999781324705
51.6122229416611,242.124781324705
51.7275923562366,242.249781324705
51.9064529480803,242.374781324705
52.1441780015188,242.499781324705
52.4353878011376,242.624781324705
52.7744874595462,242.749781324705
53.1563031124506,242.874781324705
53.576118968102,242.999781324705
54.0293867903438,243.124781324705
54.5115169260671,243.249781324705
55.0178665142031,243.374781324705
55.5437751478349,243.499781324705
56.084413644955,243.624781324705
56.6345706567745,243.749781324705
57.1886106226522,243.874781324705
57.7405789235816,243.999781324705
58.2843089320633,244.124781324705
58.8137970704107,244.249781324705
59.3234027153576,244.374781324705
59.8076136465234,244.499781324704
60.2610055970881,244.624781324704
60.6784364632918,244.749781324704
61.0552822276271,244.874781324704
61.3877437837106,244.999781324704
61.6726055930547,245.124781324704
61.9067091808747,245.249781324704
62.0864844993764,245.374781324704
62.2078992091217,245.499781324704
62.2672511928349,245.624781324704
62.2619789707845,245.749781324704
62.1904938174116,245.874781324704
62.0519853249084,245.999781324704
61.8467980185613,246.124781324704
61.5769946136573,246.249781324704
61.2466082808335,246.374781324704
60.8610199565427,246.499781324704
60.4260159677871,246.624781324704
59.9473150885876,246.749781324704
59.4305386517084,246.874781324704
58.8814329102016,246.999781324704
58.305970289308,247.124781324704
57.7109071598286,247.249781324704
57.1045822216295,247.374781324704
56.4964520849353,247.499781324704
55.8955427626915,247.624781324704
55.3095377379802,247.749781324704
54.7453993895177,247.874781324704
54.2108099812971,247.999781324704
53.7144996456435,248.124781324704
53.2650061809811,248.249781324704
52.8691761913511,248.374781324704
52.5315078790529,248.499781324704
52.254266614138,248.624781324704
52.0379032268959,248.749781324704
51.8816161112215,248.874781324703
51.7839560582474,248.999781324703
51.7431462468921,249.124781324703
51.7567122206401,249.249781324703
51.821046961123,249.374781324703
51.9320883533001,249.499781324703
52.0863902881629,249.624781324703
52.281354282816,249.749781324703
52.5149486364823,249.874781324703
52.7853416554436,249.999781324703
53.0906279584231,250.124781324703
53.4286829294342,250.249781324703
53.7971434780785,250.374781324703
54.1933259178482,250.499781324703
54.6142053808453,250.624781324703
55.0564265992515,250.749781324703
55.5163319996569,250.874781324703
55.9899542651009,250.999781324703
56.4729971837793,251.124781324703
56.96097903393,251.249781324703
57.449422272783,251.374781324703
57.9338600321093,251.499781324703
58.409635377261,251.624781324703
58.8716082470696,251.749781324703
59.3141963165731,251.874781324703
59.7314425756865,251.999781324703
60.1168401348928,252.124781324703
60.463228813316,252.249781324703
60.7625638089318,252.374781324703
61.0065513243992,252.499781324703
61.1869174022805,252.624781324703
61.2964028035246,252.749781324703
61.3294360912926,252.874781324703
61.2821836924326,252.999781324703
61.1522839232782,253.124781324703
60.9380109186262,253.249781324702
60.6377514023772,253.374781324702
60.2523971153105,253.499781324702
59.7890376724848,253.624781324702
59.2606625409051,253.749781324702
58.6829176781366,253.874781324702
58.0725739763513,253.999781324702
57.4476042327346,254.124781324702
56.8259667934491,254.249781324702
56.223928529987,254.374781324702
55.6551058714604,254.499781324702
55.1296134822381,254.624781324702
54.6543657947702,254.749781324702
54.2341616998815,254.874781324702
53.8719974855344,254.999781324702
53.5685978834556,255.124781324702
53.3230397392363,255.249781324702
53.1341221184457,255.374781324702
53.0007618363565,255.499781324702
52.9214287416499,255.624781324702
52.8934590521441,255.749781324702
52.9138679810695,255.874781324702
52.9811507945953,255.999781324702
53.0955390817409,256.124781324702
53.25711783529,256.249781324702
53.4649170013801,256.374781324702
53.71699858194,256.499781324702
54.0080133803565,256.624781324702
54.3273269414391,256.749781324702
54.6618980283686,256.874781324701
54.999394780048,256.999781324701
55.3290272159151,257.124781324701
55.642265312666,257.249781324701
55.933344114169,257.374781324701
56.1990011160601,257.499781324701
56.4375714077494,257.624781324701
56.6481804912882,257.749781324701
56.8302595107225,257.874781324701
56.9837345602472,257.999781324701
57.1097870748136,258.124781324701
57.2108011606879,258.249781324701
57.2897323443888,258.374781324701
57.3492748942964,258.499781324701
57.391633630344,258.624781324701
57.4187340794225,258.749781324701
57.4325378167678,258.874781324701
57.4346467590454,258.999781324701
57.4266035180318,259.1247813247
57.4096590132602,259.2497813247
57.384816958737,259.3747813247
57.3533513940168,259.4997813247
57.3171773983928,259.6247813247
57.278620578683,259.7497813247
57.2400981725331,259.8747813247
57.203721712958,259.9997813247
57.1709383441559,260.1247813247
57.1423194439804,260.2497813247
57.118006271318,260.3747813247
57.0982519902234,260.4997813247
57.0835670788021,260.6247813247
57.0749313477461,260.7497813247
57.0729316862498,260.8747813247
57.0767970416585,260.9997813247
57.085523717539,261.1247813247
57.0984433369717,261.249781324699
57.1148540652611,261.374781324699
57.1339492004484,261.499781324699
57.1549327606257,261.624781324699
57.1769518707488,261.749781324699
57.1990188647717,261.874781324699
57.2199153672583,261.999781324699
57.2379968340056,262.124781324699
57.2509575478903,262.249781324699
57.2557583007961,262.374781324699
57.2489579868713,262.499781324699
57.2272408104615,262.624781324699
57.1877143656129,262.749781324699
57.1278471706338,262.874781324699
57.0454017267437,262.999781324699
56.9385100214517,263.124781324699
56.8057229995965,263.249781324699
56.6460004047578,263.374781324699
56.458757479985,263.499781324698
56.243750653545,263.624781324698
56.0009468143862,263.749781324698
55.7307480533929,263.874781324698
55.4341953599888,263.999781324698
55.11303341096,264.124781324698
54.7698471318297,264.249781324698
54.4077663370259,264.374781324698
54.0300550788155,264.499781324698
53.6402339582626,264.624781324698
53.2421782268692,264.749781324698
52.8401360961593,264.874781324698
52.4386328639523,264.999781324698
52.0423953252457,265.124781324698
51.6564653807935,265.249781324698
51.2865952297439,265.374781324698
50.9390254061866,265.499781324698
50.6199552384588,265.624781324697
50.3357762714844,265.749781324697
50.0934515460079,265.874781324697
49.8999690460441,265.999781324697
49.7610173712375,266.124781324697
49.6802196684425,266.249781324697
49.6591474351174,266.374781324697
49.6980765644559,266.499781324697
49.7967202776111,266.624781324697
49.9543852285476,266.749781324697
50.169609267145,266.874781324697
50.4400649305908,266.999781324697
50.7630496327131,267.124781324697
51.1357917542929,267.249781324697
51.5554055969319,267.374781324697
52.0187548630582,267.499781324697
52.5223546279218,267.624781324697
53.0621264225436,267.749781324697
53.6335067648289,267.874781324696
54.231599625215,267.999781324696
54.8513600966765,268.124781324696
55.4876409016708,268.249781324696
56.1351434145689,268.374781324696
56.7883596124236,268.499781324696
57.4419207955319,268.624781324696
58.090868867948,268.749781324696
58.7305665632318,268.874781324696
59.3562140090749,268.999781324696
59.9622527336712,269.124781324696
60.5420818604041,269.249781324696
61.0881760237227,269.374781324696
61.592405650189,269.499781324696
62.0462621538746,269.624781324696
62.4414138957734,269.749781324696
62.770056266995,269.874781324696
63.0253606942226,269.999781324696
63.2026021234831,270.124781324695
63.2989798941402,270.249781324695
63.3126573355923,270.374781324695
63.2423254749882,270.499781324695
63.086625252416,270.624781324695
62.8433086199678,270.749781324695
62.5102018291157,270.874781324695
62.0898944915721,270.999781324695
61.5923766061517,271.124781324695
61.031491237094,271.249781324695
60.4206678507224,271.374781324695
59.7746436194456,271.499781324695
59.1118746636697,271.624781324695
58.4510433160039,271.749781324695
57.8073397273969,271.874781324695
57.1920136685193,271.999781324695
56.6134026033162,272.124781324695
56.0781367665968,272.249781324694
55.5912667535895,272.374781324694
55.1556679130869,272.499781324694
54.773117795891,272.624781324694
54.4467617411343,272.749781324694
54.1815593681678,272.874781324694
53.9825634526254,272.999781324694
53.8532508996749,273.124781324694
53.7949800354205,273.249781324694
53.8070328575292,273.374781324694
53.8868368713317,273.499781324694
54.0304744660637,273.624781324694
54.2332769228706,273.749781324694
54.4901561042899,273.874781324694
54.7952769622231,273.999781324694
55.1415623729525,274.124781324694
55.5212569895061,274.249781324694
55.9269099107108,274.374781324694
56.3517949009263,274.499781324693
56.7899197304989,274.624781324693
57.2358213028684,274.749781324693
57.68435829622,274.874781324693
58.1306429927964,274.999781324693
58.5700586605388,275.124781324693
58.9982665619959,275.249781324693
59.4109259434182,275.374781324693
59.803103896841,275.499781324693
60.1696311040072,275.624781324693
60.5048547318806,275.749781324693
60.8032161784577,275.874781324693
61.0599539934687,275.999781324693
61.2713561524656,276.124781324693
61.4347404363134,276.249781324693
61.5482506906606,276.374781324693
61.6103745338722,276.499781324693
61.6196337586231,276.624781324692
61.5749137223067,276.749781324692
61.4759339612938,276.874781324692
61.3234139012835,276.999781324692
61.1191558796785,277.124781324692
60.8660086983291,277.249781324692
60.5675537003743,277.374781324692
60.2276390085805,277.499781324692
59.850279463776,277.624781324692
59.439761282616,277.749781324692
59.0006417554985,277.874781324692
58.5375030270181,277.999781324692
58.0546731701494,278.124781324692
57.5560958392203,278.249781324692
57.0453480158424,278.374781324692
56.5257830818543,278.499781324692
56.0010830260583,278.624781324692
55.4761824033338,278.749781324692
54.9578114779521,278.874781324691
54.453787118698,278.999781324691
53.9716821205037,279.124781324691
53.5180318913986,279.249781324691
53.0978562947037,279.374781324691
52.7148925402137,279.499781324691
52.3721671851672,279.624781324691
52.0728748838819,279.749781324691
51.8207597682913,279.874781324691
51.6192011917587,279.999781324691
51.4697513385651,280.124781324691
51.371932591198,280.249781324691
51.3243899685668,280.374781324691
51.3258435801898,280.499781324691
51.3751846032076,280.624781324691
51.471251410086,280.749781324691
51.6126476281683,280.874781324691
51.797653794906,280.999781324691
52.0242186719967,281.12478132469
52.2900537660873,281.24978132469
52.5926593735901,281.37478132469
52.9291791511641,281.49978132469
53.2960951592254,281.62478132469
53.6889067101191,281.74978132469
54.1021598173605,281.87478132469
54.5298827034906,281.99978132469
54.9662924068278,282.12478132469
55.4066387932899,282.24978132469
55.8477709300044,282.37478132469
56.2874036774269,282.49978132469
56.7218441822778,282.62478132469
57.1438356771615,282.74978132469
57.542586622852,282.87478132469
57.9064455886092,282.99978132469
58.2255880086153,283.12478132469
58.4932288819761,283.249781324689
58.706196565229,283.374781324689
58.8652318045786,283.499781324689
58.9733922874148,283.624781324689
59.0341937778354,283.749781324689
59.0509501093275,283.874781324689
59.0266080283407,283.999781324689
58.9638832614857,284.124781324689
58.86553088127,284.249781324689
58.7340794128668,284.374781324689
58.5707722971385,284.499781324689
58.3766937338408,284.624781324689
58.1569469870327,284.749781324689
57.9224520961905,284.874781324689
57.6865422990035,284.999781324689
57.4601992683491,285.124781324689
57.2510732334711,285.249781324689
57.0641428583959,285.374781324689
56.9022638195885,285.499781324688
56.7667707925758,285.624781324688
56.6587493613457,285.749781324688
56.5785203345454,285.874781324688
56.5250277096781,285.999781324688
56.4958513493996,286.124781324688
56.488265557271,286.249781324688
56.4997969403258,286.374781324688
56.5285019744273,286.499781324688
56.5728652700503,286.624781324688
56.6315867422881,286.749781324688
56.7034741787208,286.874781324688
56.7873323705027,286.999781324688
56.8817070214623,287.124781324688
56.9845973456596,287.249781324688
57.0935285176197,287.374781324688
57.2057169161533,287.499781324688
57.3182024416988,287.624781324687
57.4280594146012,287.749781324687
57.532225560121,287.874781324687
57.6271997684828,287.999781324687
57.708745257684,288.124781324687
57.7722406419802,288.249781324687
57.8131907515109,288.374781324687
57.8275520652378,288.499781324687
57.81201989963,288.624781324687
57.7641125484766,288.749781324687
57.6819337205708,288.874781324687
57.5640705723368,288.999781324687
57.4095450673663,289.124781324687
57.217946177475,289.249781324687
56.9896886987772,289.374781324687
56.7259171317834,289.499781324687
56.4293060901626,289.624781324687
56.1040106731759,289.749781324687
55.7553081146394,289.874781324686
55.3894751422471,289.999781324686
55.0136215208496,290.124781324686
54.6351336116824,290.249781324686
54.2609398839614,290.374781324686
53.8971357146646,290.499781324686
53.5491816809126,290.624781324686
53.2222965230309,290.749781324686
52.9216396730727,290.874781324686
52.6521529606821,290.999781324686
52.418237910095,291.124781324686
52.2235028274226,291.249781324686
52.0707089679438,291.374781324686
51.96189966064,291.499781324686
51.8986493601506,291.624781324686
51.882322769968,291.749781324686
51.9142166932436,291.874781324686
51.9953427267262,291.999781324686
52.1259560332533,292.124781324685
52.3053180097459,292.249781324685
52.5316630368382,292.374781324685
52.8022618732799,292.499781324685
53.1135408582937,292.624781324685
53.4612526471226,292.749781324685
53.840753588723,292.874781324685
54.247292632031,292.999781324685
54.6761518236914,293.124781324685
55.1227300723614,293.249781324685
55.5825936713148,293.374781324685
56.0512791505832,293.499781324685
56.5239394222916,293.624781324685
56.994975762386,293.749781324685
57.4579812113161,293.874781324685
57.9059385821504,293.999781324685
58.3317545285567,294.124781324685
58.7291646425261,294.249781324684
59.0919997988915,294.374781324684
59.4146302384317,294.499781324684
59.6922615958911,294.624781324684
59.9208738269799,294.749781324684
60.0970596004092,294.874781324684
60.2179819321005,294.999781324684
60.2813934326126,295.124781324684
60.2856218258502,295.249781324684
60.2296075633976,295.374781324684
60.1131824816022,295.499781324684
59.9372756958887,295.624781324684
59.7038615391343,295.749781324684
59.4158300351752,295.874781324684
59.0768576703293,295.999781324684
58.6913350999813,296.124781324684
58.2646638707403,296.249781324684
57.8037026147885,296.374781324684
57.3166622256028,296.499781324683
56.8124696137413,296.624781324683
56.3003020359529,296.749781324683
55.7886320525655,296.874781324683
55.2841450500234,296.999781324683
54.7921857004801,297.124781324683
54.3171752796156,297.249781324683
53.8631568106599,297.374781324683
53.4343530125334,297.499781324683
53.0352256097067,297.624781324683
52.6695718678902,297.749781324683
52.3398601797479,297.874781324683
52.0483613463278,297.999781324683
51.7990789349503,298.124781324683
51.5978543177555,298.249781324683
51.4505705086341,298.374781324683
51.3615430424767,298.499781324683
51.3329831852571,298.624781324682
51.3651333459743,298.749781324682
51.4568033735436,298.874781324682
51.6060427453038,298.999781324682
51.8104220343763,299.124781324682
52.0666897437196,299.249781324682
52.3704817578163,299.374781324682
52.7168512418639,299.499781324682
53.1009152731603,299.624781324682
53.5180041342439,299.749781324682
53.9635790892336,299.874781324682
54.433239689104,299.999781324682
54.9227422094244,300.124781324682
55.4280361340298,300.249781324682
55.9453244196274,300.374781324682
56.4710102546997,300.499781324682
57.0013340277706,300.624781324682
57.5318890673634,300.749781324682
58.0575622425464,300.874781324681
58.572635861573,300.999781324681
59.0710225516537,301.124781324681
59.546312351775,301.249781324681
59.9920180872171,301.374781324681
60.4016550687778,301.499781324681
60.7696392329607,301.624781324681
61.0907441673731,301.749781324681
61.3604497621442,301.874781324681
61.5753305535453,301.999781324681
61.7328364279959,302.124781324681
61.830884985656,302.249781324681
61.8675563404209,302.374781324681
61.8412179558372,302.499781324681
61.7513483603895,302.624781324681
61.5990752029884,302.749781324681
61.3867578797126,302.874781324681
61.1174104514328,302.99978132468
60.7943721949805,303.12478132468
60.4213147773023,303.24978132468
60.0027006710804,303.37478132468
59.544232563136,303.49978132468
59.0525315819561,303.62478132468
58.5345884818118,303.74978132468
57.9973487722343,303.87478132468
57.4472151963516,303.99978132468
56.8902298806539,304.12478132468
56.3316176918057,304.24978132468
55.7754241936084,304.37478132468
55.2254428510818,304.49978132468
54.6855696092291,304.62478132468
54.1601181333348,304.74978132468
53.6533736662866,304.87478132468
53.1692420119932,304.99978132468
52.7124631856064,305.12478132468
52.2895878616888,305.249781324679
51.9074388880033,305.374781324679
51.5709169566004,305.499781324679
51.2826968710305,305.624781324679
51.043892635123,305.749781324679
50.8547051098228,305.874781324679
50.7148684311538,305.999781324679
50.6238792915785,306.124781324679
50.581053065958,306.249781324679
50.5855663210677,306.374781324679
50.6363654517456,306.499781324679
50.7319581337494,306.624781324679
50.8707571117342,306.749781324679
51.0515162392572,306.874781324679
51.2732832159597,306.999781324679
51.5351996521989,307.124781324679
51.8362714821263,307.249781324679
52.1751862862068,307.374781324679
52.5501667703276,307.499781324678
52.9588053686434,307.624781324678
53.3979530842801,307.749781324678
53.8638314955282,307.874781324678
54.352158876901,307.999781324678
54.8581897895679,308.124781324678
55.3767789888747,308.249781324678
55.9027317678757,308.374781324678
56.4312390563393,308.499781324678
56.9582478166573,308.624781324678
57.480207257956,308.749781324678
57.9934024800537,308.874781324678
58.4932605883228,308.999781324678
58.9739410000313,309.124781324678
59.4286316988009,309.249781324678
59.8503121016932,309.374781324678
60.2327139900123,309.499781324678
60.5697501001573,309.624781324677
60.8561204217235,309.749781324677
61.087916797099,309.874781324677
61.2626241122569,309.999781324677
61.3786918560678,310.124781324677
61.4353626838829,310.249781324677
61.4326283291441,310.374781324677
61.3707768708202,310.499781324677
61.2502524639847,310.624781324677
61.0727711186133,310.749781324677
60.8414247310111,310.874781324677
60.560284543488,310.999781324677
60.2349031404545,311.124781324677
59.8728428814108,311.249781324677
59.4825723020958,311.374781324677
59.0720652737657,311.499781324677
58.6483127807855,311.624781324677
58.2173339263842,311.749781324677
57.7841354326989,311.874781324676
57.3526566593373,311.999781324676
56.9256493272551,312.124781324676
56.5048976010085,312.249781324676
56.0916252375359,312.374781324676
55.6866189195977,312.499781324676
55.2910157575631,312.624781324676
54.9057737584096,312.749781324676
54.5324694395192,312.874781324676
54.1738856502199,312.999781324676
53.8333863692003,313.124781324676
53.5141187914262,313.249781324676
53.2186032778026,313.374781324676
52.9487356426037,313.499781324676
52.70599562071,313.624781324676
52.4914333438814,313.749781324676
52.3053285154319,313.874781324676
52.1471625186934,313.999781324675
52.0160873602629,314.124781324675
51.9112002669755,314.249781324675
51.8316533556707,314.374781324675
51.7767545680292,314.499781324675
51.745809222894,314.624781324675
51.737757896819,314.749781324675
51.7511436248328,314.874781324675
51.7847058761483,314.999781324675
51.8378583994614,315.124781324675
51.9107023753267,315.249781324675
52.0038708412928,315.374781324675
52.1183744248402,315.499781324675
52.2554313263329,315.624781324675
52.4163354240061,315.749781324675
52.6023684306967,315.874781324675
52.8147151060491,315.999781324675
53.0543250536805,316.124781324675
53.3217033680402,316.249781324674
53.6166589145338,316.374781324674
53.9382192884423,316.499781324674
54.2848643054081,316.624781324674
54.6548014518217,316.749781324674
55.0460252860157,316.874781324674
55.4562415246212,316.999781324674
55.8827759568174,317.124781324674
56.3226376893149,317.249781324674
56.7726745586032,317.374781324674
57.2294908409436,317.499781324674
57.689058639357,317.624781324674
58.1463924452301,317.749781324674
58.5957995803843,317.874781324674
59.0315252751153,317.999781324674
59.4481214207001,318.124781324674
59.8405011386407,318.249781324674
60.2039948257151,318.374781324674
60.5342665714582,318.499781324673
60.8273274038744,318.624781324673
61.0796330360053,318.749781324673
61.2879393328596,318.874781324673
61.4490746198617,318.999781324673
61.5600635214639,319.124781324673
61.6183411949347,319.249781324673
61.6217816633224,319.374781324673
61.5688152659584,319.499781324673
61.4589812471397,319.624781324673
61.2933797340498,319.749781324673
61.0744960127319,319.874781324673
60.8055189731703,319.999781324673
60.4897702186015,320.124781324673
60.1307464204354,320.249781324673
59.7326827894605,320.374781324673
59.3005801229584,320.499781324673
58.8399526585572,320.624781324672
58.3567290493781,320.749781324672
57.8570559927158,320.874781324672
57.3469268330808,320.999781324672
56.8318682593641,321.124781324672
56.3170253266034,321.249781324672
55.8074485902561,321.374781324672
55.3082737538106,321.499781324672
54.8247606119672,321.624781324672
54.3624464704108,321.749781324672
53.9266635396966,321.874781324672
53.5223314303669,321.999781324672
53.1542862757728,322.124781324672
52.8276002237507,322.249781324672
52.547487763971,322.374781324672
52.3189413898308,322.499781324672
52.1461881229942,322.624781324672
52.0319946568368,322.749781324672
51.9774717507577,322.874781324671
51.9823854752362,322.999781324671
52.0455239323537,323.124781324671
52.1648657033074,323.249781324671
52.3375389522087,323.374781324671
52.5598679797112,323.499781324671
52.8277312043933,323.624781324671
53.1369626670478,323.749781324671
53.4835376175068,323.874781324671
53.8635120290678,323.999781324671
54.2728380792031,324.124781324671
54.7071976237435,324.249781324671
55.1620272131481,324.374781324671
55.6329086463517,324.499781324671
56.1158440671139,324.624781324671
56.606993353679,324.749781324671
57.1021492252875,324.874781324671
57.5963070001403,324.99978132467
58.0835073473641,325.12478132467
58.5569317088056,325.24978132467
59.0092652344453,325.37478132467
59.433251960179,325.49978132467
59.8221332075618,325.62478132467
60.1694990978923,325.74978132467
60.4696522060928,325.87478132467
60.7176621327632,325.99978132467
60.9090789924569,326.12478132467
61.0398992861357,326.24978132467
61.1067603402437,326.37478132467
61.1071629443243,326.49978132467
61.0396211214098,326.62478132467
60.9036368246544,326.74978132467
60.6998134723666,326.87478132467
60.4299441967732,326.99978132467
60.0969984593587,327.12478132467
59.7048285241495,327.249781324669
59.2587411586643,327.374781324669
58.7670153214102,327.499781324669
58.2402986849688,327.624781324669
57.6892417100657,327.749781324669
57.1232260577199,327.874781324669
56.5506170253458,327.999781324669
55.9794482190252,328.124781324669
55.4175546602455,328.249781324669
54.8722313329769,328.374781324669
54.3504861545509,328.499781324669
53.8584835386059,328.624781324669
53.4006265172942,328.749781324669
52.9802934569998,328.874781324669
52.6009122013269,328.999781324669
52.2663978848522,329.124781324669
51.9809895084301,329.249781324669
51.749303732977,329.374781324669
51.5764063317029,329.499781324668
51.4668664946932,329.624781324668
51.4235091175681,329.749781324668
51.4469362873921,329.874781324668
51.5356849657598,329.999781324668
51.6867865511045,330.124781324668
51.8963648743085,330.249781324668
52.1599502185201,330.374781324668
52.4726207911331,330.499781324668
52.829023703237,330.624781324668
53.2235132471651,330.749781324668
53.6503584856188,330.874781324668
54.1039440977154,330.999781324668
54.5788631113078,331.124781324668
55.0700586991769,331.249781324668
55.5728562831534,331.374781324668
56.082910665314,331.499781324668
56.5962307241277,331.624781324667
57.1092506611376,331.749781324667
57.618488866325,331.874781324667
58.1198864403836,331.999781324667
58.6083344857886,332.124781324667
59.0776508836255,332.249781324667
59.5207260973205,332.374781324667
59.9297033750241,332.499781324667
60.2963093584447,332.624781324667
60.6120155579136,332.749781324667
60.8682742387232,332.874781324667
61.057515691602,332.999781324667
61.1734691578533,333.124781324667
61.2103496193511,333.249781324667
61.1632816987864,333.374781324667
61.0283899160414,333.499781324667
60.802996824846,333.624781324667
60.4854800991722,333.749781324667
60.0747614625483,333.874781324666
59.5716223967585,333.999781324666
58.9827042405987,334.124781324666
58.3223616115121,334.249781324666
57.609701447552,334.374781324666
56.8652846139031,334.499781324666
56.1094869397746,334.624781324666
55.3614989119229,334.749781324666
54.6386798438039,334.874781324666
53.955994723529,334.999781324666
53.3256144958642,335.124781324666
52.757310111262,335.249781324666
52.2581378379172,335.374781324666
51.8318664030476,335.499781324666
51.4805332796797,335.624781324666
51.206737238891,335.749781324666
51.013168906844,335.874781324666
50.9006150648325,335.999781324665
50.8673497823432,336.124781324665
50.9099429282769,336.249781324665
51.0242714408818,336.374781324665
51.2060293043618,336.499781324665
51.4507213508276,336.624781324665
51.7534719379842,336.749781324665
52.108752919751,336.874781324665
52.510314117193,336.999781324665
52.9513464946258,337.124781324665
53.4247057284509,337.249781324665
53.9231816635681,337.374781324665
54.4397936583378,337.499781324665
54.9683459808712,337.624781324665
55.5041321885837,337.749781324665
56.0438452197606,337.874781324665
56.5839731067135,337.999781324665
57.1183001984327,338.124781324665
57.636110134185,338.249781324664
58.1231751568155,338.374781324664
58.565584156125,338.499781324664
58.9516633609855,338.624781324664
59.2726400444628,338.749781324664
59.5234664345538,338.874781324664
59.7039723745175,338.999781324664
59.8179392459003,339.124781324664
59.8706346374021,339.249781324664
59.8669105251147,339.374781324664
59.8106914642042,339.499781324664
59.7054347932524,339.624781324664
59.5544634335597,339.749781324664
59.3610689557989,339.874781324664
59.1278206499425,339.999781324664
58.8557434006473,340.124781324664
58.5475045575408,340.249781324664
58.2129659989003,340.374781324664
57.8680116006334,340.499781324663
57.5275570788401,340.624781324663
57.2034347258382,340.749781324663
56.9060682624145,340.874781324663
56.6439256019774,340.999781324663
56.422304143875,341.124781324663
56.2435754071877,341.249781324663
56.1073435244866,341.374781324663
56.0116901865965,341.499781324663
55.9544560302079,341.624781324663
55.9334069570049,341.749781324663
55.9464924799126,341.874781324663
55.9919982987631,341.999781324663
56.0683741557101,342.124781324663
56.1738646170116,342.249781324663
56.3060801165677,342.374781324663
56.4621918440649,342.499781324663
56.6392341873456,342.624781324662
56.8342388772389,342.749781324662
57.0443551799699,342.874781324662
57.2651493359906,342.999781324662
57.4890507989747,343.124781324662
57.707668747688,343.249781324662
57.9140290819465,343.374781324662
58.1027653309778,343.499781324662
58.2699389505507,343.624781324662
58.4129537287523,343.749781324662
58.5301386997507,343.874781324662
58.620345704061,343.999781324662
58.6828244520537,344.124781324662
58.7171563697855,344.249781324662
58.7231781978322,344.374781324662
58.7008527140356,344.499781324662
58.6501281192014,344.624781324662
58.5713933010193,344.749781324662
58.4658494029794,344.874781324661
58.3352625981558,344.999781324661
58.1819336226485,345.124781324661
58.0088942485974,345.249781324661
57.8196083995418,345.374781324661
57.6174603922785,345.499781324661
57.4055784966547,345.624781324661
57.1867856762611,345.749781324661
56.9634753840124,345.874781324661
56.7376326336166,345.999781324661
56.5109286348831,346.124781324661
56.2847702761612,346.249781324661
56.0603295732349,346.374781324661
55.8386752940085,346.499781324661
55.6209517141007,346.624781324661
55.4085006632804,346.749781324661
55.2028193899603,346.874781324661
55.0053909382253,346.99978132466
54.8175760664126,347.12478132466
54.6406224928983,347.24978132466
54.4757520084854,347.37478132466
54.3242569189471,347.49978132466
54.1875187319087,347.62478132466
54.0669277899603,347.74978132466
53.9638222504542,347.87478132466
53.8794548500017,347.99978132466
53.8149233012725,348.12478132466
53.771120043539,348.24978132466
53.7487582168449,348.37478132466
53.7484178866654,348.49978132466
53.7705663063491,348.62478132466
53.8156152836417,348.74978132466
53.8840521888925,348.87478132466
53.9764957817495,348.99978132466
54.0936119008695,349.12478132466
54.2359770608434,349.249781324659
54.4039643055433,349.374781324659
54.597641068777,349.499781324659
54.8166490484431,349.624781324659
55.0601429772308,349.749781324659
55.3268194568477,349.874781324659
55.6149898890281,349.999781324659
55.9226599371518,350.124781324659
56.2475385182779,350.249781324659
56.586989150335,350.374781324659
56.9379185632111,350.499781324659
57.2967222355192,350.624781324659
57.6595116985373,350.749781324659
58.0224586959584,350.874781324659
58.3817933012179,350.999781324659
58.7334710213649,351.124781324659
59.0729672234704,351.249781324659
59.3954494885448,351.374781324658
59.6960973591388,351.499781324658
59.9701244548458,351.624781324658
60.2125971478151,351.749781324658
60.4183425867316,351.874781324658
60.5821012545149,351.999781324658
60.6988486782316,352.124781324658
60.7642083701726,352.249781324658
60.7747443042375,352.374781324658
60.7280163025475,352.499781324658
60.6223809620192,352.624781324658
60.4566286925222,352.749781324658
60.2298728578813,352.874781324658
59.9419865312056,352.999781324658
59.5945044905938,353.124781324658
59.1912063543559,353.249781324658
58.7377006506355,353.374781324658
58.2404750013802,353.499781324658
57.706678782473,353.624781324657
57.1448414476239,353.749781324657
56.565643275317,353.874781324657
55.9814480742838,353.999781324657
55.4043266259802,354.124781324657
54.8448883819808,354.249781324657
54.3108410807104,354.374781324657
53.8084419062879,354.499781324657
53.3430396184557,354.624781324657
52.9191817267386,354.749781324657
52.5398499185551,354.874781324657
52.2062537248207,354.999781324657
51.9199411018869,355.124781324657
51.685264698548,355.249781324657
51.5087398876695,355.374781324657
51.3964357724933,355.499781324657
51.3521875955763,355.624781324657
51.3772331159963,355.749781324657
51.4707319704941,355.874781324656
51.6305288416063,355.999781324656
51.8534560409542,356.124781324656
52.1349773895128,356.249781324656
52.4689670986188,356.374781324656
52.8485718840138,356.499781324656
53.2671439591178,356.624781324656
53.7184373097462,356.749781324656
54.1965961754487,356.874781324656
54.6962672298531,356.999781324656
55.2126702349616,357.124781324656
55.7413241796175,357.249781324656
56.277545911642,357.374781324656
56.8161667062741,357.499781324656
57.3516324663117,357.624781324656
57.8780784899885,357.749781324656
58.3893046992571,357.874781324656
58.8785951829849,357.999781324655
59.3384977135627,358.124781324655
59.7613007331072,358.249781324655
60.1399292028919,358.374781324655
60.4685427055936,358.499781324655
60.7426103726113,358.624781324655
60.9585754175475,358.749781324655
61.1135647222528,358.874781324655
61.2052651259124,358.999781324655
61.2318903877204,359.124781324655
61.1926231182654,359.249781324655
61.088332136255,359.374781324655
60.9217690345356,359.499781324655
60.6971007386329,359.624781324655
60.4192212802071,359.749781324655
60.0933390856166,359.874781324655
59.7250240076607,359.999781324655
59.3201557721338,360.124781324655
58.8844457236184,360.249781324654
58.4231943784386,360.374781324654
57.94169251623,360.499781324654
57.4452500664431,360.624781324654
56.9387157620654,360.749781324654
56.4260859701654,360.874781324654
55.9106947452738,360.999781324654
55.3954339705347,361.124781324654
54.8832218467441,361.249781324654
54.3766678830729,361.374781324654
53.8785091161677,361.499781324654
53.3921357905529,361.624781324654
52.9214103241024,361.749781324654
52.4699273970616,361.874781324654
52.0411981280961,361.999781324654
51.639792542559,362.124781324654
51.2722213972224,362.249781324654
50.9454271215275,362.374781324653
50.6648583403101,362.499781324653
50.4340055203851,362.624781324653
50.2547730635924,362.749781324653
50.1279178607067,362.874781324653
50.0533276116542,362.999781324653
50.0303498264738,363.124781324653
50.0582055524422,363.249781324653
50.136078692076,363.374781324653
50.2627507428512,363.499781324653
50.4364820726966,363.624781324653
50.6554985433019,363.749781324653
50.9182212485996,363.874781324653
51.2231439353292,363.999781324653
51.5686569798652,364.124781324653
51.9528765927918,364.249781324653
52.3733988033006,364.374781324653
52.8272736888224,364.499781324653
53.3111049317001,364.624781324652
53.8210560306794,364.749781324652
54.352929056184,364.874781324652
54.9022959590233,364.999781324652
55.4646378574885,365.124781324652
56.0353780518578,365.249781324652
56.6097657796081,365.374781324652
57.182707983323,365.499781324652
57.7486744978634,365.624781324652
58.3014457968685,365.749781324652
58.8342550337327,365.874781324652
59.3400608155134,365.999781324652
59.8120934083168,366.124781324652
60.2439781200277,366.249781324652
60.6298151687708,366.374781324652
60.9645431158066,366.499781324652
61.2433547452535,366.624781324652
61.4623306010969,366.749781324652
61.6182893365758,366.874781324651
61.7088047208201,366.999781324651
61.7321155226566,367.124781324651
61.6868125838516,367.249781324651
61.5724220428202,367.374781324651
61.3903963571404,367.499781324651
61.1435949886609,367.624781324651
60.8355451161109,367.749781324651
60.4704699785202,367.874781324651
60.0542056898581,367.999781324651
59.5946194600006,368.124781324651
59.1003833811633,368.249781324651
58.5797235447306,368.374781324651
58.0398628008092,368.499781324651
57.4872519994069,368.624781324651
56.927783684985,368.749781324651
56.3666692453432,368.874781324651
55.8082273222023,368.99978132465
55.255814992755,369.12478132465
54.7125909828607,369.24978132465
54.1819001245897,369.37478132465
53.6673116752427,369.49978132465
53.1730775826373,369.62478132465
52.7052744901012,369.74978132465
52.2718577198414,369.87478132465
51.8806562191706,369.99978132465
51.5374407933015,370.12478132465
51.2455389276263,370.24978132465
51.0063020246654,370.37478132465
50.819706005413,370.49978132465
50.6848896841611,370.62478132465
50.6006346743781,370.74978132465
50.5656924457448,370.87478132465
50.5788451449857,370.99978132465
50.6386026111863,371.12478132465
50.7427509220143,371.249781324649
50.8885377236326,371.374781324649
51.0734669286692,371.499781324649
51.2956425965405,371.624781324649
51.5535554760999,371.749781324649
51.8458354635471,371.874781324649
52.171075883387,371.999781324649
52.5276421891989,372.124781324649
52.9135329526845,372.249781324649
53.3264508646946,372.374781324649
53.7639330865731,372.499781324649
54.2233468440434,372.624781324649
54.7017793884718,372.749781324649
55.196073797874,372.874781324649
55.7028909310442,372.999781324649
56.218729859697,373.124781324649
56.7397651446744,373.249781324649
57.2614526354317,373.374781324648
57.7783276137891,373.499781324648
58.2843437653518,373.624781324648
58.7735738529018,373.749781324648
59.240808170488,373.874781324648
59.6817000058235,373.999781324648
60.0924593682014,374.124781324648
60.4693516524554,374.249781324648
60.8084763005676,374.374781324648
61.1060296039532,374.499781324648
61.3588878808504,374.624781324648
61.5648020418011,374.749781324648
61.7221576759604,374.874781324648
61.8295332634032,374.999781324648
61.8853258170421,375.124781324648
61.8880749121301,375.249781324648
61.8378931787792,375.374781324648
61.7369016393417,375.499781324648
61.5883801214414,375.624781324647
61.3959576031524,375.749781324647
61.1630315758527,375.874781324647
60.8925269852765,375.999781324647
60.5877843754879,376.124781324647
60.2537110972096,376.249781324647
59.8960039673398,376.374781324647
59.51967317416,376.499781324647
59.1286754232128,376.624781324647
58.7261510747218,376.749781324647
58.3147326628802,376.874781324647
57.8968491882856,376.999781324647
57.47482692149,377.124781324647
57.0508219226079,377.249781324647
56.6269149766282,377.374781324647
56.205447317487,377.499781324647
55.7890439367438,377.624781324647
55.3805682940082,377.749781324647
54.9830787077023,377.874781324646
54.5996413987211,377.999781324646
54.2331816852871,378.124781324646
53.8864558563008,378.249781324646
53.5621549672759,378.374781324646
53.2631463916967,378.499781324646
52.9925296473326,378.624781324646
52.7535525330119,378.749781324646
52.5493124620761,378.874781324646
52.382360240449,378.999781324646
52.2545635144679,379.124781324646
52.1671800591676,379.249781324646
52.1208829026084,379.374781324646
52.1157809112327,379.499781324646
52.1515404255102,379.624781324646
52.2275615712255,379.749781324646
52.343133118339,379.874781324646
52.4975179529481,379.999781324645
52.6899714839271,380.124781324645
52.9196592838064,380.249781324645
53.1853912904658,380.374781324645
53.4853717121404,380.499781324645
53.8173430633688,380.624781324645
54.1788321486399,380.749781324645
54.5671741972855,380.874781324645
54.9794056402122,380.999781324645
55.4121385948418,381.124781324645
55.8614346871673,381.249781324645
56.3229551623591,381.374781324645
56.7922459939204,381.499781324645
57.2646235786292,381.624781324645
57.7347195155816,381.749781324645
58.1965091806126,381.874781324645
58.6436749862994,381.999781324645
59.0699159955836,382.124781324645
59.4691040397229,382.249781324644
59.8353146853332,382.374781324644
60.1629029002114,382.499781324644
60.4461332979912,382.624781324644
60.6794833032817,382.749781324644
60.8577457741179,382.874781324644
60.975824130437,382.999781324644
61.0288853525572,383.124781324644
61.0127280221665,383.249781324644
60.9240110802377,383.374781324644
60.7604440132143,383.499781324644
60.5213262689357,383.624781324644
60.208275219224,383.749781324644
59.8252199153145,383.874781324644
59.3774873935112,383.999781324644
58.8710781012474,384.124781324644
58.3142207473706,384.249781324644
57.7188450436217,384.374781324643
57.0987583222754,384.499781324643
56.4673964625745,384.624781324643
55.8374260103595,384.749781324643
55.2204796697391,384.874781324643
54.6266146218161,384.999781324643
54.0644778153809,385.124781324643
53.5416090044849,385.249781324643
53.0635325830185,385.374781324643
52.6329111867772,385.499781324643
52.25108721966,385.624781324643
51.9201315282701,385.749781324643
51.642498507286,385.874781324643
51.4206135740352,385.999781324643
51.257098223111,386.124781324643
51.1547713171484,386.249781324643
51.1159785119088,386.374781324643
51.1419916012602,386.499781324643
51.2328734523651,386.624781324642
51.3872718022787,386.749781324642
51.6024211121047,386.874781324642
51.8742898636915,386.999781324642
52.1976495919672,387.124781324642
52.5662418126556,387.249781324642
52.9732602381818,387.374781324642
53.4119490747656,387.499781324642
53.8763287477525,387.624781324642
54.3614149183179,387.749781324642
54.8628231162803,387.874781324642
55.3753545526407,387.999781324642
55.8914088129323,388.124781324642
56.400286904287,388.249781324642
56.8894357788179,388.374781324642
57.3468671701284,388.499781324642
57.7627833053428,388.624781324642
58.1297711932289,388.749781324642
58.4427463799517,388.874781324641
58.7003521951873,388.999781324641
58.9051565134182,389.124781324641
59.0600840539999,389.249781324641
59.1666496775642,389.374781324641
59.2257496061359,389.499781324641
59.238866258012,389.624781324641
59.2083469750139,389.749781324641
59.1363691683199,389.874781324641
59.0241322175836,389.999781324641
58.8724046352214,390.124781324641
58.6834146889562,390.249781324641
58.4648961338733,390.374781324641
58.2298495636402,390.499781324641
57.9904454438061,390.624781324641
57.7553518031488,390.749781324641
57.5300449707158,390.874781324641
57.3177317704697,390.99978132464
57.1208911292638,391.12478132464
56.9419224409376,391.24978132464
56.7825180023324,391.37478132464
56.6430848325039,391.49978132464
56.5230025533453,391.62478132464
56.4210021493324,391.74978132464
56.3357323602464,391.87478132464
56.2664445912473,391.99978132464
56.2129108545062,392.12478132464
56.1747171125094,392.24978132464
56.1506264848844,392.37478132464
56.1388302505639,392.49978132464
56.1376255518659,392.62478132464
56.1456335828651,392.74978132464
56.1615313209307,392.87478132464
56.1836219450759,392.99978132464
56.2096133713566,393.12478132464
56.2370391387966,393.249781324639
56.2633997198634,393.374781324639
56.2859623205913,393.499781324639
56.301803210224,393.624781324639
56.3084798672054,393.749781324639
56.3043987552406,393.874781324639
56.2886068116869,393.999781324639
56.2605112644079,394.124781324639
56.2196697480709,394.249781324639
56.165347079792,394.374781324639
56.0971058093114,394.499781324639
56.0147977392517,394.624781324639
55.9185287059346,394.749781324639
55.8086395181375,394.874781324639
55.6857271758587,394.999781324639
55.5506823298708,395.124781324639
55.4047395243975,395.249781324639
55.2495447444349,395.374781324638
55.0871657427018,395.499781324638
54.9199661974968,395.624781324638
54.7504060854306,395.749781324638
54.5808712563977,395.874781324638
54.4136309962384,395.999781324638
54.2509129847624,396.124781324638
54.09494410926,396.249781324638
53.9478898948041,396.374781324638
53.8117711610337,396.499781324638
53.6883992215918,396.624781324638
53.5793554544147,396.749781324638
53.4860263576737,396.874781324638
53.4097157754608,396.999781324638
53.3518210788449,397.124781324638
53.3139125458062,397.249781324638
53.2977001083667,397.374781324638
53.3048826833421,397.499781324638
53.336939100721,397.624781324637
53.3950070574068,397.749781324637
53.4798795430316,397.874781324637
53.592029372246,397.999781324637
53.7314152996836,398.124781324637
53.897522435394,398.249781324637
54.0896911876768,398.374781324637
54.3070009745583,398.499781324637
54.548034859214,398.624781324637
54.810834091643,398.749781324637
55.0931752603686,398.874781324637
55.3930917537524,398.999781324637
55.708309469011,399.124781324637
56.0362754893277,399.249781324637
56.3744356900124,399.374781324637
56.7202593485652,399.499781324637
57.0710356988582,399.624781324637
57.4234751989054,399.749781324637
57.7733978491986,399.874781324636
58.1160149537819,399.999781324636
