0,0
0,0.124999999999969
0,0.24999999996306
0,0.374999952923915
0,0.499999926285355
0,0.624999846078128
0,0.749999794586623
0,0.874999699615517
0,0.999999621202942
0,1.12499952807309
-2.96131230174112e-65,1.24999940546675
5.5420391059102e-58,1.37499933002305
-6.3360560056283e-54,1.49999920450001
1.95471920623819e-52,1.62499906407771
-1.90675680798365e-52,1.74999896810228
4.79491035668463e-51,1.87499882149556
4.13840802866779e-50,1.99999866102684
-9.32020650153162e-49,2.12499855209953
2.46980095996603e-48,2.24999839008682
3.84043812757706e-47,2.37499820915524
-1.43028868708852e-46,2.49999807844475
-1.19311249130229e-45,2.6249979081536
2.53563688025696e-45,2.7499977110876
2.97814775149648e-44,2.87499753686108
1.21972239546066e-44,2.99999736648333
-4.58756921804806e-43,3.12499715672814
-1.342054905354e-42,3.24999694864721
2.34241493086056e-42,3.37499678686862
2.2439390301282e-41,3.49999657260818
4.01038560740031e-41,3.62499634498197
-1.03002919882241e-40,3.74999614889407
-6.78611758062497e-40,3.87499594142459
-1.18960613738736e-39,3.99999569903078
1.76925376387778e-39,4.12499546405664
1.43790389224939e-38,4.24999527416116
3.18479849551712e-38,4.37499503124338
1.8873931130284e-39,4.49999477529005
-1.97116107597279e-37,4.62499454604989
-6.18393043408175e-37,4.74999431751696
-7.55615172338154e-37,4.87499404939667
1.123260085496e-36,4.9999937886768
7.45955506323456e-36,5.12499357570328
1.69096436888474e-35,5.24999331538737
1.42814807648204e-35,5.37499303146591
-3.77507151064009e-35,5.49999276890661
-1.79342422225534e-34,5.62499253163627
-3.66966158282584e-34,5.74999224621965
-3.12791896207774e-34,5.8749919544948
6.22081111494874e-34,5.99999169681798
3.11831587116356e-33,6.12499143032375
6.66827120272624e-33,6.24999112598201
7.34045837042824e-33,6.37499083344687
-3.99097722608728e-33,6.4999905860665
-3.88192239959037e-32,6.62499029482627
-9.74970017641466e-32,6.74998997709905
-1.42190811854848e-31,6.87498968739075
-6.76687870306077e-32,6.99998942232664
2.91814704064432e-31,7.12498910994309
1.05411307115395e-30,7.24998878367295
2.02194432289936e-30,7.37498849463568
2.29733642830801e-30,7.49998820454861
4.5085244929796e-32,7.62498787495605
-7.01950221481627e-30,7.74998754424072
-1.9676034615247e-29,7.87498725910556
-3.34344151515794e-29,7.99998694724381
-3.40689048468114e-29,8.12498660380734
3.80997546423229e-30,8.24998627227664
1.0850007091961e-28,8.37498599218634
2.85976570615151e-28,8.49998565993348
4.76048178785964e-28,8.62498530639145
5.04055998123718e-28,8.74998497741038
6.79912054459485e-29,8.8749846779277
-1.17299651769883e-27,8.99998433100454
-3.3391417561345e-27,9.12498396966811
-5.8829644595261e-27,9.24998360408097
-7.07776914204741e-27,9.37498315255559
-3.78982695325132e-27,9.49998258376662
7.88158941919102e-27,9.62498194659721
3.04393049961719e-26,9.74998132472825
6.09937598180359e-26,9.87498067903667
8.61660294393338e-26,9.99997994310641
7.83771660022268e-26,10.1249792051711
-1.91719724434596e-27,10.2499785982089
-1.9223974393337e-25,10.3749778878767
-4.97948426910134e-25,10.4999771268053
-8.47642843240403e-25,10.6249764246576
-1.04778290405162e-24,10.7499758045973
-7.6649580650025e-25,10.8749750812133
4.08697613949223e-25,10.9999743311855
2.7924229957002e-24,11.1249736727628
6.28083193786702e-24,11.2499730289113
9.93323522855441e-24,11.3749722906884
1.16083865623973e-23,11.4999715395312
7.93644841783664e-24,11.6249708986826
-4.99794555955958e-24,11.7499702235217
-2.99144314488211e-23,11.8749694624418
-6.5445041811967e-23,11.9999687021834
-1.02557123714471e-22,12.1249680716437
-1.21600683561892e-22,12.2499673638994
-9.22319675872518e-23,12.3749665810141
2.0901677651531e-23,12.4999658157286
2.44123058633257e-22,12.6249652033575
5.71652178722032e-22,12.7499644669179
9.36822141437049e-22,12.8749636674514
1.18686823935264e-21,12.9999629035896
1.07726729572821e-21,13.1249622602785
3.06412535159332e-22,13.249961499131
-1.38958084445364e-21,13.3749606871233
-4.07335832087006e-21,13.499959928301
-7.39034365902793e-21,13.6249592554797
-1.03548882235112e-20,13.7499584721197
-1.12386810784236e-20,13.8749576498651
-7.70001239317885e-21,13.9999568977854
2.6988756549315e-21,14.1249561969843
2.14877436362807e-20,14.2499553931847
4.78287935374927e-20,14.3749545625108
7.68523777829271e-20,14.4999538188305
9.83259636148679e-20,14.6249530915092
9.64818772694762e-20,14.7499522690653
5.20014248336039e-20,14.8749514319689
-5.29449690409216e-20,14.9999506987243
-2.26233043650602e-19,15.1249499464942
-4.54598234420632e-19,15.2499491073077
-6.92020543514544e-19,15.3749482658362
-8.5185225226939e-19,15.4999475450491
-8.08523814419497e-19,15.624946769546
-4.15333859642625e-19,15.7499459154567
4.56415748852056e-19,15.8749450714948
1.85572270255481e-18,15.9999443649098
3.67373858752147e-18,16.1249435676792
5.56547360108699e-18,16.2499427003834
6.8991176466371e-18,16.3749418556233
6.77033068145854e-18,16.4999411351873
4.12203314212714e-18,16.6249403176751
-1.99829562624586e-18,16.7499394387475
-1.20366670128543e-17,16.874938594751
-2.54224525882015e-17,16.9999378475639
-4.0046628506299e-17,17.1249370111474
-5.18920198368571e-17,17.2499361220769
-5.50367928027234e-17,17.3749352803134
-4.22760058569098e-17,17.4999345097951
-6.56703904565406e-18,17.6249336558003
5.66224795735262e-17,17.7499327580014
1.46215483346758e-16,17.8749319198483
2.52151399489615e-16,17.9999311291504
3.52592230176609e-16,18.1249302588523
4.12913961982078e-16,18.2499293536646
3.87893620366906e-16,18.3749285204055
2.28415355139923e-16,18.4999277125504
-1.06504028549926e-16,18.6249268271671
-6.32623805178147e-16,18.7499259158575
-1.32016801320093e-15,18.8749250886938
-2.07413258031357e-15,18.9999242666637
-2.7211000435035e-15,19.1249233673481
-3.01004035131421e-15,19.2499224511087
-2.63502646159725e-15,19.374921631166
-1.28634666606279e-15,19.4999207979476
1.26748721071408e-15,19.6249198857892
5.07113470690138e-15,19.7499189657284
9.86089230467132e-15,19.8749181509388
1.49548119661841e-14,19.9999173095684
1.91893917832124e-14,20.1249163856296
2.0944757712925e-14,20.2499154627925
1.8300406213093e-14,20.3749146438698
9.35324630273379e-15,20.4999137861485
-7.29385728318307e-15,20.6249128515089
-3.19023395794246e-14,20.7499119269612
-6.29059054445685e-14,20.8749111064057
-9.62911829083541e-14,20.9999102325812
-1.25237467476115e-13,21.1249092882683
-1.40235748773945e-13,21.2499083631316
-1.29906261975168e-13,21.3749075434251
-8.26813635290321e-14,21.4999066540624
1.05957247246828e-14,21.624905700824
1.53288987830949e-13,21.7499047760099
3.39179143707652e-13,21.8749039593932
5.48914861637579e-13,21.9999030549812
7.47613558733825e-13,22.1249020932259
8.84704975697162e-13,22.2499011689721
8.97143399876479e-13,22.3749003576983
7.16919703244201e-13,22.4998994395406
2.83320470272748e-13,22.6248984700047
-4.40411806348276e-13,22.7498975462026
-1.44744840007766e-12,22.8748967308007
-2.66749053712773e-12,22.9998958015494
-3.95062201679912e-12,23.1248948265026
-5.05994673360921e-12,23.2498939047404
-5.67854937587263e-12,23.374893075726
-5.43591560940051e-12,23.4998921376862
-3.95733839944718e-12,23.6248911607479
-9.36881836178999e-13,23.7498902461741
3.76989619654318e-12,23.8748893992521
1.00427701292387e-11,23.9998884503358
1.73984886049849e-11,24.1248874725227
2.49181597624477e-11,24.2498865702473
3.12253704047314e-11,24.3748856968623
3.45410467162451e-11,24.4998847287153
3.28376970379574e-11,24.6248837424895
2.41069292601867e-11,24.7498828464632
6.73913834380672e-12,24.8748819468254
-2.00065205705968e-11,24.9998809532864
-5.54887192962063e-11,25.1248799441501
-9.72006762452505e-11,25.249879029307
-1.40415081733649e-10,25.3748781367937
-1.7807189070083e-10,25.4998771379477
-2.01026831165789e-10,25.6248761060789
-1.98763432045438e-10,25.7498751451251
-1.60632568685809e-10,25.8748742612537
-7.76190370447169e-11,25.9998733373175
5.54536218536045e-11,26.1248723406998
2.37475171255009e-10,26.249871356387
4.58666853750317e-10,26.3748705011729
6.98682823929207e-10,26.4998696601022
9.25687336679053e-10,26.6248688543103
1.09693049327803e-09,26.7498679825866
1.16129720892738e-09,26.8748671214527
1.06417080720834e-09,26.9998663773688
7.54713721824608e-10,27.1248656565373
1.953298232726e-10,27.2498649611403
-6.27345076709693e-10,27.3748642889448
-1.69104995219599e-09,27.4998634947849
-2.92767981667204e-09,27.6248626198861
-4.21620471471514e-09,27.7498617305195
-5.38091431858223e-09,27.8748607754679
-6.19714549794142e-09,27.9998597145848
-6.40630361271437e-09,28.1248586179194
-5.74127001514736e-09,28.2498575865247
-3.96216616446046e-09,28.3748566122467
-9.00950278588529e-10,28.4998556292621
3.48841532827218e-09,28.6248547189554
9.0793849562841e-09,28.7498538089599
1.55287462267005e-08,28.8748528446169
2.22473120830611e-08,28.9998518710329
2.83943663856152e-08,29.1248509716008
3.29045711099888e-08,29.2498500737265
3.45544393248176e-08,29.3748490926094
3.20725020311473e-08,29.4998480816022
2.42928866325814e-08,29.6248471101201
1.03462179190882e-08,29.7498461487761
-1.0125021326113e-08,29.8748451348541
-3.67466037511593e-08,29.9998441141093
-6.82148531057973e-08,30.1248431391396
-1.02153258724426e-07,30.2498421883854
-1.35058536169135e-07,30.3748411683255
-1.62370573754846e-07,30.499840116762
-1.78696022962553e-07,30.6248390852569
-1.78205302372298e-07,30.7498381410154
-1.55207648962674e-07,30.8748371327326
-1.04888662017834e-07,30.9998360897998
-2.41711950241175e-08,31.1248350537734
8.73655522684892e-08,31.2498340747787
2.26599366671069e-07,31.3748331626493
3.86124090540885e-07,31.4998321845408
5.53781696008572e-07,31.6248311672676
7.12600467604494e-07,31.7498301483951
8.41263091150914e-07,31.8748291777251
9.1520342422316e-07,31.9998283188681
9.083885349285e-07,32.1248274904954
7.95781380442512e-07,32.2498265955642
5.56404955876123e-07,32.3748256587689
1.76842753083393e-07,32.4998247146371
-3.45080642894863e-07,32.6248237883169
-9.96781414367124e-07,32.7498228938679
-1.74797600722266e-06,32.8748220249801
-2.548780300998e-06,32.9998211789776
-3.32932172786212e-06,33.1248203660367
-4.00130304962916e-06,33.2498196126288
-4.46187026236492e-06,33.3748189192583
-4.5999921220171e-06,33.4998183205354
-4.30536299305271e-06,33.6248177730646
-3.47959161475282e-06,33.7498172237982
-2.04916132720463e-06,33.8748166789129
2.06496947633812e-08,33.9998161154269
2.71197773215148e-06,34.1248155731492
5.94206050938898e-06,34.2498149653921
9.55390599612014e-06,34.3748142938221
1.33115317071131e-05,34.4998135622111
1.69013011946866e-05,34.6248127766995
1.99406773088538e-05,34.7498119460821
2.19953422790317e-05,34.8748110821269
2.26051044306886e-05,34.9998101999394
2.13183357195712e-05,35.124809318374
1.77338939208423e-05,35.2498084604949
1.15486290626583e-05,35.3748076540622
2.60768905828881e-06,35.4998068463405
-9.04594730961427e-06,35.6248060417164
-2.31269535112155e-05,35.7498052629242
-3.9072841866241e-05,35.8748045371611
-5.60236758972149e-05,35.9998038964856
-7.28209526369245e-05,36.1248032993696
-8.80296521853189e-05,36.249802683688
-9.99864071253452e-05,36.3748020486659
-0.000106875361209898,36.4998014091783
-0.000106831491451696,36.6248007835524
-9.80691120820273e-05,36.7498001644522
-7.90310028282924e-05,36.8747995279344
-4.85512916380095e-05,36.9997988891231
-6.02295487110139e-06,37.1247982665836
4.84412282292229e-05,37.2497976637051
0.000113867035403489,37.3747970454578
0.000188309940379507,37.4997964271365
0.000268792521937716,37.6247958274643
0.000351300601431195,37.7497952314884
0.00043084851635116,37.8747946219392
0.00050162129686739,37.9997940143341
0.000557198728632382,38.1247934276173
0.000590863507364334,38.2497928373298
0.000595992700929159,38.3747922351124
0.00056652823733289,38.4997916366929
0.000497516574140313,38.6247910612209
0.000385699489639097,38.7497904772174
0.000230128744897157,38.8747898827921
3.27700368761603e-05,38.9997892938632
-0.000200940859863064,39.1247887297644
-0.000461624909007404,39.2497881515937
-0.000735599061419088,39.3747875515763
-0.00100464920530571,39.4997869519003
-0.00124593140819731,39.6247863956812
-0.0014319157440979,39.7497858230155
-0.0015301231548941,39.8747852427381
-0.00150226609900254,39.9997846711269
-0.00130257681361521,40.1247841233392
-0.000875748933927891,40.2497835559598
-0.000155482514139885,40.3747829822761
0.000935765243221208,40.4997824187322
0.00248624783598256,40.6247818749489
0.0045943320084643,40.7497813126758
0.00736791980990672,40.8747807453567
0.0109238289765297,40.9997801895939
0.0153885268736234,41.1247796497027
0.0209032735094325,41.2497790923863
0.0276348154321756,41.3747785312388
0.0357877275647689,41.4997779830134
0.0456130157691557,41.6247774469259
0.0574117820394597,41.7497768944452
0.0715367575692553,41.8747763393096
0.0883949150275263,41.9997757984153
0.108452851368664,42.1247752660966
0.13224503112138,42.2497747183976
0.160383664184649,42.3747741691947
0.193568355932643,42.499773635519
0.2325942487948,42.6247731066119
0.278358872894522,42.7497725633312
0.331867956399034,42.8747720197103
0.394236939239487,42.9997714929377
0.466681018715184,43.1247709678948
0.550488200483125,43.2497704288904
0.646976745534643,43.3747698899301
0.757444202183114,43.4997693681513
0.883115894594863,43.624768847609
1.02509748980778,43.7497683171423
1.18433266218736,43.8747677916451
1.36156514146748,43.9997672891869
1.5573049154023,44.124766831119
1.77180166178822,44.2497663577775
2.00503063165014,44.3747658741966
2.25669783143416,44.4997653936704
2.52626773347066,44.6247649324414
2.8130104479626,44.7497645098491
3.11605954415793,44.8747641484215
3.43446968244555,44.9997638738959
3.76726514894525,45.1247637151578
4.11347511103722,45.2497636418182
4.4721556143665,45.374763565552
4.8423998369109,45.4997634878529
5.22334089317939,45.6247634104479
5.6141503614532,45.7497633352428
6.01403506285026,45.8747632642734
6.42223360754392,45.9997631996876
6.838013321386,46.1247631437977
7.2606675258856,46.2497630992392
7.68951287996708,46.3747630692672
8.12388673250984,46.4997630581974
8.56314551371744,46.6247630581974
9.00666613785984,46.7497630581974
9.45385263445676,46.8747630581974
9.90414909825878,46.9997630581973
10.3570571563165,47.1247630581973
10.8121536951292,47.2497630581973
11.2691039369757,47.3747630581972
11.7276663717992,47.4997630581972
12.1876885688571,47.6247630581972
12.6490952293416,47.7497630581972
13.1118711720331,47.8747630581971
13.5760422029265,47.9997630581971
14.0416563406358,48.1247630581971
14.5087670577373,48.249763058197
14.9774193224129,48.374763058197
15.4476384741149,48.499763058197
15.9194215506831,48.624763058197
16.3927307792758,48.7497630581969
16.867489489718,48.8747630581969
17.3435810851492,48.9997630581969
17.8208512545095,49.1247630581968
18.2991126261379,49.2497630581968
18.7781505455792,49.3747630581968
19.2577289341256,49.4997630581968
19.7375956378986,49.6247630581967
20.2174869375424,49.7497630581967
20.6971313253557,49.8747630581967
21.1762533291669,49.9997630581966
21.6545780881606,50.1247630581966
22.1318361028653,50.2497630581966
22.6077663946344,50.3747630581966
23.0821169893191,50.4997630581965
23.5546434534333,50.6247630581965
24.0251072534268,50.7497630581965
24.4932756136241,50.8747630581965
24.9589239021536,50.9997630581964
25.4218403497094,51.1247630581964
25.8818319591949,51.2497630581964
26.3387302914864,51.3747630581963
26.7923961604561,51.4997630581963
27.2427230068885,51.6247630581963
27.6896395575422,51.7497630581963
28.1331132189106,51.8747630581962
28.5731558490504,51.9997630581962
29.0098321042992,52.1247630581962
29.4432684449896,52.2497630581961
29.8736615093499,52.3747630581961
30.3012865684413,52.4997630581961
30.7265066816816,52.6247630581961
31.1497842586475,52.749763058196
31.571692789002,52.874763058196
31.9929234472386,52.999763058196
32.4142830947661,53.1247630581959
32.8366823013429,53.2497630581959
33.2611147969847,53.3747630581959
33.6886338285049,53.4997630581959
34.1203289433651,53.6247630581958
34.557304615241,53.7497630581958
35.0006666591398,53.8747630581958
35.4515043376898,53.9997630581957
35.910867900089,54.1247630581957
36.3797441792537,54.2497630581957
36.8590289755483,54.3747630581957
37.349502503164,54.4997630581956
37.8517931457287,54.6247630581956
38.36635358205,54.7497630581956
38.8934371025235,54.8747630581955
39.4330765308577,54.9997630581955
39.9850574750816,55.1247630581955
40.5489001431386,55.2497630581955
41.1238551737154,55.3747630581954
41.7089176762625,55.4997630581954
42.3028709201993,55.6247630581954
42.9043403800111,55.7497630581953
43.5118622291426,55.8747630581953
44.1239172817699,55.9997630581953
44.7389900784986,56.1247630581953
45.3555543164617,56.2497630581952
45.9720445957083,56.3747630581952
46.5868552753938,56.4997630581952
47.1983391696541,56.6247630581951
47.8048033398876,56.7497630581951
48.4045461421099,56.8747630581951
48.995951819937,56.9997630581951
49.5775118000279,57.124763058195
50.1478169308739,57.249763058195
50.7056390416575,57.374763058195
51.249958210095,57.4997630581949
51.7800475589306,57.6247630581949
52.2954715126768,57.7497630581949
52.7958831641689,57.8747630581949
53.2809169821676,57.9997630581948
53.7502842875615,58.1247630581948
54.2039539519583,58.2497630581948
54.6420959378311,58.3747630581947
55.0654186813655,58.4997630581947
55.4746957735619,58.6247630581947
55.8703792430318,58.7497630581947
56.252776377199,58.8747630581946
56.6221020634598,58.9997630581946
56.978525685651,59.1247630581946
57.3222470682215,59.2497630581945
57.6535138088953,59.3747630581945
57.9726104557974,59.4997630581945
58.2798786634075,59.6247630581945
58.5755120979958,59.7497630581944
58.8595390179954,59.8747630581944
59.1320342193565,59.9997630581944
59.3933301521454,60.1247630581943
59.6445303406459,60.2497630581943
59.8874552223975,60.3747630581943
60.1240314791691,60.4997630581943
60.3559377930381,60.6247630581942
60.5845237883485,60.7497630581942
60.8107269465653,60.8747630581942
61.0349287090205,60.9997630581941
61.2571704674434,61.1247630581941
61.4770087907748,61.2497630581941
61.6935255444907,61.3747630581941
61.905467749987,61.499763058194
62.1111869388935,61.624763058194
62.3086866695958,61.749763058194
62.4956838756365,61.8747630581939
62.6696084482955,61.9997630581939
62.827838169542,62.1247630581939
62.9679368032435,62.2497630581939
63.0876835016956,62.3747630581938
63.1852241970735,62.4997630581938
63.2592455501564,62.6247630581938
63.3092381296536,62.7497630581937
63.3354857667652,62.8747630581937
63.3392123124297,62.9997630581937
63.3227568721243,63.1247630581937
63.2897040984961,63.2497630581936
63.2446637916379,63.3747630581936
63.1929452123733,63.4997630581936
63.1401290250254,63.6247630581936
63.091735846761,63.7497630581935
63.052946446532,63.8747630581935
63.0282391953453,63.9997630581935
63.021013827132,64.1247630581934
63.0337379798673,64.2497630581934
63.0682015433578,64.3747630581934
63.1256112862279,64.4997630581934
63.2065905445076,64.6247630581933
63.3115969693433,64.7497630581933
63.4406200675819,64.8747630581933
63.5923700419657,64.9997630581932
63.764528408135,65.1247630581932
63.9549972715449,65.2497630581932
64.1624284839339,65.3747630581932
64.3859095306812,65.4997630581931
64.6246414143114,65.6247630581931
64.8778654441713,65.7497630581931
65.1446657377939,65.874763058193
65.4240792211632,65.999763058193
65.7157227696546,66.124763058193
66.0188032971446,66.249763058193
66.3322290579776,66.3747630581929
66.6545728678943,66.4997630581929
66.9839182497784,66.6247630581929
67.3179290790232,66.7497630581928
67.6545920835082,66.8747630581928
67.9917840723653,66.9997630581928
68.3275371062854,67.1247630581928
68.6602408615824,67.2497630581927
68.9885656179379,67.3747630581927
69.3113851684501,67.4997630581927
69.627034097683,67.6247630581926
69.933501945472,67.7497630581926
70.2288480292187,67.8747630581926
70.5115114471647,67.9997630581926
70.7804498592979,68.1247630581925
71.0348865846247,68.2497630581925
71.274294081269,68.3747630581925
71.4983766497133,68.4997630581924
71.7069693382157,68.6247630581924
71.8999203683766,68.7497630581924
72.0769766238898,68.8747630581924
72.2378628052307,68.9997630581923
72.3822390027943,69.1247630581923
72.5094623356876,69.2497630581923
72.6196088637191,69.3747630581922
72.7126104009697,69.4997630581922
72.7880565605227,69.6247630581922
72.8458485701943,69.7497630581922
72.8866501763606,69.8747630581921
72.9117613632112,69.9997630581921
72.9225321792058,70.1247630581921
72.9199481274696,70.249763058192
72.9045947143142,70.374763058192
72.8768164913232,70.499763058192
72.8369439920391,70.624763058192
72.7852804065945,70.7497630581919
72.722029462688,70.8747630581919
72.6471996201778,70.9997630581919
72.5608622100322,71.1247630581918
72.4633493463927,71.2497630581918
72.3552836787647,71.3747630581918
72.2374412696933,71.4997630581918
72.1103496746918,71.6247630581917
71.9741701433937,71.7497630581917
71.8290995941237,71.8747630581917
71.6754962792004,71.9997630581916
71.5139497847251,72.1247630581916
71.3453981556125,72.2497630581916
71.1713114720856,72.3747630581916
70.9937303389206,72.4997630581915
70.8148402842319,72.6247630581915
70.636430514437,72.7497630581915
70.4598543147995,72.8747630581914
70.2859586750726,72.9997630581914
70.1150676741997,73.1247630581914
69.9472436101364,73.2497630581914
69.78235830071,73.3747630581913
69.6199885589018,73.4997630581913
69.4593970928119,73.6247630581913
69.2995718034954,73.7497630581912
69.1393408003899,73.8747630581912
68.9775736558053,73.9997630581912
68.8132496355723,74.1247630581912
68.6454240285338,74.2497630581911
68.4730580828342,74.3747630581911
68.2951698369051,74.4997630581911
68.1109850733061,74.624763058191
67.9199654491999,74.749763058191
67.7217293060606,74.874763058191
67.5160795159852,74.999763058191
67.3031171744348,75.1247630581909
67.0831878888186,75.2497630581909
66.8569132928014,75.3747630581909
66.6252828731631,75.4997630581909
66.3894759112743,75.6247630581908
66.1508182450291,75.7497630581908
65.910646714146,75.8747630581908
65.6701217444145,75.9997630581907
65.4300614317586,76.1247630581907
65.1912131664582,76.2497630581907
64.9541298267365,76.3747630581907
64.7191803236049,76.4997630581906
64.4866614095539,76.6247630581906
64.2568089953324,76.7497630581906
64.0298443637818,76.8747630581905
63.8057444678136,76.9997630581905
63.5842061074262,77.1247630581905
63.364921421781,77.2497630581905
63.1476341475833,77.3747630581904
62.9324227038951,77.4997630581904
62.7192328175851,77.6247630581904
62.5078624313011,77.7497630581903
62.2983580873864,77.8747630581903
62.0899121788116,77.9997630581903
61.8817662200035,78.1247630581903
61.6732288979159,78.2497630581902
61.4634500582094,78.3747630581902
61.2512905548396,78.4997630581902
61.0355148677978,78.6247630581901
60.8149938175903,78.7497630581901
60.5886300467636,78.8747630581901
60.3552157928123,78.9997630581901
60.1134388465345,79.12476305819
59.8619375170903,79.24976305819
59.5990944660664,79.37476305819
59.323304445636,79.4997630581899
59.0332487697262,79.6247630581899
58.7277006553464,79.7497630581899
58.405546166034,79.8747630581899
58.0658653160292,79.9997630581898
57.708049017677,80.1247630581898
57.3319415113324,80.2497630581898
56.9379349623932,80.3747630581897
56.5271509460789,80.4997630581897
56.1018903910818,80.6247630581897
55.6656723059707,80.7497630581897
55.2231720321952,80.8747630581896
54.7799847033052,80.9997630581896
54.3420599164821,81.1247630581896
53.915144003132,81.2497630581895
53.5045110912502,81.3747630581895
53.114778628211,81.4997630581895
52.7497869635813,81.6247630581895
52.4126931639868,81.7497630581894
52.1061977412062,81.8747630581894
51.8327029845632,81.9997630581894
51.5943255881787,82.1247630581893
51.3928675221166,82.2497630581893
51.2297329423192,82.3747630581893
51.1061349009868,82.4997630581893
51.023012851953,82.6247630581892
50.9809239187561,82.7497630581892
50.9800836771517,82.8747630581892
51.020521389661,82.9997630581891
51.1018257232255,83.1247630581891
51.2231999730783,83.2497630581891
51.383603212471,83.3747630581891
51.5814258909984,83.499763058189
51.8144333216857,83.624763058189
52.0801872014486,83.749763058189
52.376017374227,83.8747630581889
52.6994559105042,83.9997630581889
53.0485201192694,84.1247630581889
53.4215567502145,84.2497630581889
53.8158992562783,84.3747630581888
54.2277889890451,84.4997630581888
54.6540000275448,84.6247630581888
55.0922043269759,84.7497630581887
55.5401418408347,84.8747630581887
55.995106181795,84.9997630581887
56.4540070032225,85.1247630581887
56.9143664844474,85.2497630581886
57.3729218167505,85.3747630581886
57.8257603103406,85.4997630581886
58.2690793843532,85.6247630581885
58.7000139158578,85.7497630581885
59.1146991203792,85.8747630581885
59.5090062846006,85.9997630581885
59.8789611492223,86.1247630581884
60.2208351779323,86.2497630581884
60.5310148028987,86.3747630581884
60.805797522653,86.4997630581883
61.0410767627938,86.6247630581883
61.2332493788433,86.7497630581883
61.3829583362997,86.8747630581883
61.495390736867,86.9997630581882
61.5765794002821,87.1247630581882
61.631293293125,87.2497630581882
61.6625834913379,87.3747630581882
61.6720915830111,87.4997630581881
61.6605953769793,87.6247630581881
61.6283771893222,87.7497630581881
61.5757193722527,87.874763058188
61.5030796687394,87.999763058188
61.4109861568254,88.124763058188
61.2999736253728,88.249763058188
61.1703836135262,88.3747630581879
61.0220555052376,88.4997630581879
60.8539899357709,88.6247630581879
60.6642254876089,88.7497630581878
60.4498243980466,88.8747630581878
60.2080517973067,88.9997630581878
59.936930796699,89.1247630581878
59.6364790901068,89.2497630581877
59.3084606296277,89.3747630581877
58.9555651086526,89.4997630581877
58.5821429376887,89.6247630581876
58.1943952911666,89.7497630581876
57.8002207878903,89.8747630581876
57.4086655548923,89.9997630581876
57.030327339197,90.1247630581875
56.678141129181,90.2497630581875
56.3682183728903,90.3747630581875
56.1175632714276,90.4997630581874
55.9397794104978,90.6247630581874
55.8430700907471,90.7497630581874
55.831167833576,90.8747630581874
55.9046596812156,90.9997630581873
56.0616673779961,91.1247630581873
56.2981707350991,91.2497630581873
56.608725192671,91.3747630581872
56.986887506613,91.4997630581872
57.4250994300599,91.6247630581872
57.9145489115581,91.7497630581872
58.445452115054,91.8747630581871
59.0070503248644,91.9997630581871
59.5877354935675,92.1247630581871
60.1757240579295,92.249763058187
60.7604972804334,92.374763058187
61.3335818959191,92.499763058187
61.8881753739763,92.624763058187
62.4158753879318,92.7497630581869
62.9003551308464,92.8747630581869
63.3178703349272,92.9997630581869
63.6449118940773,93.1247630581868
63.8636227332795,93.2497630581868
63.9644639017388,93.3747630581868
63.9450828048611,93.4997630581868
63.8061896806058,93.6247630581867
63.5489101950205,93.7497630581867
63.1738579892951,93.8747630581867
62.6797444553637,93.9997630581866
62.0704944264008,94.1247630581866
61.363421903118,94.2497630581866
60.582378271246,94.3747630581866
59.749889423151,94.4997630581865
58.8892615123283,94.6247630581865
58.037029601108,94.7497630581865
57.2382932072001,94.8747630581864
56.5285331141704,94.9997630581864
55.9301568176327,95.1247630581864
55.4563210937976,95.2497630581864
55.1138763195956,95.3747630581863
54.9048304497466,95.4997630581863
54.8262863364368,95.6247630581863
54.8705306409328,95.7497630581862
55.0283907110943,95.8747630581862
55.2924124975569,95.9997630581862
55.65719176801,96.1247630581862
56.1180386731942,96.2497630581861
56.6697317924571,96.3747630581861
57.3061598441896,96.4997630581861
58.0201573391232,96.624763058186
58.8034948715244,96.749763058186
59.6491171768909,96.874763058186
60.5498754178209,96.999763058186
61.4988845584502,97.1247630581859
62.4892783481581,97.2497630581859
63.5139469299815,97.3747630581859
64.5651571845929,97.4997630581858
65.6357143576003,97.6247630581858
66.7188414812455,97.7497630581858
67.8077912321263,97.8747630581858
68.8968665953363,97.9997630581857
69.9811090136199,98.1247630581857
71.0573700415526,98.2497630581857
72.1240514344501,98.3747630581856
73.179339264415,98.4997630581856
74.221497933657,98.6247630581856
75.2487204137508,98.7497630581856
76.2592063066675,98.8747630581855
77.2516026025468,98.9997630581855
78.2247519573804,99.1247630581855
79.1776384853647,99.2497630581855
80.1094013901282,99.3747630581854
81.0193065069949,99.4997630581854
81.9067162623146,99.6247630581854
82.7708641867817,99.7497630581853
83.6106556673292,99.8747630581853
84.4243030300152,99.9997630581853
85.2090279117971,100.124763058185
85.9606232368362,100.249763058185
86.6730303181281,100.374763058185
87.3380842392944,100.499763058185
87.9454613539347,100.624763058185
88.4834181711899,100.749763058185
88.9397988204053,100.874763058185
89.3030137576872,100.999763058185
89.5624375265875,101.124763058185
89.7084440397656,101.249763058185
89.7322881225333,101.374763058185
89.6259004545561,101.499763058185
89.3815922976636,101.624763058185
88.9906342403619,101.749763058185
88.4419450157916,101.874763058185
87.7259906793307,101.999763058185
86.844040469891,102.124763058185
85.8103834067194,102.249763058185
84.6499671071518,102.374763058185
83.3982483963004,102.499763058185
82.0959907446393,102.624763058185
80.7803657614546,102.749763058185
79.480790023572,102.874763058185
78.2191999877139,102.999763058185
77.0121061776019,103.124763058185
75.8713715715185,103.249763058185
74.8045423295109,103.374763058185
73.8159446889333,103.499763058184
72.9071009218181,103.624763058184
72.0772329072954,103.749763058184
71.3237956550363,103.874763058184
70.6428571178432,103.999763058184
70.029621727423,104.124763058184
69.4787102811947,104.249763058184
68.9842479588234,104.374763058184
68.5402230474899,104.499763058184
68.1407977387338,104.624763058184
67.7806173051484,104.749763058184
67.4548643599257,104.874763058184
67.1588436118214,104.999763058184
66.8875904529892,105.124763058184
66.6366434717347,105.249763058184
66.4022254205893,105.374763058184
66.1817433541047,105.499763058184
65.9736785159993,105.624763058184
65.7765689796441,105.749763058184
65.5894552513714,105.874763058184
65.4119098605551,105.999763058184
65.2436146976048,106.124763058184
65.0841729646293,106.249763058184
64.9330455882147,106.374763058184
64.7898163208292,106.499763058184
64.654046288041,106.624763058184
64.5251478648864,106.749763058184
64.4023922836648,106.874763058184
64.2852641318162,106.999763058184
64.1732139000235,107.124763058184
64.0657754921553,107.249763058184
63.9628107597994,107.374763058184
63.8646529634951,107.499763058184
63.771711590866,107.624763058184
63.6849232817037,107.749763058184
63.6058407832748,107.874763058183
63.5367193394644,107.999763058183
63.4804056739821,108.124763058183
63.4401396779666,108.249763058183
63.4196276571156,108.374763058183
63.4231507924217,108.499763058183
63.4552390659662,108.624763058183
63.5205920073214,108.749763058183
63.6230523894709,108.874763058183
63.7647909153647,108.999763058183
63.9472761901577,109.124763058183
64.17124920057,109.249763058183
64.4371607592932,109.374763058183
64.7451922804432,109.499763058183
65.0949811115267,109.624763058183
65.4852940131595,109.749763058183
65.9140116192895,109.874763058183
66.3785559065254,109.999763058183
66.8763427299189,110.124763058183
67.4046816691564,110.249763058183
67.9609506869133,110.374763058183
68.5428849647489,110.499763058183
69.1482821478114,110.624763058183
69.7749242823818,110.749763058183
70.4204953421874,110.874763058183
71.0821029266292,110.999763058183
71.7553837710954,111.124763058183
72.4342071768898,111.249763058183
73.1107583933403,111.374763058183
73.7763655267704,111.499763058183
74.4221457598266,111.624763058183
75.0389791579481,111.749763058183
75.6177624530146,111.874763058183
76.1494872417936,111.999763058183
76.625243791641,112.124763058183
77.0362222688777,112.249763058182
77.3738307036404,112.374763058182
77.6297577805697,112.499763058182
77.7950868655492,112.624763058182
77.8591262617306,112.749763058182
77.8175383988333,112.874763058182
77.6801855041142,112.999763058182
77.4646715710612,113.124763058182
77.1884827083631,113.249763058182
76.8676845092055,113.374763058182
76.5176112764065,113.499763058182
76.1532211211079,113.624763058182
75.7890910151728,113.749763058182
75.4382731144891,113.874763058182
75.1115248879732,113.999763058182
74.8154058588975,114.124763058182
74.5529234744341,114.249763058182
74.3249570316721,114.374763058182
74.1320453679568,114.499763058182
73.9745261160514,114.624763058182
73.8523833264307,114.749763058182
73.7652634469621,114.874763058182
73.7120436867718,114.999763058182
73.6918416489777,115.124763058182
73.7033512732621,115.249763058182
73.7445825736727,115.374763058182
73.8143991232873,115.499763058182
73.9118224364058,115.624763058182
74.0349063061652,115.749763058182
74.1822687007245,115.874763058182
74.3531101677962,115.999763058182
74.5455258877933,116.124763058182
74.7564192120969,116.249763058182
74.9832619864245,116.374763058182
75.2235995630658,116.499763058182
75.4744949433008,116.624763058182
75.7323011710671,116.749763058181
75.9930304953423,116.874763058181
76.2527310955525,116.999763058181
76.5075447989754,117.124763058181
76.7534488340557,117.249763058181
76.9854772001942,117.374763058181
77.1991006369813,117.499763058181
77.3906468609465,117.624763058181
77.5557737556531,117.749763058181
77.6898490608012,117.874763058181
77.7907118124596,117.999763058181
77.8582755957529,118.124763058181
77.892410191431,118.249763058181
77.8947260721212,118.374763058181
77.8698927079901,118.499763058181
77.8216961458756,118.624763058181
77.7510758980304,118.749763058181
77.6611283084534,118.874763058181
77.5569705278726,118.999763058181
77.4398762720281,119.124763058181
77.3084160869944,119.249763058181
77.1635556264749,119.374763058181
77.003682071479,119.499763058181
76.8242895622114,119.624763058181
76.6247284109557,119.749763058181
76.4025946450754,119.874763058181
76.1535341780911,119.999763058181
75.8774381003045,120.124763058181
75.5725789515482,120.249763058181
75.2338546871457,120.374763058181
74.8569591872368,120.499763058181
74.4348699859559,120.624763058181
73.9638396503959,120.749763058181
73.4428928837346,120.874763058181
72.8708426215352,120.999763058181
72.2506355494939,121.12476305818
71.5957752179634,121.24976305818
70.9215341349147,121.37476305818
70.247201059462,121.49976305818
69.5939778276336,121.62476305818
68.9840132944873,121.74976305818
68.4383951436466,121.87476305818
67.9732347443195,121.99976305818
67.6032545804923,122.12476305818
67.3421153052901,122.24976305818
67.1951811964329,122.37476305818
67.1588263510542,122.49976305818
67.2260188548182,122.62476305818
67.3867302796077,122.74976305818
67.6272556770005,122.87476305818
67.9327334350732,122.99976305818
68.2893691709002,123.12476305818
68.6839517385634,123.24976305818
69.1046668545138,123.37476305818
69.5447523115305,123.49976305818
69.9996921257481,123.62476305818
70.4655657396704,123.74976305818
70.9440705706749,123.87476305818
71.4371450413439,123.99976305818
71.9427607273686,124.12476305818
72.4617001347059,124.24976305818
72.9929767747478,124.37476305818
73.5319473113825,124.49976305818
74.075810769191,124.62476305818
74.6198049717896,124.74976305818
75.1557189620167,124.87476305818
75.6785813840774,124.99976305818
76.1823361190364,125.12476305818
76.6576960127037,125.24976305818
77.0941212245839,125.37476305818
77.4767668395621,125.499763058179
77.7937463532823,125.624763058179
78.0385080585883,125.749763058179
78.2107385013749,125.874763058179
78.313397148029,125.999763058179
78.3503147568677,126.124763058179
78.3265219693257,126.249763058179
78.2471893758607,126.374763058179
78.1186500636912,126.499763058179
77.9470456643951,126.624763058179
77.7390902762346,126.749763058179
77.5043803895156,126.874763058179
77.2591150578295,126.999763058179
77.0270548590384,127.124763058179
76.8322859910569,127.249763058179
76.69195528155,127.374763058179
76.6156829621267,127.499763058179
76.6080426205417,127.624763058179
76.6702682405751,127.749763058179
76.800878512923,127.874763058179
76.9948165962857,127.999763058179
77.2443334005305,128.124763058179
77.5424929823377,128.249763058179
77.8849756750567,128.374763058179
78.2701447228187,128.499763058179
78.6982091701084,128.624763058179
79.1695188095655,128.749763058179
79.685099655056,128.874763058179
80.2468534427762,128.999763058179
80.8557488411482,129.124763058179
81.5108646313806,129.249763058179
82.2097141640542,129.374763058179
82.9487782168999,129.499763058179
83.7237745943885,129.624763058179
84.5297181331167,129.749763058179
85.360616904556,129.874763058178
86.2097015689037,129.999763058178
87.0700040245121,130.124763058178
87.9348556814697,130.249763058178
88.7981197324707,130.374763058178
89.653534908711,130.499763058178
90.4940490044344,130.624763058178
91.3117018836373,130.749763058178
92.0974038790848,130.874763058178
92.8409940498077,130.999763058178
93.5313134048482,131.124763058178
94.1567398517735,131.249763058178
94.705219331908,131.374763058178
95.1643086451642,131.499763058178
95.5215369590518,131.624763058178
95.764608971866,131.749763058178
95.881514125977,131.874763058178
95.8596542153404,131.999763058178
95.6821546681792,132.124763058178
95.3253853492868,132.249763058178
94.7755288110138,132.374763058178
94.0439263695424,132.499763058178
93.1564019657087,132.624763058178
92.1397152140818,132.749763058178
91.0178594394117,132.874763058178
89.8130110477771,132.999763058178
88.5465415171297,133.124763058178
87.2402585032124,133.249763058178
85.9158573976607,133.374763058178
84.5925458750811,133.499763058178
83.2862329265444,133.624763058178
82.0112256872787,133.749763058178
80.7803783733094,133.874763058178
79.6043948280519,133.999763058178
78.4918829639244,134.124763058178
77.4506297173258,134.249763058177
76.4885622007797,134.374763058177
75.6133969098995,134.499763058177
74.8318544360899,134.624763058177
74.1478042906439,134.749763058177
73.5628843261527,134.874763058177
73.0761042526226,134.999763058177
72.6813434183611,135.124763058177
72.3686780423375,135.249763058177
72.1275899037399,135.374763058177
71.9483820497761,135.499763058177
71.8225622175849,135.624763058177
71.7427341463164,135.749763058177
71.7031674070508,135.874763058177
71.6989035592067,135.999763058177
71.7259861286797,136.124763058177
71.7818500356515,136.249763058177
71.865431259056,136.374763058177
71.9760921647962,136.499763058177
72.115381477654,136.624763058177
72.2822254436503,136.749763058177
72.4748969547209,136.874763058177
72.6907017947902,136.999763058177
72.9243994657932,137.124763058177
73.1678085835376,137.249763058177
73.4098316105534,137.374763058177
73.6374212466303,137.499763058177
73.8377199777842,137.624763058177
74.0005448694089,137.749763058177
74.1198142858991,137.874763058177
74.1931354947186,137.999763058177
74.2198566351226,138.124763058177
74.1994880156505,138.249763058177
74.1312770840393,138.374763058177
74.0144862882893,138.499763058177
73.8482013999888,138.624763058176
73.6298413410725,138.749763058176
73.3562748647108,138.874763058176
73.0319539232696,138.999763058176
72.6727540725386,139.124763058176
72.3002878626427,139.249763058176
71.9355017128219,139.374763058176
71.5955448918197,139.499763058176
71.2922138496458,139.624763058176
71.0320477014783,139.749763058176
70.8174118554261,139.874763058176
70.6476954486285,139.999763058176
70.5204643566006,140.124763058176
70.4322142759074,140.249763058176
70.3791181586341,140.374763058176
70.357470135099,140.499763058176
70.3631834565033,140.624763058176
70.3914631593721,140.749763058176
70.4375133627507,140.874763058176
70.4975581408311,140.999763058176
70.5690257233618,141.124763058176
70.6502695241211,141.249763058176
70.7403805877334,141.374763058176
70.8388980457267,141.499763058176
70.9456066194293,141.624763058176
71.0603951706011,141.749763058176
71.1833016547736,141.874763058176
71.3144328921144,141.999763058176
71.4537764296776,142.124763058176
71.6011584007432,142.249763058176
71.7564890620827,142.374763058176
71.9200442606764,142.499763058176
72.092567635207,142.624763058176
72.2750620215984,142.749763058176
72.4685309623145,142.874763058176
72.6738719196255,142.999763058175
72.8917821243426,143.124763058175
73.1226046877142,143.249763058175
73.3663572254712,143.374763058175
73.622714092065,143.499763058175
73.891067307996,143.624763058175
74.1705650007663,143.749763058175
74.4602332793616,143.874763058175
74.7589263549131,143.999763058175
75.0652220283024,144.124763058175
75.3773885316347,144.249763058175
75.6933098781314,144.374763058175
76.0106497677779,144.499763058175
76.3270500380579,144.624763058175
76.6399740739085,144.749763058175
76.9458671306391,144.874763058175
77.2395030935584,144.999763058175
77.5147894054362,145.124763058175
77.7682283119361,145.249763058175
78.0009129382981,145.374763058175
78.2172380629801,145.499763058175
78.4234515271322,145.624763058175
78.6280263883293,145.749763058175
78.8400645871576,145.874763058175
79.0675159899047,145.999763058175
79.3142510554007,146.124763058175
79.5770906826926,146.249763058175
79.845989622976,146.374763058175
80.1073387548325,146.499763058175
80.3479946087256,146.624763058175
80.5580602923121,146.749763058175
80.7299893562388,146.874763058175
80.8570808647124,146.999763058175
80.9330680410972,147.124763058175
80.952454238413,147.249763058175
80.9112599692515,147.374763058174
80.8064438648583,147.499763058174
80.6342596198757,147.624763058174
80.3924242770796,147.749763058174
80.0759662873092,147.874763058174
79.6767819830882,147.999763058174
79.1978684213157,148.124763058174
78.6574038036151,148.249763058174
78.0773989511017,148.374763058174
77.4757893884038,148.499763058174
76.8660169776425,148.624763058174
76.2570752069156,148.749763058174
75.6552246777971,148.874763058174
75.0643662678318,148.999763058174
74.4852287439505,149.124763058174
73.9154609797406,149.249763058174
73.3492488912442,149.374763058174
72.7781087993755,149.499763058174
72.1929783307783,149.624763058174
71.5863271075214,149.749763058174
70.9506150813352,149.874763058174
70.2798738532214,149.999763058174
69.5736675148127,150.124763058174
68.836625580888,150.249763058174
68.0765248259925,150.374763058174
67.3029150771137,150.499763058174
66.5264434353377,150.624763058174
65.7585733894055,150.749763058174
65.0108051770312,150.874763058174
64.2935731720379,150.999763058174
63.6140662287168,151.124763058174
62.980579693952,151.249763058174
62.4147819739001,151.374763058174
61.9440291230395,151.499763058174
61.5867339900991,151.624763058174
61.3515595085855,151.749763058173
61.241625605872,151.874763058173
61.2570730505289,151.999763058173
61.3957363997892,152.124763058173
61.6532698278308,152.249763058173
62.0234801051638,152.374763058173
62.4979398387932,152.499763058173
63.0663842483775,152.624763058173
63.7184136999643,152.749763058173
64.444946602413,152.874763058173
65.2380023558937,152.999763058173
66.0896143851974,153.124763058173
66.9918388848116,153.249763058173
67.9373786839458,153.374763058173
68.919360633484,153.499763058173
69.9316933196878,153.624763058173
70.9688128823317,153.749763058173
72.0254177435432,153.874763058173
73.0964640512898,153.999763058173
74.1757059884009,154.124763058173
75.2572331855993,154.249763058173
76.3351835484273,154.374763058173
77.4036645026842,154.499763058173
78.4572459453996,154.624763058173
79.491183119051,154.749763058173
80.5016866840827,154.874763058173
81.4859185629583,154.999763058173
82.4420276466717,155.124763058173
83.3689423806536,155.249763058173
84.26625616002,155.374763058173
85.1340225772177,155.499763058173
85.9726207429939,155.624763058173
86.7824722226886,155.749763058173
87.5637711737352,155.874763058173
88.3166135543606,155.999763058173
89.0408833078801,156.124763058173
89.7364269217395,156.249763058172
90.4028927534345,156.374763058172
91.0397846734157,156.499763058172
91.6461876404243,156.624763058172
92.2208917540242,156.749763058172
92.7625256292049,156.874763058172
93.2701391143937,156.999763058172
93.7432640138379,157.124763058172
94.1815499022336,157.249763058172
94.5846211060203,157.374763058172
94.9516440452315,157.499763058172
95.2815679071102,157.624763058172
95.5730514219605,157.749763058172
95.8247853958167,157.874763058172
96.0357688347907,157.999763058172
96.2044135383837,158.124763058172
96.3290149297585,158.249763058172
96.40774974818,158.374763058172
96.4381288245436,158.499763058172
96.417601488594,158.624763058172
96.3434852091013,158.749763058172
96.2123487804736,158.874763058172
96.0212495148786,158.999763058172
95.7659614395356,159.124763058172
95.442645012934,159.249763058172
95.0473484411027,159.374763058172
94.5762406312853,159.499763058172
94.0273554202492,159.624763058172
93.3996072198436,159.749763058172
92.6937757212692,159.874763058172
91.9107026321111,159.999763058172
91.0513624873888,160.124763058172
90.1169583840485,160.249763058172
89.1099406161439,160.374763058172
88.0333635105223,160.499763058172
86.8912891962258,160.624763058171
85.6910813833601,160.749763058171
84.4410177183873,160.874763058171
83.1531623524169,160.999763058171
81.8408123330836,161.124763058171
80.5184658476249,161.249763058171
79.2020315675566,161.374763058171
77.9080264301176,161.499763058171
76.6543941203885,161.624763058171
75.4596377612061,161.749763058171
74.3418722981335,161.874763058171
73.3158017294232,161.999763058171
72.3920565783988,162.124763058171
71.5773966632339,162.249763058171
70.8738957242411,162.374763058171
70.2822631191975,162.499763058171
69.7993931716948,162.624763058171
69.4217740932093,162.749763058171
69.1460023872945,162.874763058171
68.9664432345532,162.999763058171
68.8795399703892,163.124763058171
68.8834215669283,163.249763058171
68.9742439464061,163.374763058171
69.1486221012483,163.499763058171
69.402851078353,163.624763058171
69.7320902896246,163.749763058171
70.1310880462482,163.874763058171
70.5944907023967,163.999763058171
71.1173815973836,164.124763058171
71.6957980202556,164.249763058171
72.3262536269388,164.374763058171
73.0048760885097,164.499763058171
73.7275339997912,164.624763058171
74.4902280969112,164.749763058171
75.2892118980964,164.874763058171
76.1211723844462,164.99976305817
76.9831974861613,165.12476305817
77.8722709803821,165.24976305817
78.7848199299745,165.37476305817
79.7166184004342,165.49976305817
80.6630132000994,165.62476305817
81.6190888111931,165.74976305817
82.5798462916917,165.87476305817
83.5405521099019,165.99976305817
84.4972681330248,166.12476305817
85.4472677159796,166.24976305817
86.388606968799,166.37476305817
87.3193262859227,166.49976305817
88.2373393517735,166.62476305817
89.1408208263095,166.74976305817
90.0281579397101,166.87476305817
90.897750125039,166.99976305817
91.7484654930833,167.12476305817
92.5766671264595,167.24976305817
93.369611747107,167.37476305817
94.1057299269542,167.49976305817
94.7602721199901,167.62476305817
95.3099801333491,167.74976305817
95.7335787482683,167.87476305817
96.0109347999162,167.99976305817
96.123056857424,168.12476305817
96.0533375693886,168.24976305817
95.7896018256025,168.37476305817
95.3189854815845,168.49976305817
94.616839608254,168.62476305817
93.6652843819805,168.74976305817
92.4941018102943,168.87476305817
91.1620957156217,168.99976305817
89.7261039190445,169.12476305817
88.2359758036771,169.24976305817
86.7343177838726,169.374763058169
85.2558957045409,169.499763058169
83.8275321503724,169.624763058169
82.4685192549123,169.749763058169
81.1918225272168,169.874763058169
80.0055644250592,169.999763058169
78.9141788092918,170.124763058169
77.9191373633539,170.249763058169
77.0200640552199,170.374763058169
76.2154602822634,170.499763058169
75.5005330299343,170.624763058169
74.8677213586052,170.749763058169
74.3082916280356,170.874763058169
73.8120318493008,170.999763058169
73.3702909037897,171.124763058169
72.9757181301312,171.249763058169
72.6202228778005,171.374763058169
72.294913258154,171.499763058169
71.9930539472439,171.624763058169
71.7097271911857,171.749763058169
71.4407345933346,171.874763058169
71.1813218123533,171.999763058169
70.9261625067797,172.124763058169
70.6700560806177,172.249763058169
70.408598150704,172.374763058169
70.1388784094478,172.499763058169
69.8591050936797,172.624763058169
69.5677143690481,172.749763058169
69.2639897761929,172.874763058169
68.9481718317476,172.999763058169
68.6207051263354,173.124763058169
68.2823954722446,173.249763058169
67.9351314936772,173.374763058169
67.5807465891749,173.499763058169
67.2194488617513,173.624763058169
66.8512884935853,173.749763058168
66.4751553956793,173.874763058168
66.090074942155,173.999763058168
65.6964630821255,174.124763058168
65.2933768736449,174.249763058168
64.8775010477545,174.374763058168
64.4453622542984,174.499763058168
63.9938699951391,174.624763058168
63.5206260293027,174.749763058168
63.0239587443931,174.874763058168
62.5022307325123,174.999763058168
61.9538774792935,175.124763058168
61.3788119312562,175.249763058168
60.7787358886859,175.374763058168
60.1570555412966,175.499763058168
59.5189864830752,175.624763058168
58.871634855729,175.749763058168
58.2224371274242,175.874763058168
57.57892072465,175.999763058168
56.9483911107429,176.124763058168
56.3372011542591,176.249763058168
55.7511413989492,176.374763058168
55.1953026130062,176.499763058168
54.6726591537551,176.624763058168
54.185081811461,176.749763058168
53.7345853530123,176.874763058168
53.322483984539,176.999763058168
52.948505514422,177.124763058168
52.6124820795984,177.249763058168
52.3153394872338,177.374763058168
52.0580855587172,177.499763058168
51.8408869334081,177.624763058168
51.6652119797138,177.749763058168
51.5347612829869,177.874763058168
51.4543161549758,177.999763058168
51.4304865601142,178.124763058168
51.4701531360982,178.249763058167
51.5785565179486,178.374763058167
51.7603018797185,178.499763058167
52.0181960666837,178.624763058167
52.3550706963828,178.749763058167
52.7737286681893,178.874763058167
53.277282136604,178.999763058167
53.8709863117715,179.124763058167
54.5608697607362,179.249763058167
55.3513018036239,179.374763058167
56.2428493056621,179.499763058167
57.2320949243824,179.624763058167
58.3124873028536,179.749763058167
59.47523561575,179.874763058167
60.7092504469286,179.999763058167
62.0028833795981,180.124763058167
63.3449041942553,180.249763058167
64.7244821810749,180.374763058167
66.1319615085171,180.499763058167
67.5592922048886,180.624763058167
68.9998483476853,180.749763058167
70.449105821688,180.874763058167
71.9041584587044,180.999763058167
73.3591762815576,181.124763058167
74.8099183870257,181.249763058167
76.2525270483824,181.374763058167
77.6835997369471,181.499763058167
79.099621328992,181.624763058167
80.4964482347984,181.749763058167
81.8697863477372,181.874763058167
83.2154855308192,181.999763058167
84.5292942014939,182.124763058167
85.807695246935,182.249763058167
87.0489163889101,182.374763058167
88.2514438163573,182.499763058167
89.4139988288586,182.624763058166
90.5341677850987,182.749763058166
91.6078586072908,182.874763058166
92.6286197579051,182.999763058166
93.5874026605285,183.124763058166
94.472328064944,183.249763058166
95.2694779259277,183.374763058166
95.9659614526489,183.499763058166
96.5532214236453,183.624763058166
97.0272322790066,183.749763058166
97.3861133194849,183.874763058166
97.6292884215259,183.999763058166
97.7557181028678,184.124763058166
97.7639428039553,184.249763058166
97.6507540036131,184.374763058166
97.4117729724445,184.499763058166
97.0474712367141,184.624763058166
96.5651239875208,184.749763058166
95.9736811015585,184.874763058166
95.2811975487723,184.999763058166
94.5047282321276,185.124763058166
93.6751099803796,185.249763058166
92.8235775960816,185.374763058166
91.9727803867526,185.499763058166
91.1376811287204,185.624763058166
90.3288326311737,185.749763058166
89.5536903125383,185.874763058166
88.8180175188085,185.999763058166
88.1244136188028,186.124763058166
87.4694290646325,186.249763058166
86.845813726289,186.374763058166
86.2465742998604,186.499763058166
85.6678928356369,186.624763058166
85.1092195188866,186.749763058166
84.5731299240009,186.874763058166
84.0651663012934,186.999763058165
83.5945339020164,187.124763058165
83.1727291495291,187.249763058165
82.8111917689803,187.374763058165
82.5227778785288,187.499763058165
82.3172881211986,187.624763058165
82.2016800977034,187.749763058165
82.1795563920693,187.874763058165
82.2511984156176,187.999763058165
82.4134371311735,188.124763058165
82.6612326833169,188.249763058165
82.9897178776776,188.374763058165
83.3926525451334,188.499763058165
83.8614331300864,188.624763058165
84.3857933294367,188.749763058165
84.9548942678324,188.874763058165
85.5581737220338,188.999763058165
86.1859692945992,189.124763058165
86.8297077638045,189.249763058165
87.4817606491681,189.374763058165
88.1356689236326,189.499763058165
88.7859732735668,189.624763058165
89.4276962229301,189.749763058165
90.0555489713538,189.874763058165
90.663505568052,189.999763058165
91.2443397914457,190.124763058165
91.7895633195979,190.249763058165
92.2888411974715,190.374763058165
92.7299880925352,190.499763058165
93.0982569456987,190.624763058165
93.3762585348664,190.749763058165
93.5460460276875,190.874763058165
93.5913766422807,190.999763058165
93.4965618941577,191.124763058165
93.2475328283158,191.249763058165
92.8333503527871,191.374763058164
92.2472457477976,191.499763058164
91.4865439585729,191.624763058164
90.5519346874617,191.749763058164
89.4451295525183,191.874763058164
88.1654398712512,191.999763058164
86.7184412899817,192.124763058164
85.143316237708,192.249763058164
83.5027507572377,192.374763058164
81.8516543168405,192.499763058164
80.2302580760884,192.624763058164
78.6679778889856,192.749763058164
77.1864308993501,192.874763058164
75.800639399819,192.999763058164
74.5207366878939,193.124763058164
73.3539074765794,193.249763058164
72.3053074073874,193.374763058164
71.3778585709816,193.499763058164
70.5716129858101,193.624763058164
69.8830070036937,193.749763058164
69.304826288152,193.874763058164
68.8291041538366,193.999763058164
68.4487872857264,194.124763058164
68.1575829307505,194.249763058164
67.9493224152016,194.374763058164
67.8177317404632,194.499763058164
67.7563927282618,194.624763058164
67.7586645393079,194.749763058164
67.8180675215349,194.874763058164
67.928289912845,194.999763058164
68.0831475970637,195.124763058164
68.2766325392571,195.249763058164
68.5025661662232,195.374763058164
68.7543498103906,195.499763058164
69.024873566706,195.624763058164
69.3077142756051,195.749763058163
69.5991960476117,195.874763058163
69.8982431109634,195.999763058163
70.2056085779909,196.124763058163
70.5219492339097,196.249763058163
70.8465925192791,196.374763058163
71.1789270714649,196.499763058163
71.517412845425,196.624763058163
71.8590805990896,196.749763058163
72.1987607564589,196.874763058163
72.5289442611744,196.999763058163
72.8409645256748,197.124763058163
73.1263655138601,197.249763058163
73.3781791134226,197.374763058163
73.591912863961,197.499763058163
73.7656266886022,197.624763058163
73.900094787602,197.749763058163
73.9967750086098,197.874763058163
74.0579316483404,197.999763058163
74.0863410252467,198.124763058163
74.0843082536844,198.249763058163
74.0531459062973,198.374763058163
73.996260525734,198.499763058163
73.9199566192052,198.624763058163
73.8302604913045,198.749763058163
73.7318941077423,198.874763058163
73.6289468433679,198.999763058163
73.5254257328653,199.124763058163
73.4246213649759,199.249763058163
73.3293584744936,199.374763058163
73.2424248223874,199.499763058163
73.1662106954535,199.624763058163
73.1026149499295,199.749763058163
73.054018042612,199.874763058163
73.0210834490561,199.999763058163
73.0037523345946,200.124763058163
73.0014636956553,200.249763058162
73.0136015510359,200.374763058162
73.0396325807654,200.499763058162
73.0785815244682,200.624763058162
73.1280997530261,200.749763058162
73.1845267899321,200.874763058162
73.2442352090437,200.999763058162
73.3046465814784,201.124763058162
73.3628255855514,201.249763058162
73.415321094257,201.374763058162
73.4581814594926,201.499763058162
73.4864940255579,201.624763058162
73.494968379304,201.749763058162
73.4784050854751,201.874763058162
73.4322591760508,201.999763058162
73.3532368387578,202.124763058162
73.239588710624,202.249763058162
73.0905637971053,202.374763058162
72.9054784068423,202.499763058162
72.6824378967847,202.624763058162
72.4219128255218,202.749763058162
72.1340672163627,202.874763058162
71.8384755835812,202.999763058162
71.5567142631784,203.124763058162
71.3078445830474,203.249763058162
71.1049107274027,203.374763058162
70.9541746027672,203.499763058162
70.8570991006283,203.624763058162
70.8124230282699,203.749763058162
70.8161675609751,203.874763058162
70.8612930053231,203.999763058162
70.9388306414828,204.124763058162
71.039124006408,204.249763058162
71.1525823769402,204.374763058162
71.2704936541997,204.499763058162
71.3851590907898,204.624763058161
71.4903645455232,204.749763058161
71.5812320000307,204.874763058161
71.654303784961,204.999763058161
71.706474104178,205.124763058161
71.7339345059467,205.249763058161
71.732710122449,205.374763058161
71.7007235649372,205.499763058161
71.6407718992119,205.624763058161
71.560745561912,205.749763058161
71.4706131709002,205.874763058161
71.3798225509862,205.999763058161
71.2961261046361,206.124763058161
71.2239413740746,206.249763058161
71.1647128776498,206.374763058161
71.1165872654329,206.499763058161
71.0750448584262,206.624763058161
71.0350982116411,206.749763058161
70.9915609547671,206.874763058161
70.9392213590597,206.999763058161
70.8732357617285,207.124763058161
70.7886299240385,207.249763058161
70.6809985732012,207.374763058161
70.5469076230937,207.499763058161
70.3840454415046,207.624763058161
70.1920511218134,207.749763058161
69.97102374389,207.874763058161
69.7203343402839,207.999763058161
69.4418529279654,208.124763058161
69.1459460292497,208.249763058161
68.8475314926392,208.374763058161
68.5606606591949,208.499763058161
68.2955736284276,208.624763058161
68.0580164581864,208.749763058161
67.8524507690796,208.874763058161
67.6826188272352,208.99976305816
67.5504257248365,209.12476305816
67.4559254697513,209.24976305816
67.3959200660509,209.37476305816
67.366034884189,209.49976305816
67.3619591843981,209.62476305816
67.3785897650156,209.74976305816
67.4119005990528,209.87476305816
67.4573828954682,209.99976305816
67.5109630939448,210.12476305816
67.5694280534891,210.24976305816
67.6283725945684,210.37476305816
67.6861305929894,210.49976305816
67.7409462262264,210.62476305816
67.7894547945044,210.74976305816
67.829987374636,210.87476305816
67.859741238014,210.99976305816
67.8770579397262,211.12476305816
67.8811141928687,211.24976305816
67.8695182688767,211.37476305816
67.841895535757,211.49976305816
67.7953374146871,211.62476305816
67.7257251985402,211.74976305816
67.6326118439608,211.87476305816
67.5140558441038,211.99976305816
67.3675905653258,212.12476305816
67.1934398052517,212.24976305816
66.9896620394199,212.37476305816
66.7551269627606,212.49976305816
66.4906889137238,212.62476305816
66.1951463207574,212.74976305816
65.8688066869753,212.87476305816
65.5124939803423,212.99976305816
65.1263605287475,213.12476305816
64.7126247637756,213.24976305816
64.27264106628,213.374763058159
63.8090380603691,213.499763058159
63.3238652715336,213.624763058159
62.8192118568025,213.749763058159
62.2989969255939,213.874763058159
61.7691844324088,213.999763058159
61.2384059778372,214.124763058159
60.717012379248,214.249763058159
60.2158931680917,214.374763058159
59.7455050175671,214.499763058159
59.315616258698,214.624763058159
58.9349719267701,214.749763058159
58.6113843135335,214.874763058159
58.3512163347572,214.999763058159
58.1596659457038,215.124763058159
58.0414399097731,215.249763058159
58.0013416986393,215.374763058159
58.0458648393349,215.499763058159
58.1828586135244,215.624763058159
58.4193593970305,215.749763058159
58.7592796095488,215.874763058159
59.2032447119135,215.999763058159
59.7493497925523,216.124763058159
60.3945093550529,216.249763058159
61.1351444488085,216.374763058159
61.9667566428788,216.499763058159
62.8835965971104,216.624763058159
63.8786178545013,216.749763058159
64.9436096663122,216.874763058159
66.069605450504,216.999763058159
67.2475362673254,217.124763058159
68.4687339238745,217.249763058159
69.7252245265402,217.374763058159
71.0098989459012,217.499763058159
72.3165176228805,217.624763058159
73.6396147172999,217.749763058158
74.9743673468035,217.874763058158
76.3164679956075,217.999763058158
77.662040531098,218.124763058158
79.0075972820776,218.249763058158
80.3499921536136,218.374763058158
81.6863724387213,218.499763058158
83.0141213808191,218.624763058158
84.3308263685153,218.749763058158
85.634269649367,218.874763058158
86.9223506154121,218.999763058158
88.1927677451556,219.124763058158
89.4426454082847,219.249763058158
90.6685089293166,219.374763058158
91.8667154518452,219.499763058158
93.0342359937684,219.624763058158
94.1690321672781,219.749763058158
95.2699818304331,219.874763058158
96.336668031476,219.999763058158
97.369315136781,220.124763058158
98.3677580280029,220.249763058158
99.3313207320525,220.374763058158
100.258812229224,220.499763058158
101.149311804383,220.624763058158
102.002796714715,220.749763058158
102.820120133346,220.874763058158
103.6035700264,220.999763058158
104.356365503349,221.124763058158
105.082171480035,221.249763058158
105.785103738111,221.374763058158
106.469112071526,221.499763058158
107.136311606774,221.624763058158
107.784355348369,221.749763058158
108.403577673116,221.874763058158
108.976855235202,221.999763058158
109.480976800557,222.124763058157
109.890518359544,222.249763058157
110.184161083831,222.374763058157
110.349714273428,222.499763058157
110.382933719448,222.624763058157
110.283141934889,222.749763058157
110.049784934879,222.874763058157
109.681441151665,222.999763058157
109.17630365826,223.124763058157
108.53118900166,223.249763058157
107.735856597868,223.374763058157
106.778864043937,223.499763058157
105.664055811865,223.624763058157
104.411085810382,223.749763058157
103.064591724095,223.874763058157
101.6912923522,223.999763058157
100.347841280587,224.124763058157
99.0716983371989,224.249763058157
97.8865990806347,224.374763058157
96.8073472185949,224.499763058157
95.8395894785694,224.624763058157
94.9851887980129,224.749763058157
94.2435778867282,224.874763058157
93.6095614527825,224.999763058157
93.0722418569475,225.124763058157
92.6173016546243,225.249763058157
92.2338386897248,225.374763058157
91.9156727266386,225.499763058157
91.6594247949883,225.624763058157
91.4598214258382,225.749763058157
91.3081925555308,225.874763058157
91.1948909327013,225.999763058157
91.1068010440486,226.124763058157
91.0365186135599,226.249763058157
90.979368244198,226.374763058157
90.9309500830988,226.499763058157
90.8875140325543,226.624763058156
90.8443237870621,226.749763058156
90.7944775708327,226.874763058156
90.7295055207559,226.999763058156
90.6401290133433,227.124763058156
90.5150685618066,227.249763058156
90.3419128812141,227.374763058156
90.1095334803532,227.499763058156
89.8082710228799,227.624763058156
89.4306229780288,227.749763058156
88.973221039213,227.874763058156
88.4372584331675,227.999763058156
87.8268251891652,228.124763058156
87.1478010712765,228.249763058156
86.407645675833,228.374763058156
85.6140566205207,228.499763058156
84.7753852559062,228.624763058156
83.8990951514908,228.749763058156
82.9916059856228,228.874763058156
82.0592286837959,228.999763058156
81.1104089113165,229.124763058156
80.1556759448427,229.249763058156
79.2056148759688,229.374763058156
78.269598377039,229.499763058156
77.3572791180425,229.624763058156
76.479109377369,229.749763058156
75.6450127111668,229.874763058156
74.8627930111261,229.999763058156
74.1375723532337,230.124763058156
73.4708252457962,230.249763058156
72.862452426518,230.374763058156
72.3116136123858,230.499763058156
71.816227674167,230.624763058156
71.3727048993812,230.749763058156
70.976205080463,230.874763058156
70.6201379449218,230.999763058155
70.2967397248592,231.124763058155
69.999328835821,231.249763058155
69.7229752947243,231.374763058155
69.4633989215228,231.499763058155
69.216974193528,231.624763058155
68.9805938310568,231.749763058155
68.7526124533081,231.874763058155
68.5321716679147,231.999763058155
68.318853631608,232.124763058155
68.1122192218607,232.249763058155
67.9143702906094,232.374763058155
67.7289770618772,232.499763058155
67.560345609312,232.624763058155
67.4144054765185,232.749763058155
67.2978414443477,232.874763058155
67.2156214425144,232.999763058155
67.170457988202,233.124763058155
67.1626664619464,233.249763058155
67.189217105842,233.374763058155
67.2437684156796,233.499763058155
67.3170222532536,233.624763058155
67.3980763923867,233.749763058155
67.4749821391137,233.874763058155
67.5335833247022,233.999763058155
67.5617629896069,234.124763058155
67.5477206914098,234.249763058155
67.4803510025568,234.374763058155
67.3517554263303,234.499763058155
67.1577395975083,234.624763058155
66.8918902372559,234.749763058155
66.5539365667122,234.874763058155
66.1504510207415,234.999763058155
65.6981798932155,235.124763058155
65.220003876364,235.249763058155
64.7364138323387,235.374763058154
64.2621811395301,235.499763058154
63.8207913679995,235.624763058154
63.4342728355611,235.749763058154
63.1162532274712,235.874763058154
62.8733613358213,235.999763058154
62.7052337321616,236.124763058154
62.6093846991338,236.249763058154
62.5806236257849,236.374763058154
62.6119506902196,236.499763058154
62.6961852996565,236.624763058154
62.8263735115141,236.749763058154
62.9959761518252,236.874763058154
63.1964104955147,236.999763058154
63.4202819437767,237.124763058154
63.6619946184182,237.249763058154
63.9169098869608,237.374763058154
64.18159969768,237.499763058154
64.4527617550506,237.624763058154
64.7265339979076,237.749763058154
65.000199050609,237.874763058154
65.2719902544552,237.999763058154
65.5370258478589,238.124763058154
65.7872317852863,238.249763058154
66.0163616712706,238.374763058154
66.220507392263,238.499763058154
66.3957452339578,238.624763058154
66.5396748154567,238.749763058154
66.6514133651329,238.874763058154
66.7299672192911,238.999763058154
66.7737170880476,239.124763058154
66.7850562953968,239.249763058154
66.7659559822327,239.374763058154
66.7158920895554,239.499763058154
66.6361253973424,239.624763058154
66.5276390558698,239.749763058153
66.3895170169485,239.874763058153
66.2229475056344,239.999763058153
66.0296621927754,240.124763058153
65.8094958640555,240.249763058153
65.5641002290992,240.374763058153
65.2956219594659,240.499763058153
65.0067340661853,240.624763058153
64.702868053732,240.749763058153
64.3893334531291,240.874763058153
64.0745682506663,240.999763058153
63.7666639286801,241.124763058153
63.4751260862841,241.249763058153
63.2097280236538,241.374763058153
62.9776140488124,241.499763058153
62.7864121766507,241.624763058153
62.6399511331819,241.749763058153
62.5404651240672,241.874763058153
62.4906186252863,241.999763058153
62.4884249127612,242.124763058153
62.5315440521913,242.249763058153
62.6184316939403,242.374763058153
62.744627764174,242.499763058153
62.9049858543372,242.624763058153
63.095842009961,242.749763058153
63.3109130052688,242.874763058153
63.5448141475392,242.999763058153
63.7945573236788,243.124763058153
64.0587966183643,243.249763058153
64.3380225897846,243.374763058153
64.6344057652459,243.499763058153
64.9521622323397,243.624763058153
65.2949427978854,243.749763058153
65.6661346534999,243.874763058153
66.0677724566342,243.999763058153
66.5020227313627,244.124763058152
66.9700768060775,244.249763058152
67.4718587245348,244.374763058152
68.0075362950303,244.499763058152
68.5756381170671,244.624763058152
69.1755929525851,244.749763058152
69.8076853491817,244.874763058152
70.4722456465532,244.999763058152
71.1695581910615,245.124763058152
71.8980160919482,245.249763058152
72.6542989653914,245.374763058152
73.4334966869739,245.499763058152
74.229260430838,245.624763058152
75.0342380926325,245.749763058152
75.8406255888334,245.874763058152
76.6416263529278,245.999763058152
77.4313171325977,246.124763058152
78.204370750058,246.249763058152
78.9564400282925,246.374763058152
79.6832184037536,246.499763058152
80.3808599962311,246.624763058152
81.0458976676952,246.749763058152
81.6747699632962,246.874763058152
82.264929889009,246.999763058152
82.8141617005112,247.124763058152
83.3209756062538,247.249763058152
83.7838128068907,247.374763058152
84.2020030978579,247.499763058152
84.5744119742312,247.624763058152
84.8983173630448,247.749763058152
85.1718376060637,247.874763058152
85.3935618843474,247.999763058152
85.5618044246439,248.124763058152
85.6761973777047,248.249763058152
85.7365892821099,248.374763058152
85.7431111874455,248.499763058152
85.6955361544989,248.624763058151
85.5934673543442,248.749763058151
85.4364691553746,248.874763058151
85.2238641281138,248.999763058151
84.9552593791878,249.124763058151
84.6297047867392,249.249763058151
84.2461895395037,249.374763058151
83.8015815393004,249.499763058151
83.2926711256519,249.624763058151
82.7148127700246,249.749763058151
82.0634801139979,249.874763058151
81.3361611693035,249.999763058151
80.5331067742161,250.124763058151
79.6553470397338,250.249763058151
78.7075311562088,250.374763058151
77.6989018742618,250.499763058151
76.6429136602274,250.624763058151
75.5572827729313,250.749763058151
74.4635660078426,250.874763058151
73.3858338387366,250.999763058151
72.3499567514611,251.124763058151
71.3806644538132,251.249763058151
70.4975484678906,251.374763058151
69.7132132464701,251.499763058151
69.0338764092157,251.624763058151
68.4629677673899,251.749763058151
68.0062956905897,251.874763058151
67.671892248895,251.999763058151
67.4651512279786,252.124763058151
67.3862149436961,252.249763058151
67.4307589254103,252.374763058151
67.5916433816876,252.499763058151
67.8598353359894,252.624763058151
68.2246309539113,252.749763058151
68.6742752675975,252.874763058151
69.1970779386949,252.99976305815
69.7822615454092,253.12476305815
70.4203728653273,253.24976305815
71.1035309055002,253.37476305815
71.8248066311994,253.49976305815
72.5775566087091,253.62476305815
73.3556999363401,253.74976305815
74.1549730396783,253.87476305815
74.9723673619552,253.99976305815
75.8042244557716,254.12476305815
76.6457912359351,254.24976305815
77.4913871087103,254.37476305815
78.3351795863092,254.49976305815
79.1715819154465,254.62476305815
79.9952805644445,254.74976305815
80.8009306669495,254.87476305815
81.5831681462574,254.99976305815
82.3362832882782,255.12476305815
83.0533331382345,255.24976305815
83.7267006471157,255.37476305815
84.3491273536209,255.49976305815
84.914586566309,255.62476305815
85.417464189625,255.74976305815
85.8533584272167,255.87476305815
86.2190375721564,255.99976305815
86.5120712375904,256.12476305815
86.7303478263198,256.24976305815
86.8717009273817,256.37476305815
86.9352363974642,256.49976305815
86.9217477157514,256.62476305815
86.8335324886675,256.749763058149
86.6768805193891,256.874763058149
86.4600335349785,256.999763058149
86.1934893511569,257.124763058149
85.8892185139811,257.249763058149
85.5593158583562,257.374763058149
85.2150703587155,257.499763058149
84.8659832678354,257.624763058149
84.5191467124608,257.749763058149
84.1794912555761,257.874763058149
83.8500426099872,257.999763058149
83.5325072147684,258.124763058149
83.2279545283351,258.249763058149
82.9360524308421,258.374763058149
82.6547978723802,258.499763058149
82.3815386210526,258.624763058149
82.1138544728617,258.749763058149
81.8494461669119,258.874763058149
81.5863519233252,258.999763058148
81.3226855290874,259.124763058148
81.0561301030552,259.249763058148
80.7845156574423,259.374763058148
80.5053728963292,259.499763058148
80.2156530913737,259.624763058148
79.9126543262299,259.749763058148
79.5939610763295,259.874763058148
79.2571883865408,259.999763058148
78.9003449513383,260.124763058148
78.5210402824263,260.249763058148
78.115981072071,260.374763058148
77.682130731724,260.499763058148
77.2166282860563,260.624763058148
76.7158611020243,260.749763058148
76.1757662889417,260.874763058148
75.5919227021513,260.999763058148
74.9603546863211,261.124763058147
74.2774982286105,261.249763058147
73.5411315450139,261.374763058147
72.7518794207087,261.499763058147
71.9124872111574,261.624763058147
71.0289663331358,261.749763058147
70.1102040376026,261.874763058147
69.1664956758774,261.999763058147
68.2091026097619,262.124763058147
67.2489509027698,262.249763058147
66.2960672550835,262.374763058147
65.3602630744777,262.499763058147
64.4501836489976,262.624763058147
63.5721805324638,262.749763058147
62.7314284061003,262.874763058147
61.9321823473901,262.999763058147
61.1776154312876,263.124763058147
60.4699273837993,263.249763058147
59.8101840369136,263.374763058146
59.1985771223041,263.499763058146
58.6345498309835,263.624763058146
58.1158537717074,263.749763058146
57.6391596955512,263.874763058146
57.2012292459594,263.999763058146
56.7992845998695,264.124763058146
56.4310570355417,264.249763058146
56.0945763706418,264.374763058146
55.7879058560843,264.499763058146
55.5095672452651,264.624763058146
55.258652553321,264.749763058146
55.0344517641708,264.874763058146
54.8366742914984,264.999763058146
54.6655348993978,265.124763058146
54.5212417878206,265.249763058146
54.4040044944587,265.374763058146
54.3138479426385,265.499763058146
54.2500838024635,265.624763058145
54.211852258775,265.749763058145
54.1982007249566,265.874763058145
54.2078517833344,265.999763058145
54.2393252211085,266.124763058145
54.2910026779447,266.249763058145
54.3612144461867,266.374763058145
54.4482914928559,266.499763058145
54.5504688882155,266.624763058145
54.6658752985793,266.749763058145
54.7926801262777,266.874763058145
54.9293656527974,266.999763058145
55.0744796955541,267.124763058145
55.2265610492437,267.249763058145
55.3844031220563,267.374763058145
55.5468758242549,267.499763058145
55.7130015478707,267.624763058145
55.8820704744687,267.749763058144
56.053664820062,267.874763058144
56.2277923429063,267.999763058144
56.4046097738166,268.124763058144
56.5844024338615,268.249763058144
56.7674643190963,268.374763058144
56.9539040978754,268.499763058144
57.1435803028449,268.624763058144
57.3363225244204,268.749763058144
57.5318439856087,268.874763058144
57.7299447222936,268.999763058144
57.9305293406776,269.124763058144
58.1336971263202,269.249763058144
58.3398607728647,269.374763058144
58.5498060684901,269.499763058144
58.76459504426,269.624763058144
58.9854314967785,269.749763058144
59.2135526454405,269.874763058144
59.4499887131377,269.999763058143
59.6959831556567,270.124763058143
59.9533773511632,270.249763058143
60.2248951190648,270.374763058143
60.5140792926726,270.499763058143
60.8244971478013,270.624763058143
61.1615277813246,270.749763058143
61.5358539398975,270.874763058143
61.9586534331793,270.999763058143
62.4361305795543,271.124763058143
62.9706701447554,271.249763058143
63.5625788271897,271.374763058143
64.2105443553197,271.499763058143
64.9128936414737,271.624763058143
65.6666042401027,271.749763058143
66.4685093316813,271.874763058143
67.314381046138,271.999763058143
68.1988420622768,272.124763058142
69.1169258421552,272.249763058142
70.0650615417285,272.374763058142
71.0420973807655,272.499763058142
72.0439713590245,272.624763058142
73.0675387391352,272.749763058142
74.1106447899459,272.874763058142
75.171249386801,272.999763058142
76.247642990682,273.124763058142
77.3382566169859,273.249763058142
78.4414092696162,273.374763058142
79.5536434040472,273.499763058142
80.6692792429168,273.624763058142
81.7812089785721,273.749763058142
82.8836445074293,273.874763058142
83.9725413372499,273.999763058142
85.0459144230269,274.124763058142
86.1024829066858,274.249763058142
87.141458435056,274.374763058141
88.1617657932268,274.499763058141
89.1627911258454,274.624763058141
90.1438065614441,274.749763058141
91.1037819157689,274.874763058141
92.0418154162941,274.999763058141
92.9576674641348,275.124763058141
93.8503409938524,275.249763058141
94.7198312272453,275.374763058141
95.5662809119519,275.499763058141
96.3889912041068,275.624763058141
97.1868533898924,275.749763058141
97.9587098237398,275.874763058141
98.703403018467,275.999763058141
99.4196950347185,276.124763058141
100.106711619038,276.249763058141
100.763492988946,276.374763058141
101.389238168004,276.499763058141
101.982894632183,276.62476305814
102.542880964702,276.74976305814
103.068635756435,276.87476305814
103.560859379859,276.99976305814
104.021046749352,277.12476305814
104.451032218297,277.24976305814
104.852230519387,277.37476305814
105.226011815722,277.49976305814
105.57368920443,277.62476305814
105.896196354781,277.74976305814
106.194790849067,277.87476305814
106.470666487879,277.99976305814
106.724624796207,278.12476305814
106.957365528381,278.24976305814
107.169763036908,278.37476305814
107.362190922779,278.49976305814
107.534778630236,278.62476305814
107.687715968804,278.749763058139
107.821153910944,278.874763058139
107.934884197985,278.999763058139
108.028495907117,279.124763058139
108.101358604357,279.249763058139
108.152288990694,279.374763058139
108.179312751662,279.499763058139
108.179400458721,279.624763058139
108.148054401563,279.749763058139
108.078880795439,279.874763058139
107.963237577997,279.999763058139
107.789666092217,280.124763058139
107.542356301108,280.249763058139
107.201589902192,280.374763058139
106.743891126191,280.499763058139
106.143639391823,280.624763058139
105.37445494233,280.749763058139
104.40873606235,280.874763058139
103.217355985765,280.999763058138
101.774498431319,281.124763058138
100.067233794868,281.249763058138
98.1003240890802,281.374763058138
95.8935295433648,281.499763058138
93.4790178318745,281.624763058138
90.9020229202254,281.749763058138
88.2216146392409,281.874763058138
85.5044046047012,281.999763058138
82.8136946686702,282.124763058138
80.2036995726489,282.249763058138
77.7171566256709,282.374763058138
75.3868366687463,282.499763058138
73.2370684779769,282.624763058138
71.2855844942824,282.749763058138
69.5456815544672,282.874763058138
68.0260240699816,282.999763058138
66.730708464391,283.124763058137
65.6589595530497,283.249763058137
64.8054669670794,283.374763058137
64.1618708644842,283.499763058137
63.716399247454,283.624763058137
63.4521062308536,283.749763058137
63.3491800933807,283.874763058137
63.3902533929261,283.999763058137
63.5621855062431,284.124763058137
63.8550890474229,284.249763058137
64.260485131621,284.374763058137
64.7703936103365,284.499763058137
65.3770155830186,284.624763058137
66.0722917529014,284.749763058137
66.8483531350472,284.874763058137
67.6976718791821,284.999763058137
68.6126885612296,285.124763058137
69.585439964161,285.249763058137
70.6072720300741,285.374763058136
71.6687066976273,285.499763058136
72.7597778317406,285.624763058136
73.8703671894744,285.749763058136
74.9908860443917,285.874763058136
76.113129752627,285.999763058136
77.2303909554712,286.124763058136
78.3364963407325,286.249763058136
79.4251841608328,286.374763058136
80.4899812191206,286.499763058136
81.5246468440869,286.624763058136
82.5232943933847,286.749763058136
83.4800087845953,286.874763058136
84.388375782572,286.999763058136
85.2414495496591,287.124763058136
86.0319359738794,287.249763058136
86.7526513977141,287.374763058136
87.3969686515736,287.499763058135
87.9595494077541,287.624763058135
88.4366972741947,287.749763058135
88.8262435518789,287.874763058135
89.1270287561201,287.999763058135
89.3383278835537,288.124763058135
89.4590598856632,288.249763058135
89.4866906637503,288.374763058135
89.4225084373354,288.499763058135
89.2778204509748,288.624763058135
89.0711962764919,288.749763058135
88.8233754559534,288.874763058135
88.5541964233998,288.999763058135
88.2819961625058,289.124763058135
88.0229144862158,289.249763058135
87.7898207252674,289.374763058135
87.5930687301838,289.499763058135
87.4412187599518,289.624763058135
87.3402466269682,289.749763058134
87.2937626504572,289.874763058134
87.3048066481725,289.999763058134
87.3741394908576,290.124763058134
87.500312902711,290.249763058134
87.6822880303835,290.374763058134
87.9170865665704,290.499763058134
88.2018480222091,290.624763058134
88.5345368643276,290.749763058134
88.9123073511972,290.874763058134
89.3320739906131,290.999763058134
89.7908158992603,291.124763058134
90.2842066079455,291.249763058134
90.8072889712726,291.374763058134
91.3555283506447,291.499763058134
91.9239879979509,291.624763058134
92.5060453413463,291.749763058134
93.0956925184107,291.874763058134
93.6875214340239,291.999763058133
94.2758284739613,292.124763058133
94.8564794810883,292.249763058133
95.4276871815427,292.374763058133
95.9869063596671,292.499763058133
96.5305092921186,292.624763058133
97.0562970892515,292.749763058133
97.5618210860976,292.874763058133
98.0398142641523,292.999763058133
98.4740175836888,293.124763058133
98.8435367555199,293.249763058133
99.126693661625,293.374763058133
99.3037507650277,293.499763058133
99.3576952450934,293.624763058133
99.271595426971,293.749763058133
99.0312817849785,293.874763058133
98.6265245336674,293.999763058133
98.0488955245974,294.124763058132
97.2923763740042,294.249763058132
96.3452624348102,294.374763058132
95.1872365566905,294.499763058132
93.8164032571248,294.624763058132
92.2617452373008,294.749763058132
90.5665574992489,294.874763058132
88.775527351146,294.999763058132
86.9320422418112,295.124763058132
85.0775254635459,295.249763058132
83.2453080398326,295.374763058132
81.4602040746189,295.499763058132
79.7384987022221,295.624763058132
78.0889133948007,295.749763058132
76.5166942702736,295.874763058132
75.0251418725088,295.999763058132
73.6166726630817,296.124763058132
72.2922677418721,296.249763058132
71.04836636553,296.374763058131
69.8769920830167,296.499763058131
68.7704337135518,296.624763058131
67.7239477624081,296.749763058131
66.7341872962774,296.874763058131
65.7993415991676,296.999763058131
64.9186586099716,297.124763058131
64.0907701551491,297.249763058131
63.3145311609952,297.374763058131
62.5891974433434,297.499763058131
61.9153026484696,297.624763058131
61.2943187848325,297.749763058131
60.7253526612494,297.874763058131
60.2069901471061,297.999763058131
59.7371614096093,298.124763058131
59.3137187760787,298.249763058131
58.9357540647375,298.374763058131
58.6038685495122,298.49976305813
58.319235840433,298.62476305813
58.0819998002898,298.74976305813
57.8919031336086,298.87476305813
57.7481410862065,298.99976305813
57.6498696054618,299.12476305813
57.5965839424104,299.24976305813
57.5876140318264,299.37476305813
57.6209329595466,299.49976305813
57.6935237875018,299.62476305813
57.8035837639392,299.74976305813
57.9511247630797,299.87476305813
58.1363396005459,299.99976305813
58.359522898716,300.12476305813
58.6207672767238,300.24976305813
58.9200107964412,300.37476305813
59.2571686159,300.49976305813
59.6326072896807,300.62476305813
60.0471105545601,300.749763058129
60.5009591104839,300.874763058129
60.993155658297,300.999763058129
61.5206581861561,301.124763058129
62.0793886328775,301.249763058129
62.6656293301938,301.374763058129
63.275416404837,301.499763058129
63.9057058650417,301.624763058129
64.5551883576782,301.749763058129
65.2243862627733,301.874763058129
65.9143731983695,301.999763058129
66.6254663914934,302.124763058129
67.3573123341399,302.249763058129
68.1089328381752,302.374763058129
68.8787205542914,302.499763058129
69.6642010821625,302.624763058129
70.46115626383,302.749763058129
71.2637554401086,302.874763058129
72.0637635424724,302.999763058128
72.8516724173335,303.124763058128
73.6176672015505,303.249763058128
74.3513750968016,303.374763058128
75.0425067180292,303.499763058128
75.6817671124384,303.624763058128
76.258418223057,303.749763058128
76.7620395796508,303.874763058128
77.1835822738412,303.999763058128
77.514199052377,304.124763058128
77.7443666518666,304.249763058128
77.8612498739009,304.374763058128
77.8517469720799,304.499763058128
77.7134194871145,304.624763058128
77.4553270633125,304.749763058128
77.0893832205289,304.874763058128
76.627734811865,304.999763058128
76.08347254709,305.124763058127
75.4710491452635,305.249763058127
74.804921747714,305.374763058127
74.0994652361977,305.499763058127
73.3678222936687,305.624763058127
72.6210116296875,305.749763058127
71.8690484336321,305.874763058127
71.1221379567547,305.999763058127
70.3911195038292,306.124763058127
69.6859237660965,306.249763058127
69.0148915596464,306.374763058127
68.3849408897467,306.499763058127
67.8021605732672,306.624763058127
67.2705788743795,306.749763058127
66.7927642536917,306.874763058127
66.3672907891625,306.999763058127
65.9910623763633,307.124763058127
65.6600960050861,307.249763058127
65.3689266781045,307.374763058126
65.1124933629755,307.499763058126
64.8847234933585,307.624763058126
64.6794606808898,307.749763058126
64.4908176822984,307.874763058126
64.3142791634056,307.999763058126
64.1472132295643,308.124763058126
63.9897029168479,308.249763058126
63.8436600691175,308.374763058126
63.7101381268784,308.499763058126
63.5913698863219,308.624763058126
63.4892043246144,308.749763058126
63.4060610374242,308.874763058126
63.3446178766079,308.999763058126
63.3080371787177,309.124763058126
63.2999036379304,309.249763058126
63.3243137487352,309.374763058126
63.3856935429898,309.499763058125
63.4883985346892,309.624763058125
63.6363301491202,309.749763058125
63.8327902604262,309.874763058125
64.0804020695817,309.999763058125
64.3809673682552,310.124763058125
64.7353926702524,310.249763058125
65.1436458063098,310.374763058125
65.6048602419835,310.499763058125
66.117431990397,310.624763058125
66.6793819744078,310.749763058125
67.2888502812504,310.874763058125
67.943826012594,310.999763058125
68.6420231591697,311.124763058125
69.3810801931205,311.249763058125
70.1585203892713,311.374763058125
70.971558463626,311.499763058125
71.817083412542,311.624763058125
72.6917327897328,311.749763058124
73.5918404906714,311.874763058124
74.5136254093833,311.999763058124
75.4532446424096,312.124763058124
76.4065292806679,312.249763058124
77.3689289584513,312.374763058124
78.3358835412458,312.499763058124
79.3021584549003,312.624763058124
80.2616870591947,312.749763058124
81.2078625986135,312.874763058124
82.134098321165,312.999763058124
83.0345359525273,313.124763058124
83.9047448729618,313.249763058124
84.7404753800335,313.374763058124
85.5375185898299,313.499763058124
86.2915138047397,313.624763058124
86.9981154612204,313.749763058124
87.6537646386471,313.874763058124
88.2545827461759,313.999763058123
88.7953904574453,314.124763058123
89.2706645181652,314.249763058123
89.6766248756703,314.374763058123
90.0165359928064,314.499763058123
90.2989638641798,314.624763058123
90.5319749992983,314.749763058123
90.7228313324062,314.874763058123
90.8778176173912,314.999763058123
91.0003990331448,315.124763058123
91.0948114966091,315.249763058123
91.1635839875473,315.374763058123
91.2053658778097,315.499763058123
91.2194943493784,315.624763058123
91.2068532487657,315.749763058123
91.1652252736125,315.874763058123
91.0941415632384,315.999763058123
90.9941867526563,316.124763058122
90.8628369307743,316.249763058122
90.6999567712167,316.374763058122
90.5061785419208,316.499763058122
90.2810458761972,316.624763058122
90.0273920421614,316.749763058122
89.7474057417221,316.874763058122
89.4435074975415,316.999763058122
89.1188170733516,317.124763058122
88.7746954558278,317.249763058122
88.4150844271778,317.374763058122
88.0421196551152,317.499763058122
87.6582099196439,317.624763058122
87.2652422804136,317.749763058122
86.8646949172594,317.874763058122
86.4588750854789,317.999763058122
86.049606150218,318.124763058122
85.6386896850584,318.249763058122
85.2290863375065,318.374763058121
84.824700018805,318.499763058121
84.4290747755812,318.624763058121
84.0474035882926,318.749763058121
83.6851373750083,318.874763058121
83.3468959122227,318.999763058121
83.0363245848735,319.124763058121
82.7572525141225,319.249763058121
82.5119123729307,319.374763058121
82.3017969380656,319.499763058121
82.1287329869348,319.624763058121
81.993772524651,319.749763058121
81.896285815868,319.874763058121
81.8361840368534,319.999763058121
81.811031381013,320.124763058121
81.8174631047749,320.249763058121
81.8509777090667,320.374763058121
81.9043794422988,320.49976305812
81.970414299802,320.62476305812
82.0424545377977,320.74976305812
82.1118559107011,320.87476305812
82.1658639655268,320.99976305812
82.1814661676054,321.12476305812
82.1258051484613,321.24976305812
81.9701553413359,321.37476305812
81.6969458226806,321.49976305812
81.2981779671617,321.62476305812
80.7703530470138,321.74976305812
80.1096681879113,321.87476305812
79.3110238965689,321.99976305812
78.3698874252448,322.12476305812
77.2926240317372,322.24976305812
76.0985376150238,322.37476305812
74.8081042299142,322.49976305812
73.4450178039006,322.62476305812
72.0555605787752,322.749763058119
70.6989018249547,322.874763058119
69.4250016807066,322.999763058119
68.2655967370212,323.124763058119
67.2376922421707,323.249763058119
66.3491399154365,323.374763058119
65.6040065208385,323.499763058119
65.0032361155743,323.624763058119
64.5425886674664,323.749763058119
64.211867572213,323.874763058119
63.9984430692073,323.999763058119
63.8892282069245,324.124763058119
63.8707460009458,324.249763058119
63.931871292113,324.374763058119
64.0648371952453,324.499763058119
64.2628843450509,324.624763058119
64.5193692595812,324.749763058119
64.8289623695704,324.874763058119
65.188536733801,324.999763058118
65.5955215666365,325.124763058118
66.0466435245706,325.249763058118
66.5381453399213,325.374763058118
67.0664506750226,325.499763058118
67.6272397558244,325.624763058118
68.2148509459478,325.749763058118
68.822931909258,325.874763058118
69.4462944507198,325.999763058118
70.0812522356637,326.124763058118
70.7243281810182,326.249763058118
71.372340285364,326.374763058118
72.0216538882089,326.499763058118
72.6680068074163,326.624763058118
73.307126507133,326.749763058118
73.9356897673328,326.874763058118
74.5504182671979,326.999763058118
75.1471511935496,327.124763058117
75.7204591149416,327.249763058117
76.2675964985731,327.374763058117
76.785494994876,327.499763058117
77.2707064459335,327.624763058117
77.7195065792214,327.749763058117
78.1272316005978,327.874763058117
78.4881867547061,327.999763058117
78.8006109997466,328.124763058117
79.068351144333,328.249763058117
79.2976374257998,328.374763058117
79.4946930976653,328.499763058117
79.6653844374663,328.624763058117
79.8146436933836,328.749763058117
79.9458720840484,328.874763058117
80.0617462784119,328.999763058117
80.1644850373549,329.124763058117
80.2565735094051,329.249763058117
80.3403285900502,329.374763058116
80.4175856691504,329.499763058116
80.4892469663343,329.624763058116
80.5540817397513,329.749763058116
80.610117213846,329.874763058116
80.6563713652755,329.999763058116
80.6931386051467,330.124763058116
80.722916463993,330.249763058116
80.7520382711136,330.374763058116
80.788907412058,330.499763058116
80.8402087523885,330.624763058116
80.9099967473387,330.749763058116
81.0008535496996,330.874763058116
81.1138938010236,330.999763058116
81.2480832208589,331.124763058116
81.4013571421744,331.249763058116
81.5716330284969,331.374763058116
81.7566062798819,331.499763058115
81.9528870500829,331.624763058115
82.1565773599282,331.749763058115
82.3643071139372,331.874763058115
82.5735997313665,331.999763058115
82.7823682419872,332.124763058115
82.9883097998582,332.249763058115
83.1886090229793,332.374763058115
83.3811101091689,332.499763058115
83.5646359943257,332.624763058115
83.7380646797148,332.749763058115
83.9001428845924,332.874763058115
84.050370192395,332.999763058115
84.1887357035235,333.124763058115
84.3148909236914,333.249763058115
84.4282187586346,333.374763058115
84.528329610612,333.499763058115
84.6152620226917,333.624763058115
84.6894948697642,333.749763058114
84.7517868101504,333.874763058114
84.8031653138002,333.999763058114
84.8447919519149,334.124763058114
84.8779560139634,334.249763058114
84.903838791226,334.374763058114
84.9230068443498,334.499763058114
84.9351849955999,334.624763058114
84.9398811566087,334.749763058114
84.9364505361698,334.874763058114
84.9237537194123,334.999763058114
84.8991695091427,335.124763058114
84.8608106896224,335.249763058114
84.8071240481031,335.374763058114
84.7354258379345,335.499763058114
84.6438032573049,335.624763058114
84.5320878731034,335.749763058114
84.398780522143,335.874763058114
84.2404206017847,335.999763058113
84.0550157390161,336.124763058113
83.8424251766081,336.249763058113
83.6002293811389,336.374763058113
83.3247918797168,336.499763058113
83.0150887766139,336.624763058113
82.6695821438571,336.749763058113
82.282799061851,336.874763058113
81.8489631316848,336.999763058113
81.3644515121086,337.124763058113
80.8266346438074,337.249763058113
80.2335994397001,337.374763058113
79.5867356375653,337.499763058113
78.8898190167633,337.624763058113
78.1458499156399,337.749763058113
77.3591097834465,337.874763058113
76.5363427234249,337.999763058113
75.6838435323893,338.124763058112
74.8089494265072,338.249763058112
73.9193653620784,338.374763058112
73.0196456030135,338.499763058112
72.114909242516,338.624763058112
71.2125887146811,338.749763058112
70.3200046777935,338.874763058112
69.4422637029447,338.999763058112
68.5828911176845,339.124763058112
67.7466812722482,339.249763058112
66.9391249071491,339.374763058112
66.1629009438342,339.499763058112
65.4206701971993,339.624763058112
64.7128986468056,339.749763058112
64.0401503248519,339.874763058112
63.4027226128465,339.999763058112
62.7979573047289,340.124763058112
62.2244209809781,340.249763058112
61.6797423880369,340.374763058111
61.1620658990575,340.499763058111
60.6711717510091,340.624763058111
60.204395736302,340.749763058111
59.7586337171422,340.874763058111
59.3292198540028,340.999763058111
58.9106950253766,341.124763058111
58.4975363348388,341.249763058111
58.0817865819697,341.374763058111
57.6568711011254,341.499763058111
57.2165782946095,341.624763058111
56.7594791727534,341.749763058111
56.2882030307883,341.874763058111
55.8077543152269,341.999763058111
55.3249717491927,342.124763058111
54.8479117580309,342.249763058111
54.3885411642184,342.374763058111
53.9607640952069,342.49976305811
53.578645064345,342.62476305811
53.2558196071972,342.74976305811
53.0046877600438,342.87476305811
52.836483281706,342.99976305811
52.7610349095723,343.12476305811
52.7867254306916,343.24976305811
52.9187769317853,343.37476305811
53.1592934462838,343.49976305811
53.5065982439578,343.62476305811
53.9547549469756,343.74976305811
54.4945089392667,343.87476305811
55.1139199115776,343.99976305811
55.7993380678841,344.12476305811
56.537233493168,344.24976305811
57.3163909812684,344.37476305811
58.1278892972787,344.49976305811
58.9651191668833,344.62476305811
59.824455633192,344.749763058109
60.7040357671692,344.874763058109
61.6024859901369,344.999763058109
62.5183082139681,345.124763058109
63.4501903437336,345.249763058109
64.3969715032472,345.374763058109
65.3554688122096,345.499763058109
66.3188094615972,345.624763058109
67.2773168342018,345.749763058109
68.227883628249,345.874763058109
69.175096942143,345.999763058109
70.1260521561962,346.124763058109
71.0854603176133,346.249763058109
72.0555259305823,346.374763058109
73.0370768232342,346.499763058109
74.0301576217171,346.624763058109
75.0340400079766,346.749763058109
76.0475031206342,346.874763058108
77.0689951712132,346.999763058108
78.0967919278424,347.124763058108
79.1291593317096,347.249763058108
80.1644781143436,347.374763058108
81.2013640522686,347.499763058108
82.2385733501534,347.624763058108
83.2748204043412,347.749763058108
84.3086054276266,347.874763058108
85.3383873684938,347.999763058108
86.3628042185719,348.124763058108
87.3806917197808,348.249763058108
88.3912394870711,348.374763058108
89.3938606163289,348.499763058108
90.3885064990805,348.624763058108
91.3753141063001,348.749763058108
92.3541330751216,348.874763058108
93.3242567126364,348.999763058108
94.2846802095611,349.124763058107
95.2333879690461,349.249763058107
96.1666171920977,349.374763058107
97.0788343386206,349.499763058107
97.9637463349744,349.624763058107
98.8156945797464,349.749763058107
99.6307280921747,349.874763058107
100.4053910468,349.999763058107
101.136059934855,350.124763058107
101.818875716168,350.249763058107
102.449922956015,350.374763058107
103.025434609508,350.499763058107
103.54130480931,350.624763058107
103.993334253025,350.749763058107
104.378244644225,350.874763058107
104.689395541532,350.999763058107
104.916473408415,351.124763058107
105.055069723662,351.249763058107
105.111683176467,351.374763058106
105.09614996207,351.499763058106
105.018522143591,351.624763058106
104.8874244877,351.749763058106
104.711290330345,351.874763058106
104.497807097125,351.999763058106
104.255127333344,352.124763058106
103.990745776024,352.249763058106
103.709168746326,352.374763058106
103.412024718083,352.499763058106
103.100059160913,352.624763058106
102.77510711105,352.749763058106
102.439664305726,352.874763058106
102.096554609377,352.999763058106
101.74638950663,353.124763058106
101.388358178814,353.249763058106
101.019027672627,353.374763058106
100.633140394101,353.499763058105
100.225396830807,353.624763058105
99.7903540340813,353.749763058105
99.3202705733411,353.874763058105
98.8087428923735,353.999763058105
98.2528057565929,354.124763058105
97.6505541638188,354.249763058105
96.9984515201396,354.374763058105
96.2961734035848,354.499763058105
95.5415382507564,354.624763058105
94.7190910491317,354.749763058105
93.810221479761,354.874763058105
92.8037595459302,354.999763058105
91.6864467397261,355.124763058105
90.4491532972493,355.249763058105
89.0861181990947,355.374763058105
87.5924504286038,355.499763058105
85.9645702395665,355.624763058105
84.1928232861167,355.749763058104
82.2649489605104,355.874763058104
80.185467162075,355.999763058104
77.9829263392384,356.124763058104
75.6975583637769,356.249763058104
73.3775410837071,356.374763058104
71.0715286423413,356.499763058104
68.8224723678085,356.624763058104
66.6672917003429,356.749763058104
64.6346047596368,356.874763058104
62.7475046592924,356.999763058104
61.0251771769211,357.124763058104
59.4802810745175,357.249763058104
58.1193965443433,357.374763058104
56.9461996120817,357.499763058104
55.959294995109,357.624763058104
55.1496088178243,357.749763058104
54.5049779806672,357.874763058103
54.013054169028,357.999763058103
53.6618874558199,358.124763058103
53.4403699459048,358.249763058103
53.3388109424082,358.374763058103
53.3495884411905,358.499763058103
53.4677552162379,358.624763058103
53.6893765552831,358.749763058103
54.0106096334726,358.874763058103
54.4269673064289,358.999763058103
54.9336391631112,359.124763058103
55.5252590519312,359.249763058103
56.1957573698426,359.374763058103
56.9386293578473,359.499763058103
57.746968350791,359.624763058103
58.6137072162295,359.749763058103
59.5313297929242,359.874763058103
60.4925452300833,359.999763058103
61.4906913590548,360.124763058102
62.5202911774242,360.249763058102
63.5769502119134,360.374763058102
64.6571669022065,360.499763058102
65.7581953217345,360.624763058102
66.877538264209,360.749763058102
68.0131694394928,360.874763058102
69.1630671297068,360.999763058102
70.3252119479623,361.124763058102
71.4973698548887,361.249763058102
72.676502145116,361.374763058102
73.8584569843387,361.499763058102
75.0379816347054,361.624763058102
76.2097955719181,361.749763058102
77.3696552074864,361.874763058102
78.5147227444117,361.999763058102
79.6425677507644,362.124763058102
80.7513990168622,362.249763058102
81.8392966495047,362.374763058101
82.9044216292936,362.499763058101
83.9451793170481,362.624763058101
84.9608518715396,362.749763058101
85.950767100265,362.874763058101
86.9142583259679,362.999763058101
87.8512372991739,363.124763058101
88.7629518752902,363.249763058101
89.651857054328,363.374763058101
90.5202913539304,363.499763058101
91.3669483393281,363.624763058101
92.1869955116577,363.749763058101
92.9727450855305,363.874763058101
93.715708759016,363.999763058101
94.4110591777911,364.124763058101
95.0546224917798,364.249763058101
95.6416284941476,364.374763058101
96.1646824526308,364.4997630581
96.6221693266495,364.6247630581
97.011071627094,364.7497630581
97.3277829367043,364.8747630581
97.5685063791522,364.9997630581
97.7267771844094,365.1247630581
97.7933213584973,365.2497630581
97.7675931823053,365.3747630581
97.6604227475498,365.4997630581
97.4860304087808,365.6247630581
97.2571133607036,365.7497630581
96.982735494573,365.8747630581
96.6696556456166,365.9997630581
96.3227855902127,366.1247630581
95.9466748397035,366.2497630581
95.5455242703479,366.3747630581
95.1242245988886,366.4997630581
94.6870757147362,366.6247630581
94.2379902195238,366.749763058099
93.7806057404432,366.874763058099
93.3186347216716,366.999763058099
92.856899729675,367.124763058099
92.3964728075659,367.249763058099
91.9386180497462,367.374763058099
91.4829228594821,367.499763058099
91.0295164809911,367.624763058099
90.577218659828,367.749763058099
90.1255684529774,367.874763058099
89.6728967036272,367.999763058099
89.2176368462891,368.124763058099
88.7577982918431,368.249763058099
88.2913935181346,368.374763058099
87.8168595229018,368.499763058099
87.3323748711885,368.624763058099
86.8359182953603,368.749763058099
86.3251675285585,368.874763058098
85.7987168186839,368.999763058098
85.2556900269928,369.124763058098
84.6957384905165,369.249763058098
84.1191722353941,369.374763058098
83.5261264016368,369.499763058098
82.9152849516299,369.624763058098
82.283349452101,369.749763058098
81.624833639804,369.874763058098
80.9330095219803,369.999763058098
80.2004280286098,370.124763058098
79.4191058547054,370.249763058098
78.5804894687423,370.374763058098
77.6755691172414,370.499763058098
76.6954898475907,370.624763058098
75.6323360146621,370.749763058098
74.4804805502016,370.874763058098
73.2373964502702,370.999763058098
71.9048431501918,371.124763058097
70.4886308733107,371.249763058097
68.9973735653908,371.374763058097
67.4456703592824,371.499763058097
65.8583548964127,371.624763058097
64.2671439580639,371.749763058097
62.7043189428925,371.874763058097
61.2005129249848,371.999763058097
59.7813854856198,372.124763058097
58.4675357234855,372.249763058097
57.27477737747,372.374763058097
56.213396332726,372.499763058097
55.2879620275001,372.624763058097
54.497850206658,372.749763058097
53.8382586179625,372.874763058097
53.3017495460508,372.999763058097
52.8800080580732,373.124763058097
52.5648635665771,373.249763058097
52.3487179619706,373.374763058096
52.2246615666568,373.499763058096
52.1861940758526,373.624763058096
52.226822359181,373.749763058096
52.3397395333129,373.874763058096
52.5184145106417,373.999763058096
52.7574685682478,374.124763058096
53.0527758539231,374.249763058096
53.4010625097995,374.374763058096
53.7995039020263,374.499763058096
54.2452767648101,374.624763058096
54.7353916619563,374.749763058096
55.2667960317755,374.874763058096
55.8364585635282,374.999763058096
56.4412784180322,375.124763058096
57.0779712105868,375.249763058096
57.7428433269811,375.374763058096
58.4317302185699,375.499763058095
59.1400629278344,375.624763058095
59.8631767053862,375.749763058095
60.5966083946947,375.874763058095
61.3361839840578,375.999763058095
62.078128733277,376.124763058095
62.8191666524719,376.249763058095
63.5564742654299,376.374763058095
64.2877209051895,376.499763058095
65.0110224428987,376.624763058095
65.7250733275217,376.749763058095
66.4289867825759,376.874763058095
67.1220536361445,376.999763058095
67.8037766989387,377.124763058095
68.4736543128523,377.249763058095
69.1309189052794,377.374763058095
69.774371578004,377.499763058095
70.4024096998309,377.624763058095
71.0132533902709,377.749763058094
71.6048541834236,377.874763058094
72.1747669219618,377.999763058094
72.7235646926224,378.124763058094
73.2494840520795,378.249763058094
73.7523437041693,378.374763058094
74.2343005857048,378.499763058094
74.6948274360467,378.624763058094
75.1336101249111,378.749763058094
75.5515353614975,378.874763058094
75.9495929538378,378.999763058094
76.3286727445227,379.124763058094
76.690122222752,379.249763058094
77.0375055939949,379.374763058094
77.3774694956997,379.499763058094
77.7176408951858,379.624763058094
78.0637515727466,379.749763058094
78.4204467922876,379.874763058093
78.7901284346302,379.999763058093
79.1734164718475,380.124763058093
79.5705338396174,380.249763058093
79.9813453765396,380.374763058093
80.4045370397515,380.499763058093
80.838286632525,380.624763058093
81.2811083185093,380.749763058093
81.7317689263321,380.874763058093
82.1893573996725,380.999763058093
82.6526726712938,381.124763058093
83.1200538485932,381.249763058093
83.5894145919266,381.374763058093
84.0581831093716,381.499763058093
84.5237516723458,381.624763058093
84.9840154663611,381.749763058093
85.4373447217964,381.874763058093
85.882374522229,381.999763058093
86.3177172579732,382.124763058092
86.7419810746591,382.249763058092
87.1538212909813,382.374763058092
87.5516860486582,382.499763058092
87.9340375557967,382.624763058092
88.2994973164686,382.749763058092
88.6466289150277,382.874763058092
88.9733415439403,382.999763058092
89.2772290468847,383.124763058092
89.5579794487039,383.249763058092
89.8181818148923,383.374763058092
90.0616500322841,383.499763058092
90.2924169749501,383.624763058092
90.514027382879,383.749763058092
90.7295447441501,383.874763058092
90.9414243853061,383.999763058092
91.1518606371589,384.124763058092
91.3620202079498,384.249763058092
91.5728266510538,384.374763058091
91.7848407035293,384.499763058091
91.9972981197257,384.624763058091
92.2088862734104,384.749763058091
92.4161729531224,384.874763058091
92.6148233465942,384.999763058091
92.7991540182942,385.124763058091
92.9631729493891,385.249763058091
93.0995040840904,385.374763058091
93.1996010556539,385.499763058091
93.2551023488859,385.624763058091
93.2567566205843,385.749763058091
93.1970541060412,385.874763058091
93.072651141206,385.999763058091
92.8845913379607,386.124763058091
92.6360593650346,386.249763058091
92.3289692935739,386.374763058091
91.9653155474342,386.49976305809
91.5462204439528,386.62476305809
91.072859950843,386.74976305809
90.5466218231261,386.87476305809
89.9686967321423,386.99976305809
89.3403202358791,387.12476305809
88.663676973957,387.24976305809
87.941560629331,387.37476305809
87.1779088442993,387.49976305809
86.378532748717,387.62476305809
85.5475224356592,387.74976305809
84.6894386210843,387.87476305809
83.8079325516729,387.99976305809
82.9073292401595,388.12476305809
81.9909796256087,388.24976305809
81.0615751441484,388.37476305809
80.1226787918268,388.49976305809
79.1730396405203,388.62476305809
78.2138297613666,388.749763058089
77.2478109414585,388.874763058089
76.2761783963689,388.999763058089
75.3043102743444,389.124763058089
74.3348956377936,389.249763058089
73.3691368337999,389.374763058089
72.4110721323893,389.499763058089
71.4616185034138,389.624763058089
70.5231029486205,389.749763058089
69.6019342209632,389.874763058089
68.7028690189616,389.999763058089
67.8315526418384,390.124763058089
66.9945203563699,390.249763058089
66.1946628765458,390.374763058089
65.43418457171,390.499763058089
64.7167227835883,390.624763058089
64.0456866058373,390.749763058089
63.4244192028763,390.874763058088
62.8572970482472,390.999763058088
62.348155453089,391.124763058088
61.9020399071194,391.249763058088
61.5236674072571,391.374763058088
61.2164938208872,391.499763058088
60.9836216896807,391.624763058088
60.827530165221,391.749763058088
60.7496474470048,391.874763058088
60.7508935108142,391.999763058088
60.831057028071,392.124763058088
60.9889307675878,392.249763058088
61.2232299609239,392.374763058088
61.5318927899257,392.499763058088
61.912475048172,392.624763058088
62.3625984668277,392.749763058088
62.8795973549827,392.874763058088
63.4604604071611,392.999763058088
64.101842435185,393.124763058087
64.8002122036839,393.249763058087
65.5519843632286,393.374763058087
66.3535149181455,393.499763058087
67.2014084873719,393.624763058087
68.0923672445868,393.749763058087
69.0229178284611,393.874763058087
69.9894362505839,393.999763058087
70.988314858829,394.124763058087
72.016020528663,394.249763058087
73.0688527070318,394.374763058087
74.1426566378521,394.499763058087
75.2330268213793,394.624763058087
76.335441304946,394.749763058087
77.445623968422,394.874763058087
78.5595753876321,394.999763058087
79.6734591220665,395.124763058087
80.7836043999645,395.249763058087
81.8864676403058,395.374763058086
82.978673802834,395.499763058086
84.0571314124809,395.624763058086
85.1189985747326,395.749763058086
86.1615886020924,395.874763058086
87.1823594643457,395.999763058086
88.1786010409707,396.124763058086
89.1471522208949,396.249763058086
90.0840185582805,396.374763058086
90.9841237366282,396.499763058086
91.8422195933049,396.624763058086
92.6537918227007,396.749763058086
93.4151512695158,396.874763058086
94.1235803290312,396.999763058086
94.7768218476867,397.124763058086
95.3727300936403,397.249763058086
95.9092382010791,397.374763058086
96.3840566304415,397.499763058085
96.7955583477141,397.624763058085
97.1426358363083,397.749763058085
97.4244422085907,397.874763058085
97.6400765740963,397.999763058085
97.7888278334641,398.124763058085
97.8711154290434,398.249763058085
97.8906346760534,398.374763058085
97.8543618595518,398.499763058085
97.7705910269482,398.624763058085
97.6470690403709,398.749763058085
97.4912044953272,398.874763058085
97.3095281859264,398.999763058085
97.1068235079073,399.124763058085
96.8866030682585,399.249763058085
96.651735575113,399.374763058085
96.4037832960559,399.499763058085
96.1437643850382,399.624763058085
95.871938145457,399.749763058084
95.5888604543122,399.874763058084
95.2952441747821,399.999763058084
