0,0
0,0.0307377049180251
0,0.0614753966700893
9.39213313871234e-29,0.0922130864013199
-1.32752155376828e-21,0.122950768989321
6.46051858565019e-21,0.153688444223957
-5.88478854540942e-20,0.18442611232773
-2.1325125501311e-19,0.21516377427933
1.16510413110008e-18,0.245901430809897
6.82254875640187e-18,0.276639082404833
6.17067224866486e-18,0.307376725286246
-4.79099574332815e-17,0.338114366422732
-2.05457231047338e-16,0.368852005947696
-3.31195880531817e-16,0.399589629514367
1.79879125100022e-16,0.430327233003317
2.33103793093569e-15,0.461064840767789
6.33501869819598e-15,0.49180245963068
9.00871583403235e-15,0.522540055366351
1.22736201643343e-15,0.553277648495337
-3.05397564587406e-14,0.584015252653929
-9.3416304807471e-14,0.614752852611072
-1.66173401019715e-13,0.645490447253274
-1.7411199192325e-13,0.676228044631596
1.71646207890628e-14,0.70696563847534
5.56809252434976e-13,0.737703235178155
1.48678560204633e-12,0.768440824536804
2.55156770897607e-12,0.799178401456633
3.01131796294761e-12,0.829915964770213
1.60353973364793e-12,0.860653525593512
-3.1590611465119e-12,0.8913911079584
-1.22071124352592e-11,0.922128680427799
-2.46678323289958e-11,0.952866236555812
-3.64642646597386e-11,0.983603788256145
-3.94264021219759e-11,1.01434135052395
-2.18555782827772e-11,1.0450789022135
2.85128619751274e-11,1.07581644013759
1.1865517122323e-10,1.10655398353785
2.42015747476798e-10,1.13729153506619
3.69822251792356e-10,1.16802907485224
4.45462471519195e-10,1.1987666158953
3.86529849830474e-10,1.22950417241549
9.91031356742999e-11,1.26024175262628
-4.92981225415133e-10,1.2909793596335
-1.40498032348369e-09,1.32171697366454
-2.54100167423186e-09,1.35245459380975
-3.64991377735611e-09,1.3831922219764
-4.30620680447097e-09,1.41392984443305
-3.93701623782318e-09,1.44466746904758
-1.913615325843e-09,1.47540509300479
2.28417897104341e-09,1.5061427135745
8.83932024956678e-09,1.53688033169897
1.73359153439737e-08,1.56761795161413
2.65206503368598e-08,1.59835557533728
3.41641159340215e-08,1.62909319178004
3.71090800283587e-08,1.65983080829015
3.15856572550706e-08,1.69056842549513
1.3843688144052e-08,1.72130604362366
-1.89010562030993e-08,1.75204365644555
-6.72846331972404e-08,1.78278127192604
-1.28540870392865e-07,1.81351888844106
-1.95423557951197e-07,1.84425650199638
-2.55615842986277e-07,1.87499411222671
-2.91959856009179e-07,1.90573172453253
-2.83803066325995e-07,1.93646934218313
-2.09650499747898e-07,1.96720695183652
-5.11323045699023e-08,1.99794456020673
2.01944762427914e-07,2.02868217057343
5.45971516446043e-07,2.05941978321848
9.58123431990573e-07,2.09015738888115
1.3921760867486e-06,2.12089499513656
1.77669647827406e-06,2.15163260424223
2.0167396358915e-06,2.18237020212275
1.99997304277267e-06,2.21310778860072
1.60774177800515e-06,2.24384536668426
7.30978269102316e-07,2.27458293876796
-7.09895350428066e-07,2.30532050700422
-2.74275484078323e-06,2.33605807308591
-5.32174924332447e-06,2.36679563831183
-8.30866197733608e-06,2.39753320352733
-1.14613454054275e-05,2.42827076918243
-1.44330989932568e-05,2.45900833561708
-1.67866573975278e-05,2.48974590325704
-1.80257955190282e-05,2.52048347253514
-1.7646319511567e-05,2.55122104393455
-1.52063658565029e-05,2.58195861801161
-1.04137722231477e-05,2.61269619190299
-3.22617460606817e-06,2.64343376165273
6.04294015651337e-06,2.67417132676508
1.66225663182465e-05,2.7049088876597
2.71979075992784e-05,2.7356464459733
3.58346943260913e-05,2.76638399976684
3.98763237405097e-05,2.79712154939106
3.57604460065078e-05,2.82785909757306
1.87224067235008e-05,2.85859654996134
-1.76129239626464e-05,2.889334085802
-8.17322525072429e-05,2.92007161755591
-0.000184809659405415,2.95080914765947
-0.000341322848749263,2.98154658390259
-0.000569629747593464,3.01228408716279
-0.000892532614319691,3.0430215992344
-0.00133809327543084,3.07375907713471
-0.00194098022211275,3.10449655580151
-0.00274439717169008,3.13523392911713
-0.00380247780844398,3.16597131876567
-0.00518310181475951,3.19670872694422
-0.00697108741837754,3.22744612945809
-0.00927175168832363,3.25818349620561
-0.0122150742172931,3.28892070016753
-0.0159606717325758,3.3196580415203
-0.0207039812775862,3.35039536741939
-0.0266831021976477,3.38113276322501
-0.0341863727535245,3.41187010604703
-0.0435615298878748,3.44260733381778
-0.0552265085866024,3.47334452610783
-0.0696786940539536,3.50408169333461
-0.0874971517660796,3.53481904117423
-0.109338040518178,3.56555610702591
-0.135922451682722,3.5962932182643
-0.168021835570196,3.62703029806905
-0.206441451084226,3.65776740224324
-0.252004039672363,3.68850442374469
-0.30553191939177,3.71924148009763
-0.367828514204572,3.74997853023651
-0.439658665320229,3.78071554709365
-0.521726468183533,3.81145269904651
-0.614659670469354,3.84218968313166
-0.718996160682585,3.87292667591259
-0.835180741496726,3.90366365692843
-0.963568250843881,3.93440065376496
-1.10443188613277,3.96513764736302
-1.25797409025158,3.99587457958889
-1.42433707574266,4.02661144967015
-1.60361212550411,4.05734828949386
-1.79584694222929,4.08808513058158
-2.00105289619123,4.1188219140814
-2.21921001473453,4.14955862841086
-2.45027098722946,4.18029526982563
-2.6941642299285,4.21103183249499
-2.95079581480566,4.24176831327646
-3.22005030163233,4.27250470728399
-3.50179043942676,4.30324101100595
-3.79585630933581,4.33397722140708
-4.10206504892821,4.36471333590112
-4.42021227908975,4.39544935254836
-4.75007629589376,4.4261852549214
-5.09142345612539,4.45692103792508
-5.44401365038013,4.48765669847382
-5.80760471865074,4.51839223489381
-6.1819553739024,4.5491276473973
-6.56682702370411,4.57986291702877
-6.96198225908112,4.61059803320448
-7.36717981479127,4.64133299599583
-7.78216913579285,4.67206780789364
-8.2066863812281,4.70280246265161
-8.64045082431044,4.73353692921469
-9.08316255183527,4.76427120863544
-9.5345084747167,4.79500530287386
-9.99417421634631,4.82573921306867
-10.4618562270749,4.85647289494262
-10.9372630663711,4.88720633921324
-11.4201081898599,4.91793953705631
-11.9101006207369,4.94867246965057
-12.4069313751905,4.97940510045823
-12.9102399011736,5.01013735037062
-13.4195480482466,5.04086903152718
-13.9341797829735,5.07160002264618
-14.4532196783088,5.10233023150856
-14.9755130553295,5.13305962751454
-15.4996752820427,5.16378828626098
-16.0241254329679,5.1945159966208
-16.5471116495449,5.2252428414313
-17.0667298867081,5.25596903039907
-17.5809685039049,5.28669425097727
-18.0876869869828,5.31741874539244
-18.5845236690829,5.34814255250707
-19.0689644641335,5.37886549465145
-19.5387394782562,5.40958789867438
-19.9921717902268,5.44030935356467
-20.428216665282,5.47102993564981
-20.8463729126512,5.50174978828409
-21.2465924479751,5.5324684302801
-21.6291561487395,5.5631861644411
-21.9945763856609,5.59390298164196
-22.3435249943985,5.62461852342046
-22.6767499256971,5.65533317777467
-22.9950266388708,5.68604698743745
-23.2991296435386,5.7167599492749
-23.589817378078,5.74747261502967
-23.8678264136722,5.77818588477527
-24.1338718511534,5.8088996340359
-24.3886518471037,5.83961292299944
-24.6328154534733,5.87032659803224
-24.8669558458885,5.90104172007086
-25.0916209080524,5.9317594294328
-25.3073041963892,5.96248096532209
-25.5144500891058,5.99320770263626
-25.7134250250077,6.02394113771899
-25.9045508476309,6.05467775407956
-26.0881250243621,6.08541432978351
-26.2644043152317,6.11615089940545
-26.4336069691996,6.1468874938758
-26.595925499744,6.17762398780682
-26.7515360898318,6.20836042714894
-26.9005987911974,6.23909685216635
-27.043254955744,6.26983329234371
-27.1796350546448,6.30056976794027
-27.3098705061367,6.33130629584838
-27.4341039590821,6.36204250362467
-27.5524918877927,6.392778421233
-27.6652061401503,6.42351414862664
-27.7724331970815,6.45424978790426
-27.8743711425483,6.48498539497959
-27.971224607187,6.51572099797589
-28.0632002336827,6.54645661107434
-28.1505026824196,6.57719224862455
-28.2333300915556,6.60792794091329
-28.3118700900186,6.63866372843395
-28.3862980328654,6.6693995439072
-28.4567769066992,6.70013529487425
-28.5234576677022,6.73087103371007
-28.5864809093124,6.76160680178239
-28.6459791130878,6.79234263095304
-28.7020791447727,6.82307854434847
-28.7549046709543,6.85381455563834
-28.8045782333819,6.8845506692089
-28.851222783114,6.91528688239016
-28.894962674418,6.9460231663786
-28.9359242633779,6.97675946026187
-28.974235807125,7.00749577584043
-29.0100271823493,7.03823212056527
-29.0434294049903,7.06896849862513
-29.0745740149153,7.09970491203598
-29.1035923477966,7.13044136153432
-29.1306146950391,7.16117784721261
-29.1557693566672,7.19191436891994
-29.1791816158741,7.2226509264805
-29.2009726935763,7.25338751978261
-29.2212587602767,7.28412414878213
-29.2401500811605,7.31486081345504
-29.2577503523767,7.34559751372674
-29.2741562626708,7.37633424939913
-29.2894572914015,7.40707102009156
-29.3037357324481,7.43780782520497
-29.3170669141802,7.46854466391375
-29.3295195715787,7.49928153518398
-29.3411563207573,7.53001843781342
-29.3520341888269,7.56075537048611
-29.3622051610562,7.5914923318336
-29.371716719038,7.62222932049583
-29.3806123541898,7.65296633517545
-29.3889320479446,7.6837033746817
-29.3967127132277,7.71444043796144
-29.4039885926155,7.74517752411665
-29.4107916085976,7.77591463240895
-29.4171516620123,7.80665176225299
-29.4230968765638,7.83738891320076
-29.4286537899568,7.86812608491978
-29.4338474948401,7.89886327716793
-29.4387017350968,7.92960048976745
-29.4432389650418,7.96033772258061
-29.4474803811724,7.99107497425421
-29.45144593971,8.0218122384834
-29.4551543652883,8.0525495152405
-29.4586231674922,8.08328679655608
-29.4618686630963,8.11402408573515
-29.4649060119882,8.14476138569266
-29.4677492651804,8.17549869587819
-29.4704114266116,8.20623600436569
-29.4729045186315,8.23697331555584
-29.4752396543418,8.26771063293178
-29.4774271118828,8.29844795906554
-29.4794764084799,8.32918529291816
-29.4813963717944,8.35992263054287
-29.4831952062573,8.39065996843299
-29.4848805537406,8.42139730288177
-29.4864595464359,8.45213463736975
-29.487938853138,8.4828719746324
-29.4893247187282,8.51360931676592
-29.4906229975934,8.544346665345
-29.4918391819331,8.5750840215372
-29.4929784259402,8.60582138620404
-29.494045566752,8.63655875998351
-29.4950451429235,8.6672961433527
-29.4959814109831,8.69803353667189
-29.4968583606709,8.72877093836239
-29.4976797293546,8.75950834465115
-29.4984490154593,8.79024575581319
-29.4991694916331,8.82098317199998
-29.4998442175266,8.85172059449409
-29.5004760526974,8.88245802053864
-29.5010676691541,8.91319544929314
-29.5016215641042,8.94393287539087
-29.5021400722444,8.97467029830839
-29.5026253777595,9.00540771950565
-29.5030795259611,9.03614513953744
-29.503504434286,9.06688256016448
-29.5039019025728,9.09761998327628
-29.504273622609,9.12835740822088
-29.5046211867325,9.15909483540947
-29.5049460954081,9.18983226646361
-29.5052497641084,9.22056969557843
-29.505533529036,9.2513071239736
-29.5057986520999,9.28204455262714
-29.5060463251383,9.31278198325946
-29.5062776735488,9.34351941720898
-29.5064937594363,9.37425685580656
-29.5066955844294,9.40499429949469
-29.5068840922509,9.43573174865828
-29.5070601711245,9.46646920380392
-29.5072246560733,9.49720666533326
-29.5073783311318,9.52794413355487
-29.5075219314832,9.55868160869453
-29.5076561455193,9.58941909090465
-29.5077816168251,9.62015658027305
-29.5078989460888,9.65089407683146
-29.5080086929497,9.68163158056371
-29.5081113777984,9.71236909141374
-29.5082074835498,9.74310660929326
-29.5082974574109,9.77384413408889
-29.508381712659,9.80458166509092
-29.5084606304904,9.83531919751085
-29.5085345618722,9.86605673221988
-29.5086038294672,9.89679426995474
-29.508668729612,9.92753181132996
-29.508729534341,9.95826935684937
-29.5087864934414,9.98900690691687
-29.5088398365192,10.0197444618468
-29.5088897750512,10.050482021874
-29.5089365043943,10.0812195871633
-29.5089802057212,10.1119571578194
-29.5090210478524,10.1426947338959
-29.5090591889546,10.1734323154037
-29.5090947780805,10.2041699023197
-29.5091279565282,10.234907494593
-29.5091588590054,10.265645092152
-29.5091876145906,10.2963826949082
-29.5092143474884,10.3271203027609
-29.5092391775876,10.3578579155993
-29.5092622208301,10.3885955333043
-29.5092835894129,10.4193331557497
-29.5093033918407,10.4500707828019
-29.5093217328588,10.4808084143205
-29.50933871329,10.5115460501577
-29.5093544298053,10.5422836901585
-29.5093689746564,10.5730213341603
-29.5093824353952,10.603758981994
-29.5093948946084,10.6344966320633
-29.5094064296855,10.6652342841156
-29.5094171126422,10.6959719382171
-29.5094270100162,10.7267095944076
-29.5094361828436,10.7574472542358
-29.5094446867289,10.7881849162337
-29.5094525720053,10.8189225803412
-29.5094598839858,10.8496602464923
-29.5094666632957,10.880397914617
-29.5094729462742,10.9111355846432
-29.5094787654277,10.9418732564984
-29.5094841499175,10.9726109301114
-29.5094891260586,11.0033486054131
-29.5094937178125,11.0340862823374
-29.5094979472514,11.0648239608224
-29.5095018349809,11.09556164081
-29.5095054005065,11.1262993222462
-29.5095086625349,11.1570370050808
-29.5095116392077,11.1877746892671
-29.5095143482644,11.2185123747607
-29.5095168071407,11.2492500615196
-29.5095190330071,11.2799877495026
-29.5095210427566,11.3107254386688
-29.5095228529535,11.3414631289772
-29.5095244797527,11.3722008203854
-29.5095259388017,11.4029385128495
-29.5095272451366,11.433676206324
-29.5095284130795,11.464413900761
-29.5095294561475,11.4951515961109
-29.5095303869775,11.5258892923221
-29.5095312172721,11.5566269893415
-29.5095319577675,11.5873646871152
-29.5095326182255,11.6181023855886
-29.5095332074472,11.6488400847073
-29.5095337333066,11.6795777844179
-29.5095342028002,11.7103154846681
-29.509534622111,11.7410531854076
-29.5095349966794,11.7717908865887
-29.5095353312806,11.8025285881663
-29.5095356301026,11.8332662900989
-29.5095358968226,11.864003992348
-29.5095361346788,11.8947416948788
-29.5095363465359,11.9254793976599
-29.5095365349436,11.9562171006634
-29.509536702186,11.9869548038646
-29.5095368503236,12.0176925072418
-29.5095369812267,12.0484302107762
-29.5095370966026,12.0791679144512
-29.5095371980152,12.1099056182527
-29.509537286901,12.1406433221681
-29.5095373645797,12.1713810261866
-29.5095374322627,12.2021187302986
-29.5095374910593,12.2328564344957
-29.5095375419817,12.2635941387701
-29.5095375859492,12.2943318431148
-29.5095376237926,12.3250695475236
-29.509537656259,12.3558072519904
-29.5095376840161,12.3865449564896
-29.5095377076578,12.4172826609985
-29.5095377277101,12.4480203655181
-29.5095377446363,12.4787580700493
-29.5095377588439,12.5094957745927
-29.5095377706896,12.5402334791488
-29.509537780486,12.570971183718
-29.5095377885061,12.6017088883004
-29.5095377949892,12.6324465928963
-29.5095378001447,12.6631842975058
-29.5095378041564,12.6939220021286
-29.5095378071859,12.7246597067648
-29.5095378093755,12.7553974114142
-29.5095378108507,12.7861351160766
-29.5095378117222,12.8168728207517
-29.5095378120875,12.8476105254391
-29.5095378120328,12.8783482301386
-29.5095378116335,12.9090859348498
-29.5095378109558,12.9398236395723
-29.5095378100575,12.9705613443056
-29.5095378089882,13.0012990490495
-29.5095378077911,13.0320367538035
-29.5095378065028,13.0627744585672
-29.5095378051543,13.0935121633402
-29.5095378037717,13.124249868122
-29.5095378023764,13.1549875729123
-29.5095378009862,13.1857252777107
-29.5095377996153,13.2164629825167
-29.509537798275,13.24720068733
-29.5095377969742,13.2779383921503
-29.5095377957197,13.3086760969772
-29.5095377945162,13.3394138018102
-29.5095377933673,13.3701515066492
-29.509537792275,13.4008892114936
-29.5095377912406,13.4316269163434
-29.5095377902644,13.462364621198
-29.5095377893459,13.4931023260573
-29.5095377884845,13.523840030921
-29.5095377876786,13.5545777357887
-29.5095377869267,13.5853154406603
-29.5095377862269,13.6160531455354
-29.5095377855772,13.6467908504139
-29.5095377849752,13.6775285552956
-29.5095377844188,13.7082662601801
-29.5095377839056,13.7390039650674
-29.5095377834333,13.7697416699573
-29.5095377829996,13.8004793748495
-29.5095377826021,13.8312170797439
-29.5095377822386,13.8619547846404
-29.5095377819069,13.8926924895387
-29.5095377816049,13.9234301944388
-29.5095377813304,13.9541678993406
-29.5095377810816,13.9849056042438
-29.5095377808565,14.0156433091484
-29.5095377806533,14.0463810140543
-29.5095377804703,14.0771187189614
-29.5095377803058,14.1078564238696
-29.5095377801583,14.1385941287788
-29.5095377800263,14.1693318336889
-29.5095377799084,14.2000695385999
-29.5095377798035,14.2308072435116
-29.5095377797103,14.261544948424
-29.5095377796277,14.2922826533371
-29.5095377795547,14.3230203582507
-29.5095377794904,14.3537580631649
-29.509537779434,14.3844957680796
-29.5095377793847,14.4152334729947
-29.5095377793417,14.4459711779102
-29.5095377793045,14.4767088828261
-29.5095377792725,14.5074465877423
-29.5095377792451,14.5381842926588
-29.5095377792219,14.5689219975753
-29.5095377792023,14.599659702492
-29.509537779186,14.6303974074089
-29.5095377791727,14.6611351123258
-29.5095377791619,14.6918728172427
-29.5095377791534,14.7226105221598
-29.5095377791469,14.753348227077
-29.5095377791422,14.7840859319942
-29.509537779139,14.8148236369115
-29.5095377791371,14.8455613418288
-29.5095377791363,14.8762990467462
-29.5095377791364,14.9070367516637
-29.5095377791374,14.9377744565812
-29.509537779139,14.9685121614987
-29.5095377791412,14.9992498664163
-29.5095377791439,15.0299875713339
-29.509537779147,15.0607252762516
-29.5095377791503,15.0914629811693
-29.5095377791539,15.122200686087
-29.5095377791577,15.1529383910047
-29.5095377791616,15.1836760959225
-29.5095377791656,15.2144138008402
-29.5095377791696,15.245151505758
-29.5095377791736,15.2758892106758
-29.5095377791776,15.3066269155937
-29.5095377791816,15.3373646205115
-29.5095377791855,15.3681023254294
-29.5095377791894,15.3988400303472
-29.5095377791931,15.4295777352651
-29.5095377791968,15.460315440183
-29.5095377792003,15.4910531451009
-29.5095377792037,15.5217908500188
-29.509537779207,15.5525285549367
-29.5095377792101,15.5832662598547
-29.5095377792131,15.6140039647726
-29.509537779216,15.6447416696906
-29.5095377792188,15.6754793746085
-29.5095377792214,15.7062170795265
-29.5095377792239,15.7369547844444
-29.5095377792262,15.7676924893624
-29.5095377792284,15.7984301942803
-29.5095377792305,15.8291678991983
-29.5095377792325,15.8599056041163
-29.5095377792344,15.8906433090343
-29.5095377792362,15.9213810139522
-29.5095377792378,15.9521187188702
-29.5095377792394,15.9828564237882
-29.5095377792409,16.0135941287062
-29.5095377792422,16.0443318336242
-29.5095377792435,16.0750695385422
-29.5095377792447,16.1058072434602
-29.5095377792458,16.1365449483781
-29.5095377792469,16.1672826532961
-29.5095377792478,16.1980203582141
-29.5095377792487,16.2287580631321
-29.5095377792496,16.2594957680501
-29.5095377792504,16.2902334729681
-29.5095377792511,16.3209711778861
-29.5095377792517,16.3517088828042
-29.5095377792523,16.3824465877222
-29.5095377792529,16.4131842926402
-29.5095377792534,16.4439219975582
-29.5095377792539,16.4746597024762
-29.5095377792544,16.5053974073942
-29.5095377792548,16.5361351123122
-29.5095377792551,16.5668728172302
-29.5095377792555,16.5976105221482
-29.5095377792558,16.6283482270663
-29.5095377792561,16.6590859319843
-29.5095377792563,16.6898236369023
-29.5095377792566,16.7205613418203
-29.5095377792568,16.7512990467383
-29.509537779257,16.7820367516563
-29.5095377792571,16.8127744565744
-29.5095377792573,16.8435121614924
-29.5095377792574,16.8742498664104
-29.5095377792576,16.9049875713284
-29.5095377792577,16.9357252762464
-29.5095377792578,16.9664629811645
-29.5095377792579,16.9972006860825
-29.509537779258,17.0279383910005
-29.509537779258,17.0586760959185
-29.5095377792581,17.0894138008366
-29.5095377792581,17.1201515057546
-29.5095377792582,17.1508892106726
-29.5095377792582,17.1816269155906
-29.5095377792583,17.2123646205087
-29.5095377792583,17.2431023254267
-29.5095377792583,17.2738400303447
-29.5095377792583,17.3045777352627
-29.5095377792584,17.3353154401808
-29.5095377792584,17.3660531450988
-29.5095377792584,17.3967908500168
-29.5095377792584,17.4275285549348
-29.5095377792584,17.4582662598528
-29.5095377792584,17.4890039647709
-29.5095377792584,17.5197416696889
-29.5095377792584,17.5504793746069
-29.5095377792584,17.5812170795249
-29.5095377792584,17.611954784443
-29.5095377792584,17.642692489361
-29.5095377792584,17.673430194279
-29.5095377792584,17.704167899197
-29.5095377792584,17.7349056041151
-29.5095377792584,17.7656433090331
-29.5095377792583,17.7963810139511
-29.5095377792583,17.8271187188691
-29.5095377792583,17.8578564237872
-29.5095377792583,17.8885941287052
-29.5095377792583,17.9193318336232
-29.5095377792583,17.9500695385412
-29.5095377792583,17.9808072434593
-29.5095377792583,18.0115449483773
-29.5095377792583,18.0422826532953
-29.5095377792583,18.0730203582133
-29.5095377792583,18.1037580631314
-29.5095377792583,18.1344957680494
-29.5095377792583,18.1652334729674
-29.5095377792583,18.1959711778854
-29.5095377792582,18.2267088828035
-29.5095377792582,18.2574465877215
-29.5095377792582,18.2881842926395
-29.5095377792582,18.3189219975575
-29.5095377792582,18.3496597024756
-29.5095377792582,18.3803974073936
-29.5095377792582,18.4111351123116
-29.5095377792582,18.4418728172296
-29.5095377792582,18.4726105221477
-29.5095377792582,18.5033482270657
-29.5095377792582,18.5340859319837
-29.5095377792582,18.5648236369017
-29.5095377792582,18.5955613418198
-29.5095377792582,18.6262990467378
-29.5095377792582,18.6570367516558
-29.5095377792582,18.6877744565738
-29.5095377792582,18.7185121614919
-29.5095377792582,18.7492498664099
-29.5095377792582,18.7799875713279
-29.5095377792581,18.8107252762459
-29.5095377792581,18.841462981164
-29.5095377792581,18.872200686082
-29.5095377792581,18.902938391
-29.5095377792581,18.933676095918
-29.5095377792581,18.9644138008361
-29.5095377792581,18.9951515057541
-29.5095377792581,19.0258892106721
-29.5095377792581,19.0566269155901
-29.5095377792581,19.0873646205082
-29.5095377792581,19.1181023254262
-29.5095377792581,19.1488400303442
-29.5095377792581,19.1795777352622
-29.5095377792581,19.2103154401803
-29.5095377792581,19.2410531450983
-29.5095377792581,19.2717908500163
-29.5095377792581,19.3025285549343
-29.5095377792581,19.3332662598524
-29.5095377792581,19.3640039647704
-29.5095377792581,19.3947416696884
-29.5095377792581,19.4254793746064
-29.5095377792581,19.4562170795244
-29.5095377792581,19.4869547844425
-29.5095377792581,19.5176924893605
-29.5095377792581,19.5484301942785
-29.5095377792581,19.5791678991965
-29.5095377792581,19.6099056041146
-29.5095377792581,19.6406433090326
-29.5095377792581,19.6713810139506
-29.5095377792581,19.7021187188686
-29.5095377792581,19.7328564237867
-29.5095377792581,19.7635941287047
-29.5095377792581,19.7943318336227
-29.5095377792581,19.8250695385407
-29.5095377792581,19.8558072434588
-29.5095377792581,19.8865449483768
-29.5095377792581,19.9172826532948
-29.5095377792581,19.9480203582128
-29.5095377792581,19.9787580631309
-29.5095377792581,20.0094957680489
-29.5095377792581,20.0402334729669
-29.5095377792581,20.0709711778849
-29.5095377792581,20.101708882803
-29.5095377792581,20.132446587721
-29.5095377792581,20.163184292639
-29.5095377792581,20.193921997557
-29.5095377792581,20.2246597024751
-29.5095377792581,20.2553974073931
-29.5095377792581,20.2861351123111
-29.5095377792581,20.3168728172291
-29.5095377792581,20.3476105221472
-29.5095377792581,20.3783482270652
-29.5095377792581,20.4090859319832
-29.5095377792581,20.4398236369012
-29.5095377792581,20.4705613418193
-29.5095377792581,20.5012990467373
-29.5095377792581,20.5320367516553
-29.5095377792581,20.5627744565733
-29.5095377792581,20.5935121614914
-29.5095377792581,20.6242498664094
-29.5095377792581,20.6549875713274
-29.5095377792581,20.6857252762454
-29.5095377792581,20.7164629811635
-29.5095377792581,20.7472006860815
-29.5095377792581,20.7779383909995
-29.5095377792581,20.8086760959175
-29.5095377792581,20.8394138008356
-29.5095377792581,20.8701515057536
-29.5095377792581,20.9008892106716
-29.5095377792581,20.9316269155896
-29.5095377792581,20.9623646205077
-29.5095377792581,20.9931023254257
-29.5095377792581,21.0238400303437
-29.5095377792581,21.0545777352617
-29.5095377792581,21.0853154401798
-29.5095377792581,21.1160531450978
-29.5095377792581,21.1467908500158
-29.5095377792581,21.1775285549338
-29.5095377792581,21.2082662598519
-29.5095377792581,21.2390039647699
-29.5095377792581,21.2697416696879
-29.5095377792581,21.3004793746059
-29.5095377792581,21.331217079524
-29.5095377792581,21.361954784442
-29.5095377792581,21.39269248936
-29.5095377792581,21.423430194278
-29.5095377792581,21.4541678991961
-29.5095377792581,21.4849056041141
-29.5095377792581,21.5156433090321
-29.5095377792581,21.5463810139501
-29.5095377792581,21.5771187188681
-29.5095377792581,21.6078564237862
-29.5095377792581,21.6385941287042
-29.5095377792581,21.6693318336222
-29.5095377792581,21.7000695385402
-29.5095377792581,21.7308072434583
-29.5095377792581,21.7615449483763
-29.5095377792581,21.7922826532943
-29.5095377792581,21.8230203582123
-29.5095377792581,21.8537580631304
-29.5095377792581,21.8844957680484
-29.5095377792581,21.9152334729664
-29.5095377792581,21.9459711778844
-29.5095377792581,21.9767088828025
-29.5095377792581,22.0074465877205
-29.5095377792581,22.0381842926385
-29.5095377792581,22.0689219975565
-29.5095377792581,22.0996597024746
-29.5095377792581,22.1303974073926
-29.5095377792581,22.1611351123106
-29.5095377792581,22.1918728172286
-29.5095377792581,22.2226105221467
-29.5095377792581,22.2533482270647
-29.5095377792581,22.2840859319827
-29.5095377792581,22.3148236369007
-29.5095377792581,22.3455613418188
-29.5095377792581,22.3762990467368
-29.5095377792581,22.4070367516548
-29.5095377792581,22.4377744565728
-29.5095377792581,22.4685121614909
-29.5095377792581,22.4992498664089
-29.5095377792581,22.5299875713269
-29.5095377792581,22.5607252762449
-29.5095377792581,22.591462981163
-29.5095377792581,22.622200686081
-29.5095377792581,22.652938390999
-29.5095377792581,22.683676095917
-29.5095377792581,22.7144138008351
-29.5095377792581,22.7451515057531
-29.5095377792581,22.7758892106711
-29.5095377792581,22.8066269155891
-29.5095377792581,22.8373646205072
-29.5095377792581,22.8681023254252
-29.5095377792581,22.8988400303432
-29.5095377792581,22.9295777352612
-29.5095377792581,22.9603154401793
-29.5095377792581,22.9910531450973
-29.5095377792581,23.0217908500153
-29.5095377792581,23.0525285549333
-29.5095377792581,23.0832662598514
-29.5095377792581,23.1140039647694
-29.5095377792581,23.1447416696874
-29.5095377792581,23.1754793746054
-29.5095377792581,23.2062170795235
-29.5095377792581,23.2369547844415
-29.5095377792581,23.2676924893595
-29.5095377792581,23.2984301942775
-29.5095377792581,23.3291678991956
-29.5095377792581,23.3599056041136
-29.5095377792581,23.3906433090316
-29.5095377792581,23.4213810139496
-29.5095377792581,23.4521187188677
-29.5095377792581,23.4828564237857
-29.5095377792581,23.5135941287037
-29.5095377792581,23.5443318336217
-29.5095377792581,23.5750695385398
-29.5095377792581,23.6058072434578
-29.5095377792581,23.6365449483758
-29.5095377792581,23.6672826532938
-29.5095377792581,23.6980203582118
-29.5095377792581,23.7287580631299
-29.5095377792581,23.7594957680479
-29.5095377792581,23.7902334729659
-29.5095377792581,23.8209711778839
-29.5095377792581,23.851708882802
-29.5095377792581,23.88244658772
-29.5095377792581,23.913184292638
-29.5095377792581,23.943921997556
-29.5095377792581,23.9746597024741
-29.5095377792581,24.0053974073921
-29.5095377792581,24.0361351123101
-29.5095377792581,24.0668728172281
-29.5095377792581,24.0976105221462
-29.5095377792581,24.1283482270642
-29.5095377792581,24.1590859319822
-29.5095377792581,24.1898236369002
-29.5095377792581,24.2205613418183
-29.5095377792581,24.2512990467363
-29.5095377792581,24.2820367516543
-29.5095377792581,24.3127744565723
-29.5095377792581,24.3435121614904
-29.5095377792581,24.3742498664084
-29.5095377792581,24.4049875713264
-29.5095377792581,24.4357252762444
-29.5095377792581,24.4664629811625
-29.5095377792581,24.4972006860805
-29.5095377792581,24.5279383909985
-29.5095377792581,24.5586760959165
-29.5095377792581,24.5894138008346
-29.5095377792581,24.6201515057526
-29.5095377792581,24.6508892106706
-29.5095377792581,24.6816269155886
-29.5095377792581,24.7123646205067
-29.5095377792581,24.7431023254247
-29.5095377792581,24.7738400303427
-29.5095377792581,24.8045777352607
-29.5095377792581,24.8353154401788
-29.5095377792581,24.8660531450968
-29.5095377792581,24.8967908500148
-29.5095377792581,24.9275285549328
-29.5095377792581,24.9582662598509
-29.5095377792581,24.9890039647689
-29.5095377792581,25.0197416696869
-29.5095377792581,25.0504793746049
-29.5095377792581,25.081217079523
-29.5095377792581,25.111954784441
-29.5095377792581,25.142692489359
-29.5095377792581,25.173430194277
-29.5095377792581,25.2041678991951
-29.5095377792581,25.2349056041131
-29.5095377792581,25.2656433090311
-29.5095377792581,25.2963810139491
-29.5095377792581,25.3271187188672
-29.5095377792581,25.3578564237852
-29.5095377792581,25.3885941287032
-29.5095377792581,25.4193318336212
-29.5095377792581,25.4500695385393
-29.5095377792581,25.4808072434573
-29.5095377792581,25.5115449483753
-29.5095377792581,25.5422826532933
-29.5095377792581,25.5730203582114
-29.5095377792581,25.6037580631294
-29.5095377792581,25.6344957680474
-29.5095377792581,25.6652334729654
-29.5095377792581,25.6959711778835
-29.5095377792581,25.7267088828015
-29.5095377792581,25.7574465877195
-29.5095377792581,25.7881842926375
-29.5095377792581,25.8189219975555
-29.5095377792581,25.8496597024736
-29.5095377792581,25.8803974073916
-29.5095377792581,25.9111351123096
-29.5095377792581,25.9418728172276
-29.5095377792581,25.9726105221457
-29.5095377792581,26.0033482270637
-29.5095377792581,26.0340859319817
-29.5095377792581,26.0648236368997
-29.5095377792581,26.0955613418178
-29.5095377792581,26.1262990467358
-29.5095377792581,26.1570367516538
-29.5095377792581,26.1877744565718
-29.5095377792581,26.2185121614899
-29.5095377792581,26.2492498664079
-29.5095377792581,26.2799875713259
-29.5095377792581,26.3107252762439
-29.5095377792581,26.341462981162
-29.5095377792581,26.37220068608
-29.5095377792581,26.402938390998
-29.5095377792581,26.433676095916
-29.5095377792581,26.4644138008341
-29.5095377792581,26.4951515057521
-29.5095377792581,26.5258892106701
-29.5095377792581,26.5566269155881
-29.5095377792581,26.5873646205062
-29.5095377792581,26.6181023254242
-29.5095377792581,26.6488400303422
-29.5095377792581,26.6795777352602
-29.5095377792581,26.7103154401783
-29.5095377792581,26.7410531450963
-29.5095377792581,26.7717908500143
-29.5095377792581,26.8025285549323
-29.5095377792581,26.8332662598504
-29.5095377792581,26.8640039647684
-29.5095377792581,26.8947416696864
-29.5095377792581,26.9254793746044
-29.5095377792581,26.9562170795225
-29.5095377792581,26.9869547844405
-29.5095377792581,27.0176924893585
-29.5095377792581,27.0484301942765
-29.5095377792581,27.0791678991946
-29.5095377792581,27.1099056041126
-29.5095377792581,27.1406433090306
-29.5095377792581,27.1713810139486
-29.5095377792581,27.2021187188667
-29.5095377792581,27.2328564237847
-29.5095377792581,27.2635941287027
-29.5095377792581,27.2943318336207
-29.5095377792581,27.3250695385388
-29.5095377792581,27.3558072434568
-29.5095377792581,27.3865449483748
-29.5095377792581,27.4172826532928
-29.5095377792581,27.4480203582109
-29.5095377792581,27.4787580631289
-29.5095377792581,27.5094957680469
-29.5095377792581,27.5402334729649
-29.5095377792581,27.570971177883
-29.5095377792581,27.601708882801
-29.5095377792581,27.632446587719
-29.5095377792581,27.663184292637
-29.5095377792581,27.6939219975551
-29.5095377792581,27.7246597024731
-29.5095377792581,27.7553974073911
-29.5095377792581,27.7861351123091
-29.5095377792581,27.8168728172271
-29.5095377792581,27.8476105221452
-29.5095377792581,27.8783482270632
-29.5095377792581,27.9090859319812
-29.5095377792581,27.9398236368992
-29.5095377792581,27.9705613418173
-29.5095377792581,28.0012990467353
-29.5095377792581,28.0320367516533
-29.5095377792581,28.0627744565713
-29.5095377792581,28.0935121614894
-29.5095377792581,28.1242498664074
-29.5095377792581,28.1549875713254
-29.5095377792581,28.1857252762434
-29.5095377792581,28.2164629811615
-29.5095377792581,28.2472006860795
-29.5095377792581,28.2779383909975
-29.5095377792581,28.3086760959155
-29.5095377792581,28.3394138008336
-29.5095377792581,28.3701515057516
-29.5095377792581,28.4008892106696
-29.5095377792581,28.4316269155876
-29.5095377792581,28.4623646205057
-29.5095377792581,28.4931023254237
-29.5095377792581,28.5238400303417
-29.5095377792581,28.5545777352597
-29.5095377792581,28.5853154401778
-29.5095377792581,28.6160531450958
-29.5095377792581,28.6467908500138
-29.5095377792581,28.6775285549318
-29.5095377792581,28.7082662598499
-29.5095377792581,28.7390039647679
-29.5095377792581,28.7697416696859
-29.5095377792581,28.8004793746039
-29.5095377792581,28.831217079522
-29.5095377792581,28.86195478444
-29.5095377792581,28.892692489358
-29.5095377792581,28.923430194276
-29.5095377792581,28.9541678991941
-29.5095377792581,28.9849056041121
-29.5095377792581,29.0156433090301
-29.5095377792581,29.0463810139481
-29.5095377792581,29.0771187188662
-29.5095377792581,29.1078564237842
-29.5095377792581,29.1385941287022
-29.5095377792581,29.1693318336202
-29.5095377792581,29.2000695385383
-29.5095377792581,29.2308072434563
-29.5095377792581,29.2615449483743
-29.5095377792581,29.2922826532923
-29.5095377792581,29.3230203582104
-29.5095377792581,29.3537580631284
-29.5095377792581,29.3844957680464
-29.5095377792581,29.4152334729644
-29.5095377792581,29.4459711778825
-29.5095377792581,29.4767088828005
-29.5095377792581,29.5074465877185
-29.5095377792581,29.5381842926365
-29.5095377792581,29.5689219975546
-29.5095377792581,29.5996597024726
-29.5095377792581,29.6303974073906
-29.5095377792581,29.6611351123086
-29.5095377792581,29.6918728172267
-29.5095377792581,29.7226105221447
-29.5095377792581,29.7533482270627
-29.5095377792581,29.7840859319807
-29.5095377792581,29.8148236368988
-29.5095377792581,29.8455613418168
-29.5095377792581,29.8762990467348
-29.5095377792581,29.9070367516528
-29.5095377792581,29.9377744565708
-29.5095377792581,29.9685121614889
-29.5095377792581,29.9992498664069
-29.5095377792581,30.0299875713249
-29.5095377792581,30.0607252762429
-29.5095377792581,30.091462981161
-29.5095377792581,30.122200686079
-29.5095377792581,30.152938390997
-29.5095377792581,30.183676095915
-29.5095377792581,30.2144138008331
-29.5095377792581,30.2451515057511
-29.5095377792581,30.2758892106691
-29.5095377792581,30.3066269155871
-29.5095377792581,30.3373646205052
-29.5095377792581,30.3681023254232
-29.5095377792581,30.3988400303412
-29.5095377792581,30.4295777352592
-29.5095377792581,30.4603154401773
-29.5095377792581,30.4910531450953
-29.5095377792581,30.5217908500133
-29.5095377792581,30.5525285549313
-29.5095377792581,30.5832662598494
-29.5095377792581,30.6140039647674
-29.5095377792581,30.6447416696854
-29.5095377792581,30.6754793746034
-29.5095377792581,30.7062170795215
-29.5095377792581,30.7369547844395
-29.5095377792581,30.7676924893575
-29.5095377792581,30.7984301942755
-29.5095377792581,30.8291678991936
-29.5095377792581,30.8599056041116
-29.5095377792581,30.8906433090296
-29.5095377792581,30.9213810139476
-29.5095377792581,30.9521187188657
-29.5095377792581,30.9828564237837
-29.5095377792581,31.0135941287017
-29.5095377792581,31.0443318336197
-29.5095377792581,31.0750695385378
-29.5095377792581,31.1058072434558
-29.5095377792581,31.1365449483738
-29.5095377792581,31.1672826532918
-29.5095377792581,31.1980203582099
-29.5095377792581,31.2287580631279
-29.5095377792581,31.2594957680459
-29.5095377792581,31.2902334729639
-29.5095377792581,31.320971177882
-29.5095377792581,31.3517088828
-29.5095377792581,31.382446587718
-29.5095377792581,31.413184292636
-29.5095377792581,31.4439219975541
-29.5095377792581,31.4746597024721
-29.5095377792581,31.5053974073901
-29.5095377792581,31.5361351123081
-29.5095377792581,31.5668728172262
-29.5095377792581,31.5976105221442
-29.5095377792581,31.6283482270622
-29.5095377792581,31.6590859319802
-29.5095377792581,31.6898236368983
-29.5095377792581,31.7205613418163
-29.5095377792581,31.7512990467343
-29.5095377792581,31.7820367516523
-29.5095377792581,31.8127744565704
-29.5095377792581,31.8435121614884
-29.5095377792581,31.8742498664064
-29.5095377792581,31.9049875713244
-29.5095377792581,31.9357252762425
-29.5095377792581,31.9664629811605
-29.5095377792581,31.9972006860785
-29.5095377792581,32.0279383909965
-29.5095377792581,32.0586760959145
-29.5095377792581,32.0894138008326
-29.5095377792581,32.1201515057506
-29.5095377792581,32.1508892106686
-29.5095377792581,32.1816269155866
-29.5095377792581,32.2123646205047
-29.5095377792581,32.2431023254227
-29.5095377792581,32.2738400303407
-29.5095377792581,32.3045777352587
-29.5095377792581,32.3353154401768
-29.5095377792581,32.3660531450948
-29.5095377792581,32.3967908500128
-29.5095377792581,32.4275285549308
-29.5095377792581,32.4582662598489
-29.5095377792581,32.4890039647669
-29.5095377792581,32.5197416696849
-29.5095377792581,32.5504793746029
-29.5095377792581,32.581217079521
-29.5095377792581,32.611954784439
-29.5095377792581,32.642692489357
-29.5095377792581,32.673430194275
-29.5095377792581,32.7041678991931
-29.5095377792581,32.7349056041111
-29.5095377792581,32.7656433090291
-29.5095377792581,32.7963810139471
-29.5095377792581,32.8271187188652
-29.5095377792581,32.8578564237832
-29.5095377792581,32.8885941287012
-29.5095377792581,32.9193318336192
-29.5095377792581,32.9500695385373
-29.5095377792581,32.9808072434553
-29.5095377792581,33.0115449483733
-29.5095377792581,33.0422826532913
-29.5095377792581,33.0730203582094
-29.5095377792581,33.1037580631274
-29.5095377792581,33.1344957680454
-29.5095377792581,33.1652334729634
-29.5095377792581,33.1959711778815
-29.5095377792581,33.2267088827995
-29.5095377792581,33.2574465877175
-29.5095377792581,33.2881842926355
-29.5095377792581,33.3189219975536
-29.5095377792581,33.3496597024716
-29.5095377792581,33.3803974073896
-29.5095377792581,33.4111351123076
-29.5095377792581,33.4418728172257
-29.5095377792581,33.4726105221437
-29.5095377792581,33.5033482270617
-29.5095377792581,33.5340859319797
-29.5095377792581,33.5648236368978
-29.5095377792581,33.5955613418158
-29.5095377792581,33.6262990467338
-29.5095377792581,33.6570367516518
-29.5095377792581,33.6877744565699
-29.5095377792581,33.7185121614879
-29.5095377792581,33.7492498664059
-29.5095377792581,33.7799875713239
-29.5095377792581,33.810725276242
-29.5095377792581,33.84146298116
-29.5095377792581,33.872200686078
-29.5095377792581,33.902938390996
-29.5095377792581,33.9336760959141
-29.5095377792581,33.9644138008321
-29.5095377792581,33.9951515057501
-29.5095377792581,34.0258892106681
-29.5095377792581,34.0566269155862
-29.5095377792581,34.0873646205042
-29.5095377792581,34.1181023254222
-29.5095377792581,34.1488400303402
-29.5095377792581,34.1795777352582
-29.5095377792581,34.2103154401763
-29.5095377792581,34.2410531450943
-29.5095377792581,34.2717908500123
-29.5095377792581,34.3025285549303
-29.5095377792581,34.3332662598484
-29.5095377792581,34.3640039647664
-29.5095377792581,34.3947416696844
-29.5095377792581,34.4254793746024
-29.5095377792581,34.4562170795205
-29.5095377792581,34.4869547844385
-29.5095377792581,34.5176924893565
-29.5095377792581,34.5484301942745
-29.5095377792581,34.5791678991926
-29.5095377792581,34.6099056041106
-29.5095377792581,34.6406433090286
-29.5095377792581,34.6713810139466
-29.5095377792581,34.7021187188647
-29.5095377792581,34.7328564237827
-29.5095377792581,34.7635941287007
-29.5095377792581,34.7943318336187
-29.5095377792581,34.8250695385368
-29.5095377792581,34.8558072434548
-29.5095377792581,34.8865449483728
-29.5095377792581,34.9172826532908
-29.5095377792581,34.9480203582089
-29.5095377792581,34.9787580631269
-29.5095377792581,35.0094957680449
-29.5095377792581,35.0402334729629
-29.5095377792581,35.070971177881
-29.5095377792581,35.101708882799
-29.5095377792581,35.132446587717
-29.5095377792581,35.163184292635
-29.5095377792581,35.1939219975531
-29.5095377792581,35.2246597024711
-29.5095377792581,35.2553974073891
-29.5095377792581,35.2861351123071
-29.5095377792581,35.3168728172252
-29.5095377792581,35.3476105221432
-29.5095377792581,35.3783482270612
-29.5095377792581,35.4090859319792
-29.5095377792581,35.4398236368973
-29.5095377792581,35.4705613418153
-29.5095377792581,35.5012990467333
-29.5095377792581,35.5320367516513
-29.5095377792581,35.5627744565694
-29.5095377792581,35.5935121614874
-29.5095377792581,35.6242498664054
-29.5095377792581,35.6549875713234
-29.5095377792581,35.6857252762415
-29.5095377792581,35.7164629811595
-29.5095377792581,35.7472006860775
-29.5095377792581,35.7779383909955
-29.5095377792581,35.8086760959136
-29.5095377792581,35.8394138008316
-29.5095377792581,35.8701515057496
-29.5095377792581,35.9008892106676
-29.5095377792581,35.9316269155857
-29.5095377792581,35.9623646205037
-29.5095377792581,35.9931023254217
-29.5095377792581,36.0238400303397
-29.5095377792581,36.0545777352578
-29.5095377792581,36.0853154401758
-29.5095377792581,36.1160531450938
-29.5095377792581,36.1467908500118
-29.5095377792581,36.1775285549299
-29.5095377792581,36.2082662598479
-29.5095377792581,36.2390039647659
-29.5095377792581,36.2697416696839
-29.5095377792581,36.3004793746019
-29.5095377792581,36.33121707952
-29.5095377792581,36.361954784438
-29.5095377792581,36.392692489356
-29.5095377792581,36.423430194274
-29.5095377792581,36.4541678991921
-29.5095377792581,36.4849056041101
-29.5095377792581,36.5156433090281
-29.5095377792581,36.5463810139461
-29.5095377792581,36.5771187188642
-29.5095377792581,36.6078564237822
-29.5095377792581,36.6385941287002
-29.5095377792581,36.6693318336182
-29.5095377792581,36.7000695385363
-29.5095377792581,36.7308072434543
-29.5095377792581,36.7615449483723
-29.5095377792581,36.7922826532903
-29.5095377792581,36.8230203582084
-29.5095377792581,36.8537580631264
-29.5095377792581,36.8844957680444
-29.5095377792581,36.9152334729624
-29.5095377792581,36.9459711778805
-29.5095377792581,36.9767088827985
-29.5095377792581,37.0074465877165
-29.5095377792581,37.0381842926345
-29.5095377792581,37.0689219975526
-29.5095377792581,37.0996597024706
-29.5095377792581,37.1303974073886
-29.5095377792581,37.1611351123066
-29.5095377792581,37.1918728172247
-29.5095377792581,37.2226105221427
-29.5095377792581,37.2533482270607
-29.5095377792581,37.2840859319787
-29.5095377792581,37.3148236368968
-29.5095377792581,37.3455613418148
-29.5095377792581,37.3762990467328
-29.5095377792581,37.4070367516508
-29.5095377792581,37.4377744565689
-29.5095377792581,37.4685121614869
-29.5095377792581,37.4992498664049
-29.5095377792581,37.5299875713229
-29.5095377792581,37.560725276241
-29.5095377792581,37.591462981159
-29.5095377792581,37.622200686077
-29.5095377792581,37.652938390995
-29.5095377792581,37.6836760959131
-29.5095377792581,37.7144138008311
-29.5095377792581,37.7451515057491
-29.5095377792581,37.7758892106671
-29.5095377792581,37.8066269155852
-29.5095377792581,37.8373646205032
-29.5095377792581,37.8681023254212
-29.5095377792581,37.8988400303392
-29.5095377792581,37.9295777352573
-29.5095377792581,37.9603154401753
-29.5095377792581,37.9910531450933
-29.5095377792581,38.0217908500113
-29.5095377792581,38.0525285549294
-29.5095377792581,38.0832662598474
-29.5095377792581,38.1140039647654
-29.5095377792581,38.1447416696834
-29.5095377792581,38.1754793746015
-29.5095377792581,38.2062170795195
-29.5095377792581,38.2369547844375
-29.5095377792581,38.2676924893555
-29.5095377792581,38.2984301942735
-29.5095377792581,38.3291678991916
-29.5095377792581,38.3599056041096
-29.5095377792581,38.3906433090276
-29.5095377792581,38.4213810139456
-29.5095377792581,38.4521187188637
-29.5095377792581,38.4828564237817
-29.5095377792581,38.5135941286997
-29.5095377792581,38.5443318336177
-29.5095377792581,38.5750695385358
-29.5095377792581,38.6058072434538
-29.5095377792581,38.6365449483718
-29.5095377792581,38.6672826532898
-29.5095377792581,38.6980203582079
-29.5095377792581,38.7287580631259
-29.5095377792581,38.7594957680439
-29.5095377792581,38.7902334729619
-29.5095377792581,38.82097117788
-29.5095377792581,38.851708882798
-29.5095377792581,38.882446587716
-29.5095377792581,38.913184292634
-29.5095377792581,38.9439219975521
-29.5095377792581,38.9746597024701
-29.5095377792581,39.0053974073881
-29.5095377792581,39.0361351123061
-29.5095377792581,39.0668728172242
-29.5095377792581,39.0976105221422
-29.5095377792581,39.1283482270602
-29.5095377792581,39.1590859319782
-29.5095377792581,39.1898236368963
-29.5095377792581,39.2205613418143
-29.5095377792581,39.2512990467323
-29.5095377792581,39.2820367516503
-29.5095377792581,39.3127744565684
-29.5095377792581,39.3435121614864
-29.5095377792581,39.3742498664044
-29.5095377792581,39.4049875713224
-29.5095377792581,39.4357252762405
-29.5095377792581,39.4664629811585
-29.5095377792581,39.4972006860765
-29.5095377792581,39.5279383909945
-29.5095377792581,39.5586760959126
-29.5095377792581,39.5894138008306
-29.5095377792581,39.6201515057486
-29.5095377792581,39.6508892106666
-29.5095377792581,39.6816269155847
-29.5095377792581,39.7123646205027
-29.5095377792581,39.7431023254207
-29.5095377792581,39.7738400303387
-29.5095377792581,39.8045777352568
-29.5095377792581,39.8353154401748
-29.5095377792581,39.8660531450928
-29.5095377792581,39.8967908500108
-29.5095377792581,39.9275285549289
-29.5095377792581,39.9582662598469
-29.5095377792581,39.9890039647649
-29.5095377792581,40.0197416696829
-29.5095377792581,40.050479374601
-29.5095377792581,40.081217079519
-29.5095377792581,40.111954784437
-29.5095377792581,40.142692489355
-29.5095377792581,40.1734301942731
-29.5095377792581,40.2041678991911
-29.5095377792581,40.2349056041091
-29.5095377792581,40.2656433090271
-29.5095377792581,40.2963810139452
-29.5095377792581,40.3271187188632
-29.5095377792581,40.3578564237812
-29.5095377792581,40.3885941286992
-29.5095377792581,40.4193318336172
-29.5095377792581,40.4500695385353
-29.5095377792581,40.4808072434533
-29.5095377792581,40.5115449483713
-29.5095377792581,40.5422826532893
-29.5095377792581,40.5730203582074
-29.5095377792581,40.6037580631254
-29.5095377792581,40.6344957680434
-29.5095377792581,40.6652334729614
-29.5095377792581,40.6959711778795
-29.5095377792581,40.7267088827975
-29.5095377792581,40.7574465877155
-29.5095377792581,40.7881842926335
-29.5095377792581,40.8189219975516
-29.5095377792581,40.8496597024696
-29.5095377792581,40.8803974073876
-29.5095377792581,40.9111351123056
-29.5095377792581,40.9418728172237
-29.5095377792581,40.9726105221417
-29.5095377792581,41.0033482270597
-29.5095377792581,41.0340859319777
-29.5095377792581,41.0648236368958
-29.5095377792581,41.0955613418138
-29.5095377792581,41.1262990467318
-29.5095377792581,41.1570367516498
-29.5095377792581,41.1877744565679
-29.5095377792581,41.2185121614859
-29.5095377792581,41.2492498664039
-29.5095377792581,41.2799875713219
-29.5095377792581,41.31072527624
-29.5095377792581,41.341462981158
-29.5095377792581,41.372200686076
-29.5095377792581,41.402938390994
-29.5095377792581,41.4336760959121
-29.5095377792581,41.4644138008301
-29.5095377792581,41.4951515057481
-29.5095377792581,41.5258892106661
-29.5095377792581,41.5566269155842
-29.5095377792581,41.5873646205022
-29.5095377792581,41.6181023254202
-29.5095377792581,41.6488400303382
-29.5095377792581,41.6795777352563
-29.5095377792581,41.7103154401743
-29.5095377792581,41.7410531450923
-29.5095377792581,41.7717908500103
-29.5095377792581,41.8025285549284
-29.5095377792581,41.8332662598464
-29.5095377792581,41.8640039647644
-29.5095377792581,41.8947416696824
-29.5095377792581,41.9254793746005
-29.5095377792581,41.9562170795185
-29.5095377792581,41.9869547844365
-29.5095377792581,42.0176924893545
-29.5095377792581,42.0484301942726
-29.5095377792581,42.0791678991906
-29.5095377792581,42.1099056041086
-29.5095377792581,42.1406433090266
-29.5095377792581,42.1713810139447
-29.5095377792581,42.2021187188627
-29.5095377792581,42.2328564237807
-29.5095377792581,42.2635941286987
-29.5095377792581,42.2943318336168
-29.5095377792581,42.3250695385348
-29.5095377792581,42.3558072434528
-29.5095377792581,42.3865449483708
-29.5095377792581,42.4172826532889
-29.5095377792581,42.4480203582069
-29.5095377792581,42.4787580631249
-29.5095377792581,42.5094957680429
-29.5095377792581,42.5402334729609
-29.5095377792581,42.570971177879
-29.5095377792581,42.601708882797
-29.5095377792581,42.632446587715
-29.5095377792581,42.663184292633
-29.5095377792581,42.6939219975511
-29.5095377792581,42.7246597024691
-29.5095377792581,42.7553974073871
-29.5095377792581,42.7861351123051
-29.5095377792581,42.8168728172232
-29.5095377792581,42.8476105221412
-29.5095377792581,42.8783482270592
-29.5095377792581,42.9090859319772
-29.5095377792581,42.9398236368953
-29.5095377792581,42.9705613418133
-29.5095377792581,43.0012990467313
-29.5095377792581,43.0320367516493
-29.5095377792581,43.0627744565674
-29.5095377792581,43.0935121614854
-29.5095377792581,43.1242498664034
-29.5095377792581,43.1549875713214
-29.5095377792581,43.1857252762395
-29.5095377792581,43.2164629811575
-29.5095377792581,43.2472006860755
-29.5095377792581,43.2779383909935
-29.5095377792581,43.3086760959116
-29.5095377792581,43.3394138008296
-29.5095377792581,43.3701515057476
-29.5095377792581,43.4008892106656
-29.5095377792581,43.4316269155837
-29.5095377792581,43.4623646205017
-29.5095377792581,43.4931023254197
-29.5095377792581,43.5238400303377
-29.5095377792581,43.5545777352558
-29.5095377792581,43.5853154401738
-29.5095377792581,43.6160531450918
-29.5095377792581,43.6467908500098
-29.5095377792581,43.6775285549279
-29.5095377792581,43.7082662598459
-29.5095377792581,43.7390039647639
-29.5095377792581,43.7697416696819
-29.5095377792581,43.8004793746
-29.5095377792581,43.831217079518
-29.5095377792581,43.861954784436
-29.5095377792581,43.892692489354
-29.5095377792581,43.9234301942721
-29.5095377792581,43.9541678991901
-29.5095377792581,43.9849056041081
-29.5095377792581,44.0156433090261
-29.5095377792581,44.0463810139442
-29.5095377792581,44.0771187188622
-29.5095377792581,44.1078564237802
-29.5095377792581,44.1385941286982
-29.5095377792581,44.1693318336163
-29.5095377792581,44.2000695385343
-29.5095377792581,44.2308072434523
-29.5095377792581,44.2615449483703
-29.5095377792581,44.2922826532884
-29.5095377792581,44.3230203582064
-29.5095377792581,44.3537580631244
-29.5095377792581,44.3844957680424
-29.5095377792581,44.4152334729605
-29.5095377792581,44.4459711778785
-29.5095377792581,44.4767088827965
-29.5095377792581,44.5074465877145
-29.5095377792581,44.5381842926326
-29.5095377792581,44.5689219975506
-29.5095377792581,44.5996597024686
-29.5095377792581,44.6303974073866
-29.5095377792581,44.6611351123046
-29.5095377792581,44.6918728172227
-29.5095377792581,44.7226105221407
-29.5095377792581,44.7533482270587
-29.5095377792581,44.7840859319767
-29.5095377792581,44.8148236368948
-29.5095377792581,44.8455613418128
-29.5095377792581,44.8762990467308
-29.5095377792581,44.9070367516488
-29.5095377792581,44.9377744565669
-29.5095377792581,44.9685121614849
-29.5095377792581,44.9992498664029
-29.5095377792581,45.0299875713209
-29.5095377792581,45.060725276239
-29.5095377792581,45.091462981157
-29.5095377792581,45.122200686075
-29.5095377792581,45.152938390993
-29.5095377792581,45.1836760959111
-29.5095377792581,45.2144138008291
-29.5095377792581,45.2451515057471
-29.5095377792581,45.2758892106651
-29.5095377792581,45.3066269155832
-29.5095377792581,45.3373646205012
-29.5095377792581,45.3681023254192
-29.5095377792581,45.3988400303372
-29.5095377792581,45.4295777352553
-29.5095377792581,45.4603154401733
-29.5095377792581,45.4910531450913
-29.5095377792581,45.5217908500093
-29.5095377792581,45.5525285549274
-29.5095377792581,45.5832662598454
-29.5095377792581,45.6140039647634
-29.5095377792581,45.6447416696814
-29.5095377792581,45.6754793745995
-29.5095377792581,45.7062170795175
-29.5095377792581,45.7369547844355
-29.5095377792581,45.7676924893535
-29.5095377792581,45.7984301942716
-29.5095377792581,45.8291678991896
-29.5095377792581,45.8599056041076
-29.5095377792581,45.8906433090256
-29.5095377792581,45.9213810139437
-29.5095377792581,45.9521187188617
-29.5095377792581,45.9828564237797
-29.5095377792581,46.0135941286977
-29.5095377792581,46.0443318336158
-29.5095377792581,46.0750695385338
-29.5095377792581,46.1058072434518
-29.5095377792581,46.1365449483698
-29.5095377792581,46.1672826532879
-29.5095377792581,46.1980203582059
-29.5095377792581,46.2287580631239
-29.5095377792581,46.2594957680419
-29.5095377792581,46.29023347296
-29.5095377792581,46.320971177878
-29.5095377792581,46.351708882796
-29.5095377792581,46.382446587714
-29.5095377792581,46.4131842926321
-29.5095377792581,46.4439219975501
-29.5095377792581,46.4746597024681
-29.5095377792581,46.5053974073861
-29.5095377792581,46.5361351123042
-29.5095377792581,46.5668728172222
-29.5095377792581,46.5976105221402
-29.5095377792581,46.6283482270582
-29.5095377792581,46.6590859319763
-29.5095377792581,46.6898236368943
-29.5095377792581,46.7205613418123
-29.5095377792581,46.7512990467303
-29.5095377792581,46.7820367516483
-29.5095377792581,46.8127744565664
-29.5095377792581,46.8435121614844
-29.5095377792581,46.8742498664024
-29.5095377792581,46.9049875713204
-29.5095377792581,46.9357252762385
-29.5095377792581,46.9664629811565
-29.5095377792581,46.9972006860745
-29.5095377792581,47.0279383909925
-29.5095377792581,47.0586760959106
-29.5095377792581,47.0894138008286
-29.5095377792581,47.1201515057466
-29.5095377792581,47.1508892106646
-29.5095377792581,47.1816269155827
-29.5095377792581,47.2123646205007
-29.5095377792581,47.2431023254187
-29.5095377792581,47.2738400303367
-29.5095377792581,47.3045777352548
-29.5095377792581,47.3353154401728
-29.5095377792581,47.3660531450908
-29.5095377792581,47.3967908500088
-29.5095377792581,47.4275285549269
-29.5095377792581,47.4582662598449
-29.5095377792581,47.4890039647629
-29.5095377792581,47.5197416696809
-29.5095377792581,47.550479374599
-29.5095377792581,47.581217079517
-29.5095377792581,47.611954784435
-29.5095377792581,47.642692489353
-29.5095377792581,47.6734301942711
-29.5095377792581,47.7041678991891
-29.5095377792581,47.7349056041071
-29.5095377792581,47.7656433090251
-29.5095377792581,47.7963810139432
-29.5095377792581,47.8271187188612
-29.5095377792581,47.8578564237792
-29.5095377792581,47.8885941286972
-29.5095377792581,47.9193318336153
-29.5095377792581,47.9500695385333
-29.5095377792581,47.9808072434513
-29.5095377792581,48.0115449483693
-29.5095377792581,48.0422826532874
-29.5095377792581,48.0730203582054
-29.5095377792581,48.1037580631234
-29.5095377792581,48.1344957680414
-29.5095377792581,48.1652334729595
-29.5095377792581,48.1959711778775
-29.5095377792581,48.2267088827955
-29.5095377792581,48.2574465877135
-29.5095377792581,48.2881842926316
-29.5095377792581,48.3189219975496
-29.5095377792581,48.3496597024676
-29.5095377792581,48.3803974073856
-29.5095377792581,48.4111351123037
-29.5095377792581,48.4418728172217
-29.5095377792581,48.4726105221397
-29.5095377792581,48.5033482270577
-29.5095377792581,48.5340859319758
-29.5095377792581,48.5648236368938
-29.5095377792581,48.5955613418118
-29.5095377792581,48.6262990467298
-29.5095377792581,48.6570367516479
-29.5095377792581,48.6877744565659
-29.5095377792581,48.7185121614839
-29.5095377792581,48.7492498664019
-29.5095377792581,48.7799875713199
-29.5095377792581,48.810725276238
-29.5095377792581,48.841462981156
-29.5095377792581,48.872200686074
-29.5095377792581,48.902938390992
-29.5095377792581,48.9336760959101
-29.5095377792581,48.9644138008281
-29.5095377792581,48.9951515057461
-29.5095377792581,49.0258892106641
-29.5095377792581,49.0566269155822
-29.5095377792581,49.0873646205002
-29.5095377792581,49.1181023254182
-29.5095377792581,49.1488400303362
-29.5095377792581,49.1795777352543
-29.5095377792581,49.2103154401723
-29.5095377792581,49.2410531450903
-29.5095377792581,49.2717908500083
-29.5095377792581,49.3025285549264
-29.5095377792581,49.3332662598444
-29.5095377792581,49.3640039647624
-29.5095377792581,49.3947416696804
-29.5095377792581,49.4254793745985
-29.5095377792581,49.4562170795165
-29.5095377792581,49.4869547844345
-29.5095377792581,49.5176924893525
-29.5095377792581,49.5484301942706
-29.5095377792581,49.5791678991886
-29.5095377792581,49.6099056041066
-29.5095377792581,49.6406433090246
-29.5095377792581,49.6713810139427
-29.5095377792581,49.7021187188607
-29.5095377792581,49.7328564237787
-29.5095377792581,49.7635941286967
-29.5095377792581,49.7943318336148
-29.5095377792581,49.8250695385328
-29.5095377792581,49.8558072434508
-29.5095377792581,49.8865449483688
-29.5095377792581,49.9172826532869
-29.5095377792581,49.9480203582049
-29.5095377792581,49.9787580631229
-29.5095377792581,50.0094957680409
-29.5095377792581,50.040233472959
-29.5095377792581,50.070971177877
-29.5095377792581,50.101708882795
-29.5095377792581,50.132446587713
-29.5095377792581,50.1631842926311
-29.5095377792581,50.1939219975491
-29.5095377792581,50.2246597024671
-29.5095377792581,50.2553974073851
-29.5095377792581,50.2861351123032
-29.5095377792581,50.3168728172212
-29.5095377792581,50.3476105221392
-29.5095377792581,50.3783482270572
-29.5095377792581,50.4090859319753
-29.5095377792581,50.4398236368933
-29.5095377792581,50.4705613418113
-29.5095377792581,50.5012990467293
-29.5095377792581,50.5320367516474
-29.5095377792581,50.5627744565654
-29.5095377792581,50.5935121614834
-29.5095377792581,50.6242498664014
-29.5095377792581,50.6549875713195
-29.5095377792581,50.6857252762375
-29.5095377792581,50.7164629811555
-29.5095377792581,50.7472006860735
-29.5095377792581,50.7779383909916
-29.5095377792581,50.8086760959096
-29.5095377792581,50.8394138008276
-29.5095377792581,50.8701515057456
-29.5095377792581,50.9008892106636
-29.5095377792581,50.9316269155817
-29.5095377792581,50.9623646204997
-29.5095377792581,50.9931023254177
-29.5095377792581,51.0238400303357
-29.5095377792581,51.0545777352538
-29.5095377792581,51.0853154401718
-29.5095377792581,51.1160531450898
-29.5095377792581,51.1467908500078
-29.5095377792581,51.1775285549259
-29.5095377792581,51.2082662598439
-29.5095377792581,51.2390039647619
-29.5095377792581,51.2697416696799
-29.5095377792581,51.300479374598
-29.5095377792581,51.331217079516
-29.5095377792581,51.361954784434
-29.5095377792581,51.392692489352
-29.5095377792581,51.4234301942701
-29.5095377792581,51.4541678991881
-29.5095377792581,51.4849056041061
-29.5095377792581,51.5156433090241
-29.5095377792581,51.5463810139422
-29.5095377792581,51.5771187188602
-29.5095377792581,51.6078564237782
-29.5095377792581,51.6385941286962
-29.5095377792581,51.6693318336143
-29.5095377792581,51.7000695385323
-29.5095377792581,51.7308072434503
-29.5095377792581,51.7615449483683
-29.5095377792581,51.7922826532864
-29.5095377792581,51.8230203582044
-29.5095377792581,51.8537580631224
-29.5095377792581,51.8844957680404
-29.5095377792581,51.9152334729585
-29.5095377792581,51.9459711778765
-29.5095377792581,51.9767088827945
-29.5095377792581,52.0074465877125
-29.5095377792581,52.0381842926306
-29.5095377792581,52.0689219975486
-29.5095377792581,52.0996597024666
-29.5095377792581,52.1303974073846
-29.5095377792581,52.1611351123027
-29.5095377792581,52.1918728172207
-29.5095377792581,52.2226105221387
-29.5095377792581,52.2533482270567
-29.5095377792581,52.2840859319748
-29.5095377792581,52.3148236368928
-29.5095377792581,52.3455613418108
-29.5095377792581,52.3762990467288
-29.5095377792581,52.4070367516469
-29.5095377792581,52.4377744565649
-29.5095377792581,52.4685121614829
-29.5095377792581,52.4992498664009
-29.5095377792581,52.529987571319
-29.5095377792581,52.560725276237
-29.5095377792581,52.591462981155
-29.5095377792581,52.622200686073
-29.5095377792581,52.6529383909911
-29.5095377792581,52.6836760959091
-29.5095377792581,52.7144138008271
-29.5095377792581,52.7451515057451
-29.5095377792581,52.7758892106632
-29.5095377792581,52.8066269155812
-29.5095377792581,52.8373646204992
-29.5095377792581,52.8681023254172
-29.5095377792581,52.8988400303353
-29.5095377792581,52.9295777352533
-29.5095377792581,52.9603154401713
-29.5095377792581,52.9910531450893
-29.5095377792581,53.0217908500073
-29.5095377792581,53.0525285549254
-29.5095377792581,53.0832662598434
-29.5095377792581,53.1140039647614
-29.5095377792581,53.1447416696794
-29.5095377792581,53.1754793745975
-29.5095377792581,53.2062170795155
-29.5095377792581,53.2369547844335
-29.5095377792581,53.2676924893515
-29.5095377792581,53.2984301942696
-29.5095377792581,53.3291678991876
-29.5095377792581,53.3599056041056
-29.5095377792581,53.3906433090236
-29.5095377792581,53.4213810139417
-29.5095377792581,53.4521187188597
-29.5095377792581,53.4828564237777
-29.5095377792581,53.5135941286957
-29.5095377792581,53.5443318336138
-29.5095377792581,53.5750695385318
-29.5095377792581,53.6058072434498
-29.5095377792581,53.6365449483678
-29.5095377792581,53.6672826532859
-29.5095377792581,53.6980203582039
-29.5095377792581,53.7287580631219
-29.5095377792581,53.7594957680399
-29.5095377792581,53.790233472958
-29.5095377792581,53.820971177876
-29.5095377792581,53.851708882794
-29.5095377792581,53.882446587712
-29.5095377792581,53.9131842926301
-29.5095377792581,53.9439219975481
-29.5095377792581,53.9746597024661
-29.5095377792581,54.0053974073841
-29.5095377792581,54.0361351123022
-29.5095377792581,54.0668728172202
-29.5095377792581,54.0976105221382
-29.5095377792581,54.1283482270562
-29.5095377792581,54.1590859319743
-29.5095377792581,54.1898236368923
-29.5095377792581,54.2205613418103
-29.5095377792581,54.2512990467283
-29.5095377792581,54.2820367516464
-29.5095377792581,54.3127744565644
-29.5095377792581,54.3435121614824
-29.5095377792581,54.3742498664004
-29.5095377792581,54.4049875713185
-29.5095377792581,54.4357252762365
-29.5095377792581,54.4664629811545
-29.5095377792581,54.4972006860725
-29.5095377792581,54.5279383909906
-29.5095377792581,54.5586760959086
-29.5095377792581,54.5894138008266
-29.5095377792581,54.6201515057446
-29.5095377792581,54.6508892106627
-29.5095377792581,54.6816269155807
-29.5095377792581,54.7123646204987
-29.5095377792581,54.7431023254167
-29.5095377792581,54.7738400303348
-29.5095377792581,54.8045777352528
-29.5095377792581,54.8353154401708
-29.5095377792581,54.8660531450888
-29.5095377792581,54.8967908500069
-29.5095377792581,54.9275285549249
-29.5095377792581,54.9582662598429
-29.5095377792581,54.9890039647609
-29.5095377792581,55.019741669679
-29.5095377792581,55.050479374597
-29.5095377792581,55.081217079515
-29.5095377792581,55.111954784433
-29.5095377792581,55.142692489351
-29.5095377792581,55.1734301942691
-29.5095377792581,55.2041678991871
-29.5095377792581,55.2349056041051
-29.5095377792581,55.2656433090231
-29.5095377792581,55.2963810139412
-29.5095377792581,55.3271187188592
-29.5095377792581,55.3578564237772
-29.5095377792581,55.3885941286952
-29.5095377792581,55.4193318336133
-29.5095377792581,55.4500695385313
-29.5095377792581,55.4808072434493
-29.5095377792581,55.5115449483673
-29.5095377792581,55.5422826532854
-29.5095377792581,55.5730203582034
-29.5095377792581,55.6037580631214
-29.5095377792581,55.6344957680394
-29.5095377792581,55.6652334729575
-29.5095377792581,55.6959711778755
-29.5095377792581,55.7267088827935
-29.5095377792581,55.7574465877115
-29.5095377792581,55.7881842926296
-29.5095377792581,55.8189219975476
-29.5095377792581,55.8496597024656
-29.5095377792581,55.8803974073836
-29.5095377792581,55.9111351123017
-29.5095377792581,55.9418728172197
-29.5095377792581,55.9726105221377
-29.5095377792581,56.0033482270557
-29.5095377792581,56.0340859319738
-29.5095377792581,56.0648236368918
-29.5095377792581,56.0955613418098
-29.5095377792581,56.1262990467278
-29.5095377792581,56.1570367516459
-29.5095377792581,56.1877744565639
-29.5095377792581,56.2185121614819
-29.5095377792581,56.2492498663999
-29.5095377792581,56.279987571318
-29.5095377792581,56.310725276236
-29.5095377792581,56.341462981154
-29.5095377792581,56.372200686072
-29.5095377792581,56.4029383909901
-29.5095377792581,56.4336760959081
-29.5095377792581,56.4644138008261
-29.5095377792581,56.4951515057441
-29.5095377792581,56.5258892106622
-29.5095377792581,56.5566269155802
-29.5095377792581,56.5873646204982
-29.5095377792581,56.6181023254162
-29.5095377792581,56.6488400303343
-29.5095377792581,56.6795777352523
-29.5095377792581,56.7103154401703
-29.5095377792581,56.7410531450883
-29.5095377792581,56.7717908500064
-29.5095377792581,56.8025285549244
-29.5095377792581,56.8332662598424
-29.5095377792581,56.8640039647604
-29.5095377792581,56.8947416696785
-29.5095377792581,56.9254793745965
-29.5095377792581,56.9562170795145
-29.5095377792581,56.9869547844325
-29.5095377792581,57.0176924893506
-29.5095377792581,57.0484301942686
-29.5095377792581,57.0791678991866
-29.5095377792581,57.1099056041046
-29.5095377792581,57.1406433090226
-29.5095377792581,57.1713810139407
-29.5095377792581,57.2021187188587
-29.5095377792581,57.2328564237767
-29.5095377792581,57.2635941286947
-29.5095377792581,57.2943318336128
-29.5095377792581,57.3250695385308
-29.5095377792581,57.3558072434488
-29.5095377792581,57.3865449483668
-29.5095377792581,57.4172826532849
-29.5095377792581,57.4480203582029
-29.5095377792581,57.4787580631209
-29.5095377792581,57.5094957680389
-29.5095377792581,57.540233472957
-29.5095377792581,57.570971177875
-29.5095377792581,57.601708882793
-29.5095377792581,57.632446587711
-29.5095377792581,57.6631842926291
-29.5095377792581,57.6939219975471
-29.5095377792581,57.7246597024651
-29.5095377792581,57.7553974073831
-29.5095377792581,57.7861351123012
-29.5095377792581,57.8168728172192
-29.5095377792581,57.8476105221372
-29.5095377792581,57.8783482270552
-29.5095377792581,57.9090859319733
-29.5095377792581,57.9398236368913
-29.5095377792581,57.9705613418093
-29.5095377792581,58.0012990467273
-29.5095377792581,58.0320367516454
-29.5095377792581,58.0627744565634
-29.5095377792581,58.0935121614814
-29.5095377792581,58.1242498663994
-29.5095377792581,58.1549875713175
-29.5095377792581,58.1857252762355
-29.5095377792581,58.2164629811535
-29.5095377792581,58.2472006860715
-29.5095377792581,58.2779383909896
-29.5095377792581,58.3086760959076
-29.5095377792581,58.3394138008256
-29.5095377792581,58.3701515057436
-29.5095377792581,58.4008892106617
-29.5095377792581,58.4316269155797
-29.5095377792581,58.4623646204977
-29.5095377792581,58.4931023254157
-29.5095377792581,58.5238400303338
-29.5095377792581,58.5545777352518
-29.5095377792581,58.5853154401698
-29.5095377792581,58.6160531450878
-29.5095377792581,58.6467908500059
-29.5095377792581,58.6775285549239
-29.5095377792581,58.7082662598419
-29.5095377792581,58.7390039647599
-29.5095377792581,58.769741669678
-29.5095377792581,58.800479374596
-29.5095377792581,58.831217079514
-29.5095377792581,58.861954784432
-29.5095377792581,58.8926924893501
-29.5095377792581,58.9234301942681
-29.5095377792581,58.9541678991861
-29.5095377792581,58.9849056041041
-29.5095377792581,59.0156433090222
-29.5095377792581,59.0463810139402
-29.5095377792581,59.0771187188582
-29.5095377792581,59.1078564237762
-29.5095377792581,59.1385941286943
-29.5095377792581,59.1693318336123
-29.5095377792581,59.2000695385303
-29.5095377792581,59.2308072434483
-29.5095377792581,59.2615449483663
-29.5095377792581,59.2922826532844
-29.5095377792581,59.3230203582024
-29.5095377792581,59.3537580631204
-29.5095377792581,59.3844957680384
-29.5095377792581,59.4152334729565
-29.5095377792581,59.4459711778745
-29.5095377792581,59.4767088827925
-29.5095377792581,59.5074465877105
-29.5095377792581,59.5381842926286
-29.5095377792581,59.5689219975466
-29.5095377792581,59.5996597024646
-29.5095377792581,59.6303974073826
-29.5095377792581,59.6611351123007
-29.5095377792581,59.6918728172187
-29.5095377792581,59.7226105221367
-29.5095377792581,59.7533482270547
-29.5095377792581,59.7840859319728
-29.5095377792581,59.8148236368908
-29.5095377792581,59.8455613418088
-29.5095377792581,59.8762990467268
-29.5095377792581,59.9070367516449
-29.5095377792581,59.9377744565629
-29.5095377792581,59.9685121614809
-29.5095377792581,59.9992498663989
-29.5095377792581,60.029987571317
-29.5095377792581,60.060725276235
-29.5095377792581,60.091462981153
-29.5095377792581,60.122200686071
-29.5095377792581,60.1529383909891
-29.5095377792581,60.1836760959071
-29.5095377792581,60.2144138008251
-29.5095377792581,60.2451515057431
-29.5095377792581,60.2758892106612
-29.5095377792581,60.3066269155792
-29.5095377792581,60.3373646204972
-29.5095377792581,60.3681023254152
-29.5095377792581,60.3988400303333
-29.5095377792581,60.4295777352513
-29.5095377792581,60.4603154401693
-29.5095377792581,60.4910531450873
-29.5095377792581,60.5217908500054
-29.5095377792581,60.5525285549234
-29.5095377792581,60.5832662598414
-29.5095377792581,60.6140039647594
-29.5095377792581,60.6447416696775
-29.5095377792581,60.6754793745955
-29.5095377792581,60.7062170795135
-29.5095377792581,60.7369547844315
-29.5095377792581,60.7676924893496
-29.5095377792581,60.7984301942676
-29.5095377792581,60.8291678991856
-29.5095377792581,60.8599056041036
-29.5095377792581,60.8906433090217
-29.5095377792581,60.9213810139397
-29.5095377792581,60.9521187188577
-29.5095377792581,60.9828564237757
-29.5095377792581,61.0135941286938
-29.5095377792581,61.0443318336118
-29.5095377792581,61.0750695385298
-29.5095377792581,61.1058072434478
-29.5095377792581,61.1365449483659
-29.5095377792581,61.1672826532839
-29.5095377792581,61.1980203582019
-29.5095377792581,61.2287580631199
-29.5095377792581,61.259495768038
-29.5095377792581,61.290233472956
-29.5095377792581,61.320971177874
-29.5095377792581,61.351708882792
-29.5095377792581,61.38244658771
-29.5095377792581,61.4131842926281
-29.5095377792581,61.4439219975461
-29.5095377792581,61.4746597024641
-29.5095377792581,61.5053974073821
-29.5095377792581,61.5361351123002
-29.5095377792581,61.5668728172182
-29.5095377792581,61.5976105221362
-29.5095377792581,61.6283482270542
-29.5095377792581,61.6590859319723
-29.5095377792581,61.6898236368903
-29.5095377792581,61.7205613418083
-29.5095377792581,61.7512990467263
-29.5095377792581,61.7820367516444
-29.5095377792581,61.8127744565624
-29.5095377792581,61.8435121614804
-29.5095377792581,61.8742498663984
-29.5095377792581,61.9049875713165
-29.5095377792581,61.9357252762345
-29.5095377792581,61.9664629811525
-29.5095377792581,61.9972006860705
-29.5095377792581,62.0279383909886
-29.5095377792581,62.0586760959066
-29.5095377792581,62.0894138008246
-29.5095377792581,62.1201515057426
-29.5095377792581,62.1508892106607
-29.5095377792581,62.1816269155787
-29.5095377792581,62.2123646204967
-29.5095377792581,62.2431023254147
-29.5095377792581,62.2738400303328
-29.5095377792581,62.3045777352508
-29.5095377792581,62.3353154401688
-29.5095377792581,62.3660531450868
-29.5095377792581,62.3967908500049
-29.5095377792581,62.4275285549229
-29.5095377792581,62.4582662598409
-29.5095377792581,62.4890039647589
-29.5095377792581,62.519741669677
-29.5095377792581,62.550479374595
-29.5095377792581,62.581217079513
-29.5095377792581,62.611954784431
-29.5095377792581,62.6426924893491
-29.5095377792581,62.6734301942671
-29.5095377792581,62.7041678991851
-29.5095377792581,62.7349056041031
-29.5095377792581,62.7656433090212
-29.5095377792581,62.7963810139392
-29.5095377792581,62.8271187188572
-29.5095377792581,62.8578564237752
-29.5095377792581,62.8885941286933
-29.5095377792581,62.9193318336113
-29.5095377792581,62.9500695385293
-29.5095377792581,62.9808072434473
-29.5095377792581,63.0115449483654
-29.5095377792581,63.0422826532834
-29.5095377792581,63.0730203582014
-29.5095377792581,63.1037580631194
-29.5095377792581,63.1344957680375
-29.5095377792581,63.1652334729555
-29.5095377792581,63.1959711778735
-29.5095377792581,63.2267088827915
-29.5095377792581,63.2574465877096
-29.5095377792581,63.2881842926276
-29.5095377792581,63.3189219975456
-29.5095377792581,63.3496597024636
-29.5095377792581,63.3803974073817
-29.5095377792581,63.4111351122997
-29.5095377792581,63.4418728172177
-29.5095377792581,63.4726105221357
-29.5095377792581,63.5033482270537
-29.5095377792581,63.5340859319718
-29.5095377792581,63.5648236368898
-29.5095377792581,63.5955613418078
-29.5095377792581,63.6262990467258
-29.5095377792581,63.6570367516439
-29.5095377792581,63.6877744565619
-29.5095377792581,63.7185121614799
-29.5095377792581,63.7492498663979
-29.5095377792581,63.779987571316
-29.5095377792581,63.810725276234
-29.5095377792581,63.841462981152
-29.5095377792581,63.87220068607
-29.5095377792581,63.9029383909881
-29.5095377792581,63.9336760959061
-29.5095377792581,63.9644138008241
-29.5095377792581,63.9951515057421
-29.5095377792581,64.0258892106602
-29.5095377792581,64.0566269155782
-29.5095377792581,64.0873646204962
-29.5095377792581,64.1181023254142
-29.5095377792581,64.1488400303323
-29.5095377792581,64.1795777352503
-29.5095377792581,64.2103154401683
-29.5095377792581,64.2410531450863
-29.5095377792581,64.2717908500044
-29.5095377792581,64.3025285549224
-29.5095377792581,64.3332662598404
-29.5095377792581,64.3640039647584
-29.5095377792581,64.3947416696765
-29.5095377792581,64.4254793745945
-29.5095377792581,64.4562170795125
-29.5095377792581,64.4869547844305
-29.5095377792581,64.5176924893486
-29.5095377792581,64.5484301942666
-29.5095377792581,64.5791678991846
-29.5095377792581,64.6099056041026
-29.5095377792581,64.6406433090207
-29.5095377792581,64.6713810139387
-29.5095377792581,64.7021187188567
-29.5095377792581,64.7328564237747
-29.5095377792581,64.7635941286928
-29.5095377792581,64.7943318336108
-29.5095377792581,64.8250695385288
-29.5095377792581,64.8558072434468
-29.5095377792581,64.8865449483649
-29.5095377792581,64.9172826532829
-29.5095377792581,64.9480203582009
-29.5095377792581,64.9787580631189
-29.5095377792581,65.009495768037
-29.5095377792581,65.040233472955
-29.5095377792581,65.070971177873
-29.5095377792581,65.101708882791
-29.5095377792581,65.1324465877091
-29.5095377792581,65.1631842926271
-29.5095377792581,65.1939219975451
-29.5095377792581,65.2246597024631
-29.5095377792581,65.2553974073812
-29.5095377792581,65.2861351122992
-29.5095377792581,65.3168728172172
-29.5095377792581,65.3476105221352
-29.5095377792581,65.3783482270533
-29.5095377792581,65.4090859319713
-29.5095377792581,65.4398236368893
-29.5095377792581,65.4705613418073
-29.5095377792581,65.5012990467254
-29.5095377792581,65.5320367516434
-29.5095377792581,65.5627744565614
-29.5095377792581,65.5935121614794
-29.5095377792581,65.6242498663974
-29.5095377792581,65.6549875713155
-29.5095377792581,65.6857252762335
-29.5095377792581,65.7164629811515
-29.5095377792581,65.7472006860695
-29.5095377792581,65.7779383909876
-29.5095377792581,65.8086760959056
-29.5095377792581,65.8394138008236
-29.5095377792581,65.8701515057416
-29.5095377792581,65.9008892106597
-29.5095377792581,65.9316269155777
-29.5095377792581,65.9623646204957
-29.5095377792581,65.9931023254137
-29.5095377792581,66.0238400303318
-29.5095377792581,66.0545777352498
-29.5095377792581,66.0853154401678
-29.5095377792581,66.1160531450858
-29.5095377792581,66.1467908500039
-29.5095377792581,66.1775285549219
-29.5095377792581,66.2082662598399
-29.5095377792581,66.2390039647579
-29.5095377792581,66.269741669676
-29.5095377792581,66.300479374594
-29.5095377792581,66.331217079512
-29.5095377792581,66.36195478443
-29.5095377792581,66.3926924893481
-29.5095377792581,66.4234301942661
-29.5095377792581,66.4541678991841
-29.5095377792581,66.4849056041021
-29.5095377792581,66.5156433090202
-29.5095377792581,66.5463810139382
-29.5095377792581,66.5771187188562
-29.5095377792581,66.6078564237742
-29.5095377792581,66.6385941286923
-29.5095377792581,66.6693318336103
-29.5095377792581,66.7000695385283
-29.5095377792581,66.7308072434463
-29.5095377792581,66.7615449483644
-29.5095377792581,66.7922826532824
-29.5095377792581,66.8230203582004
-29.5095377792581,66.8537580631184
-29.5095377792581,66.8844957680365
-29.5095377792581,66.9152334729545
-29.5095377792581,66.9459711778725
-29.5095377792581,66.9767088827905
-29.5095377792581,67.0074465877086
-29.5095377792581,67.0381842926266
-29.5095377792581,67.0689219975446
-29.5095377792581,67.0996597024626
-29.5095377792581,67.1303974073807
-29.5095377792581,67.1611351122987
-29.5095377792581,67.1918728172167
-29.5095377792581,67.2226105221347
-29.5095377792581,67.2533482270528
-29.5095377792581,67.2840859319708
-29.5095377792581,67.3148236368888
-29.5095377792581,67.3455613418068
-29.5095377792581,67.3762990467249
-29.5095377792581,67.4070367516429
-29.5095377792581,67.4377744565609
-29.5095377792581,67.4685121614789
-29.5095377792581,67.499249866397
-29.5095377792581,67.529987571315
-29.5095377792581,67.560725276233
-29.5095377792581,67.591462981151
-29.5095377792581,67.622200686069
-29.5095377792581,67.6529383909871
-29.5095377792581,67.6836760959051
-29.5095377792581,67.7144138008231
-29.5095377792581,67.7451515057411
-29.5095377792581,67.7758892106592
-29.5095377792581,67.8066269155772
-29.5095377792581,67.8373646204952
-29.5095377792581,67.8681023254132
-29.5095377792581,67.8988400303313
-29.5095377792581,67.9295777352493
-29.5095377792581,67.9603154401673
-29.5095377792581,67.9910531450853
-29.5095377792581,68.0217908500034
-29.5095377792581,68.0525285549214
-29.5095377792581,68.0832662598394
-29.5095377792581,68.1140039647574
-29.5095377792581,68.1447416696755
-29.5095377792581,68.1754793745935
-29.5095377792581,68.2062170795115
-29.5095377792581,68.2369547844295
-29.5095377792581,68.2676924893476
-29.5095377792581,68.2984301942656
-29.5095377792581,68.3291678991836
-29.5095377792581,68.3599056041016
-29.5095377792581,68.3906433090197
-29.5095377792581,68.4213810139377
-29.5095377792581,68.4521187188557
-29.5095377792581,68.4828564237737
-29.5095377792581,68.5135941286918
-29.5095377792581,68.5443318336098
-29.5095377792581,68.5750695385278
-29.5095377792581,68.6058072434458
-29.5095377792581,68.6365449483639
-29.5095377792581,68.6672826532819
-29.5095377792581,68.6980203581999
-29.5095377792581,68.7287580631179
-29.5095377792581,68.759495768036
-29.5095377792581,68.790233472954
-29.5095377792581,68.820971177872
-29.5095377792581,68.85170888279
-29.5095377792581,68.8824465877081
-29.5095377792581,68.9131842926261
-29.5095377792581,68.9439219975441
-29.5095377792581,68.9746597024621
-29.5095377792581,69.0053974073802
-29.5095377792581,69.0361351122982
-29.5095377792581,69.0668728172162
-29.5095377792581,69.0976105221342
-29.5095377792581,69.1283482270523
-29.5095377792581,69.1590859319703
-29.5095377792581,69.1898236368883
-29.5095377792581,69.2205613418063
-29.5095377792581,69.2512990467244
-29.5095377792581,69.2820367516424
-29.5095377792581,69.3127744565604
-29.5095377792581,69.3435121614784
-29.5095377792581,69.3742498663965
-29.5095377792581,69.4049875713145
-29.5095377792581,69.4357252762325
-29.5095377792581,69.4664629811505
-29.5095377792581,69.4972006860686
-29.5095377792581,69.5279383909866
-29.5095377792581,69.5586760959046
-29.5095377792581,69.5894138008226
-29.5095377792581,69.6201515057407
-29.5095377792581,69.6508892106587
-29.5095377792581,69.6816269155767
-29.5095377792581,69.7123646204947
-29.5095377792581,69.7431023254127
-29.5095377792581,69.7738400303308
-29.5095377792581,69.8045777352488
-29.5095377792581,69.8353154401668
-29.5095377792581,69.8660531450848
-29.5095377792581,69.8967908500029
-29.5095377792581,69.9275285549209
-29.5095377792581,69.9582662598389
-29.5095377792581,69.9890039647569
-29.5095377792581,70.019741669675
-29.5095377792581,70.050479374593
-29.5095377792581,70.081217079511
-29.5095377792581,70.111954784429
-29.5095377792581,70.1426924893471
-29.5095377792581,70.1734301942651
-29.5095377792581,70.2041678991831
-29.5095377792581,70.2349056041011
-29.5095377792581,70.2656433090192
-29.5095377792581,70.2963810139372
-29.5095377792581,70.3271187188552
-29.5095377792581,70.3578564237732
-29.5095377792581,70.3885941286913
-29.5095377792581,70.4193318336093
-29.5095377792581,70.4500695385273
-29.5095377792581,70.4808072434453
-29.5095377792581,70.5115449483634
-29.5095377792581,70.5422826532814
-29.5095377792581,70.5730203581994
-29.5095377792581,70.6037580631174
-29.5095377792581,70.6344957680355
-29.5095377792581,70.6652334729535
-29.5095377792581,70.6959711778715
-29.5095377792581,70.7267088827895
-29.5095377792581,70.7574465877076
-29.5095377792581,70.7881842926256
-29.5095377792581,70.8189219975436
-29.5095377792581,70.8496597024616
-29.5095377792581,70.8803974073797
-29.5095377792581,70.9111351122977
-29.5095377792581,70.9418728172157
-29.5095377792581,70.9726105221337
-29.5095377792581,71.0033482270518
-29.5095377792581,71.0340859319698
-29.5095377792581,71.0648236368878
-29.5095377792581,71.0955613418058
-29.5095377792581,71.1262990467239
-29.5095377792581,71.1570367516419
-29.5095377792581,71.1877744565599
-29.5095377792581,71.2185121614779
-29.5095377792581,71.249249866396
-29.5095377792581,71.279987571314
-29.5095377792581,71.310725276232
-29.5095377792581,71.34146298115
-29.5095377792581,71.3722006860681
-29.5095377792581,71.4029383909861
-29.5095377792581,71.4336760959041
-29.5095377792581,71.4644138008221
-29.5095377792581,71.4951515057402
-29.5095377792581,71.5258892106582
-29.5095377792581,71.5566269155762
-29.5095377792581,71.5873646204942
-29.5095377792581,71.6181023254123
-29.5095377792581,71.6488400303303
-29.5095377792581,71.6795777352483
-29.5095377792581,71.7103154401663
-29.5095377792581,71.7410531450844
-29.5095377792581,71.7717908500024
-29.5095377792581,71.8025285549204
-29.5095377792581,71.8332662598384
-29.5095377792581,71.8640039647564
-29.5095377792581,71.8947416696745
-29.5095377792581,71.9254793745925
-29.5095377792581,71.9562170795105
-29.5095377792581,71.9869547844285
-29.5095377792581,72.0176924893466
-29.5095377792581,72.0484301942646
-29.5095377792581,72.0791678991826
-29.5095377792581,72.1099056041006
-29.5095377792581,72.1406433090187
-29.5095377792581,72.1713810139367
-29.5095377792581,72.2021187188547
-29.5095377792581,72.2328564237727
-29.5095377792581,72.2635941286908
-29.5095377792581,72.2943318336088
-29.5095377792581,72.3250695385268
-29.5095377792581,72.3558072434448
-29.5095377792581,72.3865449483629
-29.5095377792581,72.4172826532809
-29.5095377792581,72.4480203581989
-29.5095377792581,72.4787580631169
-29.5095377792581,72.509495768035
-29.5095377792581,72.540233472953
-29.5095377792581,72.570971177871
-29.5095377792581,72.601708882789
-29.5095377792581,72.6324465877071
-29.5095377792581,72.6631842926251
-29.5095377792581,72.6939219975431
-29.5095377792581,72.7246597024611
-29.5095377792581,72.7553974073792
-29.5095377792581,72.7861351122972
-29.5095377792581,72.8168728172152
-29.5095377792581,72.8476105221332
-29.5095377792581,72.8783482270513
-29.5095377792581,72.9090859319693
-29.5095377792581,72.9398236368873
-29.5095377792581,72.9705613418053
-29.5095377792581,73.0012990467234
-29.5095377792581,73.0320367516414
-29.5095377792581,73.0627744565594
-29.5095377792581,73.0935121614774
-29.5095377792581,73.1242498663955
-29.5095377792581,73.1549875713135
-29.5095377792581,73.1857252762315
-29.5095377792581,73.2164629811495
-29.5095377792581,73.2472006860676
-29.5095377792581,73.2779383909856
-29.5095377792581,73.3086760959036
-29.5095377792581,73.3394138008216
-29.5095377792581,73.3701515057397
-29.5095377792581,73.4008892106577
-29.5095377792581,73.4316269155757
-29.5095377792581,73.4623646204937
-29.5095377792581,73.4931023254118
-29.5095377792581,73.5238400303298
-29.5095377792581,73.5545777352478
-29.5095377792581,73.5853154401658
-29.5095377792581,73.6160531450839
-29.5095377792581,73.6467908500019
-29.5095377792581,73.6775285549199
-29.5095377792581,73.7082662598379
-29.5095377792581,73.739003964756
-29.5095377792581,73.769741669674
-29.5095377792581,73.800479374592
-29.5095377792581,73.83121707951
-29.5095377792581,73.8619547844281
-29.5095377792581,73.8926924893461
-29.5095377792581,73.9234301942641
-29.5095377792581,73.9541678991821
-29.5095377792581,73.9849056041001
-29.5095377792581,74.0156433090182
-29.5095377792581,74.0463810139362
-29.5095377792581,74.0771187188542
-29.5095377792581,74.1078564237722
-29.5095377792581,74.1385941286903
-29.5095377792581,74.1693318336083
-29.5095377792581,74.2000695385263
-29.5095377792581,74.2308072434443
-29.5095377792581,74.2615449483624
-29.5095377792581,74.2922826532804
-29.5095377792581,74.3230203581984
-29.5095377792581,74.3537580631164
-29.5095377792581,74.3844957680345
-29.5095377792581,74.4152334729525
-29.5095377792581,74.4459711778705
-29.5095377792581,74.4767088827885
-29.5095377792581,74.5074465877066
-29.5095377792581,74.5381842926246
-29.5095377792581,74.5689219975426
-29.5095377792581,74.5996597024606
-29.5095377792581,74.6303974073787
-29.5095377792581,74.6611351122967
-29.5095377792581,74.6918728172147
-29.5095377792581,74.7226105221327
-29.5095377792581,74.7533482270508
-29.5095377792581,74.7840859319688
-29.5095377792581,74.8148236368868
-29.5095377792581,74.8455613418048
-29.5095377792581,74.8762990467229
-29.5095377792581,74.9070367516409
-29.5095377792581,74.9377744565589
-29.5095377792581,74.9685121614769
-29.5095377792581,74.999249866395
-29.5095377792581,75.029987571313
-29.5095377792581,75.060725276231
-29.5095377792581,75.091462981149
-29.5095377792581,75.1222006860671
-29.5095377792581,75.1529383909851
-29.5095377792581,75.1836760959031
-29.5095377792581,75.2144138008211
-29.5095377792581,75.2451515057392
-29.5095377792581,75.2758892106572
-29.5095377792581,75.3066269155752
-29.5095377792581,75.3373646204932
-29.5095377792581,75.3681023254113
-29.5095377792581,75.3988400303293
-29.5095377792581,75.4295777352473
-29.5095377792581,75.4603154401653
-29.5095377792581,75.4910531450834
-29.5095377792581,75.5217908500014
-29.5095377792581,75.5525285549194
-29.5095377792581,75.5832662598374
-29.5095377792581,75.6140039647555
-29.5095377792581,75.6447416696735
-29.5095377792581,75.6754793745915
-29.5095377792581,75.7062170795095
-29.5095377792581,75.7369547844276
-29.5095377792581,75.7676924893456
-29.5095377792581,75.7984301942636
-29.5095377792581,75.8291678991816
-29.5095377792581,75.8599056040997
-29.5095377792581,75.8906433090177
-29.5095377792581,75.9213810139357
-29.5095377792581,75.9521187188537
-29.5095377792581,75.9828564237718
-29.5095377792581,76.0135941286898
-29.5095377792581,76.0443318336078
-29.5095377792581,76.0750695385258
-29.5095377792581,76.1058072434438
-29.5095377792581,76.1365449483619
-29.5095377792581,76.1672826532799
-29.5095377792581,76.1980203581979
-29.5095377792581,76.2287580631159
-29.5095377792581,76.259495768034
-29.5095377792581,76.290233472952
-29.5095377792581,76.32097117787
-29.5095377792581,76.351708882788
-29.5095377792581,76.3824465877061
-29.5095377792581,76.4131842926241
-29.5095377792581,76.4439219975421
-29.5095377792581,76.4746597024601
-29.5095377792581,76.5053974073782
-29.5095377792581,76.5361351122962
-29.5095377792581,76.5668728172142
-29.5095377792581,76.5976105221322
-29.5095377792581,76.6283482270503
-29.5095377792581,76.6590859319683
-29.5095377792581,76.6898236368863
-29.5095377792581,76.7205613418043
-29.5095377792581,76.7512990467224
-29.5095377792581,76.7820367516404
-29.5095377792581,76.8127744565584
-29.5095377792581,76.8435121614764
-29.5095377792581,76.8742498663945
-29.5095377792581,76.9049875713125
-29.5095377792581,76.9357252762305
-29.5095377792581,76.9664629811485
-29.5095377792581,76.9972006860666
-29.5095377792581,77.0279383909846
-29.5095377792581,77.0586760959026
-29.5095377792581,77.0894138008206
-29.5095377792581,77.1201515057387
-29.5095377792581,77.1508892106567
-29.5095377792581,77.1816269155747
-29.5095377792581,77.2123646204927
-29.5095377792581,77.2431023254108
-29.5095377792581,77.2738400303288
-29.5095377792581,77.3045777352468
-29.5095377792581,77.3353154401648
-29.5095377792581,77.3660531450829
-29.5095377792581,77.3967908500009
-29.5095377792581,77.4275285549189
-29.5095377792581,77.4582662598369
-29.5095377792581,77.489003964755
-29.5095377792581,77.519741669673
-29.5095377792581,77.550479374591
-29.5095377792581,77.581217079509
-29.5095377792581,77.6119547844271
-29.5095377792581,77.6426924893451
-29.5095377792581,77.6734301942631
-29.5095377792581,77.7041678991811
-29.5095377792581,77.7349056040992
-29.5095377792581,77.7656433090172
-29.5095377792581,77.7963810139352
-29.5095377792581,77.8271187188532
-29.5095377792581,77.8578564237713
-29.5095377792581,77.8885941286893
-29.5095377792581,77.9193318336073
-29.5095377792581,77.9500695385253
-29.5095377792581,77.9808072434434
-29.5095377792581,78.0115449483614
-29.5095377792581,78.0422826532794
-29.5095377792581,78.0730203581974
-29.5095377792581,78.1037580631154
-29.5095377792581,78.1344957680335
-29.5095377792581,78.1652334729515
-29.5095377792581,78.1959711778695
-29.5095377792581,78.2267088827875
-29.5095377792581,78.2574465877056
-29.5095377792581,78.2881842926236
-29.5095377792581,78.3189219975416
-29.5095377792581,78.3496597024596
-29.5095377792581,78.3803974073777
-29.5095377792581,78.4111351122957
-29.5095377792581,78.4418728172137
-29.5095377792581,78.4726105221317
-29.5095377792581,78.5033482270498
-29.5095377792581,78.5340859319678
-29.5095377792581,78.5648236368858
-29.5095377792581,78.5955613418038
-29.5095377792581,78.6262990467219
-29.5095377792581,78.6570367516399
-29.5095377792581,78.6877744565579
-29.5095377792581,78.7185121614759
-29.5095377792581,78.749249866394
-29.5095377792581,78.779987571312
-29.5095377792581,78.81072527623
-29.5095377792581,78.841462981148
-29.5095377792581,78.8722006860661
-29.5095377792581,78.9029383909841
-29.5095377792581,78.9336760959021
-29.5095377792581,78.9644138008201
-29.5095377792581,78.9951515057382
-29.5095377792581,79.0258892106562
-29.5095377792581,79.0566269155742
-29.5095377792581,79.0873646204922
-29.5095377792581,79.1181023254103
-29.5095377792581,79.1488400303283
-29.5095377792581,79.1795777352463
-29.5095377792581,79.2103154401643
-29.5095377792581,79.2410531450824
-29.5095377792581,79.2717908500004
-29.5095377792581,79.3025285549184
-29.5095377792581,79.3332662598364
-29.5095377792581,79.3640039647545
-29.5095377792581,79.3947416696725
-29.5095377792581,79.4254793745905
-29.5095377792581,79.4562170795085
-29.5095377792581,79.4869547844266
-29.5095377792581,79.5176924893446
-29.5095377792581,79.5484301942626
-29.5095377792581,79.5791678991806
-29.5095377792581,79.6099056040987
-29.5095377792581,79.6406433090167
-29.5095377792581,79.6713810139347
-29.5095377792581,79.7021187188527
-29.5095377792581,79.7328564237708
-29.5095377792581,79.7635941286888
-29.5095377792581,79.7943318336068
-29.5095377792581,79.8250695385248
-29.5095377792581,79.8558072434429
-29.5095377792581,79.8865449483609
-29.5095377792581,79.9172826532789
-29.5095377792581,79.9480203581969
-29.5095377792581,79.978758063115
-29.5095377792581,80.009495768033
-29.5095377792581,80.040233472951
-29.5095377792581,80.070971177869
-29.5095377792581,80.1017088827871
-29.5095377792581,80.1324465877051
-29.5095377792581,80.1631842926231
-29.5095377792581,80.1939219975411
-29.5095377792581,80.2246597024591
-29.5095377792581,80.2553974073772
-29.5095377792581,80.2861351122952
-29.5095377792581,80.3168728172132
-29.5095377792581,80.3476105221312
-29.5095377792581,80.3783482270493
-29.5095377792581,80.4090859319673
-29.5095377792581,80.4398236368853
-29.5095377792581,80.4705613418033
-29.5095377792581,80.5012990467214
-29.5095377792581,80.5320367516394
-29.5095377792581,80.5627744565574
-29.5095377792581,80.5935121614754
-29.5095377792581,80.6242498663935
-29.5095377792581,80.6549875713115
-29.5095377792581,80.6857252762295
-29.5095377792581,80.7164629811475
-29.5095377792581,80.7472006860656
-29.5095377792581,80.7779383909836
-29.5095377792581,80.8086760959016
-29.5095377792581,80.8394138008196
-29.5095377792581,80.8701515057377
-29.5095377792581,80.9008892106557
-29.5095377792581,80.9316269155737
-29.5095377792581,80.9623646204917
-29.5095377792581,80.9931023254098
-29.5095377792581,81.0238400303278
-29.5095377792581,81.0545777352458
-29.5095377792581,81.0853154401638
-29.5095377792581,81.1160531450819
-29.5095377792581,81.1467908499999
-29.5095377792581,81.1775285549179
-29.5095377792581,81.2082662598359
-29.5095377792581,81.239003964754
-29.5095377792581,81.269741669672
-29.5095377792581,81.30047937459
-29.5095377792581,81.331217079508
-29.5095377792581,81.3619547844261
-29.5095377792581,81.3926924893441
-29.5095377792581,81.4234301942621
-29.5095377792581,81.4541678991801
-29.5095377792581,81.4849056040982
-29.5095377792581,81.5156433090162
-29.5095377792581,81.5463810139342
-29.5095377792581,81.5771187188522
-29.5095377792581,81.6078564237703
-29.5095377792581,81.6385941286883
-29.5095377792581,81.6693318336063
-29.5095377792581,81.7000695385243
-29.5095377792581,81.7308072434424
-29.5095377792581,81.7615449483604
-29.5095377792581,81.7922826532784
-29.5095377792581,81.8230203581964
-29.5095377792581,81.8537580631145
-29.5095377792581,81.8844957680325
-29.5095377792581,81.9152334729505
-29.5095377792581,81.9459711778685
-29.5095377792581,81.9767088827866
-29.5095377792581,82.0074465877046
-29.5095377792581,82.0381842926226
-29.5095377792581,82.0689219975406
-29.5095377792581,82.0996597024587
-29.5095377792581,82.1303974073767
-29.5095377792581,82.1611351122947
-29.5095377792581,82.1918728172127
-29.5095377792581,82.2226105221308
-29.5095377792581,82.2533482270488
-29.5095377792581,82.2840859319668
-29.5095377792581,82.3148236368848
-29.5095377792581,82.3455613418028
-29.5095377792581,82.3762990467209
-29.5095377792581,82.4070367516389
-29.5095377792581,82.4377744565569
-29.5095377792581,82.4685121614749
-29.5095377792581,82.499249866393
-29.5095377792581,82.529987571311
-29.5095377792581,82.560725276229
-29.5095377792581,82.591462981147
-29.5095377792581,82.6222006860651
-29.5095377792581,82.6529383909831
-29.5095377792581,82.6836760959011
-29.5095377792581,82.7144138008191
-29.5095377792581,82.7451515057372
-29.5095377792581,82.7758892106552
-29.5095377792581,82.8066269155732
-29.5095377792581,82.8373646204912
-29.5095377792581,82.8681023254093
-29.5095377792581,82.8988400303273
-29.5095377792581,82.9295777352453
-29.5095377792581,82.9603154401633
-29.5095377792581,82.9910531450814
-29.5095377792581,83.0217908499994
-29.5095377792581,83.0525285549174
-29.5095377792581,83.0832662598354
-29.5095377792581,83.1140039647535
-29.5095377792581,83.1447416696715
-29.5095377792581,83.1754793745895
-29.5095377792581,83.2062170795075
-29.5095377792581,83.2369547844256
-29.5095377792581,83.2676924893436
-29.5095377792581,83.2984301942616
-29.5095377792581,83.3291678991796
-29.5095377792581,83.3599056040977
-29.5095377792581,83.3906433090157
-29.5095377792581,83.4213810139337
-29.5095377792581,83.4521187188517
-29.5095377792581,83.4828564237698
-29.5095377792581,83.5135941286878
-29.5095377792581,83.5443318336058
-29.5095377792581,83.5750695385238
-29.5095377792581,83.6058072434419
-29.5095377792581,83.6365449483599
-29.5095377792581,83.6672826532779
-29.5095377792581,83.6980203581959
-29.5095377792581,83.728758063114
-29.5095377792581,83.759495768032
-29.5095377792581,83.79023347295
-29.5095377792581,83.820971177868
-29.5095377792581,83.8517088827861
-29.5095377792581,83.8824465877041
-29.5095377792581,83.9131842926221
-29.5095377792581,83.9439219975401
-29.5095377792581,83.9746597024582
-29.5095377792581,84.0053974073762
-29.5095377792581,84.0361351122942
-29.5095377792581,84.0668728172122
-29.5095377792581,84.0976105221303
-29.5095377792581,84.1283482270483
-29.5095377792581,84.1590859319663
-29.5095377792581,84.1898236368843
-29.5095377792581,84.2205613418024
-29.5095377792581,84.2512990467204
-29.5095377792581,84.2820367516384
-29.5095377792581,84.3127744565564
-29.5095377792581,84.3435121614745
-29.5095377792581,84.3742498663925
-29.5095377792581,84.4049875713105
-29.5095377792581,84.4357252762285
-29.5095377792581,84.4664629811465
-29.5095377792581,84.4972006860646
-29.5095377792581,84.5279383909826
-29.5095377792581,84.5586760959006
-29.5095377792581,84.5894138008186
-29.5095377792581,84.6201515057367
-29.5095377792581,84.6508892106547
-29.5095377792581,84.6816269155727
-29.5095377792581,84.7123646204907
-29.5095377792581,84.7431023254088
-29.5095377792581,84.7738400303268
-29.5095377792581,84.8045777352448
-29.5095377792581,84.8353154401628
-29.5095377792581,84.8660531450809
-29.5095377792581,84.8967908499989
-29.5095377792581,84.9275285549169
-29.5095377792581,84.9582662598349
-29.5095377792581,84.989003964753
-29.5095377792581,85.019741669671
-29.5095377792581,85.050479374589
-29.5095377792581,85.081217079507
-29.5095377792581,85.1119547844251
-29.5095377792581,85.1426924893431
-29.5095377792581,85.1734301942611
-29.5095377792581,85.2041678991791
-29.5095377792581,85.2349056040972
-29.5095377792581,85.2656433090152
-29.5095377792581,85.2963810139332
-29.5095377792581,85.3271187188512
-29.5095377792581,85.3578564237693
-29.5095377792581,85.3885941286873
-29.5095377792581,85.4193318336053
-29.5095377792581,85.4500695385233
-29.5095377792581,85.4808072434414
-29.5095377792581,85.5115449483594
-29.5095377792581,85.5422826532774
-29.5095377792581,85.5730203581954
-29.5095377792581,85.6037580631135
-29.5095377792581,85.6344957680315
-29.5095377792581,85.6652334729495
-29.5095377792581,85.6959711778675
-29.5095377792581,85.7267088827856
-29.5095377792581,85.7574465877036
-29.5095377792581,85.7881842926216
-29.5095377792581,85.8189219975396
-29.5095377792581,85.8496597024577
-29.5095377792581,85.8803974073757
-29.5095377792581,85.9111351122937
-29.5095377792581,85.9418728172117
-29.5095377792581,85.9726105221298
-29.5095377792581,86.0033482270478
-29.5095377792581,86.0340859319658
-29.5095377792581,86.0648236368838
-29.5095377792581,86.0955613418019
-29.5095377792581,86.1262990467199
-29.5095377792581,86.1570367516379
-29.5095377792581,86.1877744565559
-29.5095377792581,86.218512161474
-29.5095377792581,86.249249866392
-29.5095377792581,86.27998757131
-29.5095377792581,86.310725276228
-29.5095377792581,86.3414629811461
-29.5095377792581,86.3722006860641
-29.5095377792581,86.4029383909821
-29.5095377792581,86.4336760959001
-29.5095377792581,86.4644138008181
-29.5095377792581,86.4951515057362
-29.5095377792581,86.5258892106542
-29.5095377792581,86.5566269155722
-29.5095377792581,86.5873646204902
-29.5095377792581,86.6181023254083
-29.5095377792581,86.6488400303263
-29.5095377792581,86.6795777352443
-29.5095377792581,86.7103154401623
-29.5095377792581,86.7410531450804
-29.5095377792581,86.7717908499984
-29.5095377792581,86.8025285549164
-29.5095377792581,86.8332662598344
-29.5095377792581,86.8640039647525
-29.5095377792581,86.8947416696705
-29.5095377792581,86.9254793745885
-29.5095377792581,86.9562170795065
-29.5095377792581,86.9869547844246
-29.5095377792581,87.0176924893426
-29.5095377792581,87.0484301942606
-29.5095377792581,87.0791678991786
-29.5095377792581,87.1099056040967
-29.5095377792581,87.1406433090147
-29.5095377792581,87.1713810139327
-29.5095377792581,87.2021187188507
-29.5095377792581,87.2328564237688
-29.5095377792581,87.2635941286868
-29.5095377792581,87.2943318336048
-29.5095377792581,87.3250695385228
-29.5095377792581,87.3558072434409
-29.5095377792581,87.3865449483589
-29.5095377792581,87.4172826532769
-29.5095377792581,87.4480203581949
-29.5095377792581,87.478758063113
-29.5095377792581,87.509495768031
-29.5095377792581,87.540233472949
-29.5095377792581,87.570971177867
-29.5095377792581,87.6017088827851
-29.5095377792581,87.6324465877031
-29.5095377792581,87.6631842926211
-29.5095377792581,87.6939219975391
-29.5095377792581,87.7246597024572
-29.5095377792581,87.7553974073752
-29.5095377792581,87.7861351122932
-29.5095377792581,87.8168728172112
-29.5095377792581,87.8476105221293
-29.5095377792581,87.8783482270473
-29.5095377792581,87.9090859319653
-29.5095377792581,87.9398236368833
-29.5095377792581,87.9705613418014
-29.5095377792581,88.0012990467194
-29.5095377792581,88.0320367516374
-29.5095377792581,88.0627744565554
-29.5095377792581,88.0935121614735
-29.5095377792581,88.1242498663915
-29.5095377792581,88.1549875713095
-29.5095377792581,88.1857252762275
-29.5095377792581,88.2164629811456
-29.5095377792581,88.2472006860636
-29.5095377792581,88.2779383909816
-29.5095377792581,88.3086760958996
-29.5095377792581,88.3394138008177
-29.5095377792581,88.3701515057357
-29.5095377792581,88.4008892106537
-29.5095377792581,88.4316269155717
-29.5095377792581,88.4623646204898
-29.5095377792581,88.4931023254078
-29.5095377792581,88.5238400303258
-29.5095377792581,88.5545777352438
-29.5095377792581,88.5853154401618
-29.5095377792581,88.6160531450799
-29.5095377792581,88.6467908499979
-29.5095377792581,88.6775285549159
-29.5095377792581,88.7082662598339
-29.5095377792581,88.739003964752
-29.5095377792581,88.76974166967
-29.5095377792581,88.800479374588
-29.5095377792581,88.831217079506
-29.5095377792581,88.8619547844241
-29.5095377792581,88.8926924893421
-29.5095377792581,88.9234301942601
-29.5095377792581,88.9541678991781
-29.5095377792581,88.9849056040962
-29.5095377792581,89.0156433090142
-29.5095377792581,89.0463810139322
-29.5095377792581,89.0771187188502
-29.5095377792581,89.1078564237683
-29.5095377792581,89.1385941286863
-29.5095377792581,89.1693318336043
-29.5095377792581,89.2000695385223
-29.5095377792581,89.2308072434404
-29.5095377792581,89.2615449483584
-29.5095377792581,89.2922826532764
-29.5095377792581,89.3230203581944
-29.5095377792581,89.3537580631125
-29.5095377792581,89.3844957680305
-29.5095377792581,89.4152334729485
-29.5095377792581,89.4459711778665
-29.5095377792581,89.4767088827846
-29.5095377792581,89.5074465877026
-29.5095377792581,89.5381842926206
-29.5095377792581,89.5689219975386
-29.5095377792581,89.5996597024567
-29.5095377792581,89.6303974073747
-29.5095377792581,89.6611351122927
-29.5095377792581,89.6918728172107
-29.5095377792581,89.7226105221288
-29.5095377792581,89.7533482270468
-29.5095377792581,89.7840859319648
-29.5095377792581,89.8148236368828
-29.5095377792581,89.8455613418009
-29.5095377792581,89.8762990467189
-29.5095377792581,89.9070367516369
-29.5095377792581,89.9377744565549
-29.5095377792581,89.968512161473
-29.5095377792581,89.999249866391
-29.5095377792581,90.029987571309
-29.5095377792581,90.060725276227
-29.5095377792581,90.0914629811451
-29.5095377792581,90.1222006860631
-29.5095377792581,90.1529383909811
-29.5095377792581,90.1836760958991
-29.5095377792581,90.2144138008172
-29.5095377792581,90.2451515057352
-29.5095377792581,90.2758892106532
-29.5095377792581,90.3066269155712
-29.5095377792581,90.3373646204893
-29.5095377792581,90.3681023254073
-29.5095377792581,90.3988400303253
-29.5095377792581,90.4295777352433
-29.5095377792581,90.4603154401614
-29.5095377792581,90.4910531450794
-29.5095377792581,90.5217908499974
-29.5095377792581,90.5525285549154
-29.5095377792581,90.5832662598335
-29.5095377792581,90.6140039647515
-29.5095377792581,90.6447416696695
-29.5095377792581,90.6754793745875
-29.5095377792581,90.7062170795055
-29.5095377792581,90.7369547844236
-29.5095377792581,90.7676924893416
-29.5095377792581,90.7984301942596
-29.5095377792581,90.8291678991776
-29.5095377792581,90.8599056040957
-29.5095377792581,90.8906433090137
-29.5095377792581,90.9213810139317
-29.5095377792581,90.9521187188497
-29.5095377792581,90.9828564237678
-29.5095377792581,91.0135941286858
-29.5095377792581,91.0443318336038
-29.5095377792581,91.0750695385218
-29.5095377792581,91.1058072434399
-29.5095377792581,91.1365449483579
-29.5095377792581,91.1672826532759
-29.5095377792581,91.1980203581939
-29.5095377792581,91.228758063112
-29.5095377792581,91.25949576803
-29.5095377792581,91.290233472948
-29.5095377792581,91.320971177866
-29.5095377792581,91.3517088827841
-29.5095377792581,91.3824465877021
-29.5095377792581,91.4131842926201
-29.5095377792581,91.4439219975381
-29.5095377792581,91.4746597024562
-29.5095377792581,91.5053974073742
-29.5095377792581,91.5361351122922
-29.5095377792581,91.5668728172102
-29.5095377792581,91.5976105221283
-29.5095377792581,91.6283482270463
-29.5095377792581,91.6590859319643
-29.5095377792581,91.6898236368823
-29.5095377792581,91.7205613418004
-29.5095377792581,91.7512990467184
-29.5095377792581,91.7820367516364
-29.5095377792581,91.8127744565544
-29.5095377792581,91.8435121614725
-29.5095377792581,91.8742498663905
-29.5095377792581,91.9049875713085
-29.5095377792581,91.9357252762265
-29.5095377792581,91.9664629811446
-29.5095377792581,91.9972006860626
-29.5095377792581,92.0279383909806
-29.5095377792581,92.0586760958986
-29.5095377792581,92.0894138008167
-29.5095377792581,92.1201515057347
-29.5095377792581,92.1508892106527
-29.5095377792581,92.1816269155707
-29.5095377792581,92.2123646204888
-29.5095377792581,92.2431023254068
-29.5095377792581,92.2738400303248
-29.5095377792581,92.3045777352428
-29.5095377792581,92.3353154401609
-29.5095377792581,92.3660531450789
-29.5095377792581,92.3967908499969
-29.5095377792581,92.4275285549149
-29.5095377792581,92.458266259833
-29.5095377792581,92.489003964751
-29.5095377792581,92.519741669669
-29.5095377792581,92.550479374587
-29.5095377792581,92.5812170795051
-29.5095377792581,92.6119547844231
-29.5095377792581,92.6426924893411
-29.5095377792581,92.6734301942591
-29.5095377792581,92.7041678991772
-29.5095377792581,92.7349056040952
-29.5095377792581,92.7656433090132
-29.5095377792581,92.7963810139312
-29.5095377792581,92.8271187188492
-29.5095377792581,92.8578564237673
-29.5095377792581,92.8885941286853
-29.5095377792581,92.9193318336033
-29.5095377792581,92.9500695385213
-29.5095377792581,92.9808072434394
-29.5095377792581,93.0115449483574
-29.5095377792581,93.0422826532754
-29.5095377792581,93.0730203581934
-29.5095377792581,93.1037580631115
-29.5095377792581,93.1344957680295
-29.5095377792581,93.1652334729475
-29.5095377792581,93.1959711778655
-29.5095377792581,93.2267088827836
-29.5095377792581,93.2574465877016
-29.5095377792581,93.2881842926196
-29.5095377792581,93.3189219975376
-29.5095377792581,93.3496597024557
-29.5095377792581,93.3803974073737
-29.5095377792581,93.4111351122917
-29.5095377792581,93.4418728172097
-29.5095377792581,93.4726105221278
-29.5095377792581,93.5033482270458
-29.5095377792581,93.5340859319638
-29.5095377792581,93.5648236368818
-29.5095377792581,93.5955613417999
-29.5095377792581,93.6262990467179
-29.5095377792581,93.6570367516359
-29.5095377792581,93.6877744565539
-29.5095377792581,93.718512161472
-29.5095377792581,93.74924986639
-29.5095377792581,93.779987571308
-29.5095377792581,93.810725276226
-29.5095377792581,93.8414629811441
-29.5095377792581,93.8722006860621
-29.5095377792581,93.9029383909801
-29.5095377792581,93.9336760958981
-29.5095377792581,93.9644138008162
-29.5095377792581,93.9951515057342
-29.5095377792581,94.0258892106522
-29.5095377792581,94.0566269155702
-29.5095377792581,94.0873646204883
-29.5095377792581,94.1181023254063
-29.5095377792581,94.1488400303243
-29.5095377792581,94.1795777352423
-29.5095377792581,94.2103154401604
-29.5095377792581,94.2410531450784
-29.5095377792581,94.2717908499964
-29.5095377792581,94.3025285549144
-29.5095377792581,94.3332662598325
-29.5095377792581,94.3640039647505
-29.5095377792581,94.3947416696685
-29.5095377792581,94.4254793745865
-29.5095377792581,94.4562170795046
-29.5095377792581,94.4869547844226
-29.5095377792581,94.5176924893406
-29.5095377792581,94.5484301942586
-29.5095377792581,94.5791678991767
-29.5095377792581,94.6099056040947
-29.5095377792581,94.6406433090127
-29.5095377792581,94.6713810139307
-29.5095377792581,94.7021187188488
-29.5095377792581,94.7328564237668
-29.5095377792581,94.7635941286848
-29.5095377792581,94.7943318336028
-29.5095377792581,94.8250695385209
-29.5095377792581,94.8558072434389
-29.5095377792581,94.8865449483569
-29.5095377792581,94.9172826532749
-29.5095377792581,94.9480203581929
-29.5095377792581,94.978758063111
-29.5095377792581,95.009495768029
-29.5095377792581,95.040233472947
-29.5095377792581,95.070971177865
-29.5095377792581,95.1017088827831
-29.5095377792581,95.1324465877011
-29.5095377792581,95.1631842926191
-29.5095377792581,95.1939219975371
-29.5095377792581,95.2246597024552
-29.5095377792581,95.2553974073732
-29.5095377792581,95.2861351122912
-29.5095377792581,95.3168728172092
-29.5095377792581,95.3476105221273
-29.5095377792581,95.3783482270453
-29.5095377792581,95.4090859319633
-29.5095377792581,95.4398236368813
-29.5095377792581,95.4705613417994
-29.5095377792581,95.5012990467174
-29.5095377792581,95.5320367516354
-29.5095377792581,95.5627744565534
-29.5095377792581,95.5935121614715
-29.5095377792581,95.6242498663895
-29.5095377792581,95.6549875713075
-29.5095377792581,95.6857252762255
-29.5095377792581,95.7164629811436
-29.5095377792581,95.7472006860616
-29.5095377792581,95.7779383909796
-29.5095377792581,95.8086760958976
-29.5095377792581,95.8394138008157
-29.5095377792581,95.8701515057337
-29.5095377792581,95.9008892106517
-29.5095377792581,95.9316269155697
-29.5095377792581,95.9623646204878
-29.5095377792581,95.9931023254058
-29.5095377792581,96.0238400303238
-29.5095377792581,96.0545777352418
-29.5095377792581,96.0853154401599
-29.5095377792581,96.1160531450779
-29.5095377792581,96.1467908499959
-29.5095377792581,96.1775285549139
-29.5095377792581,96.208266259832
-29.5095377792581,96.23900396475
-29.5095377792581,96.269741669668
-29.5095377792581,96.300479374586
-29.5095377792581,96.3312170795041
-29.5095377792581,96.3619547844221
-29.5095377792581,96.3926924893401
-29.5095377792581,96.4234301942581
-29.5095377792581,96.4541678991762
-29.5095377792581,96.4849056040942
-29.5095377792581,96.5156433090122
-29.5095377792581,96.5463810139302
-29.5095377792581,96.5771187188483
-29.5095377792581,96.6078564237663
-29.5095377792581,96.6385941286843
-29.5095377792581,96.6693318336023
-29.5095377792581,96.7000695385204
-29.5095377792581,96.7308072434384
-29.5095377792581,96.7615449483564
-29.5095377792581,96.7922826532744
-29.5095377792581,96.8230203581925
-29.5095377792581,96.8537580631105
-29.5095377792581,96.8844957680285
-29.5095377792581,96.9152334729465
-29.5095377792581,96.9459711778645
-29.5095377792581,96.9767088827826
-29.5095377792581,97.0074465877006
-29.5095377792581,97.0381842926186
-29.5095377792581,97.0689219975366
-29.5095377792581,97.0996597024547
-29.5095377792581,97.1303974073727
-29.5095377792581,97.1611351122907
-29.5095377792581,97.1918728172087
-29.5095377792581,97.2226105221268
-29.5095377792581,97.2533482270448
-29.5095377792581,97.2840859319628
-29.5095377792581,97.3148236368808
-29.5095377792581,97.3455613417989
-29.5095377792581,97.3762990467169
-29.5095377792581,97.4070367516349
-29.5095377792581,97.4377744565529
-29.5095377792581,97.468512161471
-29.5095377792581,97.499249866389
-29.5095377792581,97.529987571307
-29.5095377792581,97.560725276225
-29.5095377792581,97.5914629811431
-29.5095377792581,97.6222006860611
-29.5095377792581,97.6529383909791
-29.5095377792581,97.6836760958971
-29.5095377792581,97.7144138008152
-29.5095377792581,97.7451515057332
-29.5095377792581,97.7758892106512
-29.5095377792581,97.8066269155692
-29.5095377792581,97.8373646204873
-29.5095377792581,97.8681023254053
-29.5095377792581,97.8988400303233
-29.5095377792581,97.9295777352413
-29.5095377792581,97.9603154401594
-29.5095377792581,97.9910531450774
-29.5095377792581,98.0217908499954
-29.5095377792581,98.0525285549134
-29.5095377792581,98.0832662598315
-29.5095377792581,98.1140039647495
-29.5095377792581,98.1447416696675
-29.5095377792581,98.1754793745855
-29.5095377792581,98.2062170795036
-29.5095377792581,98.2369547844216
-29.5095377792581,98.2676924893396
-29.5095377792581,98.2984301942576
-29.5095377792581,98.3291678991757
-29.5095377792581,98.3599056040937
-29.5095377792581,98.3906433090117
-29.5095377792581,98.4213810139297
-29.5095377792581,98.4521187188478
-29.5095377792581,98.4828564237658
-29.5095377792581,98.5135941286838
-29.5095377792581,98.5443318336018
-29.5095377792581,98.5750695385199
-29.5095377792581,98.6058072434379
-29.5095377792581,98.6365449483559
-29.5095377792581,98.6672826532739
-29.5095377792581,98.698020358192
-29.5095377792581,98.72875806311
-29.5095377792581,98.759495768028
-29.5095377792581,98.790233472946
-29.5095377792581,98.8209711778641
-29.5095377792581,98.8517088827821
-29.5095377792581,98.8824465877001
-29.5095377792581,98.9131842926181
-29.5095377792581,98.9439219975362
-29.5095377792581,98.9746597024542
-29.5095377792581,99.0053974073722
-29.5095377792581,99.0361351122902
-29.5095377792581,99.0668728172082
-29.5095377792581,99.0976105221263
-29.5095377792581,99.1283482270443
-29.5095377792581,99.1590859319623
-29.5095377792581,99.1898236368803
-29.5095377792581,99.2205613417984
-29.5095377792581,99.2512990467164
-29.5095377792581,99.2820367516344
-29.5095377792581,99.3127744565524
-29.5095377792581,99.3435121614705
-29.5095377792581,99.3742498663885
-29.5095377792581,99.4049875713065
-29.5095377792581,99.4357252762245
-29.5095377792581,99.4664629811426
-29.5095377792581,99.4972006860606
-29.5095377792581,99.5279383909786
-29.5095377792581,99.5586760958966
-29.5095377792581,99.5894138008147
-29.5095377792581,99.6201515057327
-29.5095377792581,99.6508892106507
-29.5095377792581,99.6816269155687
-29.5095377792581,99.7123646204868
-29.5095377792581,99.7431023254048
-29.5095377792581,99.7738400303228
-29.5095377792581,99.8045777352408
-29.5095377792581,99.8353154401589
-29.5095377792581,99.8660531450769
-29.5095377792581,99.8967908499949
-29.5095377792581,99.9275285549129
-29.5095377792581,99.958266259831
-29.5095377792581,99.989003964749
