0,0
0,0.0307377049180251
0,0.0614753965835009
2.60132462630873e-29,0.0922130756571803
-2.62420954764145e-22,0.122950753483762
1.63313364303092e-23,0.153688430579669
-1.13961095457464e-20,0.184426100377597
2.52219265563977e-20,0.215163763076569
3.5930258394631e-19,0.245901416394579
4.24675602398563e-19,0.276639065339592
-3.60356736682596e-18,0.307376707630362
-1.58047062395824e-17,0.338114342285925
-1.98065461454604e-17,0.368851973237553
5.08985261281029e-17,0.399589591374327
2.86655767517966e-16,0.430327217300688
6.18375093511863e-16,0.461064836515799
4.80558203098371e-16,0.4918024337861
-1.36209790282272e-15,0.522540032142175
-6.13976396616913e-15,0.553277640195396
-1.29122283883031e-14,0.584015231704332
-1.52762386786722e-14,0.614752821617758
6.30745822449809e-16,0.645490421398634
5.22423143953145e-14,0.676228021961502
1.4607152959279e-13,0.706965615379899
2.52285824697438e-13,0.737703211199352
2.77950132342787e-13,0.768440789119811
6.14428445863662e-14,0.799178352188523
-5.80846207319334e-13,0.829915915639506
-1.73068284138555e-12,0.860653488572912
-3.17254273541699e-12,0.891391062660452
-4.18752561300701e-12,0.922128649459202
-3.46420797978572e-12,0.952866236015974
6.99406705493764e-13,0.983603791838899
9.74467507161409e-12,1.01434133705267
2.37110466256935e-11,1.04507889657574
3.97957990199718e-11,1.0758164401709
5.11164722368697e-11,1.10655396422083
4.64721052251863e-11,1.13729150025836
1.20304857823715e-11,1.16802905559976
-6.43281818108732e-11,1.19876661294335
-1.8592658356858e-10,1.22950416116256
-3.38482252056837e-10,1.2602417160907
-4.81987098538849e-10,1.29097928745219
-5.47002243669088e-10,1.32171687982344
-4.39806809057544e-10,1.3524544936767
-6.03585509453232e-11,1.38319211562395
6.65116697325717e-10,1.41392973665649
1.73903346956843e-09,1.44466735895962
3.04236622339066e-09,1.47540497806482
4.29293416215726e-09,1.5061425991645
5.03015480596561e-09,1.5368802171154
4.64609172013413e-09,1.56761783751265
2.47945366818272e-09,1.59835545325324
-2.02018577210343e-09,1.62909307018288
-9.06646460872795e-09,1.65983068557658
-1.82778921574242e-08,1.69056830048579
-2.84389174894233e-08,1.72130591506674
-3.73516454897524e-08,1.75204352819042
-4.18597606553775e-08,1.78278114242682
-3.81214777772603e-08,1.81351875374263
-2.21838019091922e-08,1.84425636877479
9.13586738620684e-09,1.87499397893222
5.71205353918719e-08,1.90573159177008
1.1991515742792e-07,1.93646920124008
1.91396466358986e-07,1.9672068122012
2.60433357412826e-07,1.9979444202087
3.1085184575241e-07,2.02868202902212
3.22401512192662e-07,2.05941963802798
2.72941061882784e-07,2.09015724502101
1.41914250204714e-07,2.12089481400701
-8.50196582981923e-08,2.15163234942606
-4.1058603340343e-07,2.18236988154996
-8.20375462061485e-07,2.21310743220381
-1.2780918313728e-06,2.24384501564481
-1.72262274931243e-06,2.27458261945616
-2.06803413406602e-06,2.30532022602196
-2.20748111606518e-06,2.33605782340924
-2.02173289288054e-06,2.36679541301644
-1.39252627780541e-06,2.3975330076468
-2.20307999099716e-07,2.42827057457203
1.55482701872843e-06,2.4590081207899
3.93097979098746e-06,2.48974566563592
6.82378685816841e-06,2.52048322383946
1.00505462821536e-05,2.55122080591339
1.3322802102542e-05,2.58195836596135
1.62510353303013e-05,2.61269591588038
1.83648167852876e-05,2.64343346720214
1.91509431523544e-05,2.67417102760654
1.81106958781377e-05,2.70490856649467
1.48354270996915e-05,2.73564608273231
9.09763280949427e-06,2.76638359489797
9.52622209673616e-07,2.79712111841456
-9.15674478717067e-06,2.82785865836105
-2.03032050212677e-05,2.858596178539
-3.09941936129446e-05,2.88933369286125
-3.9093208024703e-05,2.92007121436229
-4.16982628353189e-05,2.95080875499307
-3.49276333721442e-05,2.98154627924692
-1.3591227295359e-05,3.01228380011382
2.92412500742047e-05,3.04302132770327
0.000102752744170168,3.07375884470105
0.000218952615108251,3.10449631580355
0.000393266635493418,3.13523376130908
0.000645081752885713,3.16597120191054
0.000998330547852824,3.19670864964234
0.00148241755973649,3.22744606043527
0.00213371311746018,3.25818344662947
0.00299759741302261,3.28892082833153
0.00413093433768112,3.31965822802244
0.00560488762640501,3.35039559683439
0.00750808773120214,3.3811329421205
0.00995040412704459,3.41187027787003
0.0130676528452878,3.4426076272238
0.0170272411346073,3.47334496061138
0.0220344325366405,3.50408226445021
0.0283398704392553,3.53481955520033
0.0362497006728566,3.56555685717661
0.0461364200496733,3.59629415854687
0.0584450551157031,3.62703143798125
0.0736913604198315,3.65776869720922
0.0924531145671582,3.68850596027795
0.115357532556011,3.71924323302442
0.143067307004474,3.74998047713186
0.176266156670552,3.7807177021133
0.215643914404348,3.81145492577002
0.261880287033778,3.84219217149211
0.31562690334986,3.87292938307873
0.377486968596522,3.90366659329203
0.447995460254461,3.93440380607121
0.527603725003382,3.96514102261865
0.616672485201688,3.99587819051372
0.715472891928215,4.02661531377708
0.824193593105742,4.05735241264622
0.942950465647789,4.08808950694841
1.07179715982466,4.11882656710363
1.21073474479632,4.14956357850068
1.35971997013339,4.18030056280537
1.51867229820712,4.2110375400273
1.68748049573278,4.24177447802211
1.8660073932175,4.27251137623464
2.05409310069415,4.30324823182132
2.25155520453706,4.33398504357838
2.45818403571478,4.36472181014495
2.67373359142793,4.39545853001629
2.89791535545557,4.42619520157788
3.1304023227183,4.4569318231611
3.37084134852625,4.48766839315171
3.61886546178773,4.51840490935403
3.87410234273698,4.54914136520647
4.13618124305753,4.579877758141
4.40473833630862,4.61061408572289
4.67941675110577,4.64135034573994
4.95985999091832,4.67208653629672
5.2456954155165,4.70282265591671
5.53650432651225,4.73355869343624
5.83178664349365,4.76429464530462
6.13093532934524,4.79503050898711
6.43322547310726,4.82576628240252
6.73781421281716,4.85650196431203
7.0437477080486,4.88723754204735
7.34997249591986,4.91797300887399
7.6553503962465,4.94870836250586
7.95867612150328,4.97944360171843
8.25869515655905,5.01017872655167
8.5541151129079,5.04091371812667
8.84359461131554,5.07164857009864
9.12573502217843,5.10238328177195
9.39918274806202,5.13311785387239
9.66279190281306,5.16385228871731
9.91571217673078,5.19458655923979
10.1574005987526,5.22532066312998
10.3875970412566,5.25605460189242
10.6062820908208,5.28678837889021
10.8136294671447,5.31752196297578
11.0099586216902,5.34825535319216
11.1956913309761,5.37898855366157
11.3713144178766,5.40972157129819
11.5373523774284,5.44045441492793
11.6943500290111,5.47118706851778
11.8428590991782,5.5019195175328
11.9834258578199,5.532651773444
12.1165821419604,5.56338384867118
12.24284136288,5.594115756362
12.3626963991758,5.62484749164247
12.4766156908445,5.65557903730133
12.5850400116577,5.68631040657126
12.6883813836919,5.71704154620832
12.7870205047319,5.74777246040608
12.8813042456722,5.77850316484806
12.9715440635848,5.80923368140964
13.0580154034285,5.83996403823575
13.1409580138253,5.87069426935285
13.2205773681517,5.90142441429181
13.2970474078154,5.93215451769872
13.3705143549353,5.96288462877685
13.4411009193538,5.99361480066747
13.5089104752521,6.02434509010841
13.5740312591321,6.05507555716407
13.6365406341644,6.08580626248975
13.696508485153,6.11653725960656
13.7539988388028,6.14726858689871
13.8090704509296,6.17800026551177
13.8617773875467,6.20873230205024
13.9121698898847,6.23946469277812
13.9602954315361,6.27019742736849
14.0061998530524,6.30093049168152
14.0499285422974,6.33166386967678
14.0915275853795,6.36239754467098
14.1310448067646,6.39313150012099
14.1685306399463,6.42386572006717
14.2040387859205,6.45460018933744
14.2376266330717,6.48533489358887
14.2693554274517,6.51606981924656
14.2992901944263,6.54680495338754
14.3274994247815,6.57754028360738
14.3540545537503,6.60827579789732
14.3790292780892,6.63901148455126
14.4024987689551,6.66974733211229
14.4245388423847,6.70048332936074
14.4452251436949,6.73121946533867
14.4646323898024,6.76195572940179
14.4828336986639,6.79269211128747
14.4999000215908,6.82342860118832
14.5158996841295,6.85416518982194
14.530898034763,6.88490186849013
14.5449571969722,6.91563862912308
14.5581359179923,6.946375464306
14.570489505935,6.9771123672881
14.5820698453678,7.00784933197539
14.592925479873,7.0385863529105
14.6031017487465,7.06932342524323
14.612640964076,7.10006054469605
14.6215826142019,7.1307977075275
14.629963579127,7.16153491049562
14.6378183485849,7.19227214687556
14.6451792327186,7.22300940800942
14.6520765523796,7.25374669251337
14.6585388109879,7.28448399912905
14.664592844008,7.31522132675818
14.6702639462088,7.34595867448229
14.6755759773558,7.37669604156777
14.6805514502745,7.40743342201808
14.6852116064207,7.43817080170662
14.689576474602,7.46890817699595
14.6936649188028,7.49964555174555
14.6974946821685,7.53038292469911
14.7010824261944,7.56112029684353
14.7044437690851,7.59185767140747
14.7075933263415,7.62259505125257
14.7105447542205,7.65333243882802
14.7133107962664,7.68406983096877
14.7159033385376,7.71480720413687
14.7183334591961,7.7455445647006
14.7206114818805,7.77628191838842
14.7227470286097,7.80701927023389
14.724749071407,7.8377566245098
14.7266259821036,7.86849398468019
14.7283855798549,7.89923135339153
14.7300351758409,7.92996873163311
14.7315816156135,7.96070611480872
14.733031316289,7.99144350449944
14.7343903013901,8.0221808923711
14.7356642299761,8.0529182795176
14.7368584218527,8.08365566874622
14.7379778790232,8.11439306225101
14.7390273037949,8.14513046169611
14.7400111145338,8.17586786580296
14.7409334596423,8.2066052726675
14.741798230093,8.23734268359598
14.7426090714956,8.26808009725987
14.7433693961565,8.29881750848887
14.7440823945714,8.32955491906631
14.7447510470982,8.36029233041973
14.7453781359317,8.39102974021412
14.7459662568319,8.4217671501187
14.7465178308867,8.45250456164907
14.7470351162412,8.4832419737272
14.7475202197045,8.51397938371397
14.7479751078956,8.54471679327288
14.7484016180952,8.57545420390672
14.7488014686054,8.60619161696796
14.7491762685158,8.63692903366915
14.7495275267771,8.66766645509288
14.7498566605088,8.69840388220067
14.7501650024958,8.72914131584074
14.7504538078654,8.75987875662421
14.7507242599623,8.79061620520267
14.7509774754779,8.82135366213043
14.7512145088815,8.85209112786789
14.7514363563402,8.88282859917032
14.751643959095,8.91356607464454
14.7518382064161,8.94430355491843
14.7520199382447,8.97504104050449
14.7521899475659,9.00577853181105
14.7523489825611,9.03651602915296
14.7524977485781,9.06725353276195
14.7526369099459,9.09799104279677
14.7527670916565,9.12872855935302
14.7528888809224,9.1594660822905
14.7530028286944,9.19020360730785
14.7531094510499,9.2209411350631
14.7532092305581,9.25167866612414
14.7533026176213,9.2824162009753
14.7533900318156,9.31315374002383
14.7534718632506,9.34389128360644
14.7535484739679,9.37462883199563
14.753620199389,9.40536638540607
14.7536873498234,9.43610394400065
14.7537502120368,9.46684150789648
14.7538090508781,9.49757907717052
14.7538641109529,9.52831665186477
14.7539156183308,9.55905423199111
14.7539637822635,9.58979181753552
14.7540087968908,9.62052940846173
14.7540508429061,9.65126700471422
14.7540900891525,9.68200460622075
14.754126694122,9.71274221289415
14.7541608073299,9.74347982463385
14.7541925705421,9.77421744132692
14.7542221188374,9.80495506284885
14.7542495814924,9.83569268906425
14.7542750826854,9.86643031982747
14.7542987420186,9.89716795498322
14.7543206748692,9.92790559436743
14.7543409925827,9.95864323780819
14.7543598025275,9.98938088512697
14.7543772080342,10.0201185357011
14.7543933082467,10.0508561882348
14.7544081979085,10.0815938427822
14.7544219671154,10.1123314993745
14.7544347010584,10.1430691591732
14.7544464797866,10.1738068211412
14.7544573780091,10.2045444852175
14.754467464958,10.2352821513359
14.7544768043275,10.2660198194269
14.7544854543017,10.2967574894192
14.7544934676752,10.3274951612413
14.7545008920681,10.3582328348232
14.7545077702285,10.3889705100971
14.7545141404123,10.4197081869981
14.7545200368231,10.4504458654653
14.7545254900954,10.4811835454413
14.7545305277978,10.5119212268727
14.754535174936,10.5426589097094
14.7545394544353,10.5733965939047
14.7545433875841,10.6041342794139
14.7545469944248,10.6348719661942
14.7545502940808,10.6656096542038
14.7545533050148,10.696347343401
14.754556045216,10.7270850337435
14.7545585323195,10.7578227251882
14.7545607836623,10.7885604176903
14.7545628162869,10.8192981112033
14.7545646468999,10.8500358056789
14.7545662918003,10.8807735010667
14.7545677667852,10.9115111973146
14.7545690870481,10.9422488943694
14.7545702670763,10.9729865921767
14.7545713205575,11.0037242906819
14.7545722603019,11.0344619898305
14.7545730981842,11.065199689569
14.7545738451086,11.0959373898451
14.7545745109963,11.1266750906088
14.7545751047962,11.1574127918123
14.7545756345167,11.1881504934108
14.7545761072732,11.2188881953625
14.7545765293513,11.2496258976293
14.7545769062778,11.2803636001765
14.754577242899,11.3111013029726
14.7545775434591,11.3418390059899
14.7545778116792,11.3725767092038
14.7545780508303,11.4033144125926
14.7545782638014,11.4340521161374
14.7545784531595,11.464789819822
14.7545786212015,11.4955275236321
14.7545787699973,11.5262652275553
14.7545789014252,11.5570029315807
14.7545790171995,11.587740635699
14.7545791188918,11.6184783399015
14.7545792079467,11.6492160441808
14.7545792856931,11.67995374853
14.7545793533525,11.7106914529426
14.7545794120452,11.7414291574012
14.7545794627946,11.7721668618742
14.7545795065316,11.8029045663563
14.7545795440985,11.8336422708488
14.754579576253,11.8643799753527
14.7545796036727,11.8951176798689
14.7545796269604,11.925855384398
14.7545796466494,11.9565930889404
14.7545796632095,11.9873307934967
14.7545796770528,12.0180684980669
14.7545796885401,12.0488062026513
14.7545796979862,12.0795439072498
14.7545797056662,12.1102816118623
14.7545797118201,12.1410193164888
14.7545797166577,12.1717570211291
14.754579720363,12.2024947257828
14.7545797230972,12.2332324304497
14.7545797250023,12.2639701351296
14.7545797262036,12.2947078398219
14.7545797268113,12.3254455445263
14.754579726923,12.3561832492424
14.7545797266245,12.3869209539699
14.7545797259914,12.4176586587083
14.75457972509,12.4483963634571
14.7545797239778,12.4791340682159
14.754579722705,12.5098717729843
14.7545797213146,12.5406094777619
14.7545797198432,12.5713471825483
14.7545797183219,12.6020848873431
14.7545797167766,12.6328225921457
14.7545797152285,12.663560296956
14.7545797136952,12.6942980017733
14.7545797121904,12.7250357065975
14.7545797107253,12.7557734114281
14.7545797093081,12.7865111162648
14.7545797079451,12.8172488211072
14.7545797066407,12.847986525955
14.754579705398,12.8787242308079
14.7545797042186,12.9094619356656
14.7545797031032,12.9401996405277
14.7545797020519,12.9709373453941
14.7545797010638,13.0016750502644
14.7545797001378,13.0324127551384
14.7545796992722,13.0631504600158
14.7545796984652,13.0938881648965
14.7545796977144,13.1246258697802
14.7545796970177,13.1553635746668
14.7545796963725,13.1861012795559
14.7545796957765,13.2168389844474
14.7545796952269,13.2475766893413
14.7545796947213,13.2783143942372
14.7545796942571,13.3090520991351
14.7545796938319,13.3397898040348
14.7545796934431,13.3705275089361
14.7545796930884,13.401265213839
14.7545796927655,13.4320029187434
14.7545796924722,13.462740623649
14.7545796922062,13.4934783285559
14.7545796919657,13.5242160334639
14.7545796917485,13.5549537383729
14.7545796915529,13.5856914432828
14.7545796913771,13.6164291481936
14.7545796912194,13.6471668531052
14.7545796910784,13.6779045580176
14.7545796909525,13.7086422629306
14.7545796908404,13.7393799678441
14.7545796907408,13.7701176727583
14.7545796906526,13.8008553776729
14.7545796905747,13.831593082588
14.7545796905061,13.8623307875035
14.754579690446,13.8930684924193
14.7545796903935,13.9238061973355
14.7545796903478,13.954543902252
14.7545796903082,13.9852816071687
14.7545796902742,14.0160193120855
14.7545796902452,14.0467570170024
14.7545796902206,14.0774947219194
14.7545796901999,14.1082324268365
14.7545796901828,14.1389701317537
14.7545796901688,14.1697078366709
14.7545796901575,14.2004455415882
14.7545796901488,14.2311832465056
14.7545796901421,14.261920951423
14.7545796901373,14.2926586563404
14.7545796901342,14.3233963612579
14.7545796901324,14.3541340661755
14.7545796901318,14.3848717710931
14.7545796901323,14.4156094760107
14.7545796901336,14.4463471809284
14.7545796901357,14.477084885846
14.7545796901384,14.5078225907637
14.7545796901415,14.5385602956815
14.7545796901451,14.5692980005992
14.754579690149,14.600035705517
14.7545796901531,14.6307734104348
14.7545796901574,14.6615111153526
14.7545796901619,14.6922488202705
14.7545796901664,14.7229865251883
14.7545796901709,14.7537242301062
14.7545796901755,14.784461935024
14.75457969018,14.8151996399419
14.7545796901845,14.8459373448598
14.754579690189,14.8766750497777
14.7545796901933,14.9074127546956
14.7545796901975,14.9381504596136
14.7545796902016,14.9688881645315
14.7545796902056,14.9996258694494
14.7545796902094,15.0303635743674
14.7545796902131,15.0611012792853
14.7545796902166,15.0918389842033
14.75457969022,15.1225766891212
14.7545796902233,15.1533143940392
14.7545796902264,15.1840520989571
14.7545796902293,15.2147898038751
14.7545796902321,15.2455275087931
14.7545796902347,15.276265213711
14.7545796902372,15.307002918629
14.7545796902396,15.337740623547
14.7545796902419,15.368478328465
14.754579690244,15.3992160333829
14.754579690246,15.4299537383009
14.7545796902478,15.4606914432189
14.7545796902496,15.4914291481369
14.7545796902512,15.5221668530549
14.7545796902528,15.5529045579729
14.7545796902542,15.5836422628909
14.7545796902556,15.6143799678089
14.7545796902569,15.6451176727269
14.754579690258,15.6758553776449
14.7545796902591,15.7065930825629
14.7545796902601,15.7373307874809
14.7545796902611,15.7680684923989
14.754579690262,15.7988061973169
14.7545796902628,15.8295439022349
14.7545796902635,15.8602816071529
14.7545796902642,15.8910193120709
14.7545796902649,15.9217570169889
14.7545796902655,15.9524947219069
14.754579690266,15.983232426825
14.7545796902665,16.013970131743
14.754579690267,16.044707836661
14.7545796902674,16.075445541579
14.7545796902678,16.106183246497
14.7545796902682,16.136920951415
14.7545796902685,16.1676586563331
14.7545796902688,16.1983963612511
14.754579690269,16.2291340661691
14.7545796902693,16.2598717710871
14.7545796902695,16.2906094760051
14.7545796902697,16.3213471809232
14.7545796902699,16.3520848858412
14.7545796902701,16.3828225907592
14.7545796902702,16.4135602956772
14.7545796902703,16.4442980005952
14.7545796902705,16.4750357055133
14.7545796902706,16.5057734104313
14.7545796902706,16.5365111153493
14.7545796902707,16.5672488202673
14.7545796902708,16.5979865251854
14.7545796902709,16.6287242301034
14.7545796902709,16.6594619350214
14.754579690271,16.6901996399394
14.754579690271,16.7209373448575
14.754579690271,16.7516750497755
14.7545796902711,16.7824127546935
14.7545796902711,16.8131504596115
14.7545796902711,16.8438881645296
14.7545796902711,16.8746258694476
14.7545796902712,16.9053635743656
14.7545796902712,16.9361012792836
14.7545796902712,16.9668389842017
14.7545796902712,16.9975766891197
14.7545796902712,17.0283143940377
14.7545796902712,17.0590520989557
14.7545796902712,17.0897898038737
14.7545796902712,17.1205275087918
14.7545796902712,17.1512652137098
14.7545796902712,17.1820029186278
14.7545796902712,17.2127406235458
14.7545796902711,17.2434783284639
14.7545796902711,17.2742160333819
14.7545796902711,17.3049537382999
14.7545796902711,17.3356914432179
14.7545796902711,17.366429148136
14.7545796902711,17.397166853054
14.7545796902711,17.427904557972
14.7545796902711,17.45864226289
14.7545796902711,17.4893799678081
14.7545796902711,17.5201176727261
14.7545796902711,17.5508553776441
14.7545796902711,17.5815930825621
14.754579690271,17.6123307874802
14.754579690271,17.6430684923982
14.754579690271,17.6738061973162
14.754579690271,17.7045439022342
14.754579690271,17.7352816071523
14.754579690271,17.7660193120703
14.754579690271,17.7967570169883
14.754579690271,17.8274947219063
14.754579690271,17.8582324268244
14.754579690271,17.8889701317424
14.754579690271,17.9197078366604
14.754579690271,17.9504455415784
14.754579690271,17.9811832464965
14.7545796902709,18.0119209514145
14.7545796902709,18.0426586563325
14.7545796902709,18.0733963612505
14.7545796902709,18.1041340661686
14.7545796902709,18.1348717710866
14.7545796902709,18.1656094760046
14.7545796902709,18.1963471809226
14.7545796902709,18.2270848858407
14.7545796902709,18.2578225907587
14.7545796902709,18.2885602956767
14.7545796902709,18.3192980005947
14.7545796902709,18.3500357055128
14.7545796902709,18.3807734104308
14.7545796902709,18.4115111153488
14.7545796902709,18.4422488202668
14.7545796902709,18.4729865251849
14.7545796902709,18.5037242301029
14.7545796902709,18.5344619350209
14.7545796902709,18.5651996399389
14.7545796902709,18.595937344857
14.7545796902709,18.626675049775
14.7545796902709,18.657412754693
14.7545796902709,18.688150459611
14.7545796902709,18.7188881645291
14.7545796902709,18.7496258694471
14.7545796902709,18.7803635743651
14.7545796902709,18.8111012792831
14.7545796902709,18.8418389842012
14.7545796902709,18.8725766891192
14.7545796902709,18.9033143940372
14.7545796902709,18.9340520989552
14.7545796902709,18.9647898038733
14.7545796902709,18.9955275087913
14.7545796902709,19.0262652137093
14.7545796902709,19.0570029186273
14.7545796902709,19.0877406235454
14.7545796902709,19.1184783284634
14.7545796902709,19.1492160333814
14.7545796902709,19.1799537382994
14.7545796902709,19.2106914432174
14.7545796902709,19.2414291481355
14.7545796902709,19.2721668530535
14.7545796902709,19.3029045579715
14.7545796902709,19.3336422628895
14.7545796902709,19.3643799678076
14.7545796902709,19.3951176727256
14.7545796902709,19.4258553776436
14.7545796902709,19.4565930825616
14.7545796902709,19.4873307874797
14.7545796902709,19.5180684923977
14.7545796902709,19.5488061973157
14.7545796902709,19.5795439022337
14.7545796902709,19.6102816071518
14.7545796902709,19.6410193120698
14.7545796902709,19.6717570169878
14.7545796902709,19.7024947219058
14.7545796902709,19.7332324268239
14.7545796902709,19.7639701317419
14.7545796902709,19.7947078366599
14.7545796902709,19.8254455415779
14.7545796902709,19.856183246496
14.7545796902709,19.886920951414
14.7545796902709,19.917658656332
14.7545796902709,19.94839636125
14.7545796902709,19.9791340661681
14.7545796902709,20.0098717710861
14.7545796902709,20.0406094760041
14.7545796902709,20.0713471809221
14.7545796902709,20.1020848858402
14.7545796902709,20.1328225907582
14.7545796902709,20.1635602956762
14.7545796902709,20.1942980005942
14.7545796902709,20.2250357055123
14.7545796902709,20.2557734104303
14.7545796902709,20.2865111153483
14.7545796902709,20.3172488202663
14.7545796902709,20.3479865251844
14.7545796902709,20.3787242301024
14.7545796902709,20.4094619350204
14.7545796902709,20.4401996399384
14.7545796902709,20.4709373448565
14.7545796902709,20.5016750497745
14.7545796902709,20.5324127546925
14.7545796902709,20.5631504596105
14.7545796902709,20.5938881645286
14.7545796902709,20.6246258694466
14.7545796902709,20.6553635743646
14.7545796902709,20.6861012792826
14.7545796902709,20.7168389842007
14.7545796902709,20.7475766891187
14.7545796902709,20.7783143940367
14.7545796902709,20.8090520989547
14.7545796902709,20.8397898038728
14.7545796902709,20.8705275087908
14.7545796902709,20.9012652137088
14.7545796902709,20.9320029186268
14.7545796902709,20.9627406235449
14.7545796902709,20.9934783284629
14.7545796902709,21.0242160333809
14.7545796902709,21.0549537382989
14.7545796902709,21.085691443217
14.7545796902709,21.116429148135
14.7545796902709,21.147166853053
14.7545796902709,21.177904557971
14.7545796902709,21.2086422628891
14.7545796902709,21.2393799678071
14.7545796902709,21.2701176727251
14.7545796902709,21.3008553776431
14.7545796902709,21.3315930825611
14.7545796902709,21.3623307874792
14.7545796902709,21.3930684923972
14.7545796902709,21.4238061973152
14.7545796902709,21.4545439022332
14.7545796902709,21.4852816071513
14.7545796902709,21.5160193120693
14.7545796902709,21.5467570169873
14.7545796902709,21.5774947219053
14.7545796902709,21.6082324268234
14.7545796902709,21.6389701317414
14.7545796902709,21.6697078366594
14.7545796902709,21.7004455415774
14.7545796902709,21.7311832464955
14.7545796902709,21.7619209514135
14.7545796902709,21.7926586563315
14.7545796902709,21.8233963612495
14.7545796902709,21.8541340661676
14.7545796902709,21.8848717710856
14.7545796902709,21.9156094760036
14.7545796902709,21.9463471809216
14.7545796902709,21.9770848858397
14.7545796902709,22.0078225907577
14.7545796902709,22.0385602956757
14.7545796902709,22.0692980005937
14.7545796902709,22.1000357055118
14.7545796902709,22.1307734104298
14.7545796902709,22.1615111153478
14.7545796902709,22.1922488202658
14.7545796902709,22.2229865251839
14.7545796902709,22.2537242301019
14.7545796902709,22.2844619350199
14.7545796902709,22.3151996399379
14.7545796902709,22.345937344856
14.7545796902709,22.376675049774
14.7545796902709,22.407412754692
14.7545796902709,22.43815045961
14.7545796902709,22.4688881645281
14.7545796902709,22.4996258694461
14.7545796902709,22.5303635743641
14.7545796902709,22.5611012792821
14.7545796902709,22.5918389842002
14.7545796902709,22.6225766891182
14.7545796902709,22.6533143940362
14.7545796902709,22.6840520989542
14.7545796902709,22.7147898038723
14.7545796902709,22.7455275087903
14.7545796902709,22.7762652137083
14.7545796902709,22.8070029186263
14.7545796902709,22.8377406235444
14.7545796902709,22.8684783284624
14.7545796902709,22.8992160333804
14.7545796902709,22.9299537382984
14.7545796902709,22.9606914432165
14.7545796902709,22.9914291481345
14.7545796902709,23.0221668530525
14.7545796902709,23.0529045579705
14.7545796902709,23.0836422628886
14.7545796902709,23.1143799678066
14.7545796902709,23.1451176727246
14.7545796902709,23.1758553776426
14.7545796902709,23.2065930825607
14.7545796902709,23.2373307874787
14.7545796902709,23.2680684923967
14.7545796902709,23.2988061973147
14.7545796902709,23.3295439022327
14.7545796902709,23.3602816071508
14.7545796902709,23.3910193120688
14.7545796902709,23.4217570169868
14.7545796902709,23.4524947219048
14.7545796902709,23.4832324268229
14.7545796902709,23.5139701317409
14.7545796902709,23.5447078366589
14.7545796902709,23.5754455415769
14.7545796902709,23.606183246495
14.7545796902709,23.636920951413
14.7545796902709,23.667658656331
14.7545796902709,23.698396361249
14.7545796902709,23.7291340661671
14.7545796902709,23.7598717710851
14.7545796902709,23.7906094760031
14.7545796902709,23.8213471809211
14.7545796902709,23.8520848858392
14.7545796902709,23.8828225907572
14.7545796902709,23.9135602956752
14.7545796902709,23.9442980005932
14.7545796902709,23.9750357055113
14.7545796902709,24.0057734104293
14.7545796902709,24.0365111153473
14.7545796902709,24.0672488202653
14.7545796902709,24.0979865251834
14.7545796902709,24.1287242301014
14.7545796902709,24.1594619350194
14.7545796902709,24.1901996399374
14.7545796902709,24.2209373448555
14.7545796902709,24.2516750497735
14.7545796902709,24.2824127546915
14.7545796902709,24.3131504596095
14.7545796902709,24.3438881645276
14.7545796902709,24.3746258694456
14.7545796902709,24.4053635743636
14.7545796902709,24.4361012792816
14.7545796902709,24.4668389841997
14.7545796902709,24.4975766891177
14.7545796902709,24.5283143940357
14.7545796902709,24.5590520989537
14.7545796902709,24.5897898038718
14.7545796902709,24.6205275087898
14.7545796902709,24.6512652137078
14.7545796902709,24.6820029186258
14.7545796902709,24.7127406235439
14.7545796902709,24.7434783284619
14.7545796902709,24.7742160333799
14.7545796902709,24.8049537382979
14.7545796902709,24.835691443216
14.7545796902709,24.866429148134
14.7545796902709,24.897166853052
14.7545796902709,24.92790455797
14.7545796902709,24.9586422628881
14.7545796902709,24.9893799678061
14.7545796902709,25.0201176727241
14.7545796902709,25.0508553776421
14.7545796902709,25.0815930825602
14.7545796902709,25.1123307874782
14.7545796902709,25.1430684923962
14.7545796902709,25.1738061973142
14.7545796902709,25.2045439022323
14.7545796902709,25.2352816071503
14.7545796902709,25.2660193120683
14.7545796902709,25.2967570169863
14.7545796902709,25.3274947219044
14.7545796902709,25.3582324268224
14.7545796902709,25.3889701317404
14.7545796902709,25.4197078366584
14.7545796902709,25.4504455415764
14.7545796902709,25.4811832464945
14.7545796902709,25.5119209514125
14.7545796902709,25.5426586563305
14.7545796902709,25.5733963612485
14.7545796902709,25.6041340661666
14.7545796902709,25.6348717710846
14.7545796902709,25.6656094760026
14.7545796902709,25.6963471809206
14.7545796902709,25.7270848858387
14.7545796902709,25.7578225907567
14.7545796902709,25.7885602956747
14.7545796902709,25.8192980005927
14.7545796902709,25.8500357055108
14.7545796902709,25.8807734104288
14.7545796902709,25.9115111153468
14.7545796902709,25.9422488202648
14.7545796902709,25.9729865251829
14.7545796902709,26.0037242301009
14.7545796902709,26.0344619350189
14.7545796902709,26.0651996399369
14.7545796902709,26.095937344855
14.7545796902709,26.126675049773
14.7545796902709,26.157412754691
14.7545796902709,26.188150459609
14.7545796902709,26.2188881645271
14.7545796902709,26.2496258694451
14.7545796902709,26.2803635743631
14.7545796902709,26.3111012792811
14.7545796902709,26.3418389841992
14.7545796902709,26.3725766891172
14.7545796902709,26.4033143940352
14.7545796902709,26.4340520989532
14.7545796902709,26.4647898038713
14.7545796902709,26.4955275087893
14.7545796902709,26.5262652137073
14.7545796902709,26.5570029186253
14.7545796902709,26.5877406235434
14.7545796902709,26.6184783284614
14.7545796902709,26.6492160333794
14.7545796902709,26.6799537382974
14.7545796902709,26.7106914432155
14.7545796902709,26.7414291481335
14.7545796902709,26.7721668530515
14.7545796902709,26.8029045579695
14.7545796902709,26.8336422628876
14.7545796902709,26.8643799678056
14.7545796902709,26.8951176727236
14.7545796902709,26.9258553776416
14.7545796902709,26.9565930825597
14.7545796902709,26.9873307874777
14.7545796902709,27.0180684923957
14.7545796902709,27.0488061973137
14.7545796902709,27.0795439022318
14.7545796902709,27.1102816071498
14.7545796902709,27.1410193120678
14.7545796902709,27.1717570169858
14.7545796902709,27.2024947219039
14.7545796902709,27.2332324268219
14.7545796902709,27.2639701317399
14.7545796902709,27.2947078366579
14.7545796902709,27.325445541576
14.7545796902709,27.356183246494
14.7545796902709,27.386920951412
14.7545796902709,27.41765865633
14.7545796902709,27.4483963612481
14.7545796902709,27.4791340661661
14.7545796902709,27.5098717710841
14.7545796902709,27.5406094760021
14.7545796902709,27.5713471809201
14.7545796902709,27.6020848858382
14.7545796902709,27.6328225907562
14.7545796902709,27.6635602956742
14.7545796902709,27.6942980005922
14.7545796902709,27.7250357055103
14.7545796902709,27.7557734104283
14.7545796902709,27.7865111153463
14.7545796902709,27.8172488202643
14.7545796902709,27.8479865251824
14.7545796902709,27.8787242301004
14.7545796902709,27.9094619350184
14.7545796902709,27.9401996399364
14.7545796902709,27.9709373448545
14.7545796902709,28.0016750497725
14.7545796902709,28.0324127546905
14.7545796902709,28.0631504596085
14.7545796902709,28.0938881645266
14.7545796902709,28.1246258694446
14.7545796902709,28.1553635743626
14.7545796902709,28.1861012792806
14.7545796902709,28.2168389841987
14.7545796902709,28.2475766891167
14.7545796902709,28.2783143940347
14.7545796902709,28.3090520989527
14.7545796902709,28.3397898038708
14.7545796902709,28.3705275087888
14.7545796902709,28.4012652137068
14.7545796902709,28.4320029186248
14.7545796902709,28.4627406235429
14.7545796902709,28.4934783284609
14.7545796902709,28.5242160333789
14.7545796902709,28.5549537382969
14.7545796902709,28.585691443215
14.7545796902709,28.616429148133
14.7545796902709,28.647166853051
14.7545796902709,28.677904557969
14.7545796902709,28.7086422628871
14.7545796902709,28.7393799678051
14.7545796902709,28.7701176727231
14.7545796902709,28.8008553776411
14.7545796902709,28.8315930825592
14.7545796902709,28.8623307874772
14.7545796902709,28.8930684923952
14.7545796902709,28.9238061973132
14.7545796902709,28.9545439022313
14.7545796902709,28.9852816071493
14.7545796902709,29.0160193120673
14.7545796902709,29.0467570169853
14.7545796902709,29.0774947219034
14.7545796902709,29.1082324268214
14.7545796902709,29.1389701317394
14.7545796902709,29.1697078366574
14.7545796902709,29.2004455415755
14.7545796902709,29.2311832464935
14.7545796902709,29.2619209514115
14.7545796902709,29.2926586563295
14.7545796902709,29.3233963612476
14.7545796902709,29.3541340661656
14.7545796902709,29.3848717710836
14.7545796902709,29.4156094760016
14.7545796902709,29.4463471809197
14.7545796902709,29.4770848858377
14.7545796902709,29.5078225907557
14.7545796902709,29.5385602956737
14.7545796902709,29.5692980005918
14.7545796902709,29.6000357055098
14.7545796902709,29.6307734104278
14.7545796902709,29.6615111153458
14.7545796902709,29.6922488202638
14.7545796902709,29.7229865251819
14.7545796902709,29.7537242300999
14.7545796902709,29.7844619350179
14.7545796902709,29.8151996399359
14.7545796902709,29.845937344854
14.7545796902709,29.876675049772
14.7545796902709,29.90741275469
14.7545796902709,29.938150459608
14.7545796902709,29.9688881645261
14.7545796902709,29.9996258694441
14.7545796902709,30.0303635743621
14.7545796902709,30.0611012792801
14.7545796902709,30.0918389841982
14.7545796902709,30.1225766891162
14.7545796902709,30.1533143940342
14.7545796902709,30.1840520989522
14.7545796902709,30.2147898038703
14.7545796902709,30.2455275087883
14.7545796902709,30.2762652137063
14.7545796902709,30.3070029186243
14.7545796902709,30.3377406235424
14.7545796902709,30.3684783284604
14.7545796902709,30.3992160333784
14.7545796902709,30.4299537382964
14.7545796902709,30.4606914432145
14.7545796902709,30.4914291481325
14.7545796902709,30.5221668530505
14.7545796902709,30.5529045579685
14.7545796902709,30.5836422628866
14.7545796902709,30.6143799678046
14.7545796902709,30.6451176727226
14.7545796902709,30.6758553776406
14.7545796902709,30.7065930825587
14.7545796902709,30.7373307874767
14.7545796902709,30.7680684923947
14.7545796902709,30.7988061973127
14.7545796902709,30.8295439022308
14.7545796902709,30.8602816071488
14.7545796902709,30.8910193120668
14.7545796902709,30.9217570169848
14.7545796902709,30.9524947219029
14.7545796902709,30.9832324268209
14.7545796902709,31.0139701317389
14.7545796902709,31.0447078366569
14.7545796902709,31.075445541575
14.7545796902709,31.106183246493
14.7545796902709,31.136920951411
14.7545796902709,31.167658656329
14.7545796902709,31.1983963612471
14.7545796902709,31.2291340661651
14.7545796902709,31.2598717710831
14.7545796902709,31.2906094760011
14.7545796902709,31.3213471809192
14.7545796902709,31.3520848858372
14.7545796902709,31.3828225907552
14.7545796902709,31.4135602956732
14.7545796902709,31.4442980005913
14.7545796902709,31.4750357055093
14.7545796902709,31.5057734104273
14.7545796902709,31.5365111153453
14.7545796902709,31.5672488202634
14.7545796902709,31.5979865251814
14.7545796902709,31.6287242300994
14.7545796902709,31.6594619350174
14.7545796902709,31.6901996399355
14.7545796902709,31.7209373448535
14.7545796902709,31.7516750497715
14.7545796902709,31.7824127546895
14.7545796902709,31.8131504596075
14.7545796902709,31.8438881645256
14.7545796902709,31.8746258694436
14.7545796902709,31.9053635743616
14.7545796902709,31.9361012792796
14.7545796902709,31.9668389841977
14.7545796902709,31.9975766891157
14.7545796902709,32.0283143940337
14.7545796902709,32.0590520989517
14.7545796902709,32.0897898038698
14.7545796902709,32.1205275087878
14.7545796902709,32.1512652137058
14.7545796902709,32.1820029186238
14.7545796902709,32.2127406235419
14.7545796902709,32.2434783284599
14.7545796902709,32.2742160333779
14.7545796902709,32.3049537382959
14.7545796902709,32.335691443214
14.7545796902709,32.366429148132
14.7545796902709,32.39716685305
14.7545796902709,32.427904557968
14.7545796902709,32.4586422628861
14.7545796902709,32.4893799678041
14.7545796902709,32.5201176727221
14.7545796902709,32.5508553776401
14.7545796902709,32.5815930825582
14.7545796902709,32.6123307874762
14.7545796902709,32.6430684923942
14.7545796902709,32.6738061973122
14.7545796902709,32.7045439022303
14.7545796902709,32.7352816071483
14.7545796902709,32.7660193120663
14.7545796902709,32.7967570169843
14.7545796902709,32.8274947219024
14.7545796902709,32.8582324268204
14.7545796902709,32.8889701317384
14.7545796902709,32.9197078366564
14.7545796902709,32.9504455415745
14.7545796902709,32.9811832464925
14.7545796902709,33.0119209514105
14.7545796902709,33.0426586563285
14.7545796902709,33.0733963612466
14.7545796902709,33.1041340661646
14.7545796902709,33.1348717710826
14.7545796902709,33.1656094760006
14.7545796902709,33.1963471809187
14.7545796902709,33.2270848858367
14.7545796902709,33.2578225907547
14.7545796902709,33.2885602956727
14.7545796902709,33.3192980005908
14.7545796902709,33.3500357055088
14.7545796902709,33.3807734104268
14.7545796902709,33.4115111153448
14.7545796902709,33.4422488202629
14.7545796902709,33.4729865251809
14.7545796902709,33.5037242300989
14.7545796902709,33.5344619350169
14.7545796902709,33.565199639935
14.7545796902709,33.595937344853
14.7545796902709,33.626675049771
14.7545796902709,33.657412754689
14.7545796902709,33.6881504596071
14.7545796902709,33.7188881645251
14.7545796902709,33.7496258694431
14.7545796902709,33.7803635743611
14.7545796902709,33.8111012792791
14.7545796902709,33.8418389841972
14.7545796902709,33.8725766891152
14.7545796902709,33.9033143940332
14.7545796902709,33.9340520989512
14.7545796902709,33.9647898038693
14.7545796902709,33.9955275087873
14.7545796902709,34.0262652137053
14.7545796902709,34.0570029186233
14.7545796902709,34.0877406235414
14.7545796902709,34.1184783284594
14.7545796902709,34.1492160333774
14.7545796902709,34.1799537382954
14.7545796902709,34.2106914432135
14.7545796902709,34.2414291481315
14.7545796902709,34.2721668530495
14.7545796902709,34.3029045579675
14.7545796902709,34.3336422628856
14.7545796902709,34.3643799678036
14.7545796902709,34.3951176727216
14.7545796902709,34.4258553776396
14.7545796902709,34.4565930825577
14.7545796902709,34.4873307874757
14.7545796902709,34.5180684923937
14.7545796902709,34.5488061973117
14.7545796902709,34.5795439022298
14.7545796902709,34.6102816071478
14.7545796902709,34.6410193120658
14.7545796902709,34.6717570169838
14.7545796902709,34.7024947219019
14.7545796902709,34.7332324268199
14.7545796902709,34.7639701317379
14.7545796902709,34.7947078366559
14.7545796902709,34.825445541574
14.7545796902709,34.856183246492
14.7545796902709,34.88692095141
14.7545796902709,34.917658656328
14.7545796902709,34.9483963612461
14.7545796902709,34.9791340661641
14.7545796902709,35.0098717710821
14.7545796902709,35.0406094760001
14.7545796902709,35.0713471809182
14.7545796902709,35.1020848858362
14.7545796902709,35.1328225907542
14.7545796902709,35.1635602956722
14.7545796902709,35.1942980005903
14.7545796902709,35.2250357055083
14.7545796902709,35.2557734104263
14.7545796902709,35.2865111153443
14.7545796902709,35.3172488202624
14.7545796902709,35.3479865251804
14.7545796902709,35.3787242300984
14.7545796902709,35.4094619350164
14.7545796902709,35.4401996399345
14.7545796902709,35.4709373448525
14.7545796902709,35.5016750497705
14.7545796902709,35.5324127546885
14.7545796902709,35.5631504596066
14.7545796902709,35.5938881645246
14.7545796902709,35.6246258694426
14.7545796902709,35.6553635743606
14.7545796902709,35.6861012792787
14.7545796902709,35.7168389841967
14.7545796902709,35.7475766891147
14.7545796902709,35.7783143940327
14.7545796902709,35.8090520989508
14.7545796902709,35.8397898038688
14.7545796902709,35.8705275087868
14.7545796902709,35.9012652137048
14.7545796902709,35.9320029186228
14.7545796902709,35.9627406235409
14.7545796902709,35.9934783284589
14.7545796902709,36.0242160333769
14.7545796902709,36.0549537382949
14.7545796902709,36.085691443213
14.7545796902709,36.116429148131
14.7545796902709,36.147166853049
14.7545796902709,36.177904557967
14.7545796902709,36.2086422628851
14.7545796902709,36.2393799678031
14.7545796902709,36.2701176727211
14.7545796902709,36.3008553776391
14.7545796902709,36.3315930825572
14.7545796902709,36.3623307874752
14.7545796902709,36.3930684923932
14.7545796902709,36.4238061973112
14.7545796902709,36.4545439022293
14.7545796902709,36.4852816071473
14.7545796902709,36.5160193120653
14.7545796902709,36.5467570169833
14.7545796902709,36.5774947219014
14.7545796902709,36.6082324268194
14.7545796902709,36.6389701317374
14.7545796902709,36.6697078366554
14.7545796902709,36.7004455415735
14.7545796902709,36.7311832464915
14.7545796902709,36.7619209514095
14.7545796902709,36.7926586563275
14.7545796902709,36.8233963612456
14.7545796902709,36.8541340661636
14.7545796902709,36.8848717710816
14.7545796902709,36.9156094759996
14.7545796902709,36.9463471809177
14.7545796902709,36.9770848858357
14.7545796902709,37.0078225907537
14.7545796902709,37.0385602956717
14.7545796902709,37.0692980005898
14.7545796902709,37.1000357055078
14.7545796902709,37.1307734104258
14.7545796902709,37.1615111153438
14.7545796902709,37.1922488202619
14.7545796902709,37.2229865251799
14.7545796902709,37.2537242300979
14.7545796902709,37.2844619350159
14.7545796902709,37.315199639934
14.7545796902709,37.345937344852
14.7545796902709,37.37667504977
14.7545796902709,37.407412754688
14.7545796902709,37.4381504596061
14.7545796902709,37.4688881645241
14.7545796902709,37.4996258694421
14.7545796902709,37.5303635743601
14.7545796902709,37.5611012792782
14.7545796902709,37.5918389841962
14.7545796902709,37.6225766891142
14.7545796902709,37.6533143940322
14.7545796902709,37.6840520989503
14.7545796902709,37.7147898038683
14.7545796902709,37.7455275087863
14.7545796902709,37.7762652137043
14.7545796902709,37.8070029186224
14.7545796902709,37.8377406235404
14.7545796902709,37.8684783284584
14.7545796902709,37.8992160333764
14.7545796902709,37.9299537382945
14.7545796902709,37.9606914432125
14.7545796902709,37.9914291481305
14.7545796902709,38.0221668530485
14.7545796902709,38.0529045579665
14.7545796902709,38.0836422628846
14.7545796902709,38.1143799678026
14.7545796902709,38.1451176727206
14.7545796902709,38.1758553776386
14.7545796902709,38.2065930825567
14.7545796902709,38.2373307874747
14.7545796902709,38.2680684923927
14.7545796902709,38.2988061973107
14.7545796902709,38.3295439022288
14.7545796902709,38.3602816071468
14.7545796902709,38.3910193120648
14.7545796902709,38.4217570169828
14.7545796902709,38.4524947219009
14.7545796902709,38.4832324268189
14.7545796902709,38.5139701317369
14.7545796902709,38.5447078366549
14.7545796902709,38.575445541573
14.7545796902709,38.606183246491
14.7545796902709,38.636920951409
14.7545796902709,38.667658656327
14.7545796902709,38.6983963612451
14.7545796902709,38.7291340661631
14.7545796902709,38.7598717710811
14.7545796902709,38.7906094759991
14.7545796902709,38.8213471809172
14.7545796902709,38.8520848858352
14.7545796902709,38.8828225907532
14.7545796902709,38.9135602956712
14.7545796902709,38.9442980005893
14.7545796902709,38.9750357055073
14.7545796902709,39.0057734104253
14.7545796902709,39.0365111153433
14.7545796902709,39.0672488202614
14.7545796902709,39.0979865251794
14.7545796902709,39.1287242300974
14.7545796902709,39.1594619350154
14.7545796902709,39.1901996399335
14.7545796902709,39.2209373448515
14.7545796902709,39.2516750497695
14.7545796902709,39.2824127546875
14.7545796902709,39.3131504596056
14.7545796902709,39.3438881645236
14.7545796902709,39.3746258694416
14.7545796902709,39.4053635743596
14.7545796902709,39.4361012792777
14.7545796902709,39.4668389841957
14.7545796902709,39.4975766891137
14.7545796902709,39.5283143940317
14.7545796902709,39.5590520989498
14.7545796902709,39.5897898038678
14.7545796902709,39.6205275087858
14.7545796902709,39.6512652137038
14.7545796902709,39.6820029186219
14.7545796902709,39.7127406235399
14.7545796902709,39.7434783284579
14.7545796902709,39.7742160333759
14.7545796902709,39.804953738294
14.7545796902709,39.835691443212
14.7545796902709,39.86642914813
14.7545796902709,39.897166853048
14.7545796902709,39.9279045579661
14.7545796902709,39.9586422628841
14.7545796902709,39.9893799678021
14.7545796902709,40.0201176727201
14.7545796902709,40.0508553776382
14.7545796902709,40.0815930825562
14.7545796902709,40.1123307874742
14.7545796902709,40.1430684923922
14.7545796902709,40.1738061973102
14.7545796902709,40.2045439022283
14.7545796902709,40.2352816071463
14.7545796902709,40.2660193120643
14.7545796902709,40.2967570169823
14.7545796902709,40.3274947219004
14.7545796902709,40.3582324268184
14.7545796902709,40.3889701317364
14.7545796902709,40.4197078366544
14.7545796902709,40.4504455415725
14.7545796902709,40.4811832464905
14.7545796902709,40.5119209514085
14.7545796902709,40.5426586563265
14.7545796902709,40.5733963612446
14.7545796902709,40.6041340661626
14.7545796902709,40.6348717710806
14.7545796902709,40.6656094759986
14.7545796902709,40.6963471809167
14.7545796902709,40.7270848858347
14.7545796902709,40.7578225907527
14.7545796902709,40.7885602956707
14.7545796902709,40.8192980005888
14.7545796902709,40.8500357055068
14.7545796902709,40.8807734104248
14.7545796902709,40.9115111153428
14.7545796902709,40.9422488202609
14.7545796902709,40.9729865251789
14.7545796902709,41.0037242300969
14.7545796902709,41.0344619350149
14.7545796902709,41.065199639933
14.7545796902709,41.095937344851
14.7545796902709,41.126675049769
14.7545796902709,41.157412754687
14.7545796902709,41.1881504596051
14.7545796902709,41.2188881645231
14.7545796902709,41.2496258694411
14.7545796902709,41.2803635743591
14.7545796902709,41.3111012792772
14.7545796902709,41.3418389841952
14.7545796902709,41.3725766891132
14.7545796902709,41.4033143940312
14.7545796902709,41.4340520989493
14.7545796902709,41.4647898038673
14.7545796902709,41.4955275087853
14.7545796902709,41.5262652137033
14.7545796902709,41.5570029186214
14.7545796902709,41.5877406235394
14.7545796902709,41.6184783284574
14.7545796902709,41.6492160333754
14.7545796902709,41.6799537382935
14.7545796902709,41.7106914432115
14.7545796902709,41.7414291481295
14.7545796902709,41.7721668530475
14.7545796902709,41.8029045579656
14.7545796902709,41.8336422628836
14.7545796902709,41.8643799678016
14.7545796902709,41.8951176727196
14.7545796902709,41.9258553776377
14.7545796902709,41.9565930825557
14.7545796902709,41.9873307874737
14.7545796902709,42.0180684923917
14.7545796902709,42.0488061973098
14.7545796902709,42.0795439022278
14.7545796902709,42.1102816071458
14.7545796902709,42.1410193120638
14.7545796902709,42.1717570169819
14.7545796902709,42.2024947218999
14.7545796902709,42.2332324268179
14.7545796902709,42.2639701317359
14.7545796902709,42.2947078366539
14.7545796902709,42.325445541572
14.7545796902709,42.35618324649
14.7545796902709,42.386920951408
14.7545796902709,42.417658656326
14.7545796902709,42.4483963612441
14.7545796902709,42.4791340661621
14.7545796902709,42.5098717710801
14.7545796902709,42.5406094759981
14.7545796902709,42.5713471809162
14.7545796902709,42.6020848858342
14.7545796902709,42.6328225907522
14.7545796902709,42.6635602956702
14.7545796902709,42.6942980005883
14.7545796902709,42.7250357055063
14.7545796902709,42.7557734104243
14.7545796902709,42.7865111153423
14.7545796902709,42.8172488202604
14.7545796902709,42.8479865251784
14.7545796902709,42.8787242300964
14.7545796902709,42.9094619350144
14.7545796902709,42.9401996399325
14.7545796902709,42.9709373448505
14.7545796902709,43.0016750497685
14.7545796902709,43.0324127546865
14.7545796902709,43.0631504596046
14.7545796902709,43.0938881645226
14.7545796902709,43.1246258694406
14.7545796902709,43.1553635743586
14.7545796902709,43.1861012792767
14.7545796902709,43.2168389841947
14.7545796902709,43.2475766891127
14.7545796902709,43.2783143940307
14.7545796902709,43.3090520989488
14.7545796902709,43.3397898038668
14.7545796902709,43.3705275087848
14.7545796902709,43.4012652137028
14.7545796902709,43.4320029186209
14.7545796902709,43.4627406235389
14.7545796902709,43.4934783284569
14.7545796902709,43.5242160333749
14.7545796902709,43.554953738293
14.7545796902709,43.585691443211
14.7545796902709,43.616429148129
14.7545796902709,43.647166853047
14.7545796902709,43.6779045579651
14.7545796902709,43.7086422628831
14.7545796902709,43.7393799678011
14.7545796902709,43.7701176727191
14.7545796902709,43.8008553776372
14.7545796902709,43.8315930825552
14.7545796902709,43.8623307874732
14.7545796902709,43.8930684923912
14.7545796902709,43.9238061973093
14.7545796902709,43.9545439022273
14.7545796902709,43.9852816071453
14.7545796902709,44.0160193120633
14.7545796902709,44.0467570169814
14.7545796902709,44.0774947218994
14.7545796902709,44.1082324268174
14.7545796902709,44.1389701317354
14.7545796902709,44.1697078366535
14.7545796902709,44.2004455415715
14.7545796902709,44.2311832464895
14.7545796902709,44.2619209514075
14.7545796902709,44.2926586563255
14.7545796902709,44.3233963612436
14.7545796902709,44.3541340661616
14.7545796902709,44.3848717710796
14.7545796902709,44.4156094759976
14.7545796902709,44.4463471809157
14.7545796902709,44.4770848858337
14.7545796902709,44.5078225907517
14.7545796902709,44.5385602956697
14.7545796902709,44.5692980005878
14.7545796902709,44.6000357055058
14.7545796902709,44.6307734104238
14.7545796902709,44.6615111153418
14.7545796902709,44.6922488202599
14.7545796902709,44.7229865251779
14.7545796902709,44.7537242300959
14.7545796902709,44.7844619350139
14.7545796902709,44.815199639932
14.7545796902709,44.84593734485
14.7545796902709,44.876675049768
14.7545796902709,44.907412754686
14.7545796902709,44.9381504596041
14.7545796902709,44.9688881645221
14.7545796902709,44.9996258694401
14.7545796902709,45.0303635743581
14.7545796902709,45.0611012792762
14.7545796902709,45.0918389841942
14.7545796902709,45.1225766891122
14.7545796902709,45.1533143940302
14.7545796902709,45.1840520989483
14.7545796902709,45.2147898038663
14.7545796902709,45.2455275087843
14.7545796902709,45.2762652137023
14.7545796902709,45.3070029186204
14.7545796902709,45.3377406235384
14.7545796902709,45.3684783284564
14.7545796902709,45.3992160333744
14.7545796902709,45.4299537382925
14.7545796902709,45.4606914432105
14.7545796902709,45.4914291481285
14.7545796902709,45.5221668530465
14.7545796902709,45.5529045579646
14.7545796902709,45.5836422628826
14.7545796902709,45.6143799678006
14.7545796902709,45.6451176727186
14.7545796902709,45.6758553776367
14.7545796902709,45.7065930825547
14.7545796902709,45.7373307874727
14.7545796902709,45.7680684923907
14.7545796902709,45.7988061973088
14.7545796902709,45.8295439022268
14.7545796902709,45.8602816071448
14.7545796902709,45.8910193120628
14.7545796902709,45.9217570169809
14.7545796902709,45.9524947218989
14.7545796902709,45.9832324268169
14.7545796902709,46.0139701317349
14.7545796902709,46.044707836653
14.7545796902709,46.075445541571
14.7545796902709,46.106183246489
14.7545796902709,46.136920951407
14.7545796902709,46.1676586563251
14.7545796902709,46.1983963612431
14.7545796902709,46.2291340661611
14.7545796902709,46.2598717710791
14.7545796902709,46.2906094759972
14.7545796902709,46.3213471809152
14.7545796902709,46.3520848858332
14.7545796902709,46.3828225907512
14.7545796902709,46.4135602956692
14.7545796902709,46.4442980005873
14.7545796902709,46.4750357055053
14.7545796902709,46.5057734104233
14.7545796902709,46.5365111153413
14.7545796902709,46.5672488202594
14.7545796902709,46.5979865251774
14.7545796902709,46.6287242300954
14.7545796902709,46.6594619350134
14.7545796902709,46.6901996399315
14.7545796902709,46.7209373448495
14.7545796902709,46.7516750497675
14.7545796902709,46.7824127546855
14.7545796902709,46.8131504596036
14.7545796902709,46.8438881645216
14.7545796902709,46.8746258694396
14.7545796902709,46.9053635743576
14.7545796902709,46.9361012792757
14.7545796902709,46.9668389841937
14.7545796902709,46.9975766891117
14.7545796902709,47.0283143940297
14.7545796902709,47.0590520989478
14.7545796902709,47.0897898038658
14.7545796902709,47.1205275087838
14.7545796902709,47.1512652137018
14.7545796902709,47.1820029186199
14.7545796902709,47.2127406235379
14.7545796902709,47.2434783284559
14.7545796902709,47.2742160333739
14.7545796902709,47.304953738292
14.7545796902709,47.33569144321
14.7545796902709,47.366429148128
14.7545796902709,47.397166853046
14.7545796902709,47.4279045579641
14.7545796902709,47.4586422628821
14.7545796902709,47.4893799678001
14.7545796902709,47.5201176727181
14.7545796902709,47.5508553776362
14.7545796902709,47.5815930825542
14.7545796902709,47.6123307874722
14.7545796902709,47.6430684923902
14.7545796902709,47.6738061973083
14.7545796902709,47.7045439022263
14.7545796902709,47.7352816071443
14.7545796902709,47.7660193120623
14.7545796902709,47.7967570169804
14.7545796902709,47.8274947218984
14.7545796902709,47.8582324268164
14.7545796902709,47.8889701317344
14.7545796902709,47.9197078366525
14.7545796902709,47.9504455415705
14.7545796902709,47.9811832464885
14.7545796902709,48.0119209514065
14.7545796902709,48.0426586563246
14.7545796902709,48.0733963612426
14.7545796902709,48.1041340661606
14.7545796902709,48.1348717710786
14.7545796902709,48.1656094759967
14.7545796902709,48.1963471809147
14.7545796902709,48.2270848858327
14.7545796902709,48.2578225907507
14.7545796902709,48.2885602956688
14.7545796902709,48.3192980005868
14.7545796902709,48.3500357055048
14.7545796902709,48.3807734104228
14.7545796902709,48.4115111153409
14.7545796902709,48.4422488202589
14.7545796902709,48.4729865251769
14.7545796902709,48.5037242300949
14.7545796902709,48.5344619350129
14.7545796902709,48.565199639931
14.7545796902709,48.595937344849
14.7545796902709,48.626675049767
14.7545796902709,48.657412754685
14.7545796902709,48.6881504596031
14.7545796902709,48.7188881645211
14.7545796902709,48.7496258694391
14.7545796902709,48.7803635743571
14.7545796902709,48.8111012792752
14.7545796902709,48.8418389841932
14.7545796902709,48.8725766891112
14.7545796902709,48.9033143940292
14.7545796902709,48.9340520989473
14.7545796902709,48.9647898038653
14.7545796902709,48.9955275087833
14.7545796902709,49.0262652137013
14.7545796902709,49.0570029186194
14.7545796902709,49.0877406235374
14.7545796902709,49.1184783284554
14.7545796902709,49.1492160333734
14.7545796902709,49.1799537382915
14.7545796902709,49.2106914432095
14.7545796902709,49.2414291481275
14.7545796902709,49.2721668530455
14.7545796902709,49.3029045579636
14.7545796902709,49.3336422628816
14.7545796902709,49.3643799677996
14.7545796902709,49.3951176727176
14.7545796902709,49.4258553776357
14.7545796902709,49.4565930825537
14.7545796902709,49.4873307874717
14.7545796902709,49.5180684923897
14.7545796902709,49.5488061973078
14.7545796902709,49.5795439022258
14.7545796902709,49.6102816071438
14.7545796902709,49.6410193120618
14.7545796902709,49.6717570169799
14.7545796902709,49.7024947218979
14.7545796902709,49.7332324268159
14.7545796902709,49.7639701317339
14.7545796902709,49.794707836652
14.7545796902709,49.82544554157
14.7545796902709,49.856183246488
14.7545796902709,49.886920951406
14.7545796902709,49.9176586563241
14.7545796902709,49.9483963612421
14.7545796902709,49.9791340661601
14.7545796902709,50.0098717710781
14.7545796902709,50.0406094759962
14.7545796902709,50.0713471809142
14.7545796902709,50.1020848858322
14.7545796902709,50.1328225907502
14.7545796902709,50.1635602956683
14.7545796902709,50.1942980005863
14.7545796902709,50.2250357055043
14.7545796902709,50.2557734104223
14.7545796902709,50.2865111153404
14.7545796902709,50.3172488202584
14.7545796902709,50.3479865251764
14.7545796902709,50.3787242300944
14.7545796902709,50.4094619350125
14.7545796902709,50.4401996399305
14.7545796902709,50.4709373448485
14.7545796902709,50.5016750497665
14.7545796902709,50.5324127546846
14.7545796902709,50.5631504596026
14.7545796902709,50.5938881645206
14.7545796902709,50.6246258694386
14.7545796902709,50.6553635743566
14.7545796902709,50.6861012792747
14.7545796902709,50.7168389841927
14.7545796902709,50.7475766891107
14.7545796902709,50.7783143940287
14.7545796902709,50.8090520989468
14.7545796902709,50.8397898038648
14.7545796902709,50.8705275087828
14.7545796902709,50.9012652137008
14.7545796902709,50.9320029186189
14.7545796902709,50.9627406235369
14.7545796902709,50.9934783284549
14.7545796902709,51.0242160333729
14.7545796902709,51.054953738291
14.7545796902709,51.085691443209
14.7545796902709,51.116429148127
14.7545796902709,51.147166853045
14.7545796902709,51.1779045579631
14.7545796902709,51.2086422628811
14.7545796902709,51.2393799677991
14.7545796902709,51.2701176727171
14.7545796902709,51.3008553776352
14.7545796902709,51.3315930825532
14.7545796902709,51.3623307874712
14.7545796902709,51.3930684923892
14.7545796902709,51.4238061973073
14.7545796902709,51.4545439022253
14.7545796902709,51.4852816071433
14.7545796902709,51.5160193120613
14.7545796902709,51.5467570169794
14.7545796902709,51.5774947218974
14.7545796902709,51.6082324268154
14.7545796902709,51.6389701317334
14.7545796902709,51.6697078366515
14.7545796902709,51.7004455415695
14.7545796902709,51.7311832464875
14.7545796902709,51.7619209514055
14.7545796902709,51.7926586563236
14.7545796902709,51.8233963612416
14.7545796902709,51.8541340661596
14.7545796902709,51.8848717710776
14.7545796902709,51.9156094759957
14.7545796902709,51.9463471809137
14.7545796902709,51.9770848858317
14.7545796902709,52.0078225907497
14.7545796902709,52.0385602956678
14.7545796902709,52.0692980005858
14.7545796902709,52.1000357055038
14.7545796902709,52.1307734104218
14.7545796902709,52.1615111153399
14.7545796902709,52.1922488202579
14.7545796902709,52.2229865251759
14.7545796902709,52.2537242300939
14.7545796902709,52.284461935012
14.7545796902709,52.31519963993
14.7545796902709,52.345937344848
14.7545796902709,52.376675049766
14.7545796902709,52.4074127546841
14.7545796902709,52.4381504596021
14.7545796902709,52.4688881645201
14.7545796902709,52.4996258694381
14.7545796902709,52.5303635743562
14.7545796902709,52.5611012792742
14.7545796902709,52.5918389841922
14.7545796902709,52.6225766891102
14.7545796902709,52.6533143940282
14.7545796902709,52.6840520989463
14.7545796902709,52.7147898038643
14.7545796902709,52.7455275087823
14.7545796902709,52.7762652137003
14.7545796902709,52.8070029186184
14.7545796902709,52.8377406235364
14.7545796902709,52.8684783284544
14.7545796902709,52.8992160333724
14.7545796902709,52.9299537382905
14.7545796902709,52.9606914432085
14.7545796902709,52.9914291481265
14.7545796902709,53.0221668530445
14.7545796902709,53.0529045579626
14.7545796902709,53.0836422628806
14.7545796902709,53.1143799677986
14.7545796902709,53.1451176727166
14.7545796902709,53.1758553776347
14.7545796902709,53.2065930825527
14.7545796902709,53.2373307874707
14.7545796902709,53.2680684923887
14.7545796902709,53.2988061973068
14.7545796902709,53.3295439022248
14.7545796902709,53.3602816071428
14.7545796902709,53.3910193120608
14.7545796902709,53.4217570169789
14.7545796902709,53.4524947218969
14.7545796902709,53.4832324268149
14.7545796902709,53.5139701317329
14.7545796902709,53.544707836651
14.7545796902709,53.575445541569
14.7545796902709,53.606183246487
14.7545796902709,53.636920951405
14.7545796902709,53.6676586563231
14.7545796902709,53.6983963612411
14.7545796902709,53.7291340661591
14.7545796902709,53.7598717710771
14.7545796902709,53.7906094759952
14.7545796902709,53.8213471809132
14.7545796902709,53.8520848858312
14.7545796902709,53.8828225907492
14.7545796902709,53.9135602956673
14.7545796902709,53.9442980005853
14.7545796902709,53.9750357055033
14.7545796902709,54.0057734104213
14.7545796902709,54.0365111153394
14.7545796902709,54.0672488202574
14.7545796902709,54.0979865251754
14.7545796902709,54.1287242300934
14.7545796902709,54.1594619350115
14.7545796902709,54.1901996399295
14.7545796902709,54.2209373448475
14.7545796902709,54.2516750497655
14.7545796902709,54.2824127546836
14.7545796902709,54.3131504596016
14.7545796902709,54.3438881645196
14.7545796902709,54.3746258694376
14.7545796902709,54.4053635743557
14.7545796902709,54.4361012792737
14.7545796902709,54.4668389841917
14.7545796902709,54.4975766891097
14.7545796902709,54.5283143940278
14.7545796902709,54.5590520989458
14.7545796902709,54.5897898038638
14.7545796902709,54.6205275087818
14.7545796902709,54.6512652136999
14.7545796902709,54.6820029186179
14.7545796902709,54.7127406235359
14.7545796902709,54.7434783284539
14.7545796902709,54.7742160333719
14.7545796902709,54.80495373829
14.7545796902709,54.835691443208
14.7545796902709,54.866429148126
14.7545796902709,54.897166853044
14.7545796902709,54.9279045579621
14.7545796902709,54.9586422628801
14.7545796902709,54.9893799677981
14.7545796902709,55.0201176727161
14.7545796902709,55.0508553776342
14.7545796902709,55.0815930825522
14.7545796902709,55.1123307874702
14.7545796902709,55.1430684923882
14.7545796902709,55.1738061973063
14.7545796902709,55.2045439022243
14.7545796902709,55.2352816071423
14.7545796902709,55.2660193120603
14.7545796902709,55.2967570169784
14.7545796902709,55.3274947218964
14.7545796902709,55.3582324268144
14.7545796902709,55.3889701317324
14.7545796902709,55.4197078366505
14.7545796902709,55.4504455415685
14.7545796902709,55.4811832464865
14.7545796902709,55.5119209514045
14.7545796902709,55.5426586563226
14.7545796902709,55.5733963612406
14.7545796902709,55.6041340661586
14.7545796902709,55.6348717710766
14.7545796902709,55.6656094759947
14.7545796902709,55.6963471809127
14.7545796902709,55.7270848858307
14.7545796902709,55.7578225907487
14.7545796902709,55.7885602956668
14.7545796902709,55.8192980005848
14.7545796902709,55.8500357055028
14.7545796902709,55.8807734104208
14.7545796902709,55.9115111153389
14.7545796902709,55.9422488202569
14.7545796902709,55.9729865251749
14.7545796902709,56.0037242300929
14.7545796902709,56.034461935011
14.7545796902709,56.065199639929
14.7545796902709,56.095937344847
14.7545796902709,56.126675049765
14.7545796902709,56.1574127546831
14.7545796902709,56.1881504596011
14.7545796902709,56.2188881645191
14.7545796902709,56.2496258694371
14.7545796902709,56.2803635743552
14.7545796902709,56.3111012792732
14.7545796902709,56.3418389841912
14.7545796902709,56.3725766891092
14.7545796902709,56.4033143940273
14.7545796902709,56.4340520989453
14.7545796902709,56.4647898038633
14.7545796902709,56.4955275087813
14.7545796902709,56.5262652136994
14.7545796902709,56.5570029186174
14.7545796902709,56.5877406235354
14.7545796902709,56.6184783284534
14.7545796902709,56.6492160333715
14.7545796902709,56.6799537382895
14.7545796902709,56.7106914432075
14.7545796902709,56.7414291481255
14.7545796902709,56.7721668530436
14.7545796902709,56.8029045579616
14.7545796902709,56.8336422628796
14.7545796902709,56.8643799677976
14.7545796902709,56.8951176727156
14.7545796902709,56.9258553776337
14.7545796902709,56.9565930825517
14.7545796902709,56.9873307874697
14.7545796902709,57.0180684923877
14.7545796902709,57.0488061973058
14.7545796902709,57.0795439022238
14.7545796902709,57.1102816071418
14.7545796902709,57.1410193120598
14.7545796902709,57.1717570169779
14.7545796902709,57.2024947218959
14.7545796902709,57.2332324268139
14.7545796902709,57.2639701317319
14.7545796902709,57.29470783665
14.7545796902709,57.325445541568
14.7545796902709,57.356183246486
14.7545796902709,57.386920951404
14.7545796902709,57.4176586563221
14.7545796902709,57.4483963612401
14.7545796902709,57.4791340661581
14.7545796902709,57.5098717710761
14.7545796902709,57.5406094759942
14.7545796902709,57.5713471809122
14.7545796902709,57.6020848858302
14.7545796902709,57.6328225907482
14.7545796902709,57.6635602956663
14.7545796902709,57.6942980005843
14.7545796902709,57.7250357055023
14.7545796902709,57.7557734104203
14.7545796902709,57.7865111153384
14.7545796902709,57.8172488202564
14.7545796902709,57.8479865251744
14.7545796902709,57.8787242300924
14.7545796902709,57.9094619350105
14.7545796902709,57.9401996399285
14.7545796902709,57.9709373448465
14.7545796902709,58.0016750497645
14.7545796902709,58.0324127546826
14.7545796902709,58.0631504596006
14.7545796902709,58.0938881645186
14.7545796902709,58.1246258694366
14.7545796902709,58.1553635743547
14.7545796902709,58.1861012792727
14.7545796902709,58.2168389841907
14.7545796902709,58.2475766891087
14.7545796902709,58.2783143940268
14.7545796902709,58.3090520989448
14.7545796902709,58.3397898038628
14.7545796902709,58.3705275087808
14.7545796902709,58.4012652136989
14.7545796902709,58.4320029186169
14.7545796902709,58.4627406235349
14.7545796902709,58.4934783284529
14.7545796902709,58.524216033371
14.7545796902709,58.554953738289
14.7545796902709,58.585691443207
14.7545796902709,58.616429148125
14.7545796902709,58.6471668530431
14.7545796902709,58.6779045579611
14.7545796902709,58.7086422628791
14.7545796902709,58.7393799677971
14.7545796902709,58.7701176727152
14.7545796902709,58.8008553776332
14.7545796902709,58.8315930825512
14.7545796902709,58.8623307874692
14.7545796902709,58.8930684923873
14.7545796902709,58.9238061973053
14.7545796902709,58.9545439022233
14.7545796902709,58.9852816071413
14.7545796902709,59.0160193120593
14.7545796902709,59.0467570169774
14.7545796902709,59.0774947218954
14.7545796902709,59.1082324268134
14.7545796902709,59.1389701317314
14.7545796902709,59.1697078366495
14.7545796902709,59.2004455415675
14.7545796902709,59.2311832464855
14.7545796902709,59.2619209514035
14.7545796902709,59.2926586563216
14.7545796902709,59.3233963612396
14.7545796902709,59.3541340661576
14.7545796902709,59.3848717710756
14.7545796902709,59.4156094759937
14.7545796902709,59.4463471809117
14.7545796902709,59.4770848858297
14.7545796902709,59.5078225907477
14.7545796902709,59.5385602956658
14.7545796902709,59.5692980005838
14.7545796902709,59.6000357055018
14.7545796902709,59.6307734104198
14.7545796902709,59.6615111153379
14.7545796902709,59.6922488202559
14.7545796902709,59.7229865251739
14.7545796902709,59.7537242300919
14.7545796902709,59.78446193501
14.7545796902709,59.815199639928
14.7545796902709,59.845937344846
14.7545796902709,59.876675049764
14.7545796902709,59.9074127546821
14.7545796902709,59.9381504596001
14.7545796902709,59.9688881645181
14.7545796902709,59.9996258694361
14.7545796902709,60.0303635743542
14.7545796902709,60.0611012792722
14.7545796902709,60.0918389841902
14.7545796902709,60.1225766891082
14.7545796902709,60.1533143940263
14.7545796902709,60.1840520989443
14.7545796902709,60.2147898038623
14.7545796902709,60.2455275087803
14.7545796902709,60.2762652136984
14.7545796902709,60.3070029186164
14.7545796902709,60.3377406235344
14.7545796902709,60.3684783284524
14.7545796902709,60.3992160333705
14.7545796902709,60.4299537382885
14.7545796902709,60.4606914432065
14.7545796902709,60.4914291481245
14.7545796902709,60.5221668530426
14.7545796902709,60.5529045579606
14.7545796902709,60.5836422628786
14.7545796902709,60.6143799677966
14.7545796902709,60.6451176727147
14.7545796902709,60.6758553776327
14.7545796902709,60.7065930825507
14.7545796902709,60.7373307874687
14.7545796902709,60.7680684923868
14.7545796902709,60.7988061973048
14.7545796902709,60.8295439022228
14.7545796902709,60.8602816071408
14.7545796902709,60.8910193120589
14.7545796902709,60.9217570169769
14.7545796902709,60.9524947218949
14.7545796902709,60.9832324268129
14.7545796902709,61.013970131731
14.7545796902709,61.044707836649
14.7545796902709,61.075445541567
14.7545796902709,61.106183246485
14.7545796902709,61.136920951403
14.7545796902709,61.1676586563211
14.7545796902709,61.1983963612391
14.7545796902709,61.2291340661571
14.7545796902709,61.2598717710751
14.7545796902709,61.2906094759932
14.7545796902709,61.3213471809112
14.7545796902709,61.3520848858292
14.7545796902709,61.3828225907472
14.7545796902709,61.4135602956653
14.7545796902709,61.4442980005833
14.7545796902709,61.4750357055013
14.7545796902709,61.5057734104193
14.7545796902709,61.5365111153374
14.7545796902709,61.5672488202554
14.7545796902709,61.5979865251734
14.7545796902709,61.6287242300914
14.7545796902709,61.6594619350095
14.7545796902709,61.6901996399275
14.7545796902709,61.7209373448455
14.7545796902709,61.7516750497635
14.7545796902709,61.7824127546816
14.7545796902709,61.8131504595996
14.7545796902709,61.8438881645176
14.7545796902709,61.8746258694356
14.7545796902709,61.9053635743537
14.7545796902709,61.9361012792717
14.7545796902709,61.9668389841897
14.7545796902709,61.9975766891077
14.7545796902709,62.0283143940258
14.7545796902709,62.0590520989438
14.7545796902709,62.0897898038618
14.7545796902709,62.1205275087798
14.7545796902709,62.1512652136979
14.7545796902709,62.1820029186159
14.7545796902709,62.2127406235339
14.7545796902709,62.2434783284519
14.7545796902709,62.27421603337
14.7545796902709,62.304953738288
14.7545796902709,62.335691443206
14.7545796902709,62.366429148124
14.7545796902709,62.3971668530421
14.7545796902709,62.4279045579601
14.7545796902709,62.4586422628781
14.7545796902709,62.4893799677961
14.7545796902709,62.5201176727142
14.7545796902709,62.5508553776322
14.7545796902709,62.5815930825502
14.7545796902709,62.6123307874682
14.7545796902709,62.6430684923863
14.7545796902709,62.6738061973043
14.7545796902709,62.7045439022223
14.7545796902709,62.7352816071403
14.7545796902709,62.7660193120584
14.7545796902709,62.7967570169764
14.7545796902709,62.8274947218944
14.7545796902709,62.8582324268124
14.7545796902709,62.8889701317305
14.7545796902709,62.9197078366485
14.7545796902709,62.9504455415665
14.7545796902709,62.9811832464845
14.7545796902709,63.0119209514026
14.7545796902709,63.0426586563206
14.7545796902709,63.0733963612386
14.7545796902709,63.1041340661566
14.7545796902709,63.1348717710746
14.7545796902709,63.1656094759927
14.7545796902709,63.1963471809107
14.7545796902709,63.2270848858287
14.7545796902709,63.2578225907467
14.7545796902709,63.2885602956648
14.7545796902709,63.3192980005828
14.7545796902709,63.3500357055008
14.7545796902709,63.3807734104188
14.7545796902709,63.4115111153369
14.7545796902709,63.4422488202549
14.7545796902709,63.4729865251729
14.7545796902709,63.5037242300909
14.7545796902709,63.534461935009
14.7545796902709,63.565199639927
14.7545796902709,63.595937344845
14.7545796902709,63.626675049763
14.7545796902709,63.6574127546811
14.7545796902709,63.6881504595991
14.7545796902709,63.7188881645171
14.7545796902709,63.7496258694351
14.7545796902709,63.7803635743532
14.7545796902709,63.8111012792712
14.7545796902709,63.8418389841892
14.7545796902709,63.8725766891072
14.7545796902709,63.9033143940253
14.7545796902709,63.9340520989433
14.7545796902709,63.9647898038613
14.7545796902709,63.9955275087793
14.7545796902709,64.0262652136974
14.7545796902709,64.0570029186154
14.7545796902709,64.0877406235334
14.7545796902709,64.1184783284514
14.7545796902709,64.1492160333695
14.7545796902709,64.1799537382875
14.7545796902709,64.2106914432055
14.7545796902709,64.2414291481235
14.7545796902709,64.2721668530416
14.7545796902709,64.3029045579596
14.7545796902709,64.3336422628776
14.7545796902709,64.3643799677956
14.7545796902709,64.3951176727137
14.7545796902709,64.4258553776317
14.7545796902709,64.4565930825497
14.7545796902709,64.4873307874677
14.7545796902709,64.5180684923858
14.7545796902709,64.5488061973038
14.7545796902709,64.5795439022218
14.7545796902709,64.6102816071398
14.7545796902709,64.6410193120579
14.7545796902709,64.6717570169759
14.7545796902709,64.7024947218939
14.7545796902709,64.7332324268119
14.7545796902709,64.76397013173
14.7545796902709,64.794707836648
14.7545796902709,64.825445541566
14.7545796902709,64.856183246484
14.7545796902709,64.8869209514021
14.7545796902709,64.9176586563201
14.7545796902709,64.9483963612381
14.7545796902709,64.9791340661561
14.7545796902709,65.0098717710742
14.7545796902709,65.0406094759922
14.7545796902709,65.0713471809102
14.7545796902709,65.1020848858282
14.7545796902709,65.1328225907463
14.7545796902709,65.1635602956643
14.7545796902709,65.1942980005823
14.7545796902709,65.2250357055003
14.7545796902709,65.2557734104184
14.7545796902709,65.2865111153364
14.7545796902709,65.3172488202544
14.7545796902709,65.3479865251724
14.7545796902709,65.3787242300905
14.7545796902709,65.4094619350085
14.7545796902709,65.4401996399265
14.7545796902709,65.4709373448445
14.7545796902709,65.5016750497626
14.7545796902709,65.5324127546806
14.7545796902709,65.5631504595986
14.7545796902709,65.5938881645166
14.7545796902709,65.6246258694347
14.7545796902709,65.6553635743527
14.7545796902709,65.6861012792707
14.7545796902709,65.7168389841887
14.7545796902709,65.7475766891068
14.7545796902709,65.7783143940248
14.7545796902709,65.8090520989428
14.7545796902709,65.8397898038608
14.7545796902709,65.8705275087788
14.7545796902709,65.9012652136969
14.7545796902709,65.9320029186149
14.7545796902709,65.9627406235329
14.7545796902709,65.9934783284509
14.7545796902709,66.024216033369
14.7545796902709,66.054953738287
14.7545796902709,66.085691443205
14.7545796902709,66.116429148123
14.7545796902709,66.1471668530411
14.7545796902709,66.1779045579591
14.7545796902709,66.2086422628771
14.7545796902709,66.2393799677951
14.7545796902709,66.2701176727132
14.7545796902709,66.3008553776312
14.7545796902709,66.3315930825492
14.7545796902709,66.3623307874672
14.7545796902709,66.3930684923853
14.7545796902709,66.4238061973033
14.7545796902709,66.4545439022213
14.7545796902709,66.4852816071393
14.7545796902709,66.5160193120574
14.7545796902709,66.5467570169754
14.7545796902709,66.5774947218934
14.7545796902709,66.6082324268114
14.7545796902709,66.6389701317295
14.7545796902709,66.6697078366475
14.7545796902709,66.7004455415655
14.7545796902709,66.7311832464835
14.7545796902709,66.7619209514016
14.7545796902709,66.7926586563196
14.7545796902709,66.8233963612376
14.7545796902709,66.8541340661556
14.7545796902709,66.8848717710737
14.7545796902709,66.9156094759917
14.7545796902709,66.9463471809097
14.7545796902709,66.9770848858277
14.7545796902709,67.0078225907458
14.7545796902709,67.0385602956638
14.7545796902709,67.0692980005818
14.7545796902709,67.1000357054998
14.7545796902709,67.1307734104179
14.7545796902709,67.1615111153359
14.7545796902709,67.1922488202539
14.7545796902709,67.2229865251719
14.7545796902709,67.25372423009
14.7545796902709,67.284461935008
14.7545796902709,67.315199639926
14.7545796902709,67.345937344844
14.7545796902709,67.3766750497621
14.7545796902709,67.4074127546801
14.7545796902709,67.4381504595981
14.7545796902709,67.4688881645161
14.7545796902709,67.4996258694342
14.7545796902709,67.5303635743522
14.7545796902709,67.5611012792702
14.7545796902709,67.5918389841882
14.7545796902709,67.6225766891063
14.7545796902709,67.6533143940243
14.7545796902709,67.6840520989423
14.7545796902709,67.7147898038603
14.7545796902709,67.7455275087784
14.7545796902709,67.7762652136964
14.7545796902709,67.8070029186144
14.7545796902709,67.8377406235324
14.7545796902709,67.8684783284505
14.7545796902709,67.8992160333685
14.7545796902709,67.9299537382865
14.7545796902709,67.9606914432045
14.7545796902709,67.9914291481225
14.7545796902709,68.0221668530406
14.7545796902709,68.0529045579586
14.7545796902709,68.0836422628766
14.7545796902709,68.1143799677946
14.7545796902709,68.1451176727127
14.7545796902709,68.1758553776307
14.7545796902709,68.2065930825487
14.7545796902709,68.2373307874667
14.7545796902709,68.2680684923848
14.7545796902709,68.2988061973028
14.7545796902709,68.3295439022208
14.7545796902709,68.3602816071388
14.7545796902709,68.3910193120569
14.7545796902709,68.4217570169749
14.7545796902709,68.4524947218929
14.7545796902709,68.4832324268109
14.7545796902709,68.513970131729
14.7545796902709,68.544707836647
14.7545796902709,68.575445541565
14.7545796902709,68.606183246483
14.7545796902709,68.6369209514011
14.7545796902709,68.6676586563191
14.7545796902709,68.6983963612371
14.7545796902709,68.7291340661551
14.7545796902709,68.7598717710732
14.7545796902709,68.7906094759912
14.7545796902709,68.8213471809092
14.7545796902709,68.8520848858272
14.7545796902709,68.8828225907453
14.7545796902709,68.9135602956633
14.7545796902709,68.9442980005813
14.7545796902709,68.9750357054993
14.7545796902709,69.0057734104174
14.7545796902709,69.0365111153354
14.7545796902709,69.0672488202534
14.7545796902709,69.0979865251714
14.7545796902709,69.1287242300895
14.7545796902709,69.1594619350075
14.7545796902709,69.1901996399255
14.7545796902709,69.2209373448435
14.7545796902709,69.2516750497616
14.7545796902709,69.2824127546796
14.7545796902709,69.3131504595976
14.7545796902709,69.3438881645156
14.7545796902709,69.3746258694337
14.7545796902709,69.4053635743517
14.7545796902709,69.4361012792697
14.7545796902709,69.4668389841877
14.7545796902709,69.4975766891058
14.7545796902709,69.5283143940238
14.7545796902709,69.5590520989418
14.7545796902709,69.5897898038598
14.7545796902709,69.6205275087779
14.7545796902709,69.6512652136959
14.7545796902709,69.6820029186139
14.7545796902709,69.7127406235319
14.7545796902709,69.74347832845
14.7545796902709,69.774216033368
14.7545796902709,69.804953738286
14.7545796902709,69.835691443204
14.7545796902709,69.8664291481221
14.7545796902709,69.8971668530401
14.7545796902709,69.9279045579581
14.7545796902709,69.9586422628761
14.7545796902709,69.9893799677942
14.7545796902709,70.0201176727122
14.7545796902709,70.0508553776302
14.7545796902709,70.0815930825482
14.7545796902709,70.1123307874662
14.7545796902709,70.1430684923843
14.7545796902709,70.1738061973023
14.7545796902709,70.2045439022203
14.7545796902709,70.2352816071383
14.7545796902709,70.2660193120564
14.7545796902709,70.2967570169744
14.7545796902709,70.3274947218924
14.7545796902709,70.3582324268104
14.7545796902709,70.3889701317285
14.7545796902709,70.4197078366465
14.7545796902709,70.4504455415645
14.7545796902709,70.4811832464825
14.7545796902709,70.5119209514006
14.7545796902709,70.5426586563186
14.7545796902709,70.5733963612366
14.7545796902709,70.6041340661546
14.7545796902709,70.6348717710727
14.7545796902709,70.6656094759907
14.7545796902709,70.6963471809087
14.7545796902709,70.7270848858267
14.7545796902709,70.7578225907448
14.7545796902709,70.7885602956628
14.7545796902709,70.8192980005808
14.7545796902709,70.8500357054988
14.7545796902709,70.8807734104169
14.7545796902709,70.9115111153349
14.7545796902709,70.9422488202529
14.7545796902709,70.9729865251709
14.7545796902709,71.003724230089
14.7545796902709,71.034461935007
14.7545796902709,71.065199639925
14.7545796902709,71.095937344843
14.7545796902709,71.1266750497611
14.7545796902709,71.1574127546791
14.7545796902709,71.1881504595971
14.7545796902709,71.2188881645151
14.7545796902709,71.2496258694332
14.7545796902709,71.2803635743512
14.7545796902709,71.3111012792692
14.7545796902709,71.3418389841872
14.7545796902709,71.3725766891053
14.7545796902709,71.4033143940233
14.7545796902709,71.4340520989413
14.7545796902709,71.4647898038593
14.7545796902709,71.4955275087774
14.7545796902709,71.5262652136954
14.7545796902709,71.5570029186134
14.7545796902709,71.5877406235314
14.7545796902709,71.6184783284495
14.7545796902709,71.6492160333675
14.7545796902709,71.6799537382855
14.7545796902709,71.7106914432035
14.7545796902709,71.7414291481216
14.7545796902709,71.7721668530396
14.7545796902709,71.8029045579576
14.7545796902709,71.8336422628756
14.7545796902709,71.8643799677937
14.7545796902709,71.8951176727117
14.7545796902709,71.9258553776297
14.7545796902709,71.9565930825477
14.7545796902709,71.9873307874658
14.7545796902709,72.0180684923838
14.7545796902709,72.0488061973018
14.7545796902709,72.0795439022198
14.7545796902709,72.1102816071378
14.7545796902709,72.1410193120559
14.7545796902709,72.1717570169739
14.7545796902709,72.2024947218919
14.7545796902709,72.2332324268099
14.7545796902709,72.263970131728
14.7545796902709,72.294707836646
14.7545796902709,72.325445541564
14.7545796902709,72.356183246482
14.7545796902709,72.3869209514001
14.7545796902709,72.4176586563181
14.7545796902709,72.4483963612361
14.7545796902709,72.4791340661541
14.7545796902709,72.5098717710722
14.7545796902709,72.5406094759902
14.7545796902709,72.5713471809082
14.7545796902709,72.6020848858262
14.7545796902709,72.6328225907443
14.7545796902709,72.6635602956623
14.7545796902709,72.6942980005803
14.7545796902709,72.7250357054983
14.7545796902709,72.7557734104164
14.7545796902709,72.7865111153344
14.7545796902709,72.8172488202524
14.7545796902709,72.8479865251704
14.7545796902709,72.8787242300885
14.7545796902709,72.9094619350065
14.7545796902709,72.9401996399245
14.7545796902709,72.9709373448425
14.7545796902709,73.0016750497606
14.7545796902709,73.0324127546786
14.7545796902709,73.0631504595966
14.7545796902709,73.0938881645146
14.7545796902709,73.1246258694327
14.7545796902709,73.1553635743507
14.7545796902709,73.1861012792687
14.7545796902709,73.2168389841867
14.7545796902709,73.2475766891048
14.7545796902709,73.2783143940228
14.7545796902709,73.3090520989408
14.7545796902709,73.3397898038588
14.7545796902709,73.3705275087769
14.7545796902709,73.4012652136949
14.7545796902709,73.4320029186129
14.7545796902709,73.4627406235309
14.7545796902709,73.493478328449
14.7545796902709,73.524216033367
14.7545796902709,73.554953738285
14.7545796902709,73.585691443203
14.7545796902709,73.6164291481211
14.7545796902709,73.6471668530391
14.7545796902709,73.6779045579571
14.7545796902709,73.7086422628751
14.7545796902709,73.7393799677932
14.7545796902709,73.7701176727112
14.7545796902709,73.8008553776292
14.7545796902709,73.8315930825472
14.7545796902709,73.8623307874653
14.7545796902709,73.8930684923833
14.7545796902709,73.9238061973013
14.7545796902709,73.9545439022193
14.7545796902709,73.9852816071374
14.7545796902709,74.0160193120554
14.7545796902709,74.0467570169734
14.7545796902709,74.0774947218914
14.7545796902709,74.1082324268095
14.7545796902709,74.1389701317275
14.7545796902709,74.1697078366455
14.7545796902709,74.2004455415635
14.7545796902709,74.2311832464815
14.7545796902709,74.2619209513996
14.7545796902709,74.2926586563176
14.7545796902709,74.3233963612356
14.7545796902709,74.3541340661536
14.7545796902709,74.3848717710717
14.7545796902709,74.4156094759897
14.7545796902709,74.4463471809077
14.7545796902709,74.4770848858257
14.7545796902709,74.5078225907438
14.7545796902709,74.5385602956618
14.7545796902709,74.5692980005798
14.7545796902709,74.6000357054978
14.7545796902709,74.6307734104159
14.7545796902709,74.6615111153339
14.7545796902709,74.6922488202519
14.7545796902709,74.7229865251699
14.7545796902709,74.753724230088
14.7545796902709,74.784461935006
14.7545796902709,74.815199639924
14.7545796902709,74.845937344842
14.7545796902709,74.8766750497601
14.7545796902709,74.9074127546781
14.7545796902709,74.9381504595961
14.7545796902709,74.9688881645141
14.7545796902709,74.9996258694322
14.7545796902709,75.0303635743502
14.7545796902709,75.0611012792682
14.7545796902709,75.0918389841862
14.7545796902709,75.1225766891043
14.7545796902709,75.1533143940223
14.7545796902709,75.1840520989403
14.7545796902709,75.2147898038583
14.7545796902709,75.2455275087764
14.7545796902709,75.2762652136944
14.7545796902709,75.3070029186124
14.7545796902709,75.3377406235304
14.7545796902709,75.3684783284485
14.7545796902709,75.3992160333665
14.7545796902709,75.4299537382845
14.7545796902709,75.4606914432025
14.7545796902709,75.4914291481206
14.7545796902709,75.5221668530386
14.7545796902709,75.5529045579566
14.7545796902709,75.5836422628746
14.7545796902709,75.6143799677927
14.7545796902709,75.6451176727107
14.7545796902709,75.6758553776287
14.7545796902709,75.7065930825467
14.7545796902709,75.7373307874648
14.7545796902709,75.7680684923828
14.7545796902709,75.7988061973008
14.7545796902709,75.8295439022188
14.7545796902709,75.8602816071369
14.7545796902709,75.8910193120549
14.7545796902709,75.9217570169729
14.7545796902709,75.9524947218909
14.7545796902709,75.983232426809
14.7545796902709,76.013970131727
14.7545796902709,76.044707836645
14.7545796902709,76.075445541563
14.7545796902709,76.1061832464811
14.7545796902709,76.1369209513991
14.7545796902709,76.1676586563171
14.7545796902709,76.1983963612351
14.7545796902709,76.2291340661532
14.7545796902709,76.2598717710712
14.7545796902709,76.2906094759892
14.7545796902709,76.3213471809072
14.7545796902709,76.3520848858252
14.7545796902709,76.3828225907433
14.7545796902709,76.4135602956613
14.7545796902709,76.4442980005793
14.7545796902709,76.4750357054973
14.7545796902709,76.5057734104154
14.7545796902709,76.5365111153334
14.7545796902709,76.5672488202514
14.7545796902709,76.5979865251694
14.7545796902709,76.6287242300875
14.7545796902709,76.6594619350055
14.7545796902709,76.6901996399235
14.7545796902709,76.7209373448415
14.7545796902709,76.7516750497596
14.7545796902709,76.7824127546776
14.7545796902709,76.8131504595956
14.7545796902709,76.8438881645136
14.7545796902709,76.8746258694317
14.7545796902709,76.9053635743497
14.7545796902709,76.9361012792677
14.7545796902709,76.9668389841857
14.7545796902709,76.9975766891038
14.7545796902709,77.0283143940218
14.7545796902709,77.0590520989398
14.7545796902709,77.0897898038578
14.7545796902709,77.1205275087759
14.7545796902709,77.1512652136939
14.7545796902709,77.1820029186119
14.7545796902709,77.2127406235299
14.7545796902709,77.243478328448
14.7545796902709,77.274216033366
14.7545796902709,77.304953738284
14.7545796902709,77.335691443202
14.7545796902709,77.3664291481201
14.7545796902709,77.3971668530381
14.7545796902709,77.4279045579561
14.7545796902709,77.4586422628741
14.7545796902709,77.4893799677922
14.7545796902709,77.5201176727102
14.7545796902709,77.5508553776282
14.7545796902709,77.5815930825462
14.7545796902709,77.6123307874643
14.7545796902709,77.6430684923823
14.7545796902709,77.6738061973003
14.7545796902709,77.7045439022183
14.7545796902709,77.7352816071364
14.7545796902709,77.7660193120544
14.7545796902709,77.7967570169724
14.7545796902709,77.8274947218904
14.7545796902709,77.8582324268085
14.7545796902709,77.8889701317265
14.7545796902709,77.9197078366445
14.7545796902709,77.9504455415625
14.7545796902709,77.9811832464806
14.7545796902709,78.0119209513986
14.7545796902709,78.0426586563166
14.7545796902709,78.0733963612346
14.7545796902709,78.1041340661527
14.7545796902709,78.1348717710707
14.7545796902709,78.1656094759887
14.7545796902709,78.1963471809067
14.7545796902709,78.2270848858248
14.7545796902709,78.2578225907428
14.7545796902709,78.2885602956608
14.7545796902709,78.3192980005788
14.7545796902709,78.3500357054969
14.7545796902709,78.3807734104149
14.7545796902709,78.4115111153329
14.7545796902709,78.4422488202509
14.7545796902709,78.4729865251689
14.7545796902709,78.503724230087
14.7545796902709,78.534461935005
14.7545796902709,78.565199639923
14.7545796902709,78.595937344841
14.7545796902709,78.6266750497591
14.7545796902709,78.6574127546771
14.7545796902709,78.6881504595951
14.7545796902709,78.7188881645131
14.7545796902709,78.7496258694312
14.7545796902709,78.7803635743492
14.7545796902709,78.8111012792672
14.7545796902709,78.8418389841852
14.7545796902709,78.8725766891033
14.7545796902709,78.9033143940213
14.7545796902709,78.9340520989393
14.7545796902709,78.9647898038573
14.7545796902709,78.9955275087754
14.7545796902709,79.0262652136934
14.7545796902709,79.0570029186114
14.7545796902709,79.0877406235294
14.7545796902709,79.1184783284475
14.7545796902709,79.1492160333655
14.7545796902709,79.1799537382835
14.7545796902709,79.2106914432015
14.7545796902709,79.2414291481196
14.7545796902709,79.2721668530376
14.7545796902709,79.3029045579556
14.7545796902709,79.3336422628736
14.7545796902709,79.3643799677917
14.7545796902709,79.3951176727097
14.7545796902709,79.4258553776277
14.7545796902709,79.4565930825457
14.7545796902709,79.4873307874638
14.7545796902709,79.5180684923818
14.7545796902709,79.5488061972998
14.7545796902709,79.5795439022178
14.7545796902709,79.6102816071359
14.7545796902709,79.6410193120539
14.7545796902709,79.6717570169719
14.7545796902709,79.7024947218899
14.7545796902709,79.733232426808
14.7545796902709,79.763970131726
14.7545796902709,79.794707836644
14.7545796902709,79.825445541562
14.7545796902709,79.8561832464801
14.7545796902709,79.8869209513981
14.7545796902709,79.9176586563161
14.7545796902709,79.9483963612341
14.7545796902709,79.9791340661522
14.7545796902709,80.0098717710702
14.7545796902709,80.0406094759882
14.7545796902709,80.0713471809062
14.7545796902709,80.1020848858243
14.7545796902709,80.1328225907423
14.7545796902709,80.1635602956603
14.7545796902709,80.1942980005783
14.7545796902709,80.2250357054964
14.7545796902709,80.2557734104144
14.7545796902709,80.2865111153324
14.7545796902709,80.3172488202504
14.7545796902709,80.3479865251685
14.7545796902709,80.3787242300865
14.7545796902709,80.4094619350045
14.7545796902709,80.4401996399225
14.7545796902709,80.4709373448406
14.7545796902709,80.5016750497586
14.7545796902709,80.5324127546766
14.7545796902709,80.5631504595946
14.7545796902709,80.5938881645126
14.7545796902709,80.6246258694307
14.7545796902709,80.6553635743487
14.7545796902709,80.6861012792667
14.7545796902709,80.7168389841847
14.7545796902709,80.7475766891028
14.7545796902709,80.7783143940208
14.7545796902709,80.8090520989388
14.7545796902709,80.8397898038568
14.7545796902709,80.8705275087749
14.7545796902709,80.9012652136929
14.7545796902709,80.9320029186109
14.7545796902709,80.9627406235289
14.7545796902709,80.993478328447
14.7545796902709,81.024216033365
14.7545796902709,81.054953738283
14.7545796902709,81.085691443201
14.7545796902709,81.1164291481191
14.7545796902709,81.1471668530371
14.7545796902709,81.1779045579551
14.7545796902709,81.2086422628731
14.7545796902709,81.2393799677912
14.7545796902709,81.2701176727092
14.7545796902709,81.3008553776272
14.7545796902709,81.3315930825452
14.7545796902709,81.3623307874633
14.7545796902709,81.3930684923813
14.7545796902709,81.4238061972993
14.7545796902709,81.4545439022173
14.7545796902709,81.4852816071354
14.7545796902709,81.5160193120534
14.7545796902709,81.5467570169714
14.7545796902709,81.5774947218894
14.7545796902709,81.6082324268075
14.7545796902709,81.6389701317255
14.7545796902709,81.6697078366435
14.7545796902709,81.7004455415615
14.7545796902709,81.7311832464796
14.7545796902709,81.7619209513976
14.7545796902709,81.7926586563156
14.7545796902709,81.8233963612336
14.7545796902709,81.8541340661517
14.7545796902709,81.8848717710697
14.7545796902709,81.9156094759877
14.7545796902709,81.9463471809057
14.7545796902709,81.9770848858238
14.7545796902709,82.0078225907418
14.7545796902709,82.0385602956598
14.7545796902709,82.0692980005778
14.7545796902709,82.1000357054959
14.7545796902709,82.1307734104139
14.7545796902709,82.1615111153319
14.7545796902709,82.1922488202499
14.7545796902709,82.222986525168
14.7545796902709,82.253724230086
14.7545796902709,82.284461935004
14.7545796902709,82.315199639922
14.7545796902709,82.3459373448401
14.7545796902709,82.3766750497581
14.7545796902709,82.4074127546761
14.7545796902709,82.4381504595941
14.7545796902709,82.4688881645122
14.7545796902709,82.4996258694302
14.7545796902709,82.5303635743482
14.7545796902709,82.5611012792662
14.7545796902709,82.5918389841842
14.7545796902709,82.6225766891023
14.7545796902709,82.6533143940203
14.7545796902709,82.6840520989383
14.7545796902709,82.7147898038563
14.7545796902709,82.7455275087744
14.7545796902709,82.7762652136924
14.7545796902709,82.8070029186104
14.7545796902709,82.8377406235284
14.7545796902709,82.8684783284465
14.7545796902709,82.8992160333645
14.7545796902709,82.9299537382825
14.7545796902709,82.9606914432005
14.7545796902709,82.9914291481186
14.7545796902709,83.0221668530366
14.7545796902709,83.0529045579546
14.7545796902709,83.0836422628726
14.7545796902709,83.1143799677907
14.7545796902709,83.1451176727087
14.7545796902709,83.1758553776267
14.7545796902709,83.2065930825447
14.7545796902709,83.2373307874628
14.7545796902709,83.2680684923808
14.7545796902709,83.2988061972988
14.7545796902709,83.3295439022168
14.7545796902709,83.3602816071349
14.7545796902709,83.3910193120529
14.7545796902709,83.4217570169709
14.7545796902709,83.4524947218889
14.7545796902709,83.483232426807
14.7545796902709,83.513970131725
14.7545796902709,83.544707836643
14.7545796902709,83.575445541561
14.7545796902709,83.6061832464791
14.7545796902709,83.6369209513971
14.7545796902709,83.6676586563151
14.7545796902709,83.6983963612331
14.7545796902709,83.7291340661512
14.7545796902709,83.7598717710692
14.7545796902709,83.7906094759872
14.7545796902709,83.8213471809052
14.7545796902709,83.8520848858233
14.7545796902709,83.8828225907413
14.7545796902709,83.9135602956593
14.7545796902709,83.9442980005773
14.7545796902709,83.9750357054954
14.7545796902709,84.0057734104134
14.7545796902709,84.0365111153314
14.7545796902709,84.0672488202494
14.7545796902709,84.0979865251675
14.7545796902709,84.1287242300855
14.7545796902709,84.1594619350035
14.7545796902709,84.1901996399215
14.7545796902709,84.2209373448396
14.7545796902709,84.2516750497576
14.7545796902709,84.2824127546756
14.7545796902709,84.3131504595936
14.7545796902709,84.3438881645117
14.7545796902709,84.3746258694297
14.7545796902709,84.4053635743477
14.7545796902709,84.4361012792657
14.7545796902709,84.4668389841838
14.7545796902709,84.4975766891018
14.7545796902709,84.5283143940198
14.7545796902709,84.5590520989378
14.7545796902709,84.5897898038559
14.7545796902709,84.6205275087739
14.7545796902709,84.6512652136919
14.7545796902709,84.6820029186099
14.7545796902709,84.7127406235279
14.7545796902709,84.743478328446
14.7545796902709,84.774216033364
14.7545796902709,84.804953738282
14.7545796902709,84.8356914432
14.7545796902709,84.8664291481181
14.7545796902709,84.8971668530361
14.7545796902709,84.9279045579541
14.7545796902709,84.9586422628721
14.7545796902709,84.9893799677902
14.7545796902709,85.0201176727082
14.7545796902709,85.0508553776262
14.7545796902709,85.0815930825442
14.7545796902709,85.1123307874623
14.7545796902709,85.1430684923803
14.7545796902709,85.1738061972983
14.7545796902709,85.2045439022163
14.7545796902709,85.2352816071344
14.7545796902709,85.2660193120524
14.7545796902709,85.2967570169704
14.7545796902709,85.3274947218884
14.7545796902709,85.3582324268065
14.7545796902709,85.3889701317245
14.7545796902709,85.4197078366425
14.7545796902709,85.4504455415605
14.7545796902709,85.4811832464786
14.7545796902709,85.5119209513966
14.7545796902709,85.5426586563146
14.7545796902709,85.5733963612326
14.7545796902709,85.6041340661507
14.7545796902709,85.6348717710687
14.7545796902709,85.6656094759867
14.7545796902709,85.6963471809047
14.7545796902709,85.7270848858228
14.7545796902709,85.7578225907408
14.7545796902709,85.7885602956588
14.7545796902709,85.8192980005768
14.7545796902709,85.8500357054949
14.7545796902709,85.8807734104129
14.7545796902709,85.9115111153309
14.7545796902709,85.9422488202489
14.7545796902709,85.972986525167
14.7545796902709,86.003724230085
14.7545796902709,86.034461935003
14.7545796902709,86.065199639921
14.7545796902709,86.0959373448391
14.7545796902709,86.1266750497571
14.7545796902709,86.1574127546751
14.7545796902709,86.1881504595931
14.7545796902709,86.2188881645112
14.7545796902709,86.2496258694292
14.7545796902709,86.2803635743472
14.7545796902709,86.3111012792652
14.7545796902709,86.3418389841833
14.7545796902709,86.3725766891013
14.7545796902709,86.4033143940193
14.7545796902709,86.4340520989373
14.7545796902709,86.4647898038554
14.7545796902709,86.4955275087734
14.7545796902709,86.5262652136914
14.7545796902709,86.5570029186094
14.7545796902709,86.5877406235275
14.7545796902709,86.6184783284455
14.7545796902709,86.6492160333635
14.7545796902709,86.6799537382815
14.7545796902709,86.7106914431996
14.7545796902709,86.7414291481176
14.7545796902709,86.7721668530356
14.7545796902709,86.8029045579536
14.7545796902709,86.8336422628716
14.7545796902709,86.8643799677897
14.7545796902709,86.8951176727077
14.7545796902709,86.9258553776257
14.7545796902709,86.9565930825437
14.7545796902709,86.9873307874618
14.7545796902709,87.0180684923798
14.7545796902709,87.0488061972978
14.7545796902709,87.0795439022158
14.7545796902709,87.1102816071339
14.7545796902709,87.1410193120519
14.7545796902709,87.1717570169699
14.7545796902709,87.2024947218879
14.7545796902709,87.233232426806
14.7545796902709,87.263970131724
14.7545796902709,87.294707836642
14.7545796902709,87.32544554156
14.7545796902709,87.3561832464781
14.7545796902709,87.3869209513961
14.7545796902709,87.4176586563141
14.7545796902709,87.4483963612321
14.7545796902709,87.4791340661502
14.7545796902709,87.5098717710682
14.7545796902709,87.5406094759862
14.7545796902709,87.5713471809042
14.7545796902709,87.6020848858223
14.7545796902709,87.6328225907403
14.7545796902709,87.6635602956583
14.7545796902709,87.6942980005763
14.7545796902709,87.7250357054944
14.7545796902709,87.7557734104124
14.7545796902709,87.7865111153304
14.7545796902709,87.8172488202484
14.7545796902709,87.8479865251665
14.7545796902709,87.8787242300845
14.7545796902709,87.9094619350025
14.7545796902709,87.9401996399205
14.7545796902709,87.9709373448386
14.7545796902709,88.0016750497566
14.7545796902709,88.0324127546746
14.7545796902709,88.0631504595926
14.7545796902709,88.0938881645107
14.7545796902709,88.1246258694287
14.7545796902709,88.1553635743467
14.7545796902709,88.1861012792647
14.7545796902709,88.2168389841828
14.7545796902709,88.2475766891008
14.7545796902709,88.2783143940188
14.7545796902709,88.3090520989368
14.7545796902709,88.3397898038549
14.7545796902709,88.3705275087729
14.7545796902709,88.4012652136909
14.7545796902709,88.4320029186089
14.7545796902709,88.462740623527
14.7545796902709,88.493478328445
14.7545796902709,88.524216033363
14.7545796902709,88.554953738281
14.7545796902709,88.5856914431991
14.7545796902709,88.6164291481171
14.7545796902709,88.6471668530351
14.7545796902709,88.6779045579531
14.7545796902709,88.7086422628712
14.7545796902709,88.7393799677892
14.7545796902709,88.7701176727072
14.7545796902709,88.8008553776252
14.7545796902709,88.8315930825433
14.7545796902709,88.8623307874613
14.7545796902709,88.8930684923793
14.7545796902709,88.9238061972973
14.7545796902709,88.9545439022153
14.7545796902709,88.9852816071334
14.7545796902709,89.0160193120514
14.7545796902709,89.0467570169694
14.7545796902709,89.0774947218874
14.7545796902709,89.1082324268055
14.7545796902709,89.1389701317235
14.7545796902709,89.1697078366415
14.7545796902709,89.2004455415595
14.7545796902709,89.2311832464776
14.7545796902709,89.2619209513956
14.7545796902709,89.2926586563136
14.7545796902709,89.3233963612316
14.7545796902709,89.3541340661497
14.7545796902709,89.3848717710677
14.7545796902709,89.4156094759857
14.7545796902709,89.4463471809037
14.7545796902709,89.4770848858218
14.7545796902709,89.5078225907398
14.7545796902709,89.5385602956578
14.7545796902709,89.5692980005758
14.7545796902709,89.6000357054939
14.7545796902709,89.6307734104119
14.7545796902709,89.6615111153299
14.7545796902709,89.6922488202479
14.7545796902709,89.722986525166
14.7545796902709,89.753724230084
14.7545796902709,89.784461935002
14.7545796902709,89.81519963992
14.7545796902709,89.8459373448381
14.7545796902709,89.8766750497561
14.7545796902709,89.9074127546741
14.7545796902709,89.9381504595921
14.7545796902709,89.9688881645102
14.7545796902709,89.9996258694282
14.7545796902709,90.0303635743462
14.7545796902709,90.0611012792642
14.7545796902709,90.0918389841823
14.7545796902709,90.1225766891003
14.7545796902709,90.1533143940183
14.7545796902709,90.1840520989363
14.7545796902709,90.2147898038544
14.7545796902709,90.2455275087724
14.7545796902709,90.2762652136904
14.7545796902709,90.3070029186084
14.7545796902709,90.3377406235265
14.7545796902709,90.3684783284445
14.7545796902709,90.3992160333625
14.7545796902709,90.4299537382805
14.7545796902709,90.4606914431986
14.7545796902709,90.4914291481166
14.7545796902709,90.5221668530346
14.7545796902709,90.5529045579526
14.7545796902709,90.5836422628707
14.7545796902709,90.6143799677887
14.7545796902709,90.6451176727067
14.7545796902709,90.6758553776247
14.7545796902709,90.7065930825428
14.7545796902709,90.7373307874608
14.7545796902709,90.7680684923788
14.7545796902709,90.7988061972968
14.7545796902709,90.8295439022149
14.7545796902709,90.8602816071329
14.7545796902709,90.8910193120509
14.7545796902709,90.9217570169689
14.7545796902709,90.9524947218869
14.7545796902709,90.983232426805
14.7545796902709,91.013970131723
14.7545796902709,91.044707836641
14.7545796902709,91.075445541559
14.7545796902709,91.1061832464771
14.7545796902709,91.1369209513951
14.7545796902709,91.1676586563131
14.7545796902709,91.1983963612311
14.7545796902709,91.2291340661492
14.7545796902709,91.2598717710672
14.7545796902709,91.2906094759852
14.7545796902709,91.3213471809032
14.7545796902709,91.3520848858213
14.7545796902709,91.3828225907393
14.7545796902709,91.4135602956573
14.7545796902709,91.4442980005753
14.7545796902709,91.4750357054934
14.7545796902709,91.5057734104114
14.7545796902709,91.5365111153294
14.7545796902709,91.5672488202474
14.7545796902709,91.5979865251655
14.7545796902709,91.6287242300835
14.7545796902709,91.6594619350015
14.7545796902709,91.6901996399195
14.7545796902709,91.7209373448376
14.7545796902709,91.7516750497556
14.7545796902709,91.7824127546736
14.7545796902709,91.8131504595916
14.7545796902709,91.8438881645097
14.7545796902709,91.8746258694277
14.7545796902709,91.9053635743457
14.7545796902709,91.9361012792637
14.7545796902709,91.9668389841818
14.7545796902709,91.9975766890998
14.7545796902709,92.0283143940178
14.7545796902709,92.0590520989358
14.7545796902709,92.0897898038539
14.7545796902709,92.1205275087719
14.7545796902709,92.1512652136899
14.7545796902709,92.1820029186079
14.7545796902709,92.212740623526
14.7545796902709,92.243478328444
14.7545796902709,92.274216033362
14.7545796902709,92.30495373828
14.7545796902709,92.3356914431981
14.7545796902709,92.3664291481161
14.7545796902709,92.3971668530341
14.7545796902709,92.4279045579521
14.7545796902709,92.4586422628702
14.7545796902709,92.4893799677882
14.7545796902709,92.5201176727062
14.7545796902709,92.5508553776242
14.7545796902709,92.5815930825423
14.7545796902709,92.6123307874603
14.7545796902709,92.6430684923783
14.7545796902709,92.6738061972963
14.7545796902709,92.7045439022144
14.7545796902709,92.7352816071324
14.7545796902709,92.7660193120504
14.7545796902709,92.7967570169684
14.7545796902709,92.8274947218865
14.7545796902709,92.8582324268045
14.7545796902709,92.8889701317225
14.7545796902709,92.9197078366405
14.7545796902709,92.9504455415586
14.7545796902709,92.9811832464766
14.7545796902709,93.0119209513946
14.7545796902709,93.0426586563126
14.7545796902709,93.0733963612306
14.7545796902709,93.1041340661487
14.7545796902709,93.1348717710667
14.7545796902709,93.1656094759847
14.7545796902709,93.1963471809027
14.7545796902709,93.2270848858208
14.7545796902709,93.2578225907388
14.7545796902709,93.2885602956568
14.7545796902709,93.3192980005748
14.7545796902709,93.3500357054929
14.7545796902709,93.3807734104109
14.7545796902709,93.4115111153289
14.7545796902709,93.4422488202469
14.7545796902709,93.472986525165
14.7545796902709,93.503724230083
14.7545796902709,93.534461935001
14.7545796902709,93.565199639919
14.7545796902709,93.5959373448371
14.7545796902709,93.6266750497551
14.7545796902709,93.6574127546731
14.7545796902709,93.6881504595911
14.7545796902709,93.7188881645092
14.7545796902709,93.7496258694272
14.7545796902709,93.7803635743452
14.7545796902709,93.8111012792632
14.7545796902709,93.8418389841813
14.7545796902709,93.8725766890993
14.7545796902709,93.9033143940173
14.7545796902709,93.9340520989353
14.7545796902709,93.9647898038534
14.7545796902709,93.9955275087714
14.7545796902709,94.0262652136894
14.7545796902709,94.0570029186074
14.7545796902709,94.0877406235255
14.7545796902709,94.1184783284435
14.7545796902709,94.1492160333615
14.7545796902709,94.1799537382795
14.7545796902709,94.2106914431976
14.7545796902709,94.2414291481156
14.7545796902709,94.2721668530336
14.7545796902709,94.3029045579516
14.7545796902709,94.3336422628697
14.7545796902709,94.3643799677877
14.7545796902709,94.3951176727057
14.7545796902709,94.4258553776237
14.7545796902709,94.4565930825418
14.7545796902709,94.4873307874598
14.7545796902709,94.5180684923778
14.7545796902709,94.5488061972958
14.7545796902709,94.5795439022139
14.7545796902709,94.6102816071319
14.7545796902709,94.6410193120499
14.7545796902709,94.6717570169679
14.7545796902709,94.702494721886
14.7545796902709,94.733232426804
14.7545796902709,94.763970131722
14.7545796902709,94.79470783664
14.7545796902709,94.8254455415581
14.7545796902709,94.8561832464761
14.7545796902709,94.8869209513941
14.7545796902709,94.9176586563121
14.7545796902709,94.9483963612302
14.7545796902709,94.9791340661482
14.7545796902709,95.0098717710662
14.7545796902709,95.0406094759842
14.7545796902709,95.0713471809023
14.7545796902709,95.1020848858203
14.7545796902709,95.1328225907383
14.7545796902709,95.1635602956563
14.7545796902709,95.1942980005743
14.7545796902709,95.2250357054924
14.7545796902709,95.2557734104104
14.7545796902709,95.2865111153284
14.7545796902709,95.3172488202464
14.7545796902709,95.3479865251645
14.7545796902709,95.3787242300825
14.7545796902709,95.4094619350005
14.7545796902709,95.4401996399185
14.7545796902709,95.4709373448366
14.7545796902709,95.5016750497546
14.7545796902709,95.5324127546726
14.7545796902709,95.5631504595906
14.7545796902709,95.5938881645087
14.7545796902709,95.6246258694267
14.7545796902709,95.6553635743447
14.7545796902709,95.6861012792627
14.7545796902709,95.7168389841808
14.7545796902709,95.7475766890988
14.7545796902709,95.7783143940168
14.7545796902709,95.8090520989348
14.7545796902709,95.8397898038529
14.7545796902709,95.8705275087709
14.7545796902709,95.9012652136889
14.7545796902709,95.9320029186069
14.7545796902709,95.962740623525
14.7545796902709,95.993478328443
14.7545796902709,96.024216033361
14.7545796902709,96.054953738279
14.7545796902709,96.0856914431971
14.7545796902709,96.1164291481151
14.7545796902709,96.1471668530331
14.7545796902709,96.1779045579511
14.7545796902709,96.2086422628692
14.7545796902709,96.2393799677872
14.7545796902709,96.2701176727052
14.7545796902709,96.3008553776232
14.7545796902709,96.3315930825413
14.7545796902709,96.3623307874593
14.7545796902709,96.3930684923773
14.7545796902709,96.4238061972953
14.7545796902709,96.4545439022134
14.7545796902709,96.4852816071314
14.7545796902709,96.5160193120494
14.7545796902709,96.5467570169674
14.7545796902709,96.5774947218855
14.7545796902709,96.6082324268035
14.7545796902709,96.6389701317215
14.7545796902709,96.6697078366395
14.7545796902709,96.7004455415576
14.7545796902709,96.7311832464756
14.7545796902709,96.7619209513936
14.7545796902709,96.7926586563116
14.7545796902709,96.8233963612297
14.7545796902709,96.8541340661477
14.7545796902709,96.8848717710657
14.7545796902709,96.9156094759837
14.7545796902709,96.9463471809018
14.7545796902709,96.9770848858198
14.7545796902709,97.0078225907378
14.7545796902709,97.0385602956558
14.7545796902709,97.0692980005739
14.7545796902709,97.1000357054919
14.7545796902709,97.1307734104099
14.7545796902709,97.1615111153279
14.7545796902709,97.192248820246
14.7545796902709,97.222986525164
14.7545796902709,97.253724230082
14.7545796902709,97.284461935
14.7545796902709,97.315199639918
14.7545796902709,97.3459373448361
14.7545796902709,97.3766750497541
14.7545796902709,97.4074127546721
14.7545796902709,97.4381504595901
14.7545796902709,97.4688881645082
14.7545796902709,97.4996258694262
14.7545796902709,97.5303635743442
14.7545796902709,97.5611012792622
14.7545796902709,97.5918389841803
14.7545796902709,97.6225766890983
14.7545796902709,97.6533143940163
14.7545796902709,97.6840520989343
14.7545796902709,97.7147898038524
14.7545796902709,97.7455275087704
14.7545796902709,97.7762652136884
14.7545796902709,97.8070029186064
14.7545796902709,97.8377406235245
14.7545796902709,97.8684783284425
14.7545796902709,97.8992160333605
14.7545796902709,97.9299537382785
14.7545796902709,97.9606914431966
14.7545796902709,97.9914291481146
14.7545796902709,98.0221668530326
14.7545796902709,98.0529045579506
14.7545796902709,98.0836422628687
14.7545796902709,98.1143799677867
14.7545796902709,98.1451176727047
14.7545796902709,98.1758553776227
14.7545796902709,98.2065930825408
14.7545796902709,98.2373307874588
14.7545796902709,98.2680684923768
14.7545796902709,98.2988061972948
14.7545796902709,98.3295439022129
14.7545796902709,98.3602816071309
14.7545796902709,98.3910193120489
14.7545796902709,98.4217570169669
14.7545796902709,98.452494721885
14.7545796902709,98.483232426803
14.7545796902709,98.513970131721
14.7545796902709,98.544707836639
14.7545796902709,98.5754455415571
14.7545796902709,98.6061832464751
14.7545796902709,98.6369209513931
14.7545796902709,98.6676586563111
14.7545796902709,98.6983963612292
14.7545796902709,98.7291340661472
14.7545796902709,98.7598717710652
14.7545796902709,98.7906094759832
14.7545796902709,98.8213471809013
14.7545796902709,98.8520848858193
14.7545796902709,98.8828225907373
14.7545796902709,98.9135602956553
14.7545796902709,98.9442980005734
14.7545796902709,98.9750357054914
14.7545796902709,99.0057734104094
14.7545796902709,99.0365111153274
14.7545796902709,99.0672488202455
14.7545796902709,99.0979865251635
14.7545796902709,99.1287242300815
14.7545796902709,99.1594619349995
14.7545796902709,99.1901996399176
14.7545796902709,99.2209373448356
14.7545796902709,99.2516750497536
14.7545796902709,99.2824127546716
14.7545796902709,99.3131504595897
14.7545796902709,99.3438881645077
14.7545796902709,99.3746258694257
14.7545796902709,99.4053635743437
14.7545796902709,99.4361012792617
14.7545796902709,99.4668389841798
14.7545796902709,99.4975766890978
14.7545796902709,99.5283143940158
14.7545796902709,99.5590520989338
14.7545796902709,99.5897898038519
14.7545796902709,99.6205275087699
14.7545796902709,99.6512652136879
14.7545796902709,99.6820029186059
14.7545796902709,99.712740623524
14.7545796902709,99.743478328442
14.7545796902709,99.77421603336
14.7545796902709,99.804953738278
14.7545796902709,99.8356914431961
14.7545796902709,99.8664291481141
14.7545796902709,99.8971668530321
14.7545796902709,99.9279045579501
14.7545796902709,99.9586422628682
14.7545796902709,99.9893799677862
