0,0
0,0.0307377049180251
0,0.0614754024812783
2.47628335288579e-31,0.0922130903425148
-8.23862121123443e-23,0.122950770686304
-7.70981895004706e-22,0.15368844208939
-9.93853775424771e-21,0.184426106255849
7.48533211688955e-20,0.21516376489837
3.99281147162167e-19,0.245901418790874
-4.02778050273208e-19,0.276639068370822
-6.60148821848712e-18,0.307376714109936
-1.68284368119303e-17,0.338114349937692
1.51995634408665e-18,0.36885196496444
1.25098197304693e-16,0.399589577966618
3.89333263167636e-16,0.430327201470354
5.38254848641797e-16,0.461064829260564
-2.56466425723756e-16,0.491802442837209
-3.21423640508042e-15,0.522540053142725
-8.61220966326654e-15,0.553277668139486
-1.31144987294129e-14,0.584015287704838
-7.11504029711608e-15,0.614752903423466
2.44317300585979e-14,0.645490516837959
9.30891408940447e-14,0.676228123425829
1.87497367032548e-13,0.706965723426992
2.48122336145629e-13,0.737703320205053
1.52087351285877e-13,0.768440915222632
-2.6576347450637e-13,0.799178511854799
-1.12882938176656e-12,0.829916096046531
-2.3635278130689e-12,0.860653673249049
-3.50684244523812e-12,0.891391244061906
-3.56956112848499e-12,0.92212880507802
-1.1014474521829e-12,0.952866307986893
5.38355586165781e-12,0.983603836154756
1.65321873766349e-11,1.01434144495537
3.09091212592935e-11,1.04507905467292
4.37307778738436e-11,1.07581666414409
4.62065803363978e-11,1.10655427836503
2.63112296509058e-11,1.13729188025732
-2.82379342251206e-11,1.168029467224
-1.24447108654414e-10,1.19876704471684
-2.56452883011763e-10,1.22950461827989
-3.97553125302388e-10,1.26024219326077
-4.94806686864834e-10,1.29097974309882
-4.70051088197431e-10,1.32171733476384
-2.31226033295523e-10,1.35245479959713
3.03429341200615e-10,1.38319220597359
1.1686231900665e-09,1.4139296460492
2.30740522519806e-09,1.44466710800764
3.52853255107751e-09,1.47540468903626
4.4804654573786e-09,1.50614223788962
4.65934864662613e-09,1.53687977348493
3.4675397663302e-09,1.56761730193273
3.33310715225908e-10,1.59835482949168
-5.10918208003512e-09,1.62909235513296
-1.27969913195071e-08,1.65982993017782
-2.20093741562253e-08,1.6905675090234
-3.11878678238048e-08,1.72130512356743
-3.7873988015901e-08,1.75204272165725
-3.88351609014257e-08,1.78278032332505
-3.04369801812507e-08,1.81351792048199
-9.28894183275315e-09,1.84425551297229
2.68576140441656e-08,1.87499311475549
7.80431265637655e-08,1.90573072692622
1.41017523358314e-07,1.93646831735525
2.08356861246438e-07,1.96720590628112
2.68037625903408e-07,1.99794351832363
3.03737873287967e-07,2.02868109751947
2.9609589105593e-07,2.05941867176414
2.25069002859575e-07,2.09015625435834
7.33901639771835e-08,2.12089385605447
-1.69070844550985e-07,2.15163143435355
-5.00447909638865e-07,2.18236901333355
-9.02145611902403e-07,2.21310658834187
-1.33503640838349e-06,2.24384416319947
-1.73750122310069e-06,2.27458175193793
-2.02623284980266e-06,2.30531933481768
-2.10058389055661e-06,2.336056911791
-1.85096076495579e-06,2.36679448301599
-1.17132954825251e-06,2.39753204689838
2.46592999926199e-08,2.42826960163605
1.78504915743461e-06,2.45900715448619
4.10022677419523e-06,2.48974469825941
6.88518631431984e-06,2.52048223806983
9.96620754595209e-06,2.55121977860586
1.30750126472554e-05,2.5819573089838
1.5853457446819e-05,2.61269482662402
1.78715156789897e-05,2.64343233258034
1.86606377216578e-05,2.67416982863846
1.77634444582579e-05,2.7049073175165
1.47991833470078e-05,2.73564479698272
9.54268180242161e-06,2.76638225818082
2.01270715322365e-06,2.79711961825808
-7.43596320043829e-06,2.82785704826352
-1.80253886785472e-05,2.85859446208441
-2.84784420211795e-05,2.88933185770353
-3.69453057864528e-05,2.92006924089206
-4.08991582786421e-05,2.95080661768574
-3.69595669590748e-05,2.98154398491878
-2.06226791619979e-05,3.01228133369182
1.4091515070526e-05,3.04301867096493
7.50494373458866e-05,3.07375600280245
0.000172452186041566,3.1044933236278
0.00031929543119943,3.13523063204014
0.000531802279519675,3.16596793312104
0.000829881864966746,3.19670522004456
0.00123783552740276,3.22744248398467
0.00178551379875594,3.2581797167444
0.00250992265825331,3.28891692512422
0.0034571715110167,3.31965411856699
0.00468468620046629,3.35039129659135
0.00626366242918307,3.38112846042003
0.00828181044651622,3.41186560719184
0.0108465597535258,3.44260273376933
0.0140889562769745,3.47333983844722
0.0181683416394346,3.50407691496251
0.0232776104991624,3.53481397355197
0.0296489024487041,3.5655510282465
0.0375601349585768,3.59628806969005
0.0473424248772806,3.62702507981839
0.0593864298358174,3.65776207116418
0.0741446113827214,3.68849905983234
0.0921279115048238,3.71923605758871
0.113897729516355,3.74997302334197
0.140054815138413,3.7807099687162
0.171226768061251,3.81144689691335
0.208054892315546,3.84218381513971
0.251180658680574,3.87292070565699
0.301231390993167,3.90365757382677
0.358805252839069,3.93439442088394
0.424456267857803,3.96513124783076
0.498681350388002,3.99586804442034
0.581911672187548,4.02660480262721
0.674509713374649,4.05734153474974
0.776771878394141,4.08807825520042
0.888935018738028,4.11881496962037
1.01118535716578,4.14955164550156
1.14366724391142,4.18028829553134
1.28649117312808,4.21102493522293
1.43974021614883,4.24176157799652
1.60347592160769,4.27249818011816
1.77774238244982,4.30323474581681
1.96256930627228,4.33397128845139
2.15797417794987,4.36470780889396
2.3639636573687,4.39544428429205
2.58053385499931,4.42618069527877
2.80766922177193,4.45691705245986
3.04534103002145,4.48765336799511
3.29350636623097,4.51838963438984
3.552107732409,4.54912583835606
3.82107314713605,4.57986197070341
4.10031668419545,4.61059802631852
4.38973948242193,4.64133400064612
4.68923066493618,4.67206989423154
4.99866783336558,4.70280569988937
5.31791757343841,4.73354138939234
5.64683445957095,4.76427696241058
5.98525951131144,4.79501241716277
6.33301775582844,4.82574775113511
6.68991584632219,4.85648294676272
7.05574202285848,4.8872179794391
7.43026556920229,4.91795284778995
7.81323386006344,4.94868755119604
8.20436429800702,4.97942209096194
8.60333212672449,5.01015643806472
9.00975692443583,5.04089058139985
9.42319587092463,5.07162448577288
9.84314425021049,5.10235815855866
10.2690451817161,5.13309158350119
10.7003077612435,5.16382472375274
11.1363253924338,5.19455760287899
11.5764916389903,5.22529024595948
12.0202076186141,5.25602267348433
12.4668863634073,5.28675482465111
12.9159485893082,5.31748673533333
13.3668193360177,5.34821843693887
13.8189275543983,5.37894995571542
14.2717149532987,5.40968123016196
14.7246415350282,5.44041227086222
15.1771880064769,5.47114310279694
15.6288633453415,5.50187374290129
16.0792340938352,5.53260392540811
16.5279195363467,5.56333360177241
16.9745789612084,5.59406279068391
17.418906822076,5.62479150419146
17.8606455432975,5.65551975093971
18.2996067250869,5.68624747740545
18.7356810785342,5.7169746879469
19.1688245586914,5.7477014078571
19.5990417204746,5.77842765317006
20.0263778852765,5.80915343254491
20.450927436162,5.83987875200707
20.8728526232671,5.87060358684807
21.2923822328179,5.90132793732788
21.7098105083403,5.9320513308292
22.1254759096353,5.96277367186137
22.5397549084347,5.9934948082799
22.9530586123699,6.0242146688167
23.3658299544417,6.05493327021613
23.7785422692943,6.08565065265238
24.1916956002883,6.11636687189336
24.6058072434939,6.14708203333537
25.0213993213898,6.17779628230063
25.4389870710136,6.20850980544839
25.8590781141072,6.23922267335928
26.2821666636262,6.26993506615863
26.7087273772785,6.30064707048549
27.1392057266087,6.33135871924575
27.5740090036333,6.36207005267603
28.0134978010225,6.39278119499635
28.4579893019758,6.42349212172682
28.9077576869821,6.45420293637462
29.3630362768984,6.4849137769793
29.824019512562,6.51562479820521
30.2908638304978,6.54633617649439
30.7636879786686,6.5770481166803
31.2425723478047,6.60776085051598
31.7275582205716,6.638474632007
32.2186436716498,6.66918975412533
32.7157863629304,6.69990616079263
33.2189075449643,6.73062338705566
33.7279314308222,6.76134037453424
34.2427655639929,6.79205738647845
34.7633120866584,6.82277433698928
35.2894773832784,6.85349127625547
35.8211732349714,6.88420848365718
36.3583146770764,6.9149262767792
36.9008144762463,6.94564501445619
37.4485856965862,6.97636509618005
38.0015464202296,7.00708694551279
38.5596070117748,7.03781098111445
39.1226748452931,7.06853706061783
39.6906771393185,7.0992647696634
40.2635471209285,7.12999451501963
40.8412170046906,7.16072681416964
41.4235687655701,7.19146216908624
42.010525468087,7.22219827926168
42.6020018218217,7.25293515369964
43.1979075411362,7.28367272696391
43.7981439939382,7.31441107551062
44.4025955415371,7.34515023470404
45.0111407644564,7.37588978918875
45.6236676467928,7.40662924211289
46.2400664592425,7.43736857404335
46.8602301167059,7.46810779436757
47.4840520997836,7.49884693657405
48.1114305987144,7.52958601288109
48.7422743048622,7.56032499316522
49.3765000396816,7.59106387502626
50.0140312347897,7.62180267826836
50.6547957221386,7.65254142887454
51.2987176833288,7.6832801448747
51.9457154874189,7.71401874352992
52.5956902109814,7.74475728577807
53.2485196890269,7.77549575244068
53.9040418560904,7.80623414779779
54.5620294945386,7.83697252960282
55.222180043525,7.86771089623858
55.8841220879648,7.89844921234513
56.5474259460887,7.9291874628566
57.2116142931122,7.95992563168522
57.8761618543545,7.99066375513435
58.5404924266742,8.0214018378997
59.2039708035159,8.05213988856169
59.8658823039958,8.08287790103063
60.5253932956247,8.11361586230459
61.1815644654561,8.14435379103867
61.8334625425507,8.17509171344931
62.4801964930312,8.20582965267467
63.1208542867811,8.23656756691127
63.7544412543465,8.26730545712587
64.3798435828694,8.29804330339755
64.9958067114095,8.32878110110391
65.6009108440625,8.35951892065101
66.1935487322773,8.39025671914944
66.771896694069,8.42099449890375
67.3338965788511,8.45173226213043
67.8772514060164,8.48247000632173
68.3995268410196,8.51320773351871
68.898371074468,8.54394544588034
69.3717117599861,8.57468312294639
69.8177936747677,8.60542077210522
70.2351020230158,8.63615840709953
70.6223322521172,8.66689600050414
70.9785492946168,8.69763357678531
71.3034267520596,8.72837114015496
71.5973095374607,8.75910869883031
71.8611144896965,8.78984623892919
72.0961989944896,8.82058374846764
72.3042491209947,8.85132121324879
72.487185353035,8.88205865802649
72.6470845488442,8.912796100176
72.7861253764243,8.94353350720785
72.9065342419712,8.97427088840212
73.0105077257071,9.00500826216208
73.1001337492784,9.0357456421931
73.1773377832461,9.06648300885136
73.2438558912352,9.09722034776682
73.3012270291934,9.12795767816003
73.3507977428236,9.15869501489198
73.3937341089059,9.18943235726614
73.4310376859196,9.22016966425955
73.4635628305822,9.25090695642978
73.4920342891202,9.28164425020975
73.5170640235301,9.31238155828156
73.5391668168149,9.34311886935494
73.5587744387918,9.37385615216849
73.576248191786,9.40459342243625
73.5918899858567,9.43533069278972
73.6059519581831,9.4660679735607
73.6186447389,9.496805273119
73.6301444987742,9.52754259792117
73.6405989229262,9.55827995251086
73.6501322971972,9.58901730523511
73.6588497526877,9.61975465368618
73.6668407899289,9.6504920035902
73.6741821770006,9.68122933804581
73.6809402586738,9.71196666273653
73.6871727814778,9.74270398521285
73.6929303261374,9.77344130180838
73.6982574427525,9.8041785971463
73.7031935429372,9.83491588648672
73.707773621791,9.86565318195978
73.7120288356202,9.89639048981611
73.7159869828016,9.92712778267695
73.7196728854606,9.95786507364206
73.7231087189619,9.98860237339911
73.7263142995297,10.0193396901043
73.7293073414249,10.0500770295629
73.7321036962654,10.0808143849125
73.7347175728842,10.1115517562786
73.7371617453736,10.1422891336778
73.7394477457934,10.1730265065771
73.7415860393301,10.2037638740797
73.7435861818917,10.234501239024
73.745456963392,10.2652385901217
73.747206529819,10.2959759314738
73.7488424872816,10.3267132672564
73.7503719858471,10.3574506012119
73.7518017826949,10.3881879366657
73.7531382855063,10.4189252765242
73.7543875786005,10.4496626232605
73.7555554355838,10.4803999788953
73.7566473230252,10.5111373439696
73.7576683990769,10.5418747176581
73.7586235116866,10.5726120885033
73.7595171975978,10.6033494494951
73.7603536842044,10.6340867999089
73.761136895029,10.6648241448613
73.7618704594242,10.69556148886
73.7625577260835,10.7262988357853
73.7632017797903,10.7570361888752
73.7638054605567,10.7877735507198
73.7643713841734,10.8185109232742
73.7649019632102,10.8492483078939
73.7653994274801,10.8799857053953
73.7658658438465,10.910723106009
73.7663031343552,10.941460502193
73.7667130922874,10.9721978954184
73.7670973963359,11.0029352871244
73.7674576226756,11.0336726786892
73.7677952549575,11.0644100714074
73.768111692351,11.0951474664735
73.7684082558343,11.1258848649721
73.7686861930016,11.1566222678735
73.7689466816768,11.1873596760353
73.7691908326922,11.2180970889319
73.7694196920678,11.2488345071091
73.7696342428891,11.2795719313154
73.7698354070913,11.3103093622133
73.7700240473044,11.3410468003823
73.7702009688621,11.3717842463205
73.7703669220314,11.4025217004482
73.7705226044669,11.4332591631102
73.7706686639419,11.4639966308214
73.7708057012532,11.4947341016608
73.7709342732614,11.5254715764465
73.7710548960449,11.5562090558799
73.7711680480913,11.5869465405558
73.771274173467,11.6176840309692
73.7713736849056,11.6484215275217
73.7714669667648,11.6791590305258
73.7715543778044,11.7098965402103
73.7716362537649,11.7406340550573
73.7717129097166,11.7713715731388
73.7717846421505,11.8021090948206
73.7718517308292,11.8328466204342
73.7719144403957,11.863584150277
73.7719730217519,11.8943216846129
73.7720277132278,11.9250592233553
73.7720787415601,11.9557967664547
73.772126322704,11.9865343141407
73.7721706625031,12.0172718666069
73.7722119572392,12.0480094240145
73.772250394084,12.0787469864951
73.772286151469,12.1094845541534
73.7723193993894,12.1402221270688
73.7723502996539,12.1709597052969
73.7723790060899,12.2016972888706
73.7724056647109,12.2324348778009
73.7724304138531,12.2631724720775
73.7724533842872,12.2939100716692
73.7724746993129,12.3246476765243
73.7724944748426,12.3553852865713
73.7725128194862,12.3861229017192
73.772529834647,12.4168605218585
73.7725456146411,12.4475981468624
73.7725602468526,12.4783357765874
73.7725738119361,12.5090734108756
73.7725863840747,12.5398110495556
73.7725980312981,12.570548692369
73.772608815863,12.6012863382055
73.7726187946881,12.6320239867045
73.7726280198378,12.6627616372451
73.7726365390373,12.6934992907218
73.7726443962052,12.7242369465837
73.7726516319835,12.7549746047855
73.772658284247,12.7857122652705
73.7726643885739,12.816449927973
73.7726699786629,12.8471875928204
73.7726750866865,12.8779252597356
73.7726797435718,12.9086629286394
73.7726839792082,12.9394005994518
73.7726878225813,12.9701382720942
73.7726913018408,13.0008759464906
73.7726944443098,13.0316136225684
73.772697276446,13.0623513002595
73.772699823769,13.0930889795004
73.772702110764,13.1238266602323
73.7727041607766,13.1545643424011
73.7727059959088,13.1853020259568
73.7727076369258,13.2160397108524
73.7727091031821,13.2467773970439
73.7727104125718,13.2775150844888
73.7727115815056,13.3082527731453
73.7727126249171,13.3389904629719
73.7727135562948,13.3697281539258
73.7727143877399,13.4004658459632
73.7727151300445,13.4312035390382
73.7727157927852,13.461941233103
73.7727163844286,13.4926789281076
73.7727169124425,13.523416624
73.7727173834086,13.5541543207266
73.7727178031327,13.5848920182324
73.7727181767483,13.6156297164619
73.7727185088126,13.6463674153595
73.7727188033907,13.6771051148702
73.7727190641303,13.7078428149404
73.7727192943231,13.7385805155182
73.7727194969572,13.7693182165542
73.7727196747575,13.800055918002
73.7727198302187,13.8307936198183
73.7727199656298,13.8615313219633
73.772720083093,13.8922690244008
73.7727201845385,13.9230067270983
73.7727202717347,13.9537444300267
73.7727203462976,13.9844821331605
73.7727204096986,14.015219836477
73.7727204632713,14.0459575399567
73.7727205082188,14.0766952435826
73.7727205456215,14.1074329473397
73.7727205764444,14.1381706512151
73.7727206015459,14.1689083551977
73.7727206216861,14.1996460592773
73.7727206375358,14.2303837634453
73.7727206496851,14.2611214676936
73.7727206586519,14.291859172015
73.7727206648904,14.3225968764028
73.7727206687981,14.3533345808408
73.7727206707232,14.3840722852861
73.7727206709709,14.4148099897351
73.7727206698087,14.4455476941899
73.7727206674711,14.4762853986523
73.7727206641644,14.507023103124
73.7727206600693,14.5377608076061
73.7727206553448,14.5684985120997
73.7727206501298,14.5992362166058
73.7727206445461,14.6299739211251
73.7727206386995,14.660711625658
73.7727206326818,14.6914493302049
73.7727206265719,14.7221870347662
73.7727206204375,14.7529247393419
73.7727206143354,14.783662443932
73.7727206083133,14.8144001485366
73.7727206024106,14.8451378531554
73.772720596659,14.8758755577884
73.7727205910837,14.9066132624351
73.7727205857039,14.9373509670953
73.7727205805341,14.9680886717688
73.7727205755841,14.998826376455
73.7727205708601,15.0295640811537
73.7727205663651,15.0603017858643
73.7727205620997,15.0910394905866
73.7727205580621,15.12177719532
73.7727205542489,15.1525149000642
73.7727205506553,15.1832526048186
73.7727205472754,15.2139903095829
73.7727205441024,15.2447280143566
73.7727205411291,15.2754657191393
73.7727205383476,15.3062034239306
73.77272053575,15.33694112873
73.772720533328,15.3676788335372
73.7727205310734,15.3984165383518
73.7727205289779,15.4291542431733
73.7727205270334,15.4598919480014
73.7727205252317,15.4906296528357
73.7727205235649,15.521367357676
73.7727205220253,15.5521050625218
73.7727205206055,15.5828427673728
73.7727205192979,15.6135804722287
73.7727205180957,15.6443181770892
73.772720516992,15.6750558819541
73.7727205159803,15.705793586823
73.7727205150542,15.7365312916957
73.7727205142078,15.767268996572
73.7727205134354,15.7980067014516
73.7727205127316,15.8287444063342
73.7727205120912,15.8594821112198
73.7727205115095,15.8902198161081
73.7727205109819,15.9209575209989
73.7727205105041,15.951695225892
73.7727205100722,15.9824329307872
73.7727205096824,16.0131706356845
73.7727205093313,16.0439083405836
73.7727205090156,16.0746460454845
73.7727205087325,16.1053837503869
73.772720508479,16.1361214552908
73.7727205082527,16.1668591601961
73.7727205080512,16.1975968651026
73.7727205078723,16.2283345700103
73.7727205077139,16.259072274919
73.7727205075742,16.2898099798287
73.7727205074515,16.3205476847392
73.7727205073441,16.3512853896506
73.7727205072506,16.3820230945628
73.7727205071697,16.4127607994756
73.7727205071,16.443498504389
73.7727205070404,16.474236209303
73.7727205069899,16.5049739142175
73.7727205069474,16.5357116191325
73.7727205069122,16.5664493240479
73.7727205068835,16.5971870289637
73.7727205068604,16.6279247338798
73.7727205068423,16.6586624387962
73.7727205068287,16.6894001437129
73.772720506819,16.7201378486299
73.7727205068127,16.750875553547
73.7727205068093,16.7816132584642
73.7727205068085,16.8123509633814
73.77272050681,16.8430886682987
73.7727205068133,16.873826373216
73.7727205068183,16.9045640781335
73.7727205068246,16.9353017830509
73.7727205068321,16.9660394879684
73.7727205068404,16.996777192886
73.7727205068496,17.0275148978035
73.7727205068593,17.0582526027212
73.7727205068695,17.0889903076388
73.77272050688,17.1197280125565
73.7727205068907,17.1504657174742
73.7727205069015,17.1812034223919
73.7727205069123,17.2119411273097
73.7727205069231,17.2426788322274
73.7727205069338,17.2734165371452
73.7727205069444,17.304154242063
73.7727205069547,17.3348919469809
73.7727205069648,17.3656296518987
73.7727205069747,17.3963673568166
73.7727205069842,17.4271050617344
73.7727205069935,17.4578427666523
73.7727205070024,17.4885804715702
73.772720507011,17.5193181764881
73.7727205070193,17.550055881406
73.7727205070272,17.5807935863239
73.7727205070348,17.6115312912418
73.7727205070421,17.6422689961598
73.772720507049,17.6730067010777
73.7727205070556,17.7037444059956
73.7727205070618,17.7344821109136
73.7727205070678,17.7652198158315
73.7727205070734,17.7959575207495
73.7727205070787,17.8266952256674
73.7727205070838,17.8574329305854
73.7727205070885,17.8881706355033
73.772720507093,17.9189083404213
73.7727205070972,17.9496460453393
73.7727205071012,17.9803837502572
73.7727205071049,18.0111214551752
73.7727205071084,18.0418591600932
73.7727205071117,18.0725968650112
73.7727205071147,18.1033345699291
73.7727205071176,18.1340722748471
73.7727205071203,18.1648099797651
73.7727205071228,18.1955476846831
73.7727205071251,18.2262853896011
73.7727205071273,18.2570230945191
73.7727205071293,18.2877607994371
73.7727205071312,18.3184985043551
73.7727205071329,18.3492362092731
73.7727205071345,18.3799739141911
73.772720507136,18.4107116191091
73.7727205071374,18.4414493240271
73.7727205071387,18.4721870289451
73.7727205071399,18.5029247338631
73.7727205071409,18.5336624387811
73.772720507142,18.5644001436991
73.7727205071429,18.5951378486171
73.7727205071437,18.6258755535351
73.7727205071445,18.6566132584531
73.7727205071452,18.6873509633711
73.7727205071459,18.7180886682892
73.7727205071465,18.7488263732072
73.772720507147,18.7795640781252
73.7727205071475,18.8103017830432
73.772720507148,18.8410394879612
73.7727205071484,18.8717771928792
73.7727205071488,18.9025148977973
73.7727205071491,18.9332526027153
73.7727205071494,18.9639903076333
73.7727205071497,18.9947280125513
73.77272050715,19.0254657174693
73.7727205071502,19.0562034223874
73.7727205071504,19.0869411273054
73.7727205071506,19.1176788322234
73.7727205071507,19.1484165371414
73.7727205071509,19.1791542420594
73.772720507151,19.2098919469775
73.7727205071511,19.2406296518955
73.7727205071512,19.2713673568135
73.7727205071513,19.3021050617315
73.7727205071514,19.3328427666496
73.7727205071514,19.3635804715676
73.7727205071515,19.3943181764856
73.7727205071516,19.4250558814036
73.7727205071516,19.4557935863217
73.7727205071516,19.4865312912397
73.7727205071517,19.5172689961577
73.7727205071517,19.5480067010757
73.7727205071517,19.5787444059938
73.7727205071517,19.6094821109118
73.7727205071517,19.6402198158298
73.7727205071518,19.6709575207478
73.7727205071518,19.7016952256659
73.7727205071518,19.7324329305839
73.7727205071518,19.7631706355019
73.7727205071518,19.7939083404199
73.7727205071518,19.824646045338
73.7727205071518,19.855383750256
73.7727205071518,19.886121455174
73.7727205071518,19.916859160092
73.7727205071517,19.9475968650101
73.7727205071517,19.9783345699281
73.7727205071517,20.0090722748461
73.7727205071517,20.0398099797641
73.7727205071517,20.0705476846822
73.7727205071517,20.1012853896002
73.7727205071517,20.1320230945182
73.7727205071516,20.1627607994362
73.7727205071516,20.1934985043543
73.7727205071516,20.2242362092723
73.7727205071516,20.2549739141903
73.7727205071516,20.2857116191083
73.7727205071516,20.3164493240264
73.7727205071516,20.3471870289444
73.7727205071515,20.3779247338624
73.7727205071515,20.4086624387804
73.7727205071515,20.4394001436984
73.7727205071515,20.4701378486165
73.7727205071515,20.5008755535345
73.7727205071515,20.5316132584525
73.7727205071515,20.5623509633705
73.7727205071514,20.5930886682886
73.7727205071514,20.6238263732066
73.7727205071514,20.6545640781246
73.7727205071514,20.6853017830426
73.7727205071514,20.7160394879607
73.7727205071514,20.7467771928787
73.7727205071514,20.7775148977967
73.7727205071514,20.8082526027147
73.7727205071514,20.8389903076328
73.7727205071514,20.8697280125508
73.7727205071514,20.9004657174688
73.7727205071514,20.9312034223868
73.7727205071514,20.9619411273049
73.7727205071514,20.9926788322229
73.7727205071514,21.0234165371409
73.7727205071514,21.0541542420589
73.7727205071514,21.084891946977
73.7727205071514,21.115629651895
73.7727205071514,21.146367356813
73.7727205071514,21.177105061731
73.7727205071514,21.2078427666491
73.7727205071514,21.2385804715671
73.7727205071514,21.2693181764851
73.7727205071514,21.3000558814031
73.7727205071514,21.3307935863212
73.7727205071514,21.3615312912392
73.7727205071514,21.3922689961572
73.7727205071514,21.4230067010752
73.7727205071514,21.4537444059933
73.7727205071514,21.4844821109113
73.7727205071514,21.5152198158293
73.7727205071514,21.5459575207473
73.7727205071514,21.5766952256654
73.7727205071514,21.6074329305834
73.7727205071514,21.6381706355014
73.7727205071514,21.6689083404194
73.7727205071514,21.6996460453375
73.7727205071514,21.7303837502555
73.7727205071514,21.7611214551735
73.7727205071514,21.7918591600915
73.7727205071514,21.8225968650096
73.7727205071514,21.8533345699276
73.7727205071514,21.8840722748456
73.7727205071514,21.9148099797636
73.7727205071514,21.9455476846817
73.7727205071514,21.9762853895997
73.7727205071514,22.0070230945177
73.7727205071514,22.0377607994357
73.7727205071514,22.0684985043538
73.7727205071514,22.0992362092718
73.7727205071514,22.1299739141898
73.7727205071514,22.1607116191078
73.7727205071514,22.1914493240259
73.7727205071514,22.2221870289439
73.7727205071514,22.2529247338619
73.7727205071514,22.2836624387799
73.7727205071514,22.314400143698
73.7727205071514,22.345137848616
73.7727205071514,22.375875553534
73.7727205071514,22.406613258452
73.7727205071514,22.4373509633701
73.7727205071514,22.4680886682881
73.7727205071514,22.4988263732061
73.7727205071514,22.5295640781241
73.7727205071514,22.5603017830421
73.7727205071514,22.5910394879602
73.7727205071514,22.6217771928782
73.7727205071514,22.6525148977962
73.7727205071514,22.6832526027142
73.7727205071514,22.7139903076323
73.7727205071514,22.7447280125503
73.7727205071514,22.7754657174683
73.7727205071514,22.8062034223863
73.7727205071514,22.8369411273044
73.7727205071514,22.8676788322224
73.7727205071514,22.8984165371404
73.7727205071514,22.9291542420584
73.7727205071514,22.9598919469765
73.7727205071514,22.9906296518945
73.7727205071514,23.0213673568125
73.7727205071514,23.0521050617305
73.7727205071514,23.0828427666486
73.7727205071514,23.1135804715666
73.7727205071514,23.1443181764846
73.7727205071514,23.1750558814026
73.7727205071514,23.2057935863207
73.7727205071514,23.2365312912387
73.7727205071514,23.2672689961567
73.7727205071514,23.2980067010747
73.7727205071514,23.3287444059928
73.7727205071514,23.3594821109108
73.7727205071514,23.3902198158288
73.7727205071514,23.4209575207468
73.7727205071514,23.4516952256649
73.7727205071514,23.4824329305829
73.7727205071514,23.5131706355009
73.7727205071514,23.5439083404189
73.7727205071514,23.574646045337
73.7727205071514,23.605383750255
73.7727205071514,23.636121455173
73.7727205071514,23.666859160091
73.7727205071514,23.6975968650091
73.7727205071514,23.7283345699271
73.7727205071514,23.7590722748451
73.7727205071514,23.7898099797631
73.7727205071514,23.8205476846812
73.7727205071514,23.8512853895992
73.7727205071514,23.8820230945172
73.7727205071514,23.9127607994352
73.7727205071514,23.9434985043533
73.7727205071514,23.9742362092713
73.7727205071514,24.0049739141893
73.7727205071514,24.0357116191073
73.7727205071514,24.0664493240254
73.7727205071514,24.0971870289434
73.7727205071514,24.1279247338614
73.7727205071514,24.1586624387794
73.7727205071514,24.1894001436975
73.7727205071514,24.2201378486155
73.7727205071514,24.2508755535335
73.7727205071514,24.2816132584515
73.7727205071514,24.3123509633696
73.7727205071514,24.3430886682876
73.7727205071514,24.3738263732056
73.7727205071514,24.4045640781236
73.7727205071514,24.4353017830417
73.7727205071514,24.4660394879597
73.7727205071514,24.4967771928777
73.7727205071514,24.5275148977957
73.7727205071514,24.5582526027138
73.7727205071514,24.5889903076318
73.7727205071514,24.6197280125498
73.7727205071514,24.6504657174678
73.7727205071514,24.6812034223858
73.7727205071514,24.7119411273039
73.7727205071514,24.7426788322219
73.7727205071514,24.7734165371399
73.7727205071514,24.8041542420579
73.7727205071514,24.834891946976
73.7727205071514,24.865629651894
73.7727205071514,24.896367356812
73.7727205071514,24.92710506173
73.7727205071514,24.9578427666481
73.7727205071514,24.9885804715661
73.7727205071514,25.0193181764841
73.7727205071514,25.0500558814021
73.7727205071514,25.0807935863202
73.7727205071514,25.1115312912382
73.7727205071514,25.1422689961562
73.7727205071514,25.1730067010742
73.7727205071514,25.2037444059923
73.7727205071514,25.2344821109103
73.7727205071514,25.2652198158283
73.7727205071514,25.2959575207463
73.7727205071514,25.3266952256644
73.7727205071514,25.3574329305824
73.7727205071514,25.3881706355004
73.7727205071514,25.4189083404184
73.7727205071514,25.4496460453365
73.7727205071514,25.4803837502545
73.7727205071514,25.5111214551725
73.7727205071514,25.5418591600905
73.7727205071514,25.5725968650086
73.7727205071514,25.6033345699266
73.7727205071514,25.6340722748446
73.7727205071514,25.6648099797626
73.7727205071514,25.6955476846807
73.7727205071514,25.7262853895987
73.7727205071514,25.7570230945167
73.7727205071514,25.7877607994347
73.7727205071514,25.8184985043528
73.7727205071514,25.8492362092708
73.7727205071514,25.8799739141888
73.7727205071514,25.9107116191068
73.7727205071514,25.9414493240249
73.7727205071514,25.9721870289429
73.7727205071514,26.0029247338609
73.7727205071514,26.0336624387789
73.7727205071514,26.064400143697
73.7727205071514,26.095137848615
73.7727205071514,26.125875553533
73.7727205071514,26.156613258451
73.7727205071514,26.1873509633691
73.7727205071514,26.2180886682871
73.7727205071514,26.2488263732051
73.7727205071514,26.2795640781231
73.7727205071514,26.3103017830412
73.7727205071514,26.3410394879592
73.7727205071514,26.3717771928772
73.7727205071514,26.4025148977952
73.7727205071514,26.4332526027133
73.7727205071514,26.4639903076313
73.7727205071514,26.4947280125493
73.7727205071514,26.5254657174673
73.7727205071514,26.5562034223854
73.7727205071514,26.5869411273034
73.7727205071514,26.6176788322214
73.7727205071514,26.6484165371394
73.7727205071514,26.6791542420575
73.7727205071514,26.7098919469755
73.7727205071514,26.7406296518935
73.7727205071514,26.7713673568115
73.7727205071514,26.8021050617295
73.7727205071514,26.8328427666476
73.7727205071514,26.8635804715656
73.7727205071514,26.8943181764836
73.7727205071514,26.9250558814016
73.7727205071514,26.9557935863197
73.7727205071514,26.9865312912377
73.7727205071514,27.0172689961557
73.7727205071514,27.0480067010737
73.7727205071514,27.0787444059918
73.7727205071514,27.1094821109098
73.7727205071514,27.1402198158278
73.7727205071514,27.1709575207458
73.7727205071514,27.2016952256639
73.7727205071514,27.2324329305819
73.7727205071514,27.2631706354999
73.7727205071514,27.2939083404179
73.7727205071514,27.324646045336
73.7727205071514,27.355383750254
73.7727205071514,27.386121455172
73.7727205071514,27.41685916009
73.7727205071514,27.4475968650081
73.7727205071514,27.4783345699261
73.7727205071514,27.5090722748441
73.7727205071514,27.5398099797621
73.7727205071514,27.5705476846802
73.7727205071514,27.6012853895982
73.7727205071514,27.6320230945162
73.7727205071514,27.6627607994342
73.7727205071514,27.6934985043523
73.7727205071514,27.7242362092703
73.7727205071514,27.7549739141883
73.7727205071514,27.7857116191063
73.7727205071514,27.8164493240244
73.7727205071514,27.8471870289424
73.7727205071514,27.8779247338604
73.7727205071514,27.9086624387784
73.7727205071514,27.9394001436965
73.7727205071514,27.9701378486145
73.7727205071514,28.0008755535325
73.7727205071514,28.0316132584505
73.7727205071514,28.0623509633686
73.7727205071514,28.0930886682866
73.7727205071514,28.1238263732046
73.7727205071514,28.1545640781226
73.7727205071514,28.1853017830407
73.7727205071514,28.2160394879587
73.7727205071514,28.2467771928767
73.7727205071514,28.2775148977947
73.7727205071514,28.3082526027128
73.7727205071514,28.3389903076308
73.7727205071514,28.3697280125488
73.7727205071514,28.4004657174668
73.7727205071514,28.4312034223849
73.7727205071514,28.4619411273029
73.7727205071514,28.4926788322209
73.7727205071514,28.5234165371389
73.7727205071514,28.554154242057
73.7727205071514,28.584891946975
73.7727205071514,28.615629651893
73.7727205071514,28.646367356811
73.7727205071514,28.6771050617291
73.7727205071514,28.7078427666471
73.7727205071514,28.7385804715651
73.7727205071514,28.7693181764831
73.7727205071514,28.8000558814011
73.7727205071514,28.8307935863192
73.7727205071514,28.8615312912372
73.7727205071514,28.8922689961552
73.7727205071514,28.9230067010732
73.7727205071514,28.9537444059913
73.7727205071514,28.9844821109093
73.7727205071514,29.0152198158273
73.7727205071514,29.0459575207453
73.7727205071514,29.0766952256634
73.7727205071514,29.1074329305814
73.7727205071514,29.1381706354994
73.7727205071514,29.1689083404174
73.7727205071514,29.1996460453355
73.7727205071514,29.2303837502535
73.7727205071514,29.2611214551715
73.7727205071514,29.2918591600895
73.7727205071514,29.3225968650076
73.7727205071514,29.3533345699256
73.7727205071514,29.3840722748436
73.7727205071514,29.4148099797616
73.7727205071514,29.4455476846797
73.7727205071514,29.4762853895977
73.7727205071514,29.5070230945157
73.7727205071514,29.5377607994337
73.7727205071514,29.5684985043518
73.7727205071514,29.5992362092698
73.7727205071514,29.6299739141878
73.7727205071514,29.6607116191058
73.7727205071514,29.6914493240239
73.7727205071514,29.7221870289419
73.7727205071514,29.7529247338599
73.7727205071514,29.7836624387779
73.7727205071514,29.814400143696
73.7727205071514,29.845137848614
73.7727205071514,29.875875553532
73.7727205071514,29.90661325845
73.7727205071514,29.9373509633681
73.7727205071514,29.9680886682861
73.7727205071514,29.9988263732041
73.7727205071514,30.0295640781221
73.7727205071514,30.0603017830402
73.7727205071514,30.0910394879582
73.7727205071514,30.1217771928762
73.7727205071514,30.1525148977942
73.7727205071514,30.1832526027123
73.7727205071514,30.2139903076303
73.7727205071514,30.2447280125483
73.7727205071514,30.2754657174663
73.7727205071514,30.3062034223844
73.7727205071514,30.3369411273024
73.7727205071514,30.3676788322204
73.7727205071514,30.3984165371384
73.7727205071514,30.4291542420565
73.7727205071514,30.4598919469745
73.7727205071514,30.4906296518925
73.7727205071514,30.5213673568105
73.7727205071514,30.5521050617286
73.7727205071514,30.5828427666466
73.7727205071514,30.6135804715646
73.7727205071514,30.6443181764826
73.7727205071514,30.6750558814007
73.7727205071514,30.7057935863187
73.7727205071514,30.7365312912367
73.7727205071514,30.7672689961547
73.7727205071514,30.7980067010728
73.7727205071514,30.8287444059908
73.7727205071514,30.8594821109088
73.7727205071514,30.8902198158268
73.7727205071514,30.9209575207448
73.7727205071514,30.9516952256629
73.7727205071514,30.9824329305809
73.7727205071514,31.0131706354989
73.7727205071514,31.0439083404169
73.7727205071514,31.074646045335
73.7727205071514,31.105383750253
73.7727205071514,31.136121455171
73.7727205071514,31.166859160089
73.7727205071514,31.1975968650071
73.7727205071514,31.2283345699251
73.7727205071514,31.2590722748431
73.7727205071514,31.2898099797611
73.7727205071514,31.3205476846792
73.7727205071514,31.3512853895972
73.7727205071514,31.3820230945152
73.7727205071514,31.4127607994332
73.7727205071514,31.4434985043513
73.7727205071514,31.4742362092693
73.7727205071514,31.5049739141873
73.7727205071514,31.5357116191053
73.7727205071514,31.5664493240234
73.7727205071514,31.5971870289414
73.7727205071514,31.6279247338594
73.7727205071514,31.6586624387774
73.7727205071514,31.6894001436955
73.7727205071514,31.7201378486135
73.7727205071514,31.7508755535315
73.7727205071514,31.7816132584495
73.7727205071514,31.8123509633676
73.7727205071514,31.8430886682856
73.7727205071514,31.8738263732036
73.7727205071514,31.9045640781216
73.7727205071514,31.9353017830397
73.7727205071514,31.9660394879577
73.7727205071514,31.9967771928757
73.7727205071514,32.0275148977937
73.7727205071514,32.0582526027118
73.7727205071514,32.0889903076298
73.7727205071514,32.1197280125478
73.7727205071514,32.1504657174658
73.7727205071514,32.1812034223839
73.7727205071514,32.2119411273019
73.7727205071514,32.2426788322199
73.7727205071514,32.2734165371379
73.7727205071514,32.304154242056
73.7727205071514,32.334891946974
73.7727205071514,32.365629651892
73.7727205071514,32.39636735681
73.7727205071514,32.4271050617281
73.7727205071514,32.4578427666461
73.7727205071514,32.4885804715641
73.7727205071514,32.5193181764821
73.7727205071514,32.5500558814002
73.7727205071514,32.5807935863182
73.7727205071514,32.6115312912362
73.7727205071514,32.6422689961542
73.7727205071514,32.6730067010723
73.7727205071514,32.7037444059903
73.7727205071514,32.7344821109083
73.7727205071514,32.7652198158263
73.7727205071514,32.7959575207444
73.7727205071514,32.8266952256624
73.7727205071514,32.8574329305804
73.7727205071514,32.8881706354984
73.7727205071514,32.9189083404165
73.7727205071514,32.9496460453345
73.7727205071514,32.9803837502525
73.7727205071514,33.0111214551705
73.7727205071514,33.0418591600885
73.7727205071514,33.0725968650066
73.7727205071514,33.1033345699246
73.7727205071514,33.1340722748426
73.7727205071514,33.1648099797606
73.7727205071514,33.1955476846787
73.7727205071514,33.2262853895967
73.7727205071514,33.2570230945147
73.7727205071514,33.2877607994327
73.7727205071514,33.3184985043508
73.7727205071514,33.3492362092688
73.7727205071514,33.3799739141868
73.7727205071514,33.4107116191048
73.7727205071514,33.4414493240229
73.7727205071514,33.4721870289409
73.7727205071514,33.5029247338589
73.7727205071514,33.5336624387769
73.7727205071514,33.564400143695
73.7727205071514,33.595137848613
73.7727205071514,33.625875553531
73.7727205071514,33.656613258449
73.7727205071514,33.6873509633671
73.7727205071514,33.7180886682851
73.7727205071514,33.7488263732031
73.7727205071514,33.7795640781211
73.7727205071514,33.8103017830392
73.7727205071514,33.8410394879572
73.7727205071514,33.8717771928752
73.7727205071514,33.9025148977932
73.7727205071514,33.9332526027113
73.7727205071514,33.9639903076293
73.7727205071514,33.9947280125473
73.7727205071514,34.0254657174653
73.7727205071514,34.0562034223834
73.7727205071514,34.0869411273014
73.7727205071514,34.1176788322194
73.7727205071514,34.1484165371374
73.7727205071514,34.1791542420555
73.7727205071514,34.2098919469735
73.7727205071514,34.2406296518915
73.7727205071514,34.2713673568095
73.7727205071514,34.3021050617276
73.7727205071514,34.3328427666456
73.7727205071514,34.3635804715636
73.7727205071514,34.3943181764816
73.7727205071514,34.4250558813997
73.7727205071514,34.4557935863177
73.7727205071514,34.4865312912357
73.7727205071514,34.5172689961537
73.7727205071514,34.5480067010718
73.7727205071514,34.5787444059898
73.7727205071514,34.6094821109078
73.7727205071514,34.6402198158258
73.7727205071514,34.6709575207439
73.7727205071514,34.7016952256619
73.7727205071514,34.7324329305799
73.7727205071514,34.7631706354979
73.7727205071514,34.793908340416
73.7727205071514,34.824646045334
73.7727205071514,34.855383750252
73.7727205071514,34.88612145517
73.7727205071514,34.9168591600881
73.7727205071514,34.9475968650061
73.7727205071514,34.9783345699241
73.7727205071514,35.0090722748421
73.7727205071514,35.0398099797602
73.7727205071514,35.0705476846782
73.7727205071514,35.1012853895962
73.7727205071514,35.1320230945142
73.7727205071514,35.1627607994322
73.7727205071514,35.1934985043503
73.7727205071514,35.2242362092683
73.7727205071514,35.2549739141863
73.7727205071514,35.2857116191043
73.7727205071514,35.3164493240224
73.7727205071514,35.3471870289404
73.7727205071514,35.3779247338584
73.7727205071514,35.4086624387764
73.7727205071514,35.4394001436945
73.7727205071514,35.4701378486125
73.7727205071514,35.5008755535305
73.7727205071514,35.5316132584485
73.7727205071514,35.5623509633666
73.7727205071514,35.5930886682846
73.7727205071514,35.6238263732026
73.7727205071514,35.6545640781206
73.7727205071514,35.6853017830387
73.7727205071514,35.7160394879567
73.7727205071514,35.7467771928747
73.7727205071514,35.7775148977927
73.7727205071514,35.8082526027108
73.7727205071514,35.8389903076288
73.7727205071514,35.8697280125468
73.7727205071514,35.9004657174648
73.7727205071514,35.9312034223829
73.7727205071514,35.9619411273009
73.7727205071514,35.9926788322189
73.7727205071514,36.0234165371369
73.7727205071514,36.054154242055
73.7727205071514,36.084891946973
73.7727205071514,36.115629651891
73.7727205071514,36.146367356809
73.7727205071514,36.1771050617271
73.7727205071514,36.2078427666451
73.7727205071514,36.2385804715631
73.7727205071514,36.2693181764811
73.7727205071514,36.3000558813992
73.7727205071514,36.3307935863172
73.7727205071514,36.3615312912352
73.7727205071514,36.3922689961532
73.7727205071514,36.4230067010713
73.7727205071514,36.4537444059893
73.7727205071514,36.4844821109073
73.7727205071514,36.5152198158253
73.7727205071514,36.5459575207434
73.7727205071514,36.5766952256614
73.7727205071514,36.6074329305794
73.7727205071514,36.6381706354974
73.7727205071514,36.6689083404155
73.7727205071514,36.6996460453335
73.7727205071514,36.7303837502515
73.7727205071514,36.7611214551695
73.7727205071514,36.7918591600876
73.7727205071514,36.8225968650056
73.7727205071514,36.8533345699236
73.7727205071514,36.8840722748416
73.7727205071514,36.9148099797597
73.7727205071514,36.9455476846777
73.7727205071514,36.9762853895957
73.7727205071514,37.0070230945137
73.7727205071514,37.0377607994318
73.7727205071514,37.0684985043498
73.7727205071514,37.0992362092678
73.7727205071514,37.1299739141858
73.7727205071514,37.1607116191039
73.7727205071514,37.1914493240219
73.7727205071514,37.2221870289399
73.7727205071514,37.2529247338579
73.7727205071514,37.2836624387759
73.7727205071514,37.314400143694
73.7727205071514,37.345137848612
73.7727205071514,37.37587555353
73.7727205071514,37.406613258448
73.7727205071514,37.4373509633661
73.7727205071514,37.4680886682841
73.7727205071514,37.4988263732021
73.7727205071514,37.5295640781201
73.7727205071514,37.5603017830382
73.7727205071514,37.5910394879562
73.7727205071514,37.6217771928742
73.7727205071514,37.6525148977922
73.7727205071514,37.6832526027103
73.7727205071514,37.7139903076283
73.7727205071514,37.7447280125463
73.7727205071514,37.7754657174643
73.7727205071514,37.8062034223824
73.7727205071514,37.8369411273004
73.7727205071514,37.8676788322184
73.7727205071514,37.8984165371364
73.7727205071514,37.9291542420545
73.7727205071514,37.9598919469725
73.7727205071514,37.9906296518905
73.7727205071514,38.0213673568085
73.7727205071514,38.0521050617266
73.7727205071514,38.0828427666446
73.7727205071514,38.1135804715626
73.7727205071514,38.1443181764806
73.7727205071514,38.1750558813987
73.7727205071514,38.2057935863167
73.7727205071514,38.2365312912347
73.7727205071514,38.2672689961527
73.7727205071514,38.2980067010708
73.7727205071514,38.3287444059888
73.7727205071514,38.3594821109068
73.7727205071514,38.3902198158248
73.7727205071514,38.4209575207429
73.7727205071514,38.4516952256609
73.7727205071514,38.4824329305789
73.7727205071514,38.5131706354969
73.7727205071514,38.543908340415
73.7727205071514,38.574646045333
73.7727205071514,38.605383750251
73.7727205071514,38.636121455169
73.7727205071514,38.6668591600871
73.7727205071514,38.6975968650051
73.7727205071514,38.7283345699231
73.7727205071514,38.7590722748411
73.7727205071514,38.7898099797592
73.7727205071514,38.8205476846772
73.7727205071514,38.8512853895952
73.7727205071514,38.8820230945132
73.7727205071514,38.9127607994313
73.7727205071514,38.9434985043493
73.7727205071514,38.9742362092673
73.7727205071514,39.0049739141853
73.7727205071514,39.0357116191034
73.7727205071514,39.0664493240214
73.7727205071514,39.0971870289394
73.7727205071514,39.1279247338574
73.7727205071514,39.1586624387755
73.7727205071514,39.1894001436935
73.7727205071514,39.2201378486115
73.7727205071514,39.2508755535295
73.7727205071514,39.2816132584475
73.7727205071514,39.3123509633656
73.7727205071514,39.3430886682836
73.7727205071514,39.3738263732016
73.7727205071514,39.4045640781196
73.7727205071514,39.4353017830377
73.7727205071514,39.4660394879557
73.7727205071514,39.4967771928737
73.7727205071514,39.5275148977917
73.7727205071514,39.5582526027098
73.7727205071514,39.5889903076278
73.7727205071514,39.6197280125458
73.7727205071514,39.6504657174638
73.7727205071514,39.6812034223819
73.7727205071514,39.7119411272999
73.7727205071514,39.7426788322179
73.7727205071514,39.7734165371359
73.7727205071514,39.804154242054
73.7727205071514,39.834891946972
73.7727205071514,39.86562965189
73.7727205071514,39.896367356808
73.7727205071514,39.9271050617261
73.7727205071514,39.9578427666441
73.7727205071514,39.9885804715621
73.7727205071514,40.0193181764801
73.7727205071514,40.0500558813982
73.7727205071514,40.0807935863162
73.7727205071514,40.1115312912342
73.7727205071514,40.1422689961522
73.7727205071514,40.1730067010703
73.7727205071514,40.2037444059883
73.7727205071514,40.2344821109063
73.7727205071514,40.2652198158243
73.7727205071514,40.2959575207424
73.7727205071514,40.3266952256604
73.7727205071514,40.3574329305784
73.7727205071514,40.3881706354964
73.7727205071514,40.4189083404145
73.7727205071514,40.4496460453325
73.7727205071514,40.4803837502505
73.7727205071514,40.5111214551685
73.7727205071514,40.5418591600866
73.7727205071514,40.5725968650046
73.7727205071514,40.6033345699226
73.7727205071514,40.6340722748406
73.7727205071514,40.6648099797587
73.7727205071514,40.6955476846767
73.7727205071514,40.7262853895947
73.7727205071514,40.7570230945127
73.7727205071514,40.7877607994308
73.7727205071514,40.8184985043488
73.7727205071514,40.8492362092668
73.7727205071514,40.8799739141848
73.7727205071514,40.9107116191029
73.7727205071514,40.9414493240209
73.7727205071514,40.9721870289389
73.7727205071514,41.0029247338569
73.7727205071514,41.033662438775
73.7727205071514,41.064400143693
73.7727205071514,41.095137848611
73.7727205071514,41.125875553529
73.7727205071514,41.1566132584471
73.7727205071514,41.1873509633651
73.7727205071514,41.2180886682831
73.7727205071514,41.2488263732011
73.7727205071514,41.2795640781192
73.7727205071514,41.3103017830372
73.7727205071514,41.3410394879552
73.7727205071514,41.3717771928732
73.7727205071514,41.4025148977912
73.7727205071514,41.4332526027093
73.7727205071514,41.4639903076273
73.7727205071514,41.4947280125453
73.7727205071514,41.5254657174633
73.7727205071514,41.5562034223814
73.7727205071514,41.5869411272994
73.7727205071514,41.6176788322174
73.7727205071514,41.6484165371354
73.7727205071514,41.6791542420535
73.7727205071514,41.7098919469715
73.7727205071514,41.7406296518895
73.7727205071514,41.7713673568075
73.7727205071514,41.8021050617256
73.7727205071514,41.8328427666436
73.7727205071514,41.8635804715616
73.7727205071514,41.8943181764796
73.7727205071514,41.9250558813977
73.7727205071514,41.9557935863157
73.7727205071514,41.9865312912337
73.7727205071514,42.0172689961517
73.7727205071514,42.0480067010698
73.7727205071514,42.0787444059878
73.7727205071514,42.1094821109058
73.7727205071514,42.1402198158238
73.7727205071514,42.1709575207419
73.7727205071514,42.2016952256599
73.7727205071514,42.2324329305779
73.7727205071514,42.2631706354959
73.7727205071514,42.293908340414
73.7727205071514,42.324646045332
73.7727205071514,42.35538375025
73.7727205071514,42.386121455168
73.7727205071514,42.4168591600861
73.7727205071514,42.4475968650041
73.7727205071514,42.4783345699221
73.7727205071514,42.5090722748401
73.7727205071514,42.5398099797582
73.7727205071514,42.5705476846762
73.7727205071514,42.6012853895942
73.7727205071514,42.6320230945122
73.7727205071514,42.6627607994303
73.7727205071514,42.6934985043483
73.7727205071514,42.7242362092663
73.7727205071514,42.7549739141843
73.7727205071514,42.7857116191024
73.7727205071514,42.8164493240204
73.7727205071514,42.8471870289384
73.7727205071514,42.8779247338564
73.7727205071514,42.9086624387745
73.7727205071514,42.9394001436925
73.7727205071514,42.9701378486105
73.7727205071514,43.0008755535285
73.7727205071514,43.0316132584466
73.7727205071514,43.0623509633646
73.7727205071514,43.0930886682826
73.7727205071514,43.1238263732006
73.7727205071514,43.1545640781187
73.7727205071514,43.1853017830367
73.7727205071514,43.2160394879547
73.7727205071514,43.2467771928727
73.7727205071514,43.2775148977908
73.7727205071514,43.3082526027088
73.7727205071514,43.3389903076268
73.7727205071514,43.3697280125448
73.7727205071514,43.4004657174629
73.7727205071514,43.4312034223809
73.7727205071514,43.4619411272989
73.7727205071514,43.4926788322169
73.7727205071514,43.5234165371349
73.7727205071514,43.554154242053
73.7727205071514,43.584891946971
73.7727205071514,43.615629651889
73.7727205071514,43.646367356807
73.7727205071514,43.6771050617251
73.7727205071514,43.7078427666431
73.7727205071514,43.7385804715611
73.7727205071514,43.7693181764791
73.7727205071514,43.8000558813972
73.7727205071514,43.8307935863152
73.7727205071514,43.8615312912332
73.7727205071514,43.8922689961512
73.7727205071514,43.9230067010693
73.7727205071514,43.9537444059873
73.7727205071514,43.9844821109053
73.7727205071514,44.0152198158233
73.7727205071514,44.0459575207414
73.7727205071514,44.0766952256594
73.7727205071514,44.1074329305774
73.7727205071514,44.1381706354954
73.7727205071514,44.1689083404135
73.7727205071514,44.1996460453315
73.7727205071514,44.2303837502495
73.7727205071514,44.2611214551675
73.7727205071514,44.2918591600856
73.7727205071514,44.3225968650036
73.7727205071514,44.3533345699216
73.7727205071514,44.3840722748396
73.7727205071514,44.4148099797577
73.7727205071514,44.4455476846757
73.7727205071514,44.4762853895937
73.7727205071514,44.5070230945117
73.7727205071514,44.5377607994298
73.7727205071514,44.5684985043478
73.7727205071514,44.5992362092658
73.7727205071514,44.6299739141838
73.7727205071514,44.6607116191019
73.7727205071514,44.6914493240199
73.7727205071514,44.7221870289379
73.7727205071514,44.7529247338559
73.7727205071514,44.783662438774
73.7727205071514,44.814400143692
73.7727205071514,44.84513784861
73.7727205071514,44.875875553528
73.7727205071514,44.9066132584461
73.7727205071514,44.9373509633641
73.7727205071514,44.9680886682821
73.7727205071514,44.9988263732001
73.7727205071514,45.0295640781182
73.7727205071514,45.0603017830362
73.7727205071514,45.0910394879542
73.7727205071514,45.1217771928722
73.7727205071514,45.1525148977903
73.7727205071514,45.1832526027083
73.7727205071514,45.2139903076263
73.7727205071514,45.2447280125443
73.7727205071514,45.2754657174624
73.7727205071514,45.3062034223804
73.7727205071514,45.3369411272984
73.7727205071514,45.3676788322164
73.7727205071514,45.3984165371345
73.7727205071514,45.4291542420525
73.7727205071514,45.4598919469705
73.7727205071514,45.4906296518885
73.7727205071514,45.5213673568066
73.7727205071514,45.5521050617246
73.7727205071514,45.5828427666426
73.7727205071514,45.6135804715606
73.7727205071514,45.6443181764786
73.7727205071514,45.6750558813967
73.7727205071514,45.7057935863147
73.7727205071514,45.7365312912327
73.7727205071514,45.7672689961507
73.7727205071514,45.7980067010688
73.7727205071514,45.8287444059868
73.7727205071514,45.8594821109048
73.7727205071514,45.8902198158228
73.7727205071514,45.9209575207409
73.7727205071514,45.9516952256589
73.7727205071514,45.9824329305769
73.7727205071514,46.0131706354949
73.7727205071514,46.043908340413
73.7727205071514,46.074646045331
73.7727205071514,46.105383750249
73.7727205071514,46.136121455167
73.7727205071514,46.1668591600851
73.7727205071514,46.1975968650031
73.7727205071514,46.2283345699211
73.7727205071514,46.2590722748391
73.7727205071514,46.2898099797572
73.7727205071514,46.3205476846752
73.7727205071514,46.3512853895932
73.7727205071514,46.3820230945112
73.7727205071514,46.4127607994293
73.7727205071514,46.4434985043473
73.7727205071514,46.4742362092653
73.7727205071514,46.5049739141833
73.7727205071514,46.5357116191014
73.7727205071514,46.5664493240194
73.7727205071514,46.5971870289374
73.7727205071514,46.6279247338554
73.7727205071514,46.6586624387735
73.7727205071514,46.6894001436915
73.7727205071514,46.7201378486095
73.7727205071514,46.7508755535275
73.7727205071514,46.7816132584456
73.7727205071514,46.8123509633636
73.7727205071514,46.8430886682816
73.7727205071514,46.8738263731996
73.7727205071514,46.9045640781177
73.7727205071514,46.9353017830357
73.7727205071514,46.9660394879537
73.7727205071514,46.9967771928717
73.7727205071514,47.0275148977898
73.7727205071514,47.0582526027078
73.7727205071514,47.0889903076258
73.7727205071514,47.1197280125438
73.7727205071514,47.1504657174619
73.7727205071514,47.1812034223799
73.7727205071514,47.2119411272979
73.7727205071514,47.2426788322159
73.7727205071514,47.273416537134
73.7727205071514,47.304154242052
73.7727205071514,47.33489194697
73.7727205071514,47.365629651888
73.7727205071514,47.3963673568061
73.7727205071514,47.4271050617241
73.7727205071514,47.4578427666421
73.7727205071514,47.4885804715601
73.7727205071514,47.5193181764782
73.7727205071514,47.5500558813962
73.7727205071514,47.5807935863142
73.7727205071514,47.6115312912322
73.7727205071514,47.6422689961502
73.7727205071514,47.6730067010683
73.7727205071514,47.7037444059863
73.7727205071514,47.7344821109043
73.7727205071514,47.7652198158223
73.7727205071514,47.7959575207404
73.7727205071514,47.8266952256584
73.7727205071514,47.8574329305764
73.7727205071514,47.8881706354944
73.7727205071514,47.9189083404125
73.7727205071514,47.9496460453305
73.7727205071514,47.9803837502485
73.7727205071514,48.0111214551665
73.7727205071514,48.0418591600846
73.7727205071514,48.0725968650026
73.7727205071514,48.1033345699206
73.7727205071514,48.1340722748386
73.7727205071514,48.1648099797567
73.7727205071514,48.1955476846747
73.7727205071514,48.2262853895927
73.7727205071514,48.2570230945107
73.7727205071514,48.2877607994288
73.7727205071514,48.3184985043468
73.7727205071514,48.3492362092648
73.7727205071514,48.3799739141828
73.7727205071514,48.4107116191009
73.7727205071514,48.4414493240189
73.7727205071514,48.4721870289369
73.7727205071514,48.5029247338549
73.7727205071514,48.533662438773
73.7727205071514,48.564400143691
73.7727205071514,48.595137848609
73.7727205071514,48.625875553527
73.7727205071514,48.6566132584451
73.7727205071514,48.6873509633631
73.7727205071514,48.7180886682811
73.7727205071514,48.7488263731991
73.7727205071514,48.7795640781172
73.7727205071514,48.8103017830352
73.7727205071514,48.8410394879532
73.7727205071514,48.8717771928712
73.7727205071514,48.9025148977893
73.7727205071514,48.9332526027073
73.7727205071514,48.9639903076253
73.7727205071514,48.9947280125433
73.7727205071514,49.0254657174614
73.7727205071514,49.0562034223794
73.7727205071514,49.0869411272974
73.7727205071514,49.1176788322154
73.7727205071514,49.1484165371335
73.7727205071514,49.1791542420515
73.7727205071514,49.2098919469695
73.7727205071514,49.2406296518875
73.7727205071514,49.2713673568056
73.7727205071514,49.3021050617236
73.7727205071514,49.3328427666416
73.7727205071514,49.3635804715596
73.7727205071514,49.3943181764777
73.7727205071514,49.4250558813957
73.7727205071514,49.4557935863137
73.7727205071514,49.4865312912317
73.7727205071514,49.5172689961498
73.7727205071514,49.5480067010678
73.7727205071514,49.5787444059858
73.7727205071514,49.6094821109038
73.7727205071514,49.6402198158219
73.7727205071514,49.6709575207399
73.7727205071514,49.7016952256579
73.7727205071514,49.7324329305759
73.7727205071514,49.7631706354939
73.7727205071514,49.793908340412
73.7727205071514,49.82464604533
73.7727205071514,49.855383750248
73.7727205071514,49.886121455166
73.7727205071514,49.9168591600841
73.7727205071514,49.9475968650021
73.7727205071514,49.9783345699201
73.7727205071514,50.0090722748381
73.7727205071514,50.0398099797562
73.7727205071514,50.0705476846742
73.7727205071514,50.1012853895922
73.7727205071514,50.1320230945102
73.7727205071514,50.1627607994283
73.7727205071514,50.1934985043463
73.7727205071514,50.2242362092643
73.7727205071514,50.2549739141823
73.7727205071514,50.2857116191004
73.7727205071514,50.3164493240184
73.7727205071514,50.3471870289364
73.7727205071514,50.3779247338544
73.7727205071514,50.4086624387725
73.7727205071514,50.4394001436905
73.7727205071514,50.4701378486085
73.7727205071514,50.5008755535265
73.7727205071514,50.5316132584446
73.7727205071514,50.5623509633626
73.7727205071514,50.5930886682806
73.7727205071514,50.6238263731986
73.7727205071514,50.6545640781167
73.7727205071514,50.6853017830347
73.7727205071514,50.7160394879527
73.7727205071514,50.7467771928707
73.7727205071514,50.7775148977888
73.7727205071514,50.8082526027068
73.7727205071514,50.8389903076248
73.7727205071514,50.8697280125428
73.7727205071514,50.9004657174609
73.7727205071514,50.9312034223789
73.7727205071514,50.9619411272969
73.7727205071514,50.9926788322149
73.7727205071514,51.023416537133
73.7727205071514,51.054154242051
73.7727205071514,51.084891946969
73.7727205071514,51.115629651887
73.7727205071514,51.1463673568051
73.7727205071514,51.1771050617231
73.7727205071514,51.2078427666411
73.7727205071514,51.2385804715591
73.7727205071514,51.2693181764772
73.7727205071514,51.3000558813952
73.7727205071514,51.3307935863132
73.7727205071514,51.3615312912312
73.7727205071514,51.3922689961493
73.7727205071514,51.4230067010673
73.7727205071514,51.4537444059853
73.7727205071514,51.4844821109033
73.7727205071514,51.5152198158214
73.7727205071514,51.5459575207394
73.7727205071514,51.5766952256574
73.7727205071514,51.6074329305754
73.7727205071514,51.6381706354935
73.7727205071514,51.6689083404115
73.7727205071514,51.6996460453295
73.7727205071514,51.7303837502475
73.7727205071514,51.7611214551656
73.7727205071514,51.7918591600836
73.7727205071514,51.8225968650016
73.7727205071514,51.8533345699196
73.7727205071514,51.8840722748376
73.7727205071514,51.9148099797557
73.7727205071514,51.9455476846737
73.7727205071514,51.9762853895917
73.7727205071514,52.0070230945097
73.7727205071514,52.0377607994278
73.7727205071514,52.0684985043458
73.7727205071514,52.0992362092638
73.7727205071514,52.1299739141818
73.7727205071514,52.1607116190999
73.7727205071514,52.1914493240179
73.7727205071514,52.2221870289359
73.7727205071514,52.2529247338539
73.7727205071514,52.283662438772
73.7727205071514,52.31440014369
73.7727205071514,52.345137848608
73.7727205071514,52.375875553526
73.7727205071514,52.4066132584441
73.7727205071514,52.4373509633621
73.7727205071514,52.4680886682801
73.7727205071514,52.4988263731981
73.7727205071514,52.5295640781162
73.7727205071514,52.5603017830342
73.7727205071514,52.5910394879522
73.7727205071514,52.6217771928702
73.7727205071514,52.6525148977883
73.7727205071514,52.6832526027063
73.7727205071514,52.7139903076243
73.7727205071514,52.7447280125423
73.7727205071514,52.7754657174604
73.7727205071514,52.8062034223784
73.7727205071514,52.8369411272964
73.7727205071514,52.8676788322144
73.7727205071514,52.8984165371325
73.7727205071514,52.9291542420505
73.7727205071514,52.9598919469685
73.7727205071514,52.9906296518865
73.7727205071514,53.0213673568046
73.7727205071514,53.0521050617226
73.7727205071514,53.0828427666406
73.7727205071514,53.1135804715586
73.7727205071514,53.1443181764767
73.7727205071514,53.1750558813947
73.7727205071514,53.2057935863127
73.7727205071514,53.2365312912307
73.7727205071514,53.2672689961488
73.7727205071514,53.2980067010668
73.7727205071514,53.3287444059848
73.7727205071514,53.3594821109028
73.7727205071514,53.3902198158209
73.7727205071514,53.4209575207389
73.7727205071514,53.4516952256569
73.7727205071514,53.4824329305749
73.7727205071514,53.513170635493
73.7727205071514,53.543908340411
73.7727205071514,53.574646045329
73.7727205071514,53.605383750247
73.7727205071514,53.6361214551651
73.7727205071514,53.6668591600831
73.7727205071514,53.6975968650011
73.7727205071514,53.7283345699191
73.7727205071514,53.7590722748372
73.7727205071514,53.7898099797552
73.7727205071514,53.8205476846732
73.7727205071514,53.8512853895912
73.7727205071514,53.8820230945093
73.7727205071514,53.9127607994273
73.7727205071514,53.9434985043453
73.7727205071514,53.9742362092633
73.7727205071514,54.0049739141813
73.7727205071514,54.0357116190994
73.7727205071514,54.0664493240174
73.7727205071514,54.0971870289354
73.7727205071514,54.1279247338534
73.7727205071514,54.1586624387715
73.7727205071514,54.1894001436895
73.7727205071514,54.2201378486075
73.7727205071514,54.2508755535255
73.7727205071514,54.2816132584436
73.7727205071514,54.3123509633616
73.7727205071514,54.3430886682796
73.7727205071514,54.3738263731976
73.7727205071514,54.4045640781157
73.7727205071514,54.4353017830337
73.7727205071514,54.4660394879517
73.7727205071514,54.4967771928697
73.7727205071514,54.5275148977878
73.7727205071514,54.5582526027058
73.7727205071514,54.5889903076238
73.7727205071514,54.6197280125418
73.7727205071514,54.6504657174599
73.7727205071514,54.6812034223779
73.7727205071514,54.7119411272959
73.7727205071514,54.7426788322139
73.7727205071514,54.773416537132
73.7727205071514,54.80415424205
73.7727205071514,54.834891946968
73.7727205071514,54.865629651886
73.7727205071514,54.8963673568041
73.7727205071514,54.9271050617221
73.7727205071514,54.9578427666401
73.7727205071514,54.9885804715581
73.7727205071514,55.0193181764762
73.7727205071514,55.0500558813942
73.7727205071514,55.0807935863122
73.7727205071514,55.1115312912302
73.7727205071514,55.1422689961483
73.7727205071514,55.1730067010663
73.7727205071514,55.2037444059843
73.7727205071514,55.2344821109023
73.7727205071514,55.2652198158204
73.7727205071514,55.2959575207384
73.7727205071514,55.3266952256564
73.7727205071514,55.3574329305744
73.7727205071514,55.3881706354925
73.7727205071514,55.4189083404105
73.7727205071514,55.4496460453285
73.7727205071514,55.4803837502465
73.7727205071514,55.5111214551646
73.7727205071514,55.5418591600826
73.7727205071514,55.5725968650006
73.7727205071514,55.6033345699186
73.7727205071514,55.6340722748367
73.7727205071514,55.6648099797547
73.7727205071514,55.6955476846727
73.7727205071514,55.7262853895907
73.7727205071514,55.7570230945088
73.7727205071514,55.7877607994268
73.7727205071514,55.8184985043448
73.7727205071514,55.8492362092628
73.7727205071514,55.8799739141809
73.7727205071514,55.9107116190989
73.7727205071514,55.9414493240169
73.7727205071514,55.9721870289349
73.7727205071514,56.002924733853
73.7727205071514,56.033662438771
73.7727205071514,56.064400143689
73.7727205071514,56.095137848607
73.7727205071514,56.125875553525
73.7727205071514,56.1566132584431
73.7727205071514,56.1873509633611
73.7727205071514,56.2180886682791
73.7727205071514,56.2488263731971
73.7727205071514,56.2795640781152
73.7727205071514,56.3103017830332
73.7727205071514,56.3410394879512
73.7727205071514,56.3717771928692
73.7727205071514,56.4025148977873
73.7727205071514,56.4332526027053
73.7727205071514,56.4639903076233
73.7727205071514,56.4947280125413
73.7727205071514,56.5254657174594
73.7727205071514,56.5562034223774
73.7727205071514,56.5869411272954
73.7727205071514,56.6176788322134
73.7727205071514,56.6484165371315
73.7727205071514,56.6791542420495
73.7727205071514,56.7098919469675
73.7727205071514,56.7406296518855
73.7727205071514,56.7713673568036
73.7727205071514,56.8021050617216
73.7727205071514,56.8328427666396
73.7727205071514,56.8635804715576
73.7727205071514,56.8943181764757
73.7727205071514,56.9250558813937
73.7727205071514,56.9557935863117
73.7727205071514,56.9865312912297
73.7727205071514,57.0172689961478
73.7727205071514,57.0480067010658
73.7727205071514,57.0787444059838
73.7727205071514,57.1094821109018
73.7727205071514,57.1402198158199
73.7727205071514,57.1709575207379
73.7727205071514,57.2016952256559
73.7727205071514,57.2324329305739
73.7727205071514,57.263170635492
73.7727205071514,57.29390834041
73.7727205071514,57.324646045328
73.7727205071514,57.355383750246
73.7727205071514,57.3861214551641
73.7727205071514,57.4168591600821
73.7727205071514,57.4475968650001
73.7727205071514,57.4783345699181
73.7727205071514,57.5090722748362
73.7727205071514,57.5398099797542
73.7727205071514,57.5705476846722
73.7727205071514,57.6012853895902
73.7727205071514,57.6320230945083
73.7727205071514,57.6627607994263
73.7727205071514,57.6934985043443
73.7727205071514,57.7242362092623
73.7727205071514,57.7549739141804
73.7727205071514,57.7857116190984
73.7727205071514,57.8164493240164
73.7727205071514,57.8471870289344
73.7727205071514,57.8779247338525
73.7727205071514,57.9086624387705
73.7727205071514,57.9394001436885
73.7727205071514,57.9701378486065
73.7727205071514,58.0008755535246
73.7727205071514,58.0316132584426
73.7727205071514,58.0623509633606
73.7727205071514,58.0930886682786
73.7727205071514,58.1238263731966
73.7727205071514,58.1545640781147
73.7727205071514,58.1853017830327
73.7727205071514,58.2160394879507
73.7727205071514,58.2467771928687
73.7727205071514,58.2775148977868
73.7727205071514,58.3082526027048
73.7727205071514,58.3389903076228
73.7727205071514,58.3697280125408
73.7727205071514,58.4004657174589
73.7727205071514,58.4312034223769
73.7727205071514,58.4619411272949
73.7727205071514,58.4926788322129
73.7727205071514,58.523416537131
73.7727205071514,58.554154242049
73.7727205071514,58.584891946967
73.7727205071514,58.615629651885
73.7727205071514,58.6463673568031
73.7727205071514,58.6771050617211
73.7727205071514,58.7078427666391
73.7727205071514,58.7385804715571
73.7727205071514,58.7693181764752
73.7727205071514,58.8000558813932
73.7727205071514,58.8307935863112
73.7727205071514,58.8615312912292
73.7727205071514,58.8922689961473
73.7727205071514,58.9230067010653
73.7727205071514,58.9537444059833
73.7727205071514,58.9844821109013
73.7727205071514,59.0152198158194
73.7727205071514,59.0459575207374
73.7727205071514,59.0766952256554
73.7727205071514,59.1074329305734
73.7727205071514,59.1381706354915
73.7727205071514,59.1689083404095
73.7727205071514,59.1996460453275
73.7727205071514,59.2303837502455
73.7727205071514,59.2611214551636
73.7727205071514,59.2918591600816
73.7727205071514,59.3225968649996
73.7727205071514,59.3533345699176
73.7727205071514,59.3840722748357
73.7727205071514,59.4148099797537
73.7727205071514,59.4455476846717
73.7727205071514,59.4762853895897
73.7727205071514,59.5070230945078
73.7727205071514,59.5377607994258
73.7727205071514,59.5684985043438
73.7727205071514,59.5992362092618
73.7727205071514,59.6299739141799
73.7727205071514,59.6607116190979
73.7727205071514,59.6914493240159
73.7727205071514,59.7221870289339
73.7727205071514,59.752924733852
73.7727205071514,59.78366243877
73.7727205071514,59.814400143688
73.7727205071514,59.845137848606
73.7727205071514,59.8758755535241
73.7727205071514,59.9066132584421
73.7727205071514,59.9373509633601
73.7727205071514,59.9680886682781
73.7727205071514,59.9988263731962
73.7727205071514,60.0295640781142
73.7727205071514,60.0603017830322
73.7727205071514,60.0910394879502
73.7727205071514,60.1217771928683
73.7727205071514,60.1525148977863
73.7727205071514,60.1832526027043
73.7727205071514,60.2139903076223
73.7727205071514,60.2447280125403
73.7727205071514,60.2754657174584
73.7727205071514,60.3062034223764
73.7727205071514,60.3369411272944
73.7727205071514,60.3676788322124
73.7727205071514,60.3984165371305
73.7727205071514,60.4291542420485
73.7727205071514,60.4598919469665
73.7727205071514,60.4906296518845
73.7727205071514,60.5213673568026
73.7727205071514,60.5521050617206
73.7727205071514,60.5828427666386
73.7727205071514,60.6135804715566
73.7727205071514,60.6443181764747
73.7727205071514,60.6750558813927
73.7727205071514,60.7057935863107
73.7727205071514,60.7365312912287
73.7727205071514,60.7672689961468
73.7727205071514,60.7980067010648
73.7727205071514,60.8287444059828
73.7727205071514,60.8594821109008
73.7727205071514,60.8902198158189
73.7727205071514,60.9209575207369
73.7727205071514,60.9516952256549
73.7727205071514,60.9824329305729
73.7727205071514,61.013170635491
73.7727205071514,61.043908340409
73.7727205071514,61.074646045327
73.7727205071514,61.105383750245
73.7727205071514,61.1361214551631
73.7727205071514,61.1668591600811
73.7727205071514,61.1975968649991
73.7727205071514,61.2283345699171
73.7727205071514,61.2590722748352
73.7727205071514,61.2898099797532
73.7727205071514,61.3205476846712
73.7727205071514,61.3512853895892
73.7727205071514,61.3820230945073
73.7727205071514,61.4127607994253
73.7727205071514,61.4434985043433
73.7727205071514,61.4742362092613
73.7727205071514,61.5049739141794
73.7727205071514,61.5357116190974
73.7727205071514,61.5664493240154
73.7727205071514,61.5971870289334
73.7727205071514,61.6279247338515
73.7727205071514,61.6586624387695
73.7727205071514,61.6894001436875
73.7727205071514,61.7201378486055
73.7727205071514,61.7508755535236
73.7727205071514,61.7816132584416
73.7727205071514,61.8123509633596
73.7727205071514,61.8430886682776
73.7727205071514,61.8738263731957
73.7727205071514,61.9045640781137
73.7727205071514,61.9353017830317
73.7727205071514,61.9660394879497
73.7727205071514,61.9967771928678
73.7727205071514,62.0275148977858
73.7727205071514,62.0582526027038
73.7727205071514,62.0889903076218
73.7727205071514,62.1197280125399
73.7727205071514,62.1504657174579
73.7727205071514,62.1812034223759
73.7727205071514,62.2119411272939
73.7727205071514,62.242678832212
73.7727205071514,62.27341653713
73.7727205071514,62.304154242048
73.7727205071514,62.334891946966
73.7727205071514,62.365629651884
73.7727205071514,62.3963673568021
73.7727205071514,62.4271050617201
73.7727205071514,62.4578427666381
73.7727205071514,62.4885804715561
73.7727205071514,62.5193181764742
73.7727205071514,62.5500558813922
73.7727205071514,62.5807935863102
73.7727205071514,62.6115312912282
73.7727205071514,62.6422689961463
73.7727205071514,62.6730067010643
73.7727205071514,62.7037444059823
73.7727205071514,62.7344821109003
73.7727205071514,62.7652198158184
73.7727205071514,62.7959575207364
73.7727205071514,62.8266952256544
73.7727205071514,62.8574329305724
73.7727205071514,62.8881706354905
73.7727205071514,62.9189083404085
73.7727205071514,62.9496460453265
73.7727205071514,62.9803837502445
73.7727205071514,63.0111214551626
73.7727205071514,63.0418591600806
73.7727205071514,63.0725968649986
73.7727205071514,63.1033345699166
73.7727205071514,63.1340722748347
73.7727205071514,63.1648099797527
73.7727205071514,63.1955476846707
73.7727205071514,63.2262853895887
73.7727205071514,63.2570230945068
73.7727205071514,63.2877607994248
73.7727205071514,63.3184985043428
73.7727205071514,63.3492362092608
73.7727205071514,63.3799739141789
73.7727205071514,63.4107116190969
73.7727205071514,63.4414493240149
73.7727205071514,63.4721870289329
73.7727205071514,63.502924733851
73.7727205071514,63.533662438769
73.7727205071514,63.564400143687
73.7727205071514,63.595137848605
73.7727205071514,63.6258755535231
73.7727205071514,63.6566132584411
73.7727205071514,63.6873509633591
73.7727205071514,63.7180886682771
73.7727205071514,63.7488263731952
73.7727205071514,63.7795640781132
73.7727205071514,63.8103017830312
73.7727205071514,63.8410394879492
73.7727205071514,63.8717771928673
73.7727205071514,63.9025148977853
73.7727205071514,63.9332526027033
73.7727205071514,63.9639903076213
73.7727205071514,63.9947280125394
73.7727205071514,64.0254657174574
73.7727205071514,64.0562034223754
73.7727205071514,64.0869411272934
73.7727205071514,64.1176788322115
73.7727205071514,64.1484165371295
73.7727205071514,64.1791542420475
73.7727205071514,64.2098919469655
73.7727205071514,64.2406296518836
73.7727205071514,64.2713673568016
73.7727205071514,64.3021050617196
73.7727205071514,64.3328427666376
73.7727205071514,64.3635804715557
73.7727205071514,64.3943181764737
73.7727205071514,64.4250558813917
73.7727205071514,64.4557935863097
73.7727205071514,64.4865312912277
73.7727205071514,64.5172689961458
73.7727205071514,64.5480067010638
73.7727205071514,64.5787444059818
73.7727205071514,64.6094821108998
73.7727205071514,64.6402198158179
73.7727205071514,64.6709575207359
73.7727205071514,64.7016952256539
73.7727205071514,64.7324329305719
73.7727205071514,64.76317063549
73.7727205071514,64.793908340408
73.7727205071514,64.824646045326
73.7727205071514,64.855383750244
73.7727205071514,64.8861214551621
73.7727205071514,64.9168591600801
73.7727205071514,64.9475968649981
73.7727205071514,64.9783345699161
73.7727205071514,65.0090722748342
73.7727205071514,65.0398099797522
73.7727205071514,65.0705476846702
73.7727205071514,65.1012853895882
73.7727205071514,65.1320230945063
73.7727205071514,65.1627607994243
73.7727205071514,65.1934985043423
73.7727205071514,65.2242362092603
73.7727205071514,65.2549739141784
73.7727205071514,65.2857116190964
73.7727205071514,65.3164493240144
73.7727205071514,65.3471870289324
73.7727205071514,65.3779247338505
73.7727205071514,65.4086624387685
73.7727205071514,65.4394001436865
73.7727205071514,65.4701378486045
73.7727205071514,65.5008755535226
73.7727205071514,65.5316132584406
73.7727205071514,65.5623509633586
73.7727205071514,65.5930886682766
73.7727205071514,65.6238263731947
73.7727205071514,65.6545640781127
73.7727205071514,65.6853017830307
73.7727205071514,65.7160394879487
73.7727205071514,65.7467771928668
73.7727205071514,65.7775148977848
73.7727205071514,65.8082526027028
73.7727205071514,65.8389903076208
73.7727205071514,65.8697280125389
73.7727205071514,65.9004657174569
73.7727205071514,65.9312034223749
73.7727205071514,65.9619411272929
73.7727205071514,65.992678832211
73.7727205071514,66.023416537129
73.7727205071514,66.054154242047
73.7727205071514,66.084891946965
73.7727205071514,66.1156296518831
73.7727205071514,66.1463673568011
73.7727205071514,66.1771050617191
73.7727205071514,66.2078427666371
73.7727205071514,66.2385804715552
73.7727205071514,66.2693181764732
73.7727205071514,66.3000558813912
73.7727205071514,66.3307935863092
73.7727205071514,66.3615312912273
73.7727205071514,66.3922689961453
73.7727205071514,66.4230067010633
73.7727205071514,66.4537444059813
73.7727205071514,66.4844821108994
73.7727205071514,66.5152198158174
73.7727205071514,66.5459575207354
73.7727205071514,66.5766952256534
73.7727205071514,66.6074329305714
73.7727205071514,66.6381706354895
73.7727205071514,66.6689083404075
73.7727205071514,66.6996460453255
73.7727205071514,66.7303837502435
73.7727205071514,66.7611214551616
73.7727205071514,66.7918591600796
73.7727205071514,66.8225968649976
73.7727205071514,66.8533345699156
73.7727205071514,66.8840722748337
73.7727205071514,66.9148099797517
73.7727205071514,66.9455476846697
73.7727205071514,66.9762853895877
73.7727205071514,67.0070230945058
73.7727205071514,67.0377607994238
73.7727205071514,67.0684985043418
73.7727205071514,67.0992362092598
73.7727205071514,67.1299739141779
73.7727205071514,67.1607116190959
73.7727205071514,67.1914493240139
73.7727205071514,67.2221870289319
73.7727205071514,67.25292473385
73.7727205071514,67.283662438768
73.7727205071514,67.314400143686
73.7727205071514,67.345137848604
73.7727205071514,67.3758755535221
73.7727205071514,67.4066132584401
73.7727205071514,67.4373509633581
73.7727205071514,67.4680886682761
73.7727205071514,67.4988263731942
73.7727205071514,67.5295640781122
73.7727205071514,67.5603017830302
73.7727205071514,67.5910394879482
73.7727205071514,67.6217771928663
73.7727205071514,67.6525148977843
73.7727205071514,67.6832526027023
73.7727205071514,67.7139903076203
73.7727205071514,67.7447280125384
73.7727205071514,67.7754657174564
73.7727205071514,67.8062034223744
73.7727205071514,67.8369411272924
73.7727205071514,67.8676788322105
73.7727205071514,67.8984165371285
73.7727205071514,67.9291542420465
73.7727205071514,67.9598919469645
73.7727205071514,67.9906296518826
73.7727205071514,68.0213673568006
73.7727205071514,68.0521050617186
73.7727205071514,68.0828427666366
73.7727205071514,68.1135804715547
73.7727205071514,68.1443181764727
73.7727205071514,68.1750558813907
73.7727205071514,68.2057935863087
73.7727205071514,68.2365312912268
73.7727205071514,68.2672689961448
73.7727205071514,68.2980067010628
73.7727205071514,68.3287444059808
73.7727205071514,68.3594821108989
73.7727205071514,68.3902198158169
73.7727205071514,68.4209575207349
73.7727205071514,68.4516952256529
73.7727205071514,68.482432930571
73.7727205071514,68.513170635489
73.7727205071514,68.543908340407
73.7727205071514,68.574646045325
73.7727205071514,68.605383750243
73.7727205071514,68.6361214551611
73.7727205071514,68.6668591600791
73.7727205071514,68.6975968649971
73.7727205071514,68.7283345699151
73.7727205071514,68.7590722748332
73.7727205071514,68.7898099797512
73.7727205071514,68.8205476846692
73.7727205071514,68.8512853895872
73.7727205071514,68.8820230945053
73.7727205071514,68.9127607994233
73.7727205071514,68.9434985043413
73.7727205071514,68.9742362092593
73.7727205071514,69.0049739141774
73.7727205071514,69.0357116190954
73.7727205071514,69.0664493240134
73.7727205071514,69.0971870289314
73.7727205071514,69.1279247338495
73.7727205071514,69.1586624387675
73.7727205071514,69.1894001436855
73.7727205071514,69.2201378486035
73.7727205071514,69.2508755535216
73.7727205071514,69.2816132584396
73.7727205071514,69.3123509633576
73.7727205071514,69.3430886682756
73.7727205071514,69.3738263731937
73.7727205071514,69.4045640781117
73.7727205071514,69.4353017830297
73.7727205071514,69.4660394879477
73.7727205071514,69.4967771928658
73.7727205071514,69.5275148977838
73.7727205071514,69.5582526027018
73.7727205071514,69.5889903076198
73.7727205071514,69.6197280125379
73.7727205071514,69.6504657174559
73.7727205071514,69.6812034223739
73.7727205071514,69.7119411272919
73.7727205071514,69.74267883221
73.7727205071514,69.773416537128
73.7727205071514,69.804154242046
73.7727205071514,69.834891946964
73.7727205071514,69.8656296518821
73.7727205071514,69.8963673568001
73.7727205071514,69.9271050617181
73.7727205071514,69.9578427666361
73.7727205071514,69.9885804715542
73.7727205071514,70.0193181764722
73.7727205071514,70.0500558813902
73.7727205071514,70.0807935863082
73.7727205071514,70.1115312912263
73.7727205071514,70.1422689961443
73.7727205071514,70.1730067010623
73.7727205071514,70.2037444059803
73.7727205071514,70.2344821108984
73.7727205071514,70.2652198158164
73.7727205071514,70.2959575207344
73.7727205071514,70.3266952256524
73.7727205071514,70.3574329305705
73.7727205071514,70.3881706354885
73.7727205071514,70.4189083404065
73.7727205071514,70.4496460453245
73.7727205071514,70.4803837502426
73.7727205071514,70.5111214551606
73.7727205071514,70.5418591600786
73.7727205071514,70.5725968649966
73.7727205071514,70.6033345699147
73.7727205071514,70.6340722748327
73.7727205071514,70.6648099797507
73.7727205071514,70.6955476846687
73.7727205071514,70.7262853895867
73.7727205071514,70.7570230945048
73.7727205071514,70.7877607994228
73.7727205071514,70.8184985043408
73.7727205071514,70.8492362092588
73.7727205071514,70.8799739141769
73.7727205071514,70.9107116190949
73.7727205071514,70.9414493240129
73.7727205071514,70.9721870289309
73.7727205071514,71.002924733849
73.7727205071514,71.033662438767
73.7727205071514,71.064400143685
73.7727205071514,71.095137848603
73.7727205071514,71.1258755535211
73.7727205071514,71.1566132584391
73.7727205071514,71.1873509633571
73.7727205071514,71.2180886682751
73.7727205071514,71.2488263731932
73.7727205071514,71.2795640781112
73.7727205071514,71.3103017830292
73.7727205071514,71.3410394879472
73.7727205071514,71.3717771928653
73.7727205071514,71.4025148977833
73.7727205071514,71.4332526027013
73.7727205071514,71.4639903076193
73.7727205071514,71.4947280125374
73.7727205071514,71.5254657174554
73.7727205071514,71.5562034223734
73.7727205071514,71.5869411272914
73.7727205071514,71.6176788322095
73.7727205071514,71.6484165371275
73.7727205071514,71.6791542420455
73.7727205071514,71.7098919469635
73.7727205071514,71.7406296518816
73.7727205071514,71.7713673567996
73.7727205071514,71.8021050617176
73.7727205071514,71.8328427666356
73.7727205071514,71.8635804715537
73.7727205071514,71.8943181764717
73.7727205071514,71.9250558813897
73.7727205071514,71.9557935863077
73.7727205071514,71.9865312912258
73.7727205071514,72.0172689961438
73.7727205071514,72.0480067010618
73.7727205071514,72.0787444059798
73.7727205071514,72.1094821108979
73.7727205071514,72.1402198158159
73.7727205071514,72.1709575207339
73.7727205071514,72.2016952256519
73.7727205071514,72.23243293057
73.7727205071514,72.263170635488
73.7727205071514,72.293908340406
73.7727205071514,72.324646045324
73.7727205071514,72.3553837502421
73.7727205071514,72.3861214551601
73.7727205071514,72.4168591600781
73.7727205071514,72.4475968649961
73.7727205071514,72.4783345699142
73.7727205071514,72.5090722748322
73.7727205071514,72.5398099797502
73.7727205071514,72.5705476846682
73.7727205071514,72.6012853895863
73.7727205071514,72.6320230945043
73.7727205071514,72.6627607994223
73.7727205071514,72.6934985043403
73.7727205071514,72.7242362092584
73.7727205071514,72.7549739141764
73.7727205071514,72.7857116190944
73.7727205071514,72.8164493240124
73.7727205071514,72.8471870289304
73.7727205071514,72.8779247338485
73.7727205071514,72.9086624387665
73.7727205071514,72.9394001436845
73.7727205071514,72.9701378486025
73.7727205071514,73.0008755535206
73.7727205071514,73.0316132584386
73.7727205071514,73.0623509633566
73.7727205071514,73.0930886682746
73.7727205071514,73.1238263731927
73.7727205071514,73.1545640781107
73.7727205071514,73.1853017830287
73.7727205071514,73.2160394879467
73.7727205071514,73.2467771928648
73.7727205071514,73.2775148977828
73.7727205071514,73.3082526027008
73.7727205071514,73.3389903076188
73.7727205071514,73.3697280125369
73.7727205071514,73.4004657174549
73.7727205071514,73.4312034223729
73.7727205071514,73.4619411272909
73.7727205071514,73.492678832209
73.7727205071514,73.523416537127
73.7727205071514,73.554154242045
73.7727205071514,73.584891946963
73.7727205071514,73.6156296518811
73.7727205071514,73.6463673567991
73.7727205071514,73.6771050617171
73.7727205071514,73.7078427666351
73.7727205071514,73.7385804715532
73.7727205071514,73.7693181764712
73.7727205071514,73.8000558813892
73.7727205071514,73.8307935863072
73.7727205071514,73.8615312912253
73.7727205071514,73.8922689961433
73.7727205071514,73.9230067010613
73.7727205071514,73.9537444059793
73.7727205071514,73.9844821108974
73.7727205071514,74.0152198158154
73.7727205071514,74.0459575207334
73.7727205071514,74.0766952256514
73.7727205071514,74.1074329305695
73.7727205071514,74.1381706354875
73.7727205071514,74.1689083404055
73.7727205071514,74.1996460453235
73.7727205071514,74.2303837502416
73.7727205071514,74.2611214551596
73.7727205071514,74.2918591600776
73.7727205071514,74.3225968649956
73.7727205071514,74.3533345699137
73.7727205071514,74.3840722748317
73.7727205071514,74.4148099797497
73.7727205071514,74.4455476846677
73.7727205071514,74.4762853895858
73.7727205071514,74.5070230945038
73.7727205071514,74.5377607994218
73.7727205071514,74.5684985043398
73.7727205071514,74.5992362092579
73.7727205071514,74.6299739141759
73.7727205071514,74.6607116190939
73.7727205071514,74.6914493240119
73.7727205071514,74.72218702893
73.7727205071514,74.752924733848
73.7727205071514,74.783662438766
73.7727205071514,74.814400143684
73.7727205071514,74.8451378486021
73.7727205071514,74.8758755535201
73.7727205071514,74.9066132584381
73.7727205071514,74.9373509633561
73.7727205071514,74.9680886682741
73.7727205071514,74.9988263731922
73.7727205071514,75.0295640781102
73.7727205071514,75.0603017830282
73.7727205071514,75.0910394879462
73.7727205071514,75.1217771928643
73.7727205071514,75.1525148977823
73.7727205071514,75.1832526027003
73.7727205071514,75.2139903076183
73.7727205071514,75.2447280125364
73.7727205071514,75.2754657174544
73.7727205071514,75.3062034223724
73.7727205071514,75.3369411272904
73.7727205071514,75.3676788322085
73.7727205071514,75.3984165371265
73.7727205071514,75.4291542420445
73.7727205071514,75.4598919469625
73.7727205071514,75.4906296518806
73.7727205071514,75.5213673567986
73.7727205071514,75.5521050617166
73.7727205071514,75.5828427666346
73.7727205071514,75.6135804715527
73.7727205071514,75.6443181764707
73.7727205071514,75.6750558813887
73.7727205071514,75.7057935863067
73.7727205071514,75.7365312912248
73.7727205071514,75.7672689961428
73.7727205071514,75.7980067010608
73.7727205071514,75.8287444059788
73.7727205071514,75.8594821108969
73.7727205071514,75.8902198158149
73.7727205071514,75.9209575207329
73.7727205071514,75.9516952256509
73.7727205071514,75.982432930569
73.7727205071514,76.013170635487
73.7727205071514,76.043908340405
73.7727205071514,76.074646045323
73.7727205071514,76.1053837502411
73.7727205071514,76.1361214551591
73.7727205071514,76.1668591600771
73.7727205071514,76.1975968649951
73.7727205071514,76.2283345699132
73.7727205071514,76.2590722748312
73.7727205071514,76.2898099797492
73.7727205071514,76.3205476846672
73.7727205071514,76.3512853895853
73.7727205071514,76.3820230945033
73.7727205071514,76.4127607994213
73.7727205071514,76.4434985043393
73.7727205071514,76.4742362092574
73.7727205071514,76.5049739141754
73.7727205071514,76.5357116190934
73.7727205071514,76.5664493240114
73.7727205071514,76.5971870289295
73.7727205071514,76.6279247338475
73.7727205071514,76.6586624387655
73.7727205071514,76.6894001436835
73.7727205071514,76.7201378486016
73.7727205071514,76.7508755535196
73.7727205071514,76.7816132584376
73.7727205071514,76.8123509633556
73.7727205071514,76.8430886682737
73.7727205071514,76.8738263731917
73.7727205071514,76.9045640781097
73.7727205071514,76.9353017830277
73.7727205071514,76.9660394879457
73.7727205071514,76.9967771928638
73.7727205071514,77.0275148977818
73.7727205071514,77.0582526026998
73.7727205071514,77.0889903076178
73.7727205071514,77.1197280125359
73.7727205071514,77.1504657174539
73.7727205071514,77.1812034223719
73.7727205071514,77.2119411272899
73.7727205071514,77.242678832208
73.7727205071514,77.273416537126
73.7727205071514,77.304154242044
73.7727205071514,77.334891946962
73.7727205071514,77.3656296518801
73.7727205071514,77.3963673567981
73.7727205071514,77.4271050617161
73.7727205071514,77.4578427666341
73.7727205071514,77.4885804715522
73.7727205071514,77.5193181764702
73.7727205071514,77.5500558813882
73.7727205071514,77.5807935863062
73.7727205071514,77.6115312912243
73.7727205071514,77.6422689961423
73.7727205071514,77.6730067010603
73.7727205071514,77.7037444059783
73.7727205071514,77.7344821108964
73.7727205071514,77.7652198158144
73.7727205071514,77.7959575207324
73.7727205071514,77.8266952256504
73.7727205071514,77.8574329305685
73.7727205071514,77.8881706354865
73.7727205071514,77.9189083404045
73.7727205071514,77.9496460453225
73.7727205071514,77.9803837502406
73.7727205071514,78.0111214551586
73.7727205071514,78.0418591600766
73.7727205071514,78.0725968649946
73.7727205071514,78.1033345699127
73.7727205071514,78.1340722748307
73.7727205071514,78.1648099797487
73.7727205071514,78.1955476846667
73.7727205071514,78.2262853895848
73.7727205071514,78.2570230945028
73.7727205071514,78.2877607994208
73.7727205071514,78.3184985043388
73.7727205071514,78.3492362092569
73.7727205071514,78.3799739141749
73.7727205071514,78.4107116190929
73.7727205071514,78.4414493240109
73.7727205071514,78.472187028929
73.7727205071514,78.502924733847
73.7727205071514,78.533662438765
73.7727205071514,78.564400143683
73.7727205071514,78.5951378486011
73.7727205071514,78.6258755535191
73.7727205071514,78.6566132584371
73.7727205071514,78.6873509633551
73.7727205071514,78.7180886682732
73.7727205071514,78.7488263731912
73.7727205071514,78.7795640781092
73.7727205071514,78.8103017830272
73.7727205071514,78.8410394879453
73.7727205071514,78.8717771928633
73.7727205071514,78.9025148977813
73.7727205071514,78.9332526026993
73.7727205071514,78.9639903076174
73.7727205071514,78.9947280125354
73.7727205071514,79.0254657174534
73.7727205071514,79.0562034223714
73.7727205071514,79.0869411272894
73.7727205071514,79.1176788322075
73.7727205071514,79.1484165371255
73.7727205071514,79.1791542420435
73.7727205071514,79.2098919469615
73.7727205071514,79.2406296518796
73.7727205071514,79.2713673567976
73.7727205071514,79.3021050617156
73.7727205071514,79.3328427666336
73.7727205071514,79.3635804715517
73.7727205071514,79.3943181764697
73.7727205071514,79.4250558813877
73.7727205071514,79.4557935863057
73.7727205071514,79.4865312912238
73.7727205071514,79.5172689961418
73.7727205071514,79.5480067010598
73.7727205071514,79.5787444059778
73.7727205071514,79.6094821108959
73.7727205071514,79.6402198158139
73.7727205071514,79.6709575207319
73.7727205071514,79.7016952256499
73.7727205071514,79.732432930568
73.7727205071514,79.763170635486
73.7727205071514,79.793908340404
73.7727205071514,79.824646045322
73.7727205071514,79.8553837502401
73.7727205071514,79.8861214551581
73.7727205071514,79.9168591600761
73.7727205071514,79.9475968649941
73.7727205071514,79.9783345699122
73.7727205071514,80.0090722748302
73.7727205071514,80.0398099797482
73.7727205071514,80.0705476846662
73.7727205071514,80.1012853895843
73.7727205071514,80.1320230945023
73.7727205071514,80.1627607994203
73.7727205071514,80.1934985043383
73.7727205071514,80.2242362092564
73.7727205071514,80.2549739141744
73.7727205071514,80.2857116190924
73.7727205071514,80.3164493240104
73.7727205071514,80.3471870289285
73.7727205071514,80.3779247338465
73.7727205071514,80.4086624387645
73.7727205071514,80.4394001436825
73.7727205071514,80.4701378486006
73.7727205071514,80.5008755535186
73.7727205071514,80.5316132584366
73.7727205071514,80.5623509633546
73.7727205071514,80.5930886682727
73.7727205071514,80.6238263731907
73.7727205071514,80.6545640781087
73.7727205071514,80.6853017830267
73.7727205071514,80.7160394879448
73.7727205071514,80.7467771928628
73.7727205071514,80.7775148977808
73.7727205071514,80.8082526026988
73.7727205071514,80.8389903076169
73.7727205071514,80.8697280125349
73.7727205071514,80.9004657174529
73.7727205071514,80.9312034223709
73.7727205071514,80.961941127289
73.7727205071514,80.992678832207
73.7727205071514,81.023416537125
73.7727205071514,81.054154242043
73.7727205071514,81.0848919469611
73.7727205071514,81.1156296518791
73.7727205071514,81.1463673567971
73.7727205071514,81.1771050617151
73.7727205071514,81.2078427666331
73.7727205071514,81.2385804715512
73.7727205071514,81.2693181764692
73.7727205071514,81.3000558813872
73.7727205071514,81.3307935863052
73.7727205071514,81.3615312912233
73.7727205071514,81.3922689961413
73.7727205071514,81.4230067010593
73.7727205071514,81.4537444059773
73.7727205071514,81.4844821108954
73.7727205071514,81.5152198158134
73.7727205071514,81.5459575207314
73.7727205071514,81.5766952256494
73.7727205071514,81.6074329305675
73.7727205071514,81.6381706354855
73.7727205071514,81.6689083404035
73.7727205071514,81.6996460453215
73.7727205071514,81.7303837502396
73.7727205071514,81.7611214551576
73.7727205071514,81.7918591600756
73.7727205071514,81.8225968649936
73.7727205071514,81.8533345699117
73.7727205071514,81.8840722748297
73.7727205071514,81.9148099797477
73.7727205071514,81.9455476846657
73.7727205071514,81.9762853895838
73.7727205071514,82.0070230945018
73.7727205071514,82.0377607994198
73.7727205071514,82.0684985043378
73.7727205071514,82.0992362092559
73.7727205071514,82.1299739141739
73.7727205071514,82.1607116190919
73.7727205071514,82.1914493240099
73.7727205071514,82.222187028928
73.7727205071514,82.252924733846
73.7727205071514,82.283662438764
73.7727205071514,82.314400143682
73.7727205071514,82.3451378486001
73.7727205071514,82.3758755535181
73.7727205071514,82.4066132584361
73.7727205071514,82.4373509633541
73.7727205071514,82.4680886682722
73.7727205071514,82.4988263731902
73.7727205071514,82.5295640781082
73.7727205071514,82.5603017830262
73.7727205071514,82.5910394879443
73.7727205071514,82.6217771928623
73.7727205071514,82.6525148977803
73.7727205071514,82.6832526026983
73.7727205071514,82.7139903076164
73.7727205071514,82.7447280125344
73.7727205071514,82.7754657174524
73.7727205071514,82.8062034223704
73.7727205071514,82.8369411272885
73.7727205071514,82.8676788322065
73.7727205071514,82.8984165371245
73.7727205071514,82.9291542420425
73.7727205071514,82.9598919469606
73.7727205071514,82.9906296518786
73.7727205071514,83.0213673567966
73.7727205071514,83.0521050617146
73.7727205071514,83.0828427666327
73.7727205071514,83.1135804715507
73.7727205071514,83.1443181764687
73.7727205071514,83.1750558813867
73.7727205071514,83.2057935863048
73.7727205071514,83.2365312912228
73.7727205071514,83.2672689961408
73.7727205071514,83.2980067010588
73.7727205071514,83.3287444059768
73.7727205071514,83.3594821108949
73.7727205071514,83.3902198158129
73.7727205071514,83.4209575207309
73.7727205071514,83.4516952256489
73.7727205071514,83.482432930567
73.7727205071514,83.513170635485
73.7727205071514,83.543908340403
73.7727205071514,83.574646045321
73.7727205071514,83.6053837502391
73.7727205071514,83.6361214551571
73.7727205071514,83.6668591600751
73.7727205071514,83.6975968649931
73.7727205071514,83.7283345699112
73.7727205071514,83.7590722748292
73.7727205071514,83.7898099797472
73.7727205071514,83.8205476846652
73.7727205071514,83.8512853895833
73.7727205071514,83.8820230945013
73.7727205071514,83.9127607994193
73.7727205071514,83.9434985043373
73.7727205071514,83.9742362092554
73.7727205071514,84.0049739141734
73.7727205071514,84.0357116190914
73.7727205071514,84.0664493240094
73.7727205071514,84.0971870289275
73.7727205071514,84.1279247338455
73.7727205071514,84.1586624387635
73.7727205071514,84.1894001436815
73.7727205071514,84.2201378485996
73.7727205071514,84.2508755535176
73.7727205071514,84.2816132584356
73.7727205071514,84.3123509633536
73.7727205071514,84.3430886682717
73.7727205071514,84.3738263731897
73.7727205071514,84.4045640781077
73.7727205071514,84.4353017830257
73.7727205071514,84.4660394879438
73.7727205071514,84.4967771928618
73.7727205071514,84.5275148977798
73.7727205071514,84.5582526026978
73.7727205071514,84.5889903076159
73.7727205071514,84.6197280125339
73.7727205071514,84.6504657174519
73.7727205071514,84.6812034223699
73.7727205071514,84.711941127288
73.7727205071514,84.742678832206
73.7727205071514,84.773416537124
73.7727205071514,84.804154242042
73.7727205071514,84.8348919469601
73.7727205071514,84.8656296518781
73.7727205071514,84.8963673567961
73.7727205071514,84.9271050617141
73.7727205071514,84.9578427666322
73.7727205071514,84.9885804715502
73.7727205071514,85.0193181764682
73.7727205071514,85.0500558813862
73.7727205071514,85.0807935863043
73.7727205071514,85.1115312912223
73.7727205071514,85.1422689961403
73.7727205071514,85.1730067010583
73.7727205071514,85.2037444059764
73.7727205071514,85.2344821108944
73.7727205071514,85.2652198158124
73.7727205071514,85.2959575207304
73.7727205071514,85.3266952256485
73.7727205071514,85.3574329305665
73.7727205071514,85.3881706354845
73.7727205071514,85.4189083404025
73.7727205071514,85.4496460453205
73.7727205071514,85.4803837502386
73.7727205071514,85.5111214551566
73.7727205071514,85.5418591600746
73.7727205071514,85.5725968649926
73.7727205071514,85.6033345699107
73.7727205071514,85.6340722748287
73.7727205071514,85.6648099797467
73.7727205071514,85.6955476846647
73.7727205071514,85.7262853895828
73.7727205071514,85.7570230945008
73.7727205071514,85.7877607994188
73.7727205071514,85.8184985043368
73.7727205071514,85.8492362092549
73.7727205071514,85.8799739141729
73.7727205071514,85.9107116190909
73.7727205071514,85.9414493240089
73.7727205071514,85.972187028927
73.7727205071514,86.002924733845
73.7727205071514,86.033662438763
73.7727205071514,86.064400143681
73.7727205071514,86.0951378485991
73.7727205071514,86.1258755535171
73.7727205071514,86.1566132584351
73.7727205071514,86.1873509633531
73.7727205071514,86.2180886682712
73.7727205071514,86.2488263731892
73.7727205071514,86.2795640781072
73.7727205071514,86.3103017830252
73.7727205071514,86.3410394879433
73.7727205071514,86.3717771928613
73.7727205071514,86.4025148977793
73.7727205071514,86.4332526026973
73.7727205071514,86.4639903076154
73.7727205071514,86.4947280125334
73.7727205071514,86.5254657174514
73.7727205071514,86.5562034223694
73.7727205071514,86.5869411272875
73.7727205071514,86.6176788322055
73.7727205071514,86.6484165371235
73.7727205071514,86.6791542420415
73.7727205071514,86.7098919469596
73.7727205071514,86.7406296518776
73.7727205071514,86.7713673567956
73.7727205071514,86.8021050617136
73.7727205071514,86.8328427666317
73.7727205071514,86.8635804715497
73.7727205071514,86.8943181764677
73.7727205071514,86.9250558813857
73.7727205071514,86.9557935863038
73.7727205071514,86.9865312912218
73.7727205071514,87.0172689961398
73.7727205071514,87.0480067010578
73.7727205071514,87.0787444059759
73.7727205071514,87.1094821108939
73.7727205071514,87.1402198158119
73.7727205071514,87.1709575207299
73.7727205071514,87.201695225648
73.7727205071514,87.232432930566
73.7727205071514,87.263170635484
73.7727205071514,87.293908340402
73.7727205071514,87.3246460453201
73.7727205071514,87.3553837502381
73.7727205071514,87.3861214551561
73.7727205071514,87.4168591600741
73.7727205071514,87.4475968649921
73.7727205071514,87.4783345699102
73.7727205071514,87.5090722748282
73.7727205071514,87.5398099797462
73.7727205071514,87.5705476846642
73.7727205071514,87.6012853895823
73.7727205071514,87.6320230945003
73.7727205071514,87.6627607994183
73.7727205071514,87.6934985043363
73.7727205071514,87.7242362092544
73.7727205071514,87.7549739141724
73.7727205071514,87.7857116190904
73.7727205071514,87.8164493240084
73.7727205071514,87.8471870289265
73.7727205071514,87.8779247338445
73.7727205071514,87.9086624387625
73.7727205071514,87.9394001436805
73.7727205071514,87.9701378485986
73.7727205071514,88.0008755535166
73.7727205071514,88.0316132584346
73.7727205071514,88.0623509633526
73.7727205071514,88.0930886682707
73.7727205071514,88.1238263731887
73.7727205071514,88.1545640781067
73.7727205071514,88.1853017830247
73.7727205071514,88.2160394879428
73.7727205071514,88.2467771928608
73.7727205071514,88.2775148977788
73.7727205071514,88.3082526026968
73.7727205071514,88.3389903076149
73.7727205071514,88.3697280125329
73.7727205071514,88.4004657174509
73.7727205071514,88.4312034223689
73.7727205071514,88.461941127287
73.7727205071514,88.492678832205
73.7727205071514,88.523416537123
73.7727205071514,88.554154242041
73.7727205071514,88.5848919469591
73.7727205071514,88.6156296518771
73.7727205071514,88.6463673567951
73.7727205071514,88.6771050617131
73.7727205071514,88.7078427666312
73.7727205071514,88.7385804715492
73.7727205071514,88.7693181764672
73.7727205071514,88.8000558813852
73.7727205071514,88.8307935863033
73.7727205071514,88.8615312912213
73.7727205071514,88.8922689961393
73.7727205071514,88.9230067010573
73.7727205071514,88.9537444059754
73.7727205071514,88.9844821108934
73.7727205071514,89.0152198158114
73.7727205071514,89.0459575207294
73.7727205071514,89.0766952256475
73.7727205071514,89.1074329305655
73.7727205071514,89.1381706354835
73.7727205071514,89.1689083404015
73.7727205071514,89.1996460453196
73.7727205071514,89.2303837502376
73.7727205071514,89.2611214551556
73.7727205071514,89.2918591600736
73.7727205071514,89.3225968649917
73.7727205071514,89.3533345699097
73.7727205071514,89.3840722748277
73.7727205071514,89.4148099797457
73.7727205071514,89.4455476846638
73.7727205071514,89.4762853895818
73.7727205071514,89.5070230944998
73.7727205071514,89.5377607994178
73.7727205071514,89.5684985043358
73.7727205071514,89.5992362092539
73.7727205071514,89.6299739141719
73.7727205071514,89.6607116190899
73.7727205071514,89.6914493240079
73.7727205071514,89.722187028926
73.7727205071514,89.752924733844
73.7727205071514,89.783662438762
73.7727205071514,89.81440014368
73.7727205071514,89.8451378485981
73.7727205071514,89.8758755535161
73.7727205071514,89.9066132584341
73.7727205071514,89.9373509633521
73.7727205071514,89.9680886682702
73.7727205071514,89.9988263731882
73.7727205071514,90.0295640781062
73.7727205071514,90.0603017830242
73.7727205071514,90.0910394879423
73.7727205071514,90.1217771928603
73.7727205071514,90.1525148977783
73.7727205071514,90.1832526026963
73.7727205071514,90.2139903076144
73.7727205071514,90.2447280125324
73.7727205071514,90.2754657174504
73.7727205071514,90.3062034223684
73.7727205071514,90.3369411272865
73.7727205071514,90.3676788322045
73.7727205071514,90.3984165371225
73.7727205071514,90.4291542420405
73.7727205071514,90.4598919469586
73.7727205071514,90.4906296518766
73.7727205071514,90.5213673567946
73.7727205071514,90.5521050617126
73.7727205071514,90.5828427666307
73.7727205071514,90.6135804715487
73.7727205071514,90.6443181764667
73.7727205071514,90.6750558813847
73.7727205071514,90.7057935863028
73.7727205071514,90.7365312912208
73.7727205071514,90.7672689961388
73.7727205071514,90.7980067010568
73.7727205071514,90.8287444059749
73.7727205071514,90.8594821108929
73.7727205071514,90.8902198158109
73.7727205071514,90.9209575207289
73.7727205071514,90.951695225647
73.7727205071514,90.982432930565
73.7727205071514,91.013170635483
73.7727205071514,91.043908340401
73.7727205071514,91.0746460453191
73.7727205071514,91.1053837502371
73.7727205071514,91.1361214551551
73.7727205071514,91.1668591600731
73.7727205071514,91.1975968649912
73.7727205071514,91.2283345699092
73.7727205071514,91.2590722748272
73.7727205071514,91.2898099797452
73.7727205071514,91.3205476846633
73.7727205071514,91.3512853895813
73.7727205071514,91.3820230944993
73.7727205071514,91.4127607994173
73.7727205071514,91.4434985043354
73.7727205071514,91.4742362092534
73.7727205071514,91.5049739141714
73.7727205071514,91.5357116190894
73.7727205071514,91.5664493240075
73.7727205071514,91.5971870289255
73.7727205071514,91.6279247338435
73.7727205071514,91.6586624387615
73.7727205071514,91.6894001436795
73.7727205071514,91.7201378485976
73.7727205071514,91.7508755535156
73.7727205071514,91.7816132584336
73.7727205071514,91.8123509633516
73.7727205071514,91.8430886682697
73.7727205071514,91.8738263731877
73.7727205071514,91.9045640781057
73.7727205071514,91.9353017830237
73.7727205071514,91.9660394879418
73.7727205071514,91.9967771928598
73.7727205071514,92.0275148977778
73.7727205071514,92.0582526026958
73.7727205071514,92.0889903076139
73.7727205071514,92.1197280125319
73.7727205071514,92.1504657174499
73.7727205071514,92.1812034223679
73.7727205071514,92.211941127286
73.7727205071514,92.242678832204
73.7727205071514,92.273416537122
73.7727205071514,92.30415424204
73.7727205071514,92.3348919469581
73.7727205071514,92.3656296518761
73.7727205071514,92.3963673567941
73.7727205071514,92.4271050617121
73.7727205071514,92.4578427666302
73.7727205071514,92.4885804715482
73.7727205071514,92.5193181764662
73.7727205071514,92.5500558813842
73.7727205071514,92.5807935863023
73.7727205071514,92.6115312912203
73.7727205071514,92.6422689961383
73.7727205071514,92.6730067010563
73.7727205071514,92.7037444059744
73.7727205071514,92.7344821108924
73.7727205071514,92.7652198158104
73.7727205071514,92.7959575207284
73.7727205071514,92.8266952256465
73.7727205071514,92.8574329305645
73.7727205071514,92.8881706354825
73.7727205071514,92.9189083404005
73.7727205071514,92.9496460453186
73.7727205071514,92.9803837502366
73.7727205071514,93.0111214551546
73.7727205071514,93.0418591600726
73.7727205071514,93.0725968649907
73.7727205071514,93.1033345699087
73.7727205071514,93.1340722748267
73.7727205071514,93.1648099797447
73.7727205071514,93.1955476846628
73.7727205071514,93.2262853895808
73.7727205071514,93.2570230944988
73.7727205071514,93.2877607994168
73.7727205071514,93.3184985043349
73.7727205071514,93.3492362092529
73.7727205071514,93.3799739141709
73.7727205071514,93.4107116190889
73.7727205071514,93.441449324007
73.7727205071514,93.472187028925
73.7727205071514,93.502924733843
73.7727205071514,93.533662438761
73.7727205071514,93.5644001436791
73.7727205071514,93.5951378485971
73.7727205071514,93.6258755535151
73.7727205071514,93.6566132584331
73.7727205071514,93.6873509633512
73.7727205071514,93.7180886682692
73.7727205071514,93.7488263731872
73.7727205071514,93.7795640781052
73.7727205071514,93.8103017830232
73.7727205071514,93.8410394879413
73.7727205071514,93.8717771928593
73.7727205071514,93.9025148977773
73.7727205071514,93.9332526026953
73.7727205071514,93.9639903076134
73.7727205071514,93.9947280125314
73.7727205071514,94.0254657174494
73.7727205071514,94.0562034223674
73.7727205071514,94.0869411272855
73.7727205071514,94.1176788322035
73.7727205071514,94.1484165371215
73.7727205071514,94.1791542420395
73.7727205071514,94.2098919469576
73.7727205071514,94.2406296518756
73.7727205071514,94.2713673567936
73.7727205071514,94.3021050617116
73.7727205071514,94.3328427666297
73.7727205071514,94.3635804715477
73.7727205071514,94.3943181764657
73.7727205071514,94.4250558813837
73.7727205071514,94.4557935863018
73.7727205071514,94.4865312912198
73.7727205071514,94.5172689961378
73.7727205071514,94.5480067010558
73.7727205071514,94.5787444059739
73.7727205071514,94.6094821108919
73.7727205071514,94.6402198158099
73.7727205071514,94.6709575207279
73.7727205071514,94.701695225646
73.7727205071514,94.732432930564
73.7727205071514,94.763170635482
73.7727205071514,94.7939083404
73.7727205071514,94.8246460453181
73.7727205071514,94.8553837502361
73.7727205071514,94.8861214551541
73.7727205071514,94.9168591600721
73.7727205071514,94.9475968649902
73.7727205071514,94.9783345699082
73.7727205071514,95.0090722748262
73.7727205071514,95.0398099797442
73.7727205071514,95.0705476846623
73.7727205071514,95.1012853895803
73.7727205071514,95.1320230944983
73.7727205071514,95.1627607994163
73.7727205071514,95.1934985043344
73.7727205071514,95.2242362092524
73.7727205071514,95.2549739141704
73.7727205071514,95.2857116190884
73.7727205071514,95.3164493240065
73.7727205071514,95.3471870289245
73.7727205071514,95.3779247338425
73.7727205071514,95.4086624387605
73.7727205071514,95.4394001436786
73.7727205071514,95.4701378485966
73.7727205071514,95.5008755535146
73.7727205071514,95.5316132584326
73.7727205071514,95.5623509633507
73.7727205071514,95.5930886682687
73.7727205071514,95.6238263731867
73.7727205071514,95.6545640781047
73.7727205071514,95.6853017830228
73.7727205071514,95.7160394879408
73.7727205071514,95.7467771928588
73.7727205071514,95.7775148977768
73.7727205071514,95.8082526026948
73.7727205071514,95.8389903076129
73.7727205071514,95.8697280125309
73.7727205071514,95.9004657174489
73.7727205071514,95.9312034223669
73.7727205071514,95.961941127285
73.7727205071514,95.992678832203
73.7727205071514,96.023416537121
73.7727205071514,96.054154242039
73.7727205071514,96.0848919469571
73.7727205071514,96.1156296518751
73.7727205071514,96.1463673567931
73.7727205071514,96.1771050617111
73.7727205071514,96.2078427666292
73.7727205071514,96.2385804715472
73.7727205071514,96.2693181764652
73.7727205071514,96.3000558813832
73.7727205071514,96.3307935863013
73.7727205071514,96.3615312912193
73.7727205071514,96.3922689961373
73.7727205071514,96.4230067010553
73.7727205071514,96.4537444059734
73.7727205071514,96.4844821108914
73.7727205071514,96.5152198158094
73.7727205071514,96.5459575207274
73.7727205071514,96.5766952256455
73.7727205071514,96.6074329305635
73.7727205071514,96.6381706354815
73.7727205071514,96.6689083403995
73.7727205071514,96.6996460453176
73.7727205071514,96.7303837502356
73.7727205071514,96.7611214551536
73.7727205071514,96.7918591600716
73.7727205071514,96.8225968649897
73.7727205071514,96.8533345699077
73.7727205071514,96.8840722748257
73.7727205071514,96.9148099797437
73.7727205071514,96.9455476846618
73.7727205071514,96.9762853895798
73.7727205071514,97.0070230944978
73.7727205071514,97.0377607994158
73.7727205071514,97.0684985043339
73.7727205071514,97.0992362092519
73.7727205071514,97.1299739141699
73.7727205071514,97.1607116190879
73.7727205071514,97.191449324006
73.7727205071514,97.222187028924
73.7727205071514,97.252924733842
73.7727205071514,97.28366243876
73.7727205071514,97.3144001436781
73.7727205071514,97.3451378485961
73.7727205071514,97.3758755535141
73.7727205071514,97.4066132584321
73.7727205071514,97.4373509633502
73.7727205071514,97.4680886682682
73.7727205071514,97.4988263731862
73.7727205071514,97.5295640781042
73.7727205071514,97.5603017830223
73.7727205071514,97.5910394879403
73.7727205071514,97.6217771928583
73.7727205071514,97.6525148977763
73.7727205071514,97.6832526026944
73.7727205071514,97.7139903076124
73.7727205071514,97.7447280125304
73.7727205071514,97.7754657174484
73.7727205071514,97.8062034223665
73.7727205071514,97.8369411272845
73.7727205071514,97.8676788322025
73.7727205071514,97.8984165371205
73.7727205071514,97.9291542420385
73.7727205071514,97.9598919469566
73.7727205071514,97.9906296518746
73.7727205071514,98.0213673567926
73.7727205071514,98.0521050617106
73.7727205071514,98.0828427666287
73.7727205071514,98.1135804715467
73.7727205071514,98.1443181764647
73.7727205071514,98.1750558813827
73.7727205071514,98.2057935863008
73.7727205071514,98.2365312912188
73.7727205071514,98.2672689961368
73.7727205071514,98.2980067010548
73.7727205071514,98.3287444059729
73.7727205071514,98.3594821108909
73.7727205071514,98.3902198158089
73.7727205071514,98.4209575207269
73.7727205071514,98.451695225645
73.7727205071514,98.482432930563
73.7727205071514,98.513170635481
73.7727205071514,98.543908340399
73.7727205071514,98.5746460453171
73.7727205071514,98.6053837502351
73.7727205071514,98.6361214551531
73.7727205071514,98.6668591600711
73.7727205071514,98.6975968649892
73.7727205071514,98.7283345699072
73.7727205071514,98.7590722748252
73.7727205071514,98.7898099797432
73.7727205071514,98.8205476846613
73.7727205071514,98.8512853895793
73.7727205071514,98.8820230944973
73.7727205071514,98.9127607994153
73.7727205071514,98.9434985043334
73.7727205071514,98.9742362092514
73.7727205071514,99.0049739141694
73.7727205071514,99.0357116190874
73.7727205071514,99.0664493240055
73.7727205071514,99.0971870289235
73.7727205071514,99.1279247338415
73.7727205071514,99.1586624387595
73.7727205071514,99.1894001436776
73.7727205071514,99.2201378485956
73.7727205071514,99.2508755535136
73.7727205071514,99.2816132584316
73.7727205071514,99.3123509633497
73.7727205071514,99.3430886682677
73.7727205071514,99.3738263731857
73.7727205071514,99.4045640781037
73.7727205071514,99.4353017830218
73.7727205071514,99.4660394879398
73.7727205071514,99.4967771928578
73.7727205071514,99.5275148977758
73.7727205071514,99.5582526026939
73.7727205071514,99.5889903076119
73.7727205071514,99.6197280125299
73.7727205071514,99.6504657174479
73.7727205071514,99.681203422366
73.7727205071514,99.711941127284
73.7727205071514,99.742678832202
73.7727205071514,99.77341653712
73.7727205071514,99.8041542420381
73.7727205071514,99.8348919469561
73.7727205071514,99.8656296518741
73.7727205071514,99.8963673567921
73.7727205071514,99.9271050617102
73.7727205071514,99.9578427666282
73.7727205071514,99.9885804715462
