0,0
0,0.0307377049180251
0,0.0614754025754356
4.7518534937453e-31,0.0922130909730689
-8.73267471985548e-23,0.1229507715565
-5.39139278226215e-22,0.153688443926324
-9.81177645792319e-21,0.184426108921376
7.13719369711468e-20,0.215163768586714
3.89067577085906e-19,0.245901423292957
-3.95856762316546e-19,0.276639073776324
-6.50109348851206e-18,0.307376720388442
-1.65186409848664e-17,0.338114349602497
2.18536411707682e-18,0.368851968705075
1.26133564375742e-16,0.39958959450561
3.88939986261131e-16,0.430327229022128
5.27426239912057e-16,0.46106483668727
-3.00212457398728e-16,0.491802437633107
-3.31634118564944e-15,0.522540043712594
-8.74071605651651e-15,0.553277667085089
-1.30496170190396e-14,0.584015283507185
-6.31073825651964e-15,0.614752896483729
2.67698643783773e-14,0.6454905114848
9.73323622496776e-14,0.676228122493867
1.9202191463233e-13,0.706965727208331
2.47103828605523e-13,0.737703329094848
1.34129848802366e-13,0.768440927904079
-3.15218844477283e-13,0.799178521382379
-1.21767904596186e-12,0.829916097890851
-2.47383487495854e-12,0.860653668691444
-3.56992381817093e-12,0.891391225818176
-3.4481991044472e-12,0.922128805012379
-6.02261935571753e-13,0.952866408940773
6.43962376598594e-12,0.983604028088958
1.81623731999388e-11,1.01434155690151
3.27542150335789e-11,1.04507914071769
4.48347341833593e-11,1.07581671051389
4.49136752646461e-11,1.10655427505033
2.0454223963715e-11,1.1372918464037
-4.06822504409292e-11,1.16802939460252
-1.44139822906941e-10,1.19876693097338
-2.81005993253142e-10,1.22950447965725
-4.1975707173154e-10,1.26024206317878
-5.01492641684513e-10,1.29097965368736
-4.42586570687573e-10,1.32171724283873
-1.48712261361134e-10,1.35245483498478
4.57471675562942e-10,1.38319243337798
1.39607260401055e-09,1.41393004035407
2.58310337886147e-09,1.44466764321784
3.78846399803507e-09,1.47540523938356
4.61500402376362e-09,1.50614282933114
4.51720751726887e-09,1.53688041832258
2.8760754969122e-09,1.56761800546398
-8.60809629449162e-10,1.59835559173493
-6.97862696143559e-09,1.62909317015238
-1.52572968214189e-08,1.65983064045722
-2.47400902881557e-08,1.69056793444007
-3.35717922937235e-08,1.72130497722335
-3.89806756505967e-08,1.75204181288262
-3.74774587573861e-08,1.78277850482918
-2.53256834791651e-08,1.81351509609788
7.00579545772731e-10,1.84425154685603
4.23128464113251e-08,1.8749878232085
9.85687530224023e-08,1.90572396516363
1.64781008005144e-07,1.93646000515466
2.31721439249601e-07,1.96719596803811
2.85403558305188e-07,1.9979318733168
3.07722456598147e-07,2.02866773946384
2.78172786399136e-07,2.05940358383982
1.76747982732392e-07,2.09013942246655
-1.20502439414839e-08,2.12087526912998
-2.94380519557968e-07,2.15161113337578
-6.61933569517149e-07,2.18234702306201
-1.08725507854855e-06,2.213082944602
-1.52043745435221e-06,2.24381890735059
-1.88817559046753e-06,2.27455491783135
-2.09612760967647e-06,2.30529098099553
-2.03531033651293e-06,2.33602709903037
-1.5928796074551e-06,2.36676327258612
-6.67110403428406e-07,2.39749950108685
8.14256212538025e-07,2.42823578548682
2.87382935304451e-06,2.45897213093505
5.46475239489835e-06,2.48970854459626
8.4540329095696e-06,2.52044503251895
1.16121942411326e-05,2.55118159589776
1.46125706237865e-05,2.58191823473736
1.70434038789389e-05,2.61265494558124
1.84353644758793e-05,2.64339171820753
1.83061227748333e-05,2.67412854656273
1.62221061913839e-05,2.70486542560945
1.18757637735853e-05,2.73560235174161
5.17483838081924e-06,2.76633932258997
-3.66181470443971e-06,2.79707633641005
-1.40099820336667e-05,2.82781339207835
-2.47567234668975e-05,2.85855048803071
-3.42274080699888e-05,2.88928761558793
-4.00969203047606e-05,2.92002477500766
-3.92395001483313e-05,2.95076196748976
-2.7483186233333e-05,2.98149919306455
7.33494579360693e-07,3.01223645125498
5.27808975276179e-05,3.04297373271168
0.000138311983967971,3.07371103219838
0.000269768075395665,3.10444834563697
0.000462868665513697,3.13518566904906
0.000737079189166773,3.16592300362081
0.00111623727394167,3.1966603523006
0.00162960427594411,3.22739772034177
0.00231342523023986,3.25813509519082
0.00321290647296705,3.28887245048746
0.00438451764733999,3.31960978963243
0.00589858420341259,3.35034711262361
0.00784217127285316,3.38108442533701
0.010322340641187,3.41182173648798
0.0134700127180415,3.44255903189665
0.0174446753530007,3.47329631351797
0.0224399260867726,3.5040335849609
0.0286895348003802,3.53477085090948
0.0364740853715978,3.56550810166192
0.0461288272943105,3.59624533070448
0.0580521588635752,3.62698254313705
0.0727117226694586,3.65771974591359
0.0906449084680409,3.68845694441492
0.112453077266107,3.71919412006691
0.138791003060854,3.74993126962579
0.170353693291839,3.78066839452705
0.207862097565753,3.81140549292378
0.252048224028098,3.84214256809648
0.30363953807184,3.87287962450991
0.363342425399651,3.90361665246329
0.431824825125964,3.93435364878551
0.509699415841629,3.96509061563992
0.597509864584904,3.99582755670411
0.695722597832129,4.02656447376881
0.804725319738298,4.05730135577773
0.924831261790113,4.08803820287292
1.05628738538242,4.11877500854957
1.19927928566165,4.14951176698675
1.35395342286319,4.18024747751288
1.52041917629047,4.21098282241113
1.69875023962536,4.24171845572768
1.88899408266177,4.27245405068435
2.09118311036038,4.30318914671803
2.30533599791384,4.33392414001304
2.53145245653286,4.36465975067685
2.76951513343232,4.39539591251448
3.01949965201368,4.42613197804705
3.28137005702165,4.45686794136552
3.55507809715571,4.48760379617044
3.84056236248166,4.51833953586271
4.13774803118693,4.54907515368837
4.44654586799738,4.57981063472957
4.76685856919639,4.61054574440305
5.09858969680832,4.64128042317701
5.44162958686939,4.67201529359083
5.79586621979435,4.70275012365021
6.16118571895194,4.73348477161737
6.53746981920149,4.76421922430125
6.92459480628435,4.79495345749893
7.32242978552925,4.82568746419035
7.73083529961369,4.85642123896056
8.14966252895952,4.88715477784927
8.57875271084445,4.91788807381581
9.01793834229016,4.94862109142045
9.46704368441039,4.97935382554073
9.92588604128951,5.01008627097649
10.394276963344,5.04081842126685
10.8720233483986,5.07155026698486
11.3589282939729,5.10228177901729
11.8547919185069,5.13301292399608
12.359409884608,5.16374367542991
12.8725720890302,5.19447399341937
13.3940599900946,5.22520381991007
13.9236467885572,5.25593302570902
14.4610977691685,5.28666148000411
15.0061714483103,5.3173890766735
15.5586219329402,5.34811572207586
16.1182048891532,5.37884130178554
16.6846817929719,5.4095657679778
17.2578216833968,5.44028913317884
17.8373962649844,5.47101147112816
18.4231836925758,5.5017326958204
19.0149726399105,5.53245281017242
19.6125589897325,5.56317197259066
20.2157571578755,5.59389006299209
20.8243990039055,5.62460708585803
21.4383149402791,5.65532320703587
22.0573525602956,5.6860380200355
22.6813595618142,5.71675172816301
23.31017295844,5.74746452129848
23.9436412078468,5.77817600601192
24.581593196218,5.80888645004366
25.2238711200179,5.83959540595431
25.8703199916348,5.87030327848399
26.5207821147435,5.90101047075663
27.1751303529304,5.93171681824126
27.8332519605896,5.9624230624251
28.4950119715527,5.99313007365652
29.1602877771254,6.02383727028795
29.8289830453163,6.05454440505836
30.501002587511,6.0852523137179
31.1762492985979,6.1159619205036
31.8546229221907,6.14667422798235
32.5360087126163,6.17739030589797
33.2202763107633,6.20811131831623
33.9072860478762,6.23883851758198
34.5967857539585,6.26957321430079
35.2884153582599,6.30031302158699
35.9818665572041,6.33105270485493
36.6767505418655,6.36179227206994
37.3725952362762,6.39253172783312
38.0688480695578,6.4232710794923
38.7648814791679,6.45401033378251
39.4599867571755,6.48474949643783
40.1533450430944,6.51548857275747
40.8439875521841,6.54622756699506
41.5308005226616,6.5769664851684
42.2126251367715,6.60770533227738
42.8883465596838,6.63844411291729
43.5569071339281,6.66918283038552
44.2172927129039,6.69992148691316
44.8685019806203,6.73066008501729
45.5095135384575,6.76139862780395
46.1393242793328,6.79213711813465
46.7570269818563,6.82287555665961
47.3618242541754,6.85361394461447
47.9530049831835,6.88435228470373
48.5299051615255,6.91509057957752
49.091935417669,6.94582883130587
49.6386780936468,6.97656703955082
50.1698592876035,7.00730520695929
50.6852529003133,7.03804330951614
51.184611521869,7.06878125748231
51.6675865964964,7.09951910663614
52.1336829608555,7.130256908042
52.5823069710654,7.16099469125864
53.012885344833,7.19173244079628
53.4249337365005,7.22247013854809
53.8180732197965,7.25320780669551
54.1920462849407,7.28394546286881
54.5467451904363,7.31468310562464
54.8822295997396,7.34542069608228
55.1987244926887,7.37615825751762
55.4966036458064,7.40689580862378
55.7763621610983,7.43763336374947
56.0385831477774,7.46837086770731
56.2838975791984,7.49910834211059
56.5129531448761,7.52984580670386
56.726394585988,7.56058327684294
56.9248552584718,7.59132071032968
57.1089521792694,7.62205811178713
57.279284506342,7.65279550216795
57.4364350755208,7.68353289815326
57.5809749731361,7.71427027885291
57.7134701385184,7.74500762007926
57.8344884693594,7.7757449435016
57.9446078363917,7.806482266974
58.044423375896,7.83721960481571
58.1345561699318,7.86795693824988
58.2156698605567,7.8986942487095
58.2884834439806,7.92943154363576
58.3537546972234,7.96016883605922
58.4122441028851,7.99090613646522
58.4646826779316,8.02164344881592
58.5117514678918,8.05238074689205
58.5540706764929,8.08311804340663
58.5921957291042,8.11385534862105
58.6266178020782,8.14459267099499
58.6577671314615,8.17533001727773
58.686017925862,8.20606739225455
58.7116941868397,8.23680477681678
58.7350757941525,8.26754216515585
58.756404673347,8.29827951364031
58.7758906216508,8.32901680581332
58.7937166168776,8.3597540578668
58.8100435019097,8.39049128303149
58.8250139132102,8.4212284930663
58.8387554229812,8.45196569876001
58.8513829403427,8.48270290970594
58.8630004737751,8.51344013375544
58.8737023808688,8.54417737654504
58.8835742682594,8.57491462408661
58.8926936321723,8.60565187930495
58.9011303740006,8.63638914504285
58.9089472725234,8.66712641646721
58.9162004573785,8.69786369030981
58.9229399053713,8.72860096867431
58.9292099728049,8.75933824435486
58.9350499361274,8.79007552116268
58.9404945347988,8.82081280216561
58.9455744996287,8.851550089898
58.9503170601868,8.88228738649041
58.9547464305519,8.91302469259083
58.9588842676745,8.94376201036626
58.9627500934765,8.97449934164215
58.9663616745392,9.00523667855762
58.9697353466253,9.03597401535244
58.9728862843362,9.06671134165507
58.9758287079725,9.09744866013893
58.9785760344423,9.12818597453636
58.9811409772898,9.15892328790564
58.9835356048489,9.18966060271504
58.9857713672085,9.22039792093923
58.9878591028565,9.25113524415492
58.9898090349532,9.28187257362685
58.9916307653721,9.3126099103788
58.9933332723247,9.34334725524842
58.9949249150386,9.37408460892658
58.9964134469508,9.40482197198384
58.9978060373612,9.4355593448868
58.999109300438,9.46629672800761
59.0003293295922,9.4970341216291
59.0014717361096,9.52777151966447
59.002541688764,9.55850892000691
59.0035439534908,9.58924632101233
59.0044829314244,9.61998372271807
59.0053626947108,9.65072112341331
59.0061870191848,9.68145852288984
59.0069594135879,9.71219592335509
59.0076831452294,9.74293332663086
59.0083612628917,9.77367072537957
59.0089966159649,9.80440812066573
59.0095918709197,9.83514551517019
59.0101495254306,9.86588291119249
59.0106719205375,9.89662031065442
59.0111612512703,9.92735771511643
59.0116195760965,9.95809512555
59.012048825606,9.98883254054397
59.0124508103771,10.0195699607824
59.0128272285669,10.0503073810704
59.0131796729795,10.0810447983459
59.0135096376653,10.1117822143034
59.0138185242198,10.1425196305381
59.0141076477239,10.1732570485369
59.0143782423336,10.2039944696689
59.0146314665279,10.2347318951771
59.0148684080302,10.2654693261721
59.0150900884128,10.2962067636277
59.0152974674011,10.3269442083798
59.0154914468851,10.3576816611277
59.0156728746477,10.3884191224381
59.0158425478051,10.4191565927522
59.0160012159894,10.449894071075
59.0161495842383,10.4806315571437
59.0162883156118,10.5113690510193
59.0164180335463,10.5421065527068
59.0165393239558,10.5728440621638
59.0166527371005,10.6035815793061
59.0167587892498,10.6343191040141
59.016857964174,10.665056636137
59.0169507144896,10.6957941754983
59.0170374629452,10.7265317178458
59.0171186036331,10.7572692612543
59.0171945031838,10.788006806434
59.0172655019919,10.8187443540198
59.0173319154947,10.8494819045733
59.0173940355241,10.8802194585854
59.01745213174,10.9109570164782
59.0175064531477,10.9416945786081
59.0175572296883,10.9724321452692
59.0176046738836,11.003169716697
59.0176489825092,11.033907293073
59.0176903382633,11.0646448745295
59.0177289113978,11.0953824611547
59.0177648612741,11.1261200529975
59.0177983378113,11.1568576500723
59.0178294827971,11.1875952523631
59.017858431036,11.2183328598275
59.017885311319,11.2490704723996
59.0179102472045,11.2798080899927
59.0179333576092,11.310545712501
59.0179547572146,11.341283339802
59.0179745567026,11.3720209717569
59.0179928628399,11.4027586082127
59.0180097784348,11.4334962490031
59.0180254021951,11.4642338939499
59.0180398285168,11.4949715428649
59.0180531472345,11.525709195303
59.0180654433655,11.5564468495185
59.0180767968694,11.5871845064813
59.0180872824541,11.6179221656764
59.0180969694429,11.6486598270646
59.0181059217187,11.679397490595
59.0181141977546,11.7101351562069
59.0181218507322,11.7408728238328
59.0181289287481,11.7716104934007
59.0181354750992,11.8023481648364
59.0181415286372,11.8330858380654
59.0181471241771,11.8638235130144
59.0181522929424,11.8945611896129
59.0181570630307,11.9252988677937
59.0181614598782,11.956036547494
59.0181655067091,11.9867742286552
59.0181692249515,12.0175119112231
59.0181726346096,12.0482495951475
59.0181757545809,12.0789872803816
59.0181786029133,12.1097249668813
59.0181811970013,12.1404626546046
59.0181835537207,12.1712003435102
59.0181856895074,12.2019380335575
59.018187620388,12.2326757247051
59.0181893619687,12.2634134169107
59.0181909293947,12.2941511101303
59.0181923372875,12.3248888043181
59.0181935996725,12.3556264994264
59.0181947299025,12.3863641954054
59.0181957405879,12.4171018922038
59.0181966435365,12.4478395897691
59.0181974497095,12.4785772880477
59.0181981691944,12.509314986986
59.0181988111978,12.5400526865308
59.018199384056,12.5707903866298
59.0181998952623,12.6015280872325
59.0182003515091,12.6322657882904
59.0182007587417,12.6630034897577
59.0182011222202,12.6937411915916
59.0182014465855,12.7244788937528
59.0182017359285,12.7552165962052
59.0182019938569,12.7859542989164
59.0182022235598,12.8166920018572
59.0182024278662,12.8474297050021
59.0182026092982,12.8781674083285
59.0182027701165,12.9089051118167
59.0182029123591,12.9396428154496
59.0182030378733,12.9703805192125
59.0182031483412,13.0011182230925
59.0182032452992,13.0318559270784
59.018203330154,13.0625936311603
59.0182034041937,13.0933313353297
59.0182034685972,13.1240690395787
59.0182035244404,13.1548067439002
59.0182035727026,13.1855444482877
59.0182036142714,13.2162821527353
59.0182036499473,13.2470198572305
59.0182036804493,13.2777575617447
59.0182037064194,13.3084952662673
59.0182037284286,13.3392329707992
59.0182037469824,13.3699706753414
59.0182037625268,13.4007083798948
59.0182037754539,13.4314460844598
59.0182037861083,13.4621837890369
59.0182037947919,13.4929214936265
59.0182038017695,13.5236591982287
59.0182038072736,13.5543969028437
59.0182038115084,13.5851346074715
59.0182038146534,13.6158723121121
59.018203816867,13.6466100167653
59.018203818289,13.677347721431
59.0182038190424,13.7080854261089
59.0182038192363,13.7388231307988
59.0182038189665,13.7695608355004
59.0182038183172,13.8002985402134
59.0182038173622,13.8310362449374
59.0182038161659,13.861773949672
59.0182038147839,13.8925116544169
59.018203813264,13.9232493591717
59.0182038116471,13.9539870639359
59.0182038099677,13.9847247687093
59.0182038082545,14.0154624734914
59.0182038065314,14.0462001782819
59.0182038048179,14.0769378830803
59.0182038031298,14.1076755878862
59.0182038014795,14.1384132926994
59.0182037998769,14.1691509975195
59.0182037983294,14.199888702346
59.0182037968425,14.2306264071788
59.0182037954201,14.2613641120173
59.018203794065,14.2921018168614
59.0182037927786,14.3228395217107
59.0182037915614,14.3535772265649
59.0182037904135,14.3843149314237
59.018203789334,14.4150526362868
59.0182037883217,14.445790341154
59.0182037873749,14.4765280460251
59.0182037864917,14.5072657508997
59.0182037856696,14.5380034557777
59.0182037849064,14.5687411606589
59.0182037841992,14.599478865543
59.0182037835454,14.6302165704298
59.0182037829421,14.6609542753191
59.0182037823865,14.6916919802109
59.0182037818758,14.7224296851048
59.0182037814073,14.7531673900009
59.0182037809781,14.7839050948988
59.0182037805857,14.8146427997985
59.0182037802276,14.8453805046998
59.0182037799013,14.8761182096027
59.0182037796045,14.906855914507
59.0182037793352,14.9375936194125
59.0182037790911,14.9683313243193
59.0182037788703,14.9990690292272
59.0182037786711,15.0298067341361
59.0182037784917,15.0605444390459
59.0182037783305,15.0912821439566
59.018203778186,15.122019848868
59.0182037780567,15.1527575537802
59.0182037779414,15.183495258693
59.0182037778388,15.2142329636065
59.0182037777477,15.2449706685204
59.0182037776671,15.2757083734349
59.018203777596,15.3064460783499
59.0182037775336,15.3371837832652
59.0182037774789,15.3679214881809
59.0182037774311,15.398659193097
59.0182037773897,15.4293968980133
59.018203777354,15.4601346029297
59.0182037773233,15.4908723078463
59.0182037772971,15.5216100127629
59.018203777275,15.5523477176797
59.0182037772566,15.5830854225966
59.0182037772413,15.6138231275135
59.0182037772289,15.6445608324305
59.018203777219,15.6752985373476
59.0182037772113,15.7060362422648
59.0182037772056,15.736773947182
59.0182037772016,15.7675116520993
59.0182037771991,15.7982493570167
59.0182037771979,15.8289870619341
59.0182037771978,15.8597247668515
59.0182037771986,15.890462471769
59.0182037772002,15.9212001766865
59.0182037772025,15.9519378816041
59.0182037772054,15.9826755865217
59.0182037772087,16.0134132914393
59.0182037772124,16.0441509963569
59.0182037772164,16.0748887012746
59.0182037772206,16.1056264061923
59.0182037772249,16.1363641111101
59.0182037772294,16.1671018160278
59.018203777234,16.1978395209456
59.0182037772385,16.2285772258634
59.0182037772431,16.2593149307812
59.0182037772477,16.290052635699
59.0182037772521,16.3207903406168
59.0182037772566,16.3515280455347
59.0182037772609,16.3822657504526
59.0182037772651,16.4130034553704
59.0182037772692,16.4437411602883
59.0182037772731,16.4744788652062
59.0182037772769,16.5052165701241
59.0182037772806,16.535954275042
59.0182037772842,16.56669197996
59.0182037772875,16.5974296848779
59.0182037772908,16.6281673897958
59.0182037772939,16.6589050947138
59.0182037772968,16.6896427996317
59.0182037772996,16.7203805045497
59.0182037773023,16.7511182094676
59.0182037773048,16.7818559143856
59.0182037773072,16.8125936193036
59.0182037773095,16.8433313242216
59.0182037773116,16.8740690291395
59.0182037773136,16.9048067340575
59.0182037773155,16.9355444389755
59.0182037773173,16.9662821438935
59.0182037773189,16.9970198488115
59.0182037773205,17.0277575537295
59.018203777322,17.0584952586475
59.0182037773233,17.0892329635655
59.0182037773246,17.1199706684835
59.0182037773258,17.1507083734015
59.0182037773269,17.1814460783195
59.018203777328,17.2121837832375
59.0182037773289,17.2429214881555
59.0182037773298,17.2736591930735
59.0182037773307,17.3043968979915
59.0182037773315,17.3351346029095
59.0182037773322,17.3658723078275
59.0182037773328,17.3966100127455
59.0182037773334,17.4273477176635
59.018203777334,17.4580854225816
59.0182037773345,17.4888231274996
59.018203777335,17.5195608324176
59.0182037773354,17.5502985373356
59.0182037773358,17.5810362422536
59.0182037773362,17.6117739471716
59.0182037773366,17.6425116520897
59.0182037773369,17.6732493570077
59.0182037773371,17.7039870619257
59.0182037773374,17.7347247668437
59.0182037773376,17.7654624717617
59.0182037773379,17.7962001766798
59.018203777338,17.8269378815978
59.0182037773382,17.8576755865158
59.0182037773384,17.8884132914338
59.0182037773385,17.9191509963518
59.0182037773386,17.9498887012699
59.0182037773388,17.9806264061879
59.0182037773389,18.0113641111059
59.0182037773389,18.0421018160239
59.018203777339,18.072839520942
59.0182037773391,18.10357722586
59.0182037773392,18.134314930778
59.0182037773392,18.165052635696
59.0182037773393,18.1957903406141
59.0182037773393,18.2265280455321
59.0182037773393,18.2572657504501
59.0182037773394,18.2880034553681
59.0182037773394,18.3187411602862
59.0182037773394,18.3494788652042
59.0182037773394,18.3802165701222
59.0182037773395,18.4109542750402
59.0182037773395,18.4416919799583
59.0182037773395,18.4724296848763
59.0182037773395,18.5031673897943
59.0182037773395,18.5339050947123
59.0182037773395,18.5646427996303
59.0182037773395,18.5953805045484
59.0182037773395,18.6261182094664
59.0182037773395,18.6568559143844
59.0182037773395,18.6875936193024
59.0182037773395,18.7183313242205
59.0182037773395,18.7490690291385
59.0182037773394,18.7798067340565
59.0182037773394,18.8105444389745
59.0182037773394,18.8412821438926
59.0182037773394,18.8720198488106
59.0182037773394,18.9027575537286
59.0182037773394,18.9334952586466
59.0182037773394,18.9642329635647
59.0182037773394,18.9949706684827
59.0182037773394,19.0257083734007
59.0182037773394,19.0564460783187
59.0182037773394,19.0871837832368
59.0182037773394,19.1179214881548
59.0182037773394,19.1486591930728
59.0182037773394,19.1793968979908
59.0182037773393,19.2101346029089
59.0182037773393,19.2408723078269
59.0182037773393,19.2716100127449
59.0182037773393,19.3023477176629
59.0182037773393,19.333085422581
59.0182037773393,19.363823127499
59.0182037773393,19.394560832417
59.0182037773393,19.425298537335
59.0182037773393,19.4560362422531
59.0182037773393,19.4867739471711
59.0182037773393,19.5175116520891
59.0182037773393,19.5482493570071
59.0182037773393,19.5789870619252
59.0182037773393,19.6097247668432
59.0182037773392,19.6404624717612
59.0182037773392,19.6712001766792
59.0182037773392,19.7019378815973
59.0182037773392,19.7326755865153
59.0182037773392,19.7634132914333
59.0182037773392,19.7941509963513
59.0182037773392,19.8248887012694
59.0182037773392,19.8556264061874
59.0182037773392,19.8863641111054
59.0182037773392,19.9171018160234
59.0182037773392,19.9478395209415
59.0182037773392,19.9785772258595
59.0182037773392,20.0093149307775
59.0182037773392,20.0400526356955
59.0182037773392,20.0707903406136
59.0182037773392,20.1015280455316
59.0182037773392,20.1322657504496
59.0182037773392,20.1630034553676
59.0182037773392,20.1937411602857
59.0182037773392,20.2244788652037
59.0182037773392,20.2552165701217
59.0182037773392,20.2859542750397
59.0182037773392,20.3166919799578
59.0182037773392,20.3474296848758
59.0182037773392,20.3781673897938
59.0182037773392,20.4089050947118
59.0182037773392,20.4396427996299
59.0182037773392,20.4703805045479
59.0182037773392,20.5011182094659
59.0182037773392,20.5318559143839
59.0182037773392,20.5625936193019
59.0182037773392,20.59333132422
59.0182037773392,20.624069029138
59.0182037773392,20.654806734056
59.0182037773392,20.685544438974
59.0182037773392,20.7162821438921
59.0182037773392,20.7470198488101
59.0182037773392,20.7777575537281
59.0182037773392,20.8084952586461
59.0182037773392,20.8392329635642
59.0182037773392,20.8699706684822
59.0182037773392,20.9007083734002
59.0182037773392,20.9314460783182
59.0182037773392,20.9621837832363
59.0182037773392,20.9929214881543
59.0182037773392,21.0236591930723
59.0182037773392,21.0543968979903
59.0182037773392,21.0851346029084
59.0182037773392,21.1158723078264
59.0182037773392,21.1466100127444
59.0182037773392,21.1773477176624
59.0182037773392,21.2080854225805
59.0182037773392,21.2388231274985
59.0182037773392,21.2695608324165
59.0182037773392,21.3002985373345
59.0182037773392,21.3310362422526
59.0182037773392,21.3617739471706
59.0182037773392,21.3925116520886
59.0182037773392,21.4232493570066
59.0182037773392,21.4539870619247
59.0182037773392,21.4847247668427
59.0182037773392,21.5154624717607
59.0182037773392,21.5462001766787
59.0182037773392,21.5769378815968
59.0182037773392,21.6076755865148
59.0182037773392,21.6384132914328
59.0182037773392,21.6691509963508
59.0182037773392,21.6998887012689
59.0182037773392,21.7306264061869
59.0182037773392,21.7613641111049
59.0182037773392,21.7921018160229
59.0182037773392,21.822839520941
59.0182037773392,21.853577225859
59.0182037773392,21.884314930777
59.0182037773392,21.915052635695
59.0182037773392,21.9457903406131
59.0182037773392,21.9765280455311
59.0182037773392,22.0072657504491
59.0182037773392,22.0380034553671
59.0182037773392,22.0687411602852
59.0182037773392,22.0994788652032
59.0182037773392,22.1302165701212
59.0182037773392,22.1609542750392
59.0182037773392,22.1916919799573
59.0182037773392,22.2224296848753
59.0182037773392,22.2531673897933
59.0182037773392,22.2839050947113
59.0182037773392,22.3146427996294
59.0182037773392,22.3453805045474
59.0182037773392,22.3761182094654
59.0182037773392,22.4068559143834
59.0182037773392,22.4375936193015
59.0182037773392,22.4683313242195
59.0182037773392,22.4990690291375
59.0182037773392,22.5298067340555
59.0182037773392,22.5605444389736
59.0182037773392,22.5912821438916
59.0182037773392,22.6220198488096
59.0182037773392,22.6527575537276
59.0182037773392,22.6834952586456
59.0182037773392,22.7142329635637
59.0182037773392,22.7449706684817
59.0182037773392,22.7757083733997
59.0182037773392,22.8064460783177
59.0182037773392,22.8371837832358
59.0182037773392,22.8679214881538
59.0182037773392,22.8986591930718
59.0182037773392,22.9293968979898
59.0182037773392,22.9601346029079
59.0182037773392,22.9908723078259
59.0182037773392,23.0216100127439
59.0182037773392,23.0523477176619
59.0182037773392,23.08308542258
59.0182037773392,23.113823127498
59.0182037773392,23.144560832416
59.0182037773392,23.175298537334
59.0182037773392,23.2060362422521
59.0182037773392,23.2367739471701
59.0182037773392,23.2675116520881
59.0182037773392,23.2982493570061
59.0182037773392,23.3289870619242
59.0182037773392,23.3597247668422
59.0182037773392,23.3904624717602
59.0182037773392,23.4212001766782
59.0182037773392,23.4519378815963
59.0182037773392,23.4826755865143
59.0182037773392,23.5134132914323
59.0182037773392,23.5441509963503
59.0182037773392,23.5748887012684
59.0182037773392,23.6056264061864
59.0182037773392,23.6363641111044
59.0182037773392,23.6671018160224
59.0182037773392,23.6978395209405
59.0182037773392,23.7285772258585
59.0182037773392,23.7593149307765
59.0182037773392,23.7900526356945
59.0182037773392,23.8207903406126
59.0182037773392,23.8515280455306
59.0182037773392,23.8822657504486
59.0182037773392,23.9130034553666
59.0182037773392,23.9437411602847
59.0182037773392,23.9744788652027
59.0182037773392,24.0052165701207
59.0182037773392,24.0359542750387
59.0182037773392,24.0666919799568
59.0182037773392,24.0974296848748
59.0182037773392,24.1281673897928
59.0182037773392,24.1589050947108
59.0182037773392,24.1896427996289
59.0182037773392,24.2203805045469
59.0182037773392,24.2511182094649
59.0182037773392,24.2818559143829
59.0182037773392,24.312593619301
59.0182037773392,24.343331324219
59.0182037773392,24.374069029137
59.0182037773392,24.404806734055
59.0182037773392,24.4355444389731
59.0182037773392,24.4662821438911
59.0182037773392,24.4970198488091
59.0182037773392,24.5277575537271
59.0182037773392,24.5584952586452
59.0182037773392,24.5892329635632
59.0182037773392,24.6199706684812
59.0182037773392,24.6507083733992
59.0182037773392,24.6814460783173
59.0182037773392,24.7121837832353
59.0182037773392,24.7429214881533
59.0182037773392,24.7736591930713
59.0182037773392,24.8043968979893
59.0182037773392,24.8351346029074
59.0182037773392,24.8658723078254
59.0182037773392,24.8966100127434
59.0182037773392,24.9273477176614
59.0182037773392,24.9580854225795
59.0182037773392,24.9888231274975
59.0182037773392,25.0195608324155
59.0182037773392,25.0502985373335
59.0182037773392,25.0810362422516
59.0182037773392,25.1117739471696
59.0182037773392,25.1425116520876
59.0182037773392,25.1732493570056
59.0182037773392,25.2039870619237
59.0182037773392,25.2347247668417
59.0182037773392,25.2654624717597
59.0182037773392,25.2962001766777
59.0182037773392,25.3269378815958
59.0182037773392,25.3576755865138
59.0182037773392,25.3884132914318
59.0182037773392,25.4191509963498
59.0182037773392,25.4498887012679
59.0182037773392,25.4806264061859
59.0182037773392,25.5113641111039
59.0182037773392,25.5421018160219
59.0182037773392,25.57283952094
59.0182037773392,25.603577225858
59.0182037773392,25.634314930776
59.0182037773392,25.665052635694
59.0182037773392,25.6957903406121
59.0182037773392,25.7265280455301
59.0182037773392,25.7572657504481
59.0182037773392,25.7880034553661
59.0182037773392,25.8187411602842
59.0182037773392,25.8494788652022
59.0182037773392,25.8802165701202
59.0182037773392,25.9109542750382
59.0182037773392,25.9416919799563
59.0182037773392,25.9724296848743
59.0182037773392,26.0031673897923
59.0182037773392,26.0339050947103
59.0182037773392,26.0646427996284
59.0182037773392,26.0953805045464
59.0182037773392,26.1261182094644
59.0182037773392,26.1568559143824
59.0182037773392,26.1875936193005
59.0182037773392,26.2183313242185
59.0182037773392,26.2490690291365
59.0182037773392,26.2798067340545
59.0182037773392,26.3105444389726
59.0182037773392,26.3412821438906
59.0182037773392,26.3720198488086
59.0182037773392,26.4027575537266
59.0182037773392,26.4334952586447
59.0182037773392,26.4642329635627
59.0182037773392,26.4949706684807
59.0182037773392,26.5257083733987
59.0182037773392,26.5564460783168
59.0182037773392,26.5871837832348
59.0182037773392,26.6179214881528
59.0182037773392,26.6486591930708
59.0182037773392,26.6793968979889
59.0182037773392,26.7101346029069
59.0182037773392,26.7408723078249
59.0182037773392,26.7716100127429
59.0182037773392,26.802347717661
59.0182037773392,26.833085422579
59.0182037773392,26.863823127497
59.0182037773392,26.894560832415
59.0182037773392,26.925298537333
59.0182037773392,26.9560362422511
59.0182037773392,26.9867739471691
59.0182037773392,27.0175116520871
59.0182037773392,27.0482493570051
59.0182037773392,27.0789870619232
59.0182037773392,27.1097247668412
59.0182037773392,27.1404624717592
59.0182037773392,27.1712001766772
59.0182037773392,27.2019378815953
59.0182037773392,27.2326755865133
59.0182037773392,27.2634132914313
59.0182037773392,27.2941509963493
59.0182037773392,27.3248887012674
59.0182037773392,27.3556264061854
59.0182037773392,27.3863641111034
59.0182037773392,27.4171018160214
59.0182037773392,27.4478395209395
59.0182037773392,27.4785772258575
59.0182037773392,27.5093149307755
59.0182037773392,27.5400526356935
59.0182037773392,27.5707903406116
59.0182037773392,27.6015280455296
59.0182037773392,27.6322657504476
59.0182037773392,27.6630034553656
59.0182037773392,27.6937411602837
59.0182037773392,27.7244788652017
59.0182037773392,27.7552165701197
59.0182037773392,27.7859542750377
59.0182037773392,27.8166919799558
59.0182037773392,27.8474296848738
59.0182037773392,27.8781673897918
59.0182037773392,27.9089050947098
59.0182037773392,27.9396427996279
59.0182037773392,27.9703805045459
59.0182037773392,28.0011182094639
59.0182037773392,28.0318559143819
59.0182037773392,28.0625936193
59.0182037773392,28.093331324218
59.0182037773392,28.124069029136
59.0182037773392,28.154806734054
59.0182037773392,28.1855444389721
59.0182037773392,28.2162821438901
59.0182037773392,28.2470198488081
59.0182037773392,28.2777575537261
59.0182037773392,28.3084952586442
59.0182037773392,28.3392329635622
59.0182037773392,28.3699706684802
59.0182037773392,28.4007083733982
59.0182037773392,28.4314460783163
59.0182037773392,28.4621837832343
59.0182037773392,28.4929214881523
59.0182037773392,28.5236591930703
59.0182037773392,28.5543968979884
59.0182037773392,28.5851346029064
59.0182037773392,28.6158723078244
59.0182037773392,28.6466100127424
59.0182037773392,28.6773477176605
59.0182037773392,28.7080854225785
59.0182037773392,28.7388231274965
59.0182037773392,28.7695608324145
59.0182037773392,28.8002985373326
59.0182037773392,28.8310362422506
59.0182037773392,28.8617739471686
59.0182037773392,28.8925116520866
59.0182037773392,28.9232493570047
59.0182037773392,28.9539870619227
59.0182037773392,28.9847247668407
59.0182037773392,29.0154624717587
59.0182037773392,29.0462001766767
59.0182037773392,29.0769378815948
59.0182037773392,29.1076755865128
59.0182037773392,29.1384132914308
59.0182037773392,29.1691509963488
59.0182037773392,29.1998887012669
59.0182037773392,29.2306264061849
59.0182037773392,29.2613641111029
59.0182037773392,29.2921018160209
59.0182037773392,29.322839520939
59.0182037773392,29.353577225857
59.0182037773392,29.384314930775
59.0182037773392,29.415052635693
59.0182037773392,29.4457903406111
59.0182037773392,29.4765280455291
59.0182037773392,29.5072657504471
59.0182037773392,29.5380034553651
59.0182037773392,29.5687411602832
59.0182037773392,29.5994788652012
59.0182037773392,29.6302165701192
59.0182037773392,29.6609542750372
59.0182037773392,29.6916919799553
59.0182037773392,29.7224296848733
59.0182037773392,29.7531673897913
59.0182037773392,29.7839050947093
59.0182037773392,29.8146427996274
59.0182037773392,29.8453805045454
59.0182037773392,29.8761182094634
59.0182037773392,29.9068559143814
59.0182037773392,29.9375936192995
59.0182037773392,29.9683313242175
59.0182037773392,29.9990690291355
59.0182037773392,30.0298067340535
59.0182037773392,30.0605444389716
59.0182037773392,30.0912821438896
59.0182037773392,30.1220198488076
59.0182037773392,30.1527575537256
59.0182037773392,30.1834952586437
59.0182037773392,30.2142329635617
59.0182037773392,30.2449706684797
59.0182037773392,30.2757083733977
59.0182037773392,30.3064460783158
59.0182037773392,30.3371837832338
59.0182037773392,30.3679214881518
59.0182037773392,30.3986591930698
59.0182037773392,30.4293968979879
59.0182037773392,30.4601346029059
59.0182037773392,30.4908723078239
59.0182037773392,30.5216100127419
59.0182037773392,30.55234771766
59.0182037773392,30.583085422578
59.0182037773392,30.613823127496
59.0182037773392,30.644560832414
59.0182037773392,30.6752985373321
59.0182037773392,30.7060362422501
59.0182037773392,30.7367739471681
59.0182037773392,30.7675116520861
59.0182037773392,30.7982493570042
59.0182037773392,30.8289870619222
59.0182037773392,30.8597247668402
59.0182037773392,30.8904624717582
59.0182037773392,30.9212001766763
59.0182037773392,30.9519378815943
59.0182037773392,30.9826755865123
59.0182037773392,31.0134132914303
59.0182037773392,31.0441509963483
59.0182037773392,31.0748887012664
59.0182037773392,31.1056264061844
59.0182037773392,31.1363641111024
59.0182037773392,31.1671018160204
59.0182037773392,31.1978395209385
59.0182037773392,31.2285772258565
59.0182037773392,31.2593149307745
59.0182037773392,31.2900526356925
59.0182037773392,31.3207903406106
59.0182037773392,31.3515280455286
59.0182037773392,31.3822657504466
59.0182037773392,31.4130034553646
59.0182037773392,31.4437411602827
59.0182037773392,31.4744788652007
59.0182037773392,31.5052165701187
59.0182037773392,31.5359542750367
59.0182037773392,31.5666919799548
59.0182037773392,31.5974296848728
59.0182037773392,31.6281673897908
59.0182037773392,31.6589050947088
59.0182037773392,31.6896427996269
59.0182037773392,31.7203805045449
59.0182037773392,31.7511182094629
59.0182037773392,31.7818559143809
59.0182037773392,31.812593619299
59.0182037773392,31.843331324217
59.0182037773392,31.874069029135
59.0182037773392,31.904806734053
59.0182037773392,31.9355444389711
59.0182037773392,31.9662821438891
59.0182037773392,31.9970198488071
59.0182037773392,32.0277575537251
59.0182037773392,32.0584952586432
59.0182037773392,32.0892329635612
59.0182037773392,32.1199706684792
59.0182037773392,32.1507083733972
59.0182037773392,32.1814460783153
59.0182037773392,32.2121837832333
59.0182037773392,32.2429214881513
59.0182037773392,32.2736591930693
59.0182037773392,32.3043968979874
59.0182037773392,32.3351346029054
59.0182037773392,32.3658723078234
59.0182037773392,32.3966100127414
59.0182037773392,32.4273477176595
59.0182037773392,32.4580854225775
59.0182037773392,32.4888231274955
59.0182037773392,32.5195608324135
59.0182037773392,32.5502985373316
59.0182037773392,32.5810362422496
59.0182037773392,32.6117739471676
59.0182037773392,32.6425116520856
59.0182037773392,32.6732493570037
59.0182037773392,32.7039870619217
59.0182037773392,32.7347247668397
59.0182037773392,32.7654624717577
59.0182037773392,32.7962001766758
59.0182037773392,32.8269378815938
59.0182037773392,32.8576755865118
59.0182037773392,32.8884132914298
59.0182037773392,32.9191509963479
59.0182037773392,32.9498887012659
59.0182037773392,32.9806264061839
59.0182037773392,33.0113641111019
59.0182037773392,33.04210181602
59.0182037773392,33.072839520938
59.0182037773392,33.103577225856
59.0182037773392,33.134314930774
59.0182037773392,33.165052635692
59.0182037773392,33.1957903406101
59.0182037773392,33.2265280455281
59.0182037773392,33.2572657504461
59.0182037773392,33.2880034553641
59.0182037773392,33.3187411602822
59.0182037773392,33.3494788652002
59.0182037773392,33.3802165701182
59.0182037773392,33.4109542750362
59.0182037773392,33.4416919799543
59.0182037773392,33.4724296848723
59.0182037773392,33.5031673897903
59.0182037773392,33.5339050947083
59.0182037773392,33.5646427996264
59.0182037773392,33.5953805045444
59.0182037773392,33.6261182094624
59.0182037773392,33.6568559143804
59.0182037773392,33.6875936192985
59.0182037773392,33.7183313242165
59.0182037773392,33.7490690291345
59.0182037773392,33.7798067340525
59.0182037773392,33.8105444389706
59.0182037773392,33.8412821438886
59.0182037773392,33.8720198488066
59.0182037773392,33.9027575537246
59.0182037773392,33.9334952586427
59.0182037773392,33.9642329635607
59.0182037773392,33.9949706684787
59.0182037773392,34.0257083733967
59.0182037773392,34.0564460783148
59.0182037773392,34.0871837832328
59.0182037773392,34.1179214881508
59.0182037773392,34.1486591930688
59.0182037773392,34.1793968979869
59.0182037773392,34.2101346029049
59.0182037773392,34.2408723078229
59.0182037773392,34.2716100127409
59.0182037773392,34.302347717659
59.0182037773392,34.333085422577
59.0182037773392,34.363823127495
59.0182037773392,34.394560832413
59.0182037773392,34.4252985373311
59.0182037773392,34.4560362422491
59.0182037773392,34.4867739471671
59.0182037773392,34.5175116520851
59.0182037773392,34.5482493570032
59.0182037773392,34.5789870619212
59.0182037773392,34.6097247668392
59.0182037773392,34.6404624717572
59.0182037773392,34.6712001766753
59.0182037773392,34.7019378815933
59.0182037773392,34.7326755865113
59.0182037773392,34.7634132914293
59.0182037773392,34.7941509963474
59.0182037773392,34.8248887012654
59.0182037773392,34.8556264061834
59.0182037773392,34.8863641111014
59.0182037773392,34.9171018160195
59.0182037773392,34.9478395209375
59.0182037773392,34.9785772258555
59.0182037773392,35.0093149307735
59.0182037773392,35.0400526356916
59.0182037773392,35.0707903406096
59.0182037773392,35.1015280455276
59.0182037773392,35.1322657504456
59.0182037773392,35.1630034553637
59.0182037773392,35.1937411602817
59.0182037773392,35.2244788651997
59.0182037773392,35.2552165701177
59.0182037773392,35.2859542750357
59.0182037773392,35.3166919799538
59.0182037773392,35.3474296848718
59.0182037773392,35.3781673897898
59.0182037773392,35.4089050947078
59.0182037773392,35.4396427996259
59.0182037773392,35.4703805045439
59.0182037773392,35.5011182094619
59.0182037773392,35.5318559143799
59.0182037773392,35.562593619298
59.0182037773392,35.593331324216
59.0182037773392,35.624069029134
59.0182037773392,35.654806734052
59.0182037773392,35.6855444389701
59.0182037773392,35.7162821438881
59.0182037773392,35.7470198488061
59.0182037773392,35.7777575537241
59.0182037773392,35.8084952586422
59.0182037773392,35.8392329635602
59.0182037773392,35.8699706684782
59.0182037773392,35.9007083733962
59.0182037773392,35.9314460783143
59.0182037773392,35.9621837832323
59.0182037773392,35.9929214881503
59.0182037773392,36.0236591930683
59.0182037773392,36.0543968979864
59.0182037773392,36.0851346029044
59.0182037773392,36.1158723078224
59.0182037773392,36.1466100127404
59.0182037773392,36.1773477176585
59.0182037773392,36.2080854225765
59.0182037773392,36.2388231274945
59.0182037773392,36.2695608324125
59.0182037773392,36.3002985373306
59.0182037773392,36.3310362422486
59.0182037773392,36.3617739471666
59.0182037773392,36.3925116520846
59.0182037773392,36.4232493570027
59.0182037773392,36.4539870619207
59.0182037773392,36.4847247668387
59.0182037773392,36.5154624717567
59.0182037773392,36.5462001766748
59.0182037773392,36.5769378815928
59.0182037773392,36.6076755865108
59.0182037773392,36.6384132914288
59.0182037773392,36.6691509963469
59.0182037773392,36.6998887012649
59.0182037773392,36.7306264061829
59.0182037773392,36.7613641111009
59.0182037773392,36.792101816019
59.0182037773392,36.822839520937
59.0182037773392,36.853577225855
59.0182037773392,36.884314930773
59.0182037773392,36.9150526356911
59.0182037773392,36.9457903406091
59.0182037773392,36.9765280455271
59.0182037773392,37.0072657504451
59.0182037773392,37.0380034553632
59.0182037773392,37.0687411602812
59.0182037773392,37.0994788651992
59.0182037773392,37.1302165701172
59.0182037773392,37.1609542750353
59.0182037773392,37.1916919799533
59.0182037773392,37.2224296848713
59.0182037773392,37.2531673897893
59.0182037773392,37.2839050947074
59.0182037773392,37.3146427996254
59.0182037773392,37.3453805045434
59.0182037773392,37.3761182094614
59.0182037773392,37.4068559143794
59.0182037773392,37.4375936192975
59.0182037773392,37.4683313242155
59.0182037773392,37.4990690291335
59.0182037773392,37.5298067340515
59.0182037773392,37.5605444389696
59.0182037773392,37.5912821438876
59.0182037773392,37.6220198488056
59.0182037773392,37.6527575537236
59.0182037773392,37.6834952586417
59.0182037773392,37.7142329635597
59.0182037773392,37.7449706684777
59.0182037773392,37.7757083733957
59.0182037773392,37.8064460783138
59.0182037773392,37.8371837832318
59.0182037773392,37.8679214881498
59.0182037773392,37.8986591930678
59.0182037773392,37.9293968979859
59.0182037773392,37.9601346029039
59.0182037773392,37.9908723078219
59.0182037773392,38.0216100127399
59.0182037773392,38.052347717658
59.0182037773392,38.083085422576
59.0182037773392,38.113823127494
59.0182037773392,38.144560832412
59.0182037773392,38.1752985373301
59.0182037773392,38.2060362422481
59.0182037773392,38.2367739471661
59.0182037773392,38.2675116520841
59.0182037773392,38.2982493570022
59.0182037773392,38.3289870619202
59.0182037773392,38.3597247668382
59.0182037773392,38.3904624717562
59.0182037773392,38.4212001766743
59.0182037773392,38.4519378815923
59.0182037773392,38.4826755865103
59.0182037773392,38.5134132914283
59.0182037773392,38.5441509963464
59.0182037773392,38.5748887012644
59.0182037773392,38.6056264061824
59.0182037773392,38.6363641111004
59.0182037773392,38.6671018160185
59.0182037773392,38.6978395209365
59.0182037773392,38.7285772258545
59.0182037773392,38.7593149307725
59.0182037773392,38.7900526356906
59.0182037773392,38.8207903406086
59.0182037773392,38.8515280455266
59.0182037773392,38.8822657504446
59.0182037773392,38.9130034553627
59.0182037773392,38.9437411602807
59.0182037773392,38.9744788651987
59.0182037773392,39.0052165701167
59.0182037773392,39.0359542750348
59.0182037773392,39.0666919799528
59.0182037773392,39.0974296848708
59.0182037773392,39.1281673897888
59.0182037773392,39.1589050947069
59.0182037773392,39.1896427996249
59.0182037773392,39.2203805045429
59.0182037773392,39.2511182094609
59.0182037773392,39.281855914379
59.0182037773392,39.312593619297
59.0182037773392,39.343331324215
59.0182037773392,39.374069029133
59.0182037773392,39.404806734051
59.0182037773392,39.4355444389691
59.0182037773392,39.4662821438871
59.0182037773392,39.4970198488051
59.0182037773392,39.5277575537231
59.0182037773392,39.5584952586412
59.0182037773392,39.5892329635592
59.0182037773392,39.6199706684772
59.0182037773392,39.6507083733952
59.0182037773392,39.6814460783133
59.0182037773392,39.7121837832313
59.0182037773392,39.7429214881493
59.0182037773392,39.7736591930673
59.0182037773392,39.8043968979854
59.0182037773392,39.8351346029034
59.0182037773392,39.8658723078214
59.0182037773392,39.8966100127394
59.0182037773392,39.9273477176575
59.0182037773392,39.9580854225755
59.0182037773392,39.9888231274935
59.0182037773392,40.0195608324115
59.0182037773392,40.0502985373296
59.0182037773392,40.0810362422476
59.0182037773392,40.1117739471656
59.0182037773392,40.1425116520836
59.0182037773392,40.1732493570017
59.0182037773392,40.2039870619197
59.0182037773392,40.2347247668377
59.0182037773392,40.2654624717557
59.0182037773392,40.2962001766738
59.0182037773392,40.3269378815918
59.0182037773392,40.3576755865098
59.0182037773392,40.3884132914278
59.0182037773392,40.4191509963459
59.0182037773392,40.4498887012639
59.0182037773392,40.4806264061819
59.0182037773392,40.5113641110999
59.0182037773392,40.542101816018
59.0182037773392,40.572839520936
59.0182037773392,40.603577225854
59.0182037773392,40.634314930772
59.0182037773392,40.6650526356901
59.0182037773392,40.6957903406081
59.0182037773392,40.7265280455261
59.0182037773392,40.7572657504441
59.0182037773392,40.7880034553622
59.0182037773392,40.8187411602802
59.0182037773392,40.8494788651982
59.0182037773392,40.8802165701162
59.0182037773392,40.9109542750343
59.0182037773392,40.9416919799523
59.0182037773392,40.9724296848703
59.0182037773392,41.0031673897883
59.0182037773392,41.0339050947064
59.0182037773392,41.0646427996244
59.0182037773392,41.0953805045424
59.0182037773392,41.1261182094604
59.0182037773392,41.1568559143785
59.0182037773392,41.1875936192965
59.0182037773392,41.2183313242145
59.0182037773392,41.2490690291325
59.0182037773392,41.2798067340506
59.0182037773392,41.3105444389686
59.0182037773392,41.3412821438866
59.0182037773392,41.3720198488046
59.0182037773392,41.4027575537227
59.0182037773392,41.4334952586407
59.0182037773392,41.4642329635587
59.0182037773392,41.4949706684767
59.0182037773392,41.5257083733947
59.0182037773392,41.5564460783128
59.0182037773392,41.5871837832308
59.0182037773392,41.6179214881488
59.0182037773392,41.6486591930668
59.0182037773392,41.6793968979849
59.0182037773392,41.7101346029029
59.0182037773392,41.7408723078209
59.0182037773392,41.7716100127389
59.0182037773392,41.802347717657
59.0182037773392,41.833085422575
59.0182037773392,41.863823127493
59.0182037773392,41.894560832411
59.0182037773392,41.9252985373291
59.0182037773392,41.9560362422471
59.0182037773392,41.9867739471651
59.0182037773392,42.0175116520831
59.0182037773392,42.0482493570012
59.0182037773392,42.0789870619192
59.0182037773392,42.1097247668372
59.0182037773392,42.1404624717552
59.0182037773392,42.1712001766733
59.0182037773392,42.2019378815913
59.0182037773392,42.2326755865093
59.0182037773392,42.2634132914273
59.0182037773392,42.2941509963454
59.0182037773392,42.3248887012634
59.0182037773392,42.3556264061814
59.0182037773392,42.3863641110994
59.0182037773392,42.4171018160175
59.0182037773392,42.4478395209355
59.0182037773392,42.4785772258535
59.0182037773392,42.5093149307715
59.0182037773392,42.5400526356896
59.0182037773392,42.5707903406076
59.0182037773392,42.6015280455256
59.0182037773392,42.6322657504436
59.0182037773392,42.6630034553617
59.0182037773392,42.6937411602797
59.0182037773392,42.7244788651977
59.0182037773392,42.7552165701157
59.0182037773392,42.7859542750338
59.0182037773392,42.8166919799518
59.0182037773392,42.8474296848698
59.0182037773392,42.8781673897878
59.0182037773392,42.9089050947059
59.0182037773392,42.9396427996239
59.0182037773392,42.9703805045419
59.0182037773392,43.0011182094599
59.0182037773392,43.031855914378
59.0182037773392,43.062593619296
59.0182037773392,43.093331324214
59.0182037773392,43.124069029132
59.0182037773392,43.1548067340501
59.0182037773392,43.1855444389681
59.0182037773392,43.2162821438861
59.0182037773392,43.2470198488041
59.0182037773392,43.2777575537222
59.0182037773392,43.3084952586402
59.0182037773392,43.3392329635582
59.0182037773392,43.3699706684762
59.0182037773392,43.4007083733943
59.0182037773392,43.4314460783123
59.0182037773392,43.4621837832303
59.0182037773392,43.4929214881483
59.0182037773392,43.5236591930664
59.0182037773392,43.5543968979844
59.0182037773392,43.5851346029024
59.0182037773392,43.6158723078204
59.0182037773392,43.6466100127384
59.0182037773392,43.6773477176565
59.0182037773392,43.7080854225745
59.0182037773392,43.7388231274925
59.0182037773392,43.7695608324105
59.0182037773392,43.8002985373286
59.0182037773392,43.8310362422466
59.0182037773392,43.8617739471646
59.0182037773392,43.8925116520826
59.0182037773392,43.9232493570007
59.0182037773392,43.9539870619187
59.0182037773392,43.9847247668367
59.0182037773392,44.0154624717547
59.0182037773392,44.0462001766728
59.0182037773392,44.0769378815908
59.0182037773392,44.1076755865088
59.0182037773392,44.1384132914268
59.0182037773392,44.1691509963449
59.0182037773392,44.1998887012629
59.0182037773392,44.2306264061809
59.0182037773392,44.2613641110989
59.0182037773392,44.292101816017
59.0182037773392,44.322839520935
59.0182037773392,44.353577225853
59.0182037773392,44.384314930771
59.0182037773392,44.4150526356891
59.0182037773392,44.4457903406071
59.0182037773392,44.4765280455251
59.0182037773392,44.5072657504431
59.0182037773392,44.5380034553612
59.0182037773392,44.5687411602792
59.0182037773392,44.5994788651972
59.0182037773392,44.6302165701152
59.0182037773392,44.6609542750333
59.0182037773392,44.6916919799513
59.0182037773392,44.7224296848693
59.0182037773392,44.7531673897873
59.0182037773392,44.7839050947054
59.0182037773392,44.8146427996234
59.0182037773392,44.8453805045414
59.0182037773392,44.8761182094594
59.0182037773392,44.9068559143775
59.0182037773392,44.9375936192955
59.0182037773392,44.9683313242135
59.0182037773392,44.9990690291315
59.0182037773392,45.0298067340496
59.0182037773392,45.0605444389676
59.0182037773392,45.0912821438856
59.0182037773392,45.1220198488036
59.0182037773392,45.1527575537217
59.0182037773392,45.1834952586397
59.0182037773392,45.2142329635577
59.0182037773392,45.2449706684757
59.0182037773392,45.2757083733938
59.0182037773392,45.3064460783118
59.0182037773392,45.3371837832298
59.0182037773392,45.3679214881478
59.0182037773392,45.3986591930659
59.0182037773392,45.4293968979839
59.0182037773392,45.4601346029019
59.0182037773392,45.4908723078199
59.0182037773392,45.521610012738
59.0182037773392,45.552347717656
59.0182037773392,45.583085422574
59.0182037773392,45.613823127492
59.0182037773392,45.6445608324101
59.0182037773392,45.6752985373281
59.0182037773392,45.7060362422461
59.0182037773392,45.7367739471641
59.0182037773392,45.7675116520821
59.0182037773392,45.7982493570002
59.0182037773392,45.8289870619182
59.0182037773392,45.8597247668362
59.0182037773392,45.8904624717542
59.0182037773392,45.9212001766723
59.0182037773392,45.9519378815903
59.0182037773392,45.9826755865083
59.0182037773392,46.0134132914263
59.0182037773392,46.0441509963444
59.0182037773392,46.0748887012624
59.0182037773392,46.1056264061804
59.0182037773392,46.1363641110984
59.0182037773392,46.1671018160165
59.0182037773392,46.1978395209345
59.0182037773392,46.2285772258525
59.0182037773392,46.2593149307705
59.0182037773392,46.2900526356886
59.0182037773392,46.3207903406066
59.0182037773392,46.3515280455246
59.0182037773392,46.3822657504426
59.0182037773392,46.4130034553607
59.0182037773392,46.4437411602787
59.0182037773392,46.4744788651967
59.0182037773392,46.5052165701147
59.0182037773392,46.5359542750328
59.0182037773392,46.5666919799508
59.0182037773392,46.5974296848688
59.0182037773392,46.6281673897868
59.0182037773392,46.6589050947049
59.0182037773392,46.6896427996229
59.0182037773392,46.7203805045409
59.0182037773392,46.7511182094589
59.0182037773392,46.781855914377
59.0182037773392,46.812593619295
59.0182037773392,46.843331324213
59.0182037773392,46.874069029131
59.0182037773392,46.9048067340491
59.0182037773392,46.9355444389671
59.0182037773392,46.9662821438851
59.0182037773392,46.9970198488031
59.0182037773392,47.0277575537212
59.0182037773392,47.0584952586392
59.0182037773392,47.0892329635572
59.0182037773392,47.1199706684752
59.0182037773392,47.1507083733933
59.0182037773392,47.1814460783113
59.0182037773392,47.2121837832293
59.0182037773392,47.2429214881473
59.0182037773392,47.2736591930654
59.0182037773392,47.3043968979834
59.0182037773392,47.3351346029014
59.0182037773392,47.3658723078194
59.0182037773392,47.3966100127375
59.0182037773392,47.4273477176555
59.0182037773392,47.4580854225735
59.0182037773392,47.4888231274915
59.0182037773392,47.5195608324096
59.0182037773392,47.5502985373276
59.0182037773392,47.5810362422456
59.0182037773392,47.6117739471636
59.0182037773392,47.6425116520817
59.0182037773392,47.6732493569997
59.0182037773392,47.7039870619177
59.0182037773392,47.7347247668357
59.0182037773392,47.7654624717538
59.0182037773392,47.7962001766718
59.0182037773392,47.8269378815898
59.0182037773392,47.8576755865078
59.0182037773392,47.8884132914258
59.0182037773392,47.9191509963439
59.0182037773392,47.9498887012619
59.0182037773392,47.9806264061799
59.0182037773392,48.0113641110979
59.0182037773392,48.042101816016
59.0182037773392,48.072839520934
59.0182037773392,48.103577225852
59.0182037773392,48.13431493077
59.0182037773392,48.1650526356881
59.0182037773392,48.1957903406061
59.0182037773392,48.2265280455241
59.0182037773392,48.2572657504421
59.0182037773392,48.2880034553602
59.0182037773392,48.3187411602782
59.0182037773392,48.3494788651962
59.0182037773392,48.3802165701142
59.0182037773392,48.4109542750323
59.0182037773392,48.4416919799503
59.0182037773392,48.4724296848683
59.0182037773392,48.5031673897863
59.0182037773392,48.5339050947044
59.0182037773392,48.5646427996224
59.0182037773392,48.5953805045404
59.0182037773392,48.6261182094584
59.0182037773392,48.6568559143765
59.0182037773392,48.6875936192945
59.0182037773392,48.7183313242125
59.0182037773392,48.7490690291305
59.0182037773392,48.7798067340486
59.0182037773392,48.8105444389666
59.0182037773392,48.8412821438846
59.0182037773392,48.8720198488026
59.0182037773392,48.9027575537207
59.0182037773392,48.9334952586387
59.0182037773392,48.9642329635567
59.0182037773392,48.9949706684747
59.0182037773392,49.0257083733928
59.0182037773392,49.0564460783108
59.0182037773392,49.0871837832288
59.0182037773392,49.1179214881468
59.0182037773392,49.1486591930649
59.0182037773392,49.1793968979829
59.0182037773392,49.2101346029009
59.0182037773392,49.2408723078189
59.0182037773392,49.271610012737
59.0182037773392,49.302347717655
59.0182037773392,49.333085422573
59.0182037773392,49.363823127491
59.0182037773392,49.3945608324091
59.0182037773392,49.4252985373271
59.0182037773392,49.4560362422451
59.0182037773392,49.4867739471631
59.0182037773392,49.5175116520812
59.0182037773392,49.5482493569992
59.0182037773392,49.5789870619172
59.0182037773392,49.6097247668352
59.0182037773392,49.6404624717533
59.0182037773392,49.6712001766713
59.0182037773392,49.7019378815893
59.0182037773392,49.7326755865073
59.0182037773392,49.7634132914254
59.0182037773392,49.7941509963434
59.0182037773392,49.8248887012614
59.0182037773392,49.8556264061794
59.0182037773392,49.8863641110974
59.0182037773392,49.9171018160155
59.0182037773392,49.9478395209335
59.0182037773392,49.9785772258515
59.0182037773392,50.0093149307695
59.0182037773392,50.0400526356876
59.0182037773392,50.0707903406056
59.0182037773392,50.1015280455236
59.0182037773392,50.1322657504416
59.0182037773392,50.1630034553597
59.0182037773392,50.1937411602777
59.0182037773392,50.2244788651957
59.0182037773392,50.2552165701137
59.0182037773392,50.2859542750318
59.0182037773392,50.3166919799498
59.0182037773392,50.3474296848678
59.0182037773392,50.3781673897858
59.0182037773392,50.4089050947039
59.0182037773392,50.4396427996219
59.0182037773392,50.4703805045399
59.0182037773392,50.5011182094579
59.0182037773392,50.531855914376
59.0182037773392,50.562593619294
59.0182037773392,50.593331324212
59.0182037773392,50.62406902913
59.0182037773392,50.6548067340481
59.0182037773392,50.6855444389661
59.0182037773392,50.7162821438841
59.0182037773392,50.7470198488021
59.0182037773392,50.7777575537202
59.0182037773392,50.8084952586382
59.0182037773392,50.8392329635562
59.0182037773392,50.8699706684742
59.0182037773392,50.9007083733923
59.0182037773392,50.9314460783103
59.0182037773392,50.9621837832283
59.0182037773392,50.9929214881463
59.0182037773392,51.0236591930644
59.0182037773392,51.0543968979824
59.0182037773392,51.0851346029004
59.0182037773392,51.1158723078184
59.0182037773392,51.1466100127365
59.0182037773392,51.1773477176545
59.0182037773392,51.2080854225725
59.0182037773392,51.2388231274905
59.0182037773392,51.2695608324086
59.0182037773392,51.3002985373266
59.0182037773392,51.3310362422446
59.0182037773392,51.3617739471626
59.0182037773392,51.3925116520807
59.0182037773392,51.4232493569987
59.0182037773392,51.4539870619167
59.0182037773392,51.4847247668347
59.0182037773392,51.5154624717528
59.0182037773392,51.5462001766708
59.0182037773392,51.5769378815888
59.0182037773392,51.6076755865068
59.0182037773392,51.6384132914249
59.0182037773392,51.6691509963429
59.0182037773392,51.6998887012609
59.0182037773392,51.7306264061789
59.0182037773392,51.761364111097
59.0182037773392,51.792101816015
59.0182037773392,51.822839520933
59.0182037773392,51.853577225851
59.0182037773392,51.8843149307691
59.0182037773392,51.9150526356871
59.0182037773392,51.9457903406051
59.0182037773392,51.9765280455231
59.0182037773392,52.0072657504411
59.0182037773392,52.0380034553592
59.0182037773392,52.0687411602772
59.0182037773392,52.0994788651952
59.0182037773392,52.1302165701132
59.0182037773392,52.1609542750313
59.0182037773392,52.1916919799493
59.0182037773392,52.2224296848673
59.0182037773392,52.2531673897853
59.0182037773392,52.2839050947034
59.0182037773392,52.3146427996214
59.0182037773392,52.3453805045394
59.0182037773392,52.3761182094574
59.0182037773392,52.4068559143755
59.0182037773392,52.4375936192935
59.0182037773392,52.4683313242115
59.0182037773392,52.4990690291295
59.0182037773392,52.5298067340476
59.0182037773392,52.5605444389656
59.0182037773392,52.5912821438836
59.0182037773392,52.6220198488016
59.0182037773392,52.6527575537197
59.0182037773392,52.6834952586377
59.0182037773392,52.7142329635557
59.0182037773392,52.7449706684737
59.0182037773392,52.7757083733918
59.0182037773392,52.8064460783098
59.0182037773392,52.8371837832278
59.0182037773392,52.8679214881458
59.0182037773392,52.8986591930639
59.0182037773392,52.9293968979819
59.0182037773392,52.9601346028999
59.0182037773392,52.9908723078179
59.0182037773392,53.021610012736
59.0182037773392,53.052347717654
59.0182037773392,53.083085422572
59.0182037773392,53.11382312749
59.0182037773392,53.1445608324081
59.0182037773392,53.1752985373261
59.0182037773392,53.2060362422441
59.0182037773392,53.2367739471621
59.0182037773392,53.2675116520802
59.0182037773392,53.2982493569982
59.0182037773392,53.3289870619162
59.0182037773392,53.3597247668342
59.0182037773392,53.3904624717523
59.0182037773392,53.4212001766703
59.0182037773392,53.4519378815883
59.0182037773392,53.4826755865063
59.0182037773392,53.5134132914244
59.0182037773392,53.5441509963424
59.0182037773392,53.5748887012604
59.0182037773392,53.6056264061784
59.0182037773392,53.6363641110965
59.0182037773392,53.6671018160145
59.0182037773392,53.6978395209325
59.0182037773392,53.7285772258505
59.0182037773392,53.7593149307686
59.0182037773392,53.7900526356866
59.0182037773392,53.8207903406046
59.0182037773392,53.8515280455226
59.0182037773392,53.8822657504407
59.0182037773392,53.9130034553587
59.0182037773392,53.9437411602767
59.0182037773392,53.9744788651947
59.0182037773392,54.0052165701128
59.0182037773392,54.0359542750308
59.0182037773392,54.0666919799488
59.0182037773392,54.0974296848668
59.0182037773392,54.1281673897848
59.0182037773392,54.1589050947029
59.0182037773392,54.1896427996209
59.0182037773392,54.2203805045389
59.0182037773392,54.2511182094569
59.0182037773392,54.281855914375
59.0182037773392,54.312593619293
59.0182037773392,54.343331324211
59.0182037773392,54.374069029129
59.0182037773392,54.4048067340471
59.0182037773392,54.4355444389651
59.0182037773392,54.4662821438831
59.0182037773392,54.4970198488011
59.0182037773392,54.5277575537192
59.0182037773392,54.5584952586372
59.0182037773392,54.5892329635552
59.0182037773392,54.6199706684732
59.0182037773392,54.6507083733913
59.0182037773392,54.6814460783093
59.0182037773392,54.7121837832273
59.0182037773392,54.7429214881453
59.0182037773392,54.7736591930634
59.0182037773392,54.8043968979814
59.0182037773392,54.8351346028994
59.0182037773392,54.8658723078174
59.0182037773392,54.8966100127355
59.0182037773392,54.9273477176535
59.0182037773392,54.9580854225715
59.0182037773392,54.9888231274895
59.0182037773392,55.0195608324076
59.0182037773392,55.0502985373256
59.0182037773392,55.0810362422436
59.0182037773392,55.1117739471616
59.0182037773392,55.1425116520797
59.0182037773392,55.1732493569977
59.0182037773392,55.2039870619157
59.0182037773392,55.2347247668337
59.0182037773392,55.2654624717518
59.0182037773392,55.2962001766698
59.0182037773392,55.3269378815878
59.0182037773392,55.3576755865058
59.0182037773392,55.3884132914239
59.0182037773392,55.4191509963419
59.0182037773392,55.4498887012599
59.0182037773392,55.4806264061779
59.0182037773392,55.511364111096
59.0182037773392,55.542101816014
59.0182037773392,55.572839520932
59.0182037773392,55.60357722585
59.0182037773392,55.6343149307681
59.0182037773392,55.6650526356861
59.0182037773392,55.6957903406041
59.0182037773392,55.7265280455221
59.0182037773392,55.7572657504402
59.0182037773392,55.7880034553582
59.0182037773392,55.8187411602762
59.0182037773392,55.8494788651942
59.0182037773392,55.8802165701123
59.0182037773392,55.9109542750303
59.0182037773392,55.9416919799483
59.0182037773392,55.9724296848663
59.0182037773392,56.0031673897844
59.0182037773392,56.0339050947024
59.0182037773392,56.0646427996204
59.0182037773392,56.0953805045384
59.0182037773392,56.1261182094565
59.0182037773392,56.1568559143745
59.0182037773392,56.1875936192925
59.0182037773392,56.2183313242105
59.0182037773392,56.2490690291285
59.0182037773392,56.2798067340466
59.0182037773392,56.3105444389646
59.0182037773392,56.3412821438826
59.0182037773392,56.3720198488006
59.0182037773392,56.4027575537187
59.0182037773392,56.4334952586367
59.0182037773392,56.4642329635547
59.0182037773392,56.4949706684727
59.0182037773392,56.5257083733908
59.0182037773392,56.5564460783088
59.0182037773392,56.5871837832268
59.0182037773392,56.6179214881448
59.0182037773392,56.6486591930629
59.0182037773392,56.6793968979809
59.0182037773392,56.7101346028989
59.0182037773392,56.7408723078169
59.0182037773392,56.771610012735
59.0182037773392,56.802347717653
59.0182037773392,56.833085422571
59.0182037773392,56.863823127489
59.0182037773392,56.8945608324071
59.0182037773392,56.9252985373251
59.0182037773392,56.9560362422431
59.0182037773392,56.9867739471611
59.0182037773392,57.0175116520792
59.0182037773392,57.0482493569972
59.0182037773392,57.0789870619152
59.0182037773392,57.1097247668332
59.0182037773392,57.1404624717513
59.0182037773392,57.1712001766693
59.0182037773392,57.2019378815873
59.0182037773392,57.2326755865053
59.0182037773392,57.2634132914234
59.0182037773392,57.2941509963414
59.0182037773392,57.3248887012594
59.0182037773392,57.3556264061774
59.0182037773392,57.3863641110955
59.0182037773392,57.4171018160135
59.0182037773392,57.4478395209315
59.0182037773392,57.4785772258495
59.0182037773392,57.5093149307676
59.0182037773392,57.5400526356856
59.0182037773392,57.5707903406036
59.0182037773392,57.6015280455216
59.0182037773392,57.6322657504397
59.0182037773392,57.6630034553577
59.0182037773392,57.6937411602757
59.0182037773392,57.7244788651937
59.0182037773392,57.7552165701118
59.0182037773392,57.7859542750298
59.0182037773392,57.8166919799478
59.0182037773392,57.8474296848658
59.0182037773392,57.8781673897839
59.0182037773392,57.9089050947019
59.0182037773392,57.9396427996199
59.0182037773392,57.9703805045379
59.0182037773392,58.001118209456
59.0182037773392,58.031855914374
59.0182037773392,58.062593619292
59.0182037773392,58.09333132421
59.0182037773392,58.1240690291281
59.0182037773392,58.1548067340461
59.0182037773392,58.1855444389641
59.0182037773392,58.2162821438821
59.0182037773392,58.2470198488002
59.0182037773392,58.2777575537182
59.0182037773392,58.3084952586362
59.0182037773392,58.3392329635542
59.0182037773392,58.3699706684722
59.0182037773392,58.4007083733903
59.0182037773392,58.4314460783083
59.0182037773392,58.4621837832263
59.0182037773392,58.4929214881443
59.0182037773392,58.5236591930624
59.0182037773392,58.5543968979804
59.0182037773392,58.5851346028984
59.0182037773392,58.6158723078164
59.0182037773392,58.6466100127345
59.0182037773392,58.6773477176525
59.0182037773392,58.7080854225705
59.0182037773392,58.7388231274885
59.0182037773392,58.7695608324066
59.0182037773392,58.8002985373246
59.0182037773392,58.8310362422426
59.0182037773392,58.8617739471606
59.0182037773392,58.8925116520787
59.0182037773392,58.9232493569967
59.0182037773392,58.9539870619147
59.0182037773392,58.9847247668327
59.0182037773392,59.0154624717508
59.0182037773392,59.0462001766688
59.0182037773392,59.0769378815868
59.0182037773392,59.1076755865048
59.0182037773392,59.1384132914229
59.0182037773392,59.1691509963409
59.0182037773392,59.1998887012589
59.0182037773392,59.2306264061769
59.0182037773392,59.261364111095
59.0182037773392,59.292101816013
59.0182037773392,59.322839520931
59.0182037773392,59.353577225849
59.0182037773392,59.3843149307671
59.0182037773392,59.4150526356851
59.0182037773392,59.4457903406031
59.0182037773392,59.4765280455211
59.0182037773392,59.5072657504392
59.0182037773392,59.5380034553572
59.0182037773392,59.5687411602752
59.0182037773392,59.5994788651932
59.0182037773392,59.6302165701113
59.0182037773392,59.6609542750293
59.0182037773392,59.6916919799473
59.0182037773392,59.7224296848653
59.0182037773392,59.7531673897834
59.0182037773392,59.7839050947014
59.0182037773392,59.8146427996194
59.0182037773392,59.8453805045374
59.0182037773392,59.8761182094555
59.0182037773392,59.9068559143735
59.0182037773392,59.9375936192915
59.0182037773392,59.9683313242095
59.0182037773392,59.9990690291276
59.0182037773392,60.0298067340456
59.0182037773392,60.0605444389636
59.0182037773392,60.0912821438816
59.0182037773392,60.1220198487997
59.0182037773392,60.1527575537177
59.0182037773392,60.1834952586357
59.0182037773392,60.2142329635537
59.0182037773392,60.2449706684718
59.0182037773392,60.2757083733898
59.0182037773392,60.3064460783078
59.0182037773392,60.3371837832258
59.0182037773392,60.3679214881438
59.0182037773392,60.3986591930619
59.0182037773392,60.4293968979799
59.0182037773392,60.4601346028979
59.0182037773392,60.4908723078159
59.0182037773392,60.521610012734
59.0182037773392,60.552347717652
59.0182037773392,60.58308542257
59.0182037773392,60.613823127488
59.0182037773392,60.6445608324061
59.0182037773392,60.6752985373241
59.0182037773392,60.7060362422421
59.0182037773392,60.7367739471601
59.0182037773392,60.7675116520782
59.0182037773392,60.7982493569962
59.0182037773392,60.8289870619142
59.0182037773392,60.8597247668322
59.0182037773392,60.8904624717503
59.0182037773392,60.9212001766683
59.0182037773392,60.9519378815863
59.0182037773392,60.9826755865043
59.0182037773392,61.0134132914224
59.0182037773392,61.0441509963404
59.0182037773392,61.0748887012584
59.0182037773392,61.1056264061764
59.0182037773392,61.1363641110945
59.0182037773392,61.1671018160125
59.0182037773392,61.1978395209305
59.0182037773392,61.2285772258485
59.0182037773392,61.2593149307666
59.0182037773392,61.2900526356846
59.0182037773392,61.3207903406026
59.0182037773392,61.3515280455206
59.0182037773392,61.3822657504387
59.0182037773392,61.4130034553567
59.0182037773392,61.4437411602747
59.0182037773392,61.4744788651927
59.0182037773392,61.5052165701108
59.0182037773392,61.5359542750288
59.0182037773392,61.5666919799468
59.0182037773392,61.5974296848648
59.0182037773392,61.6281673897829
59.0182037773392,61.6589050947009
59.0182037773392,61.6896427996189
59.0182037773392,61.7203805045369
59.0182037773392,61.751118209455
59.0182037773392,61.781855914373
59.0182037773392,61.812593619291
59.0182037773392,61.843331324209
59.0182037773392,61.8740690291271
59.0182037773392,61.9048067340451
59.0182037773392,61.9355444389631
59.0182037773392,61.9662821438811
59.0182037773392,61.9970198487992
59.0182037773392,62.0277575537172
59.0182037773392,62.0584952586352
59.0182037773392,62.0892329635532
59.0182037773392,62.1199706684713
59.0182037773392,62.1507083733893
59.0182037773392,62.1814460783073
59.0182037773392,62.2121837832253
59.0182037773392,62.2429214881434
59.0182037773392,62.2736591930614
59.0182037773392,62.3043968979794
59.0182037773392,62.3351346028974
59.0182037773392,62.3658723078155
59.0182037773392,62.3966100127335
59.0182037773392,62.4273477176515
59.0182037773392,62.4580854225695
59.0182037773392,62.4888231274875
59.0182037773392,62.5195608324056
59.0182037773392,62.5502985373236
59.0182037773392,62.5810362422416
59.0182037773392,62.6117739471596
59.0182037773392,62.6425116520777
59.0182037773392,62.6732493569957
59.0182037773392,62.7039870619137
59.0182037773392,62.7347247668317
59.0182037773392,62.7654624717498
59.0182037773392,62.7962001766678
59.0182037773392,62.8269378815858
59.0182037773392,62.8576755865038
59.0182037773392,62.8884132914219
59.0182037773392,62.9191509963399
59.0182037773392,62.9498887012579
59.0182037773392,62.9806264061759
59.0182037773392,63.011364111094
59.0182037773392,63.042101816012
59.0182037773392,63.07283952093
59.0182037773392,63.103577225848
59.0182037773392,63.1343149307661
59.0182037773392,63.1650526356841
59.0182037773392,63.1957903406021
59.0182037773392,63.2265280455201
59.0182037773392,63.2572657504382
59.0182037773392,63.2880034553562
59.0182037773392,63.3187411602742
59.0182037773392,63.3494788651922
59.0182037773392,63.3802165701103
59.0182037773392,63.4109542750283
59.0182037773392,63.4416919799463
59.0182037773392,63.4724296848643
59.0182037773392,63.5031673897824
59.0182037773392,63.5339050947004
59.0182037773392,63.5646427996184
59.0182037773392,63.5953805045364
59.0182037773392,63.6261182094545
59.0182037773392,63.6568559143725
59.0182037773392,63.6875936192905
59.0182037773392,63.7183313242085
59.0182037773392,63.7490690291266
59.0182037773392,63.7798067340446
59.0182037773392,63.8105444389626
59.0182037773392,63.8412821438806
59.0182037773392,63.8720198487987
59.0182037773392,63.9027575537167
59.0182037773392,63.9334952586347
59.0182037773392,63.9642329635527
59.0182037773392,63.9949706684708
59.0182037773392,64.0257083733888
59.0182037773392,64.0564460783068
59.0182037773392,64.0871837832248
59.0182037773392,64.1179214881429
59.0182037773392,64.1486591930609
59.0182037773392,64.1793968979789
59.0182037773392,64.2101346028969
59.0182037773392,64.240872307815
59.0182037773392,64.271610012733
59.0182037773392,64.302347717651
59.0182037773392,64.333085422569
59.0182037773392,64.3638231274871
59.0182037773392,64.3945608324051
59.0182037773392,64.4252985373231
59.0182037773392,64.4560362422411
59.0182037773392,64.4867739471592
59.0182037773392,64.5175116520772
59.0182037773392,64.5482493569952
59.0182037773392,64.5789870619132
59.0182037773392,64.6097247668312
59.0182037773392,64.6404624717493
59.0182037773392,64.6712001766673
59.0182037773392,64.7019378815853
59.0182037773392,64.7326755865033
59.0182037773392,64.7634132914214
59.0182037773392,64.7941509963394
59.0182037773392,64.8248887012574
59.0182037773392,64.8556264061754
59.0182037773392,64.8863641110935
59.0182037773392,64.9171018160115
59.0182037773392,64.9478395209295
59.0182037773392,64.9785772258475
59.0182037773392,65.0093149307656
59.0182037773392,65.0400526356836
59.0182037773392,65.0707903406016
59.0182037773392,65.1015280455196
59.0182037773392,65.1322657504377
59.0182037773392,65.1630034553557
59.0182037773392,65.1937411602737
59.0182037773392,65.2244788651917
59.0182037773392,65.2552165701098
59.0182037773392,65.2859542750278
59.0182037773392,65.3166919799458
59.0182037773392,65.3474296848638
59.0182037773392,65.3781673897819
59.0182037773392,65.4089050946999
59.0182037773392,65.4396427996179
59.0182037773392,65.4703805045359
59.0182037773392,65.501118209454
59.0182037773392,65.531855914372
59.0182037773392,65.56259361929
59.0182037773392,65.593331324208
59.0182037773392,65.6240690291261
59.0182037773392,65.6548067340441
59.0182037773392,65.6855444389621
59.0182037773392,65.7162821438801
59.0182037773392,65.7470198487982
59.0182037773392,65.7777575537162
59.0182037773392,65.8084952586342
59.0182037773392,65.8392329635522
59.0182037773392,65.8699706684703
59.0182037773392,65.9007083733883
59.0182037773392,65.9314460783063
59.0182037773392,65.9621837832243
59.0182037773392,65.9929214881424
59.0182037773392,66.0236591930604
59.0182037773392,66.0543968979784
59.0182037773392,66.0851346028964
59.0182037773392,66.1158723078145
59.0182037773392,66.1466100127325
59.0182037773392,66.1773477176505
59.0182037773392,66.2080854225685
59.0182037773392,66.2388231274866
59.0182037773392,66.2695608324046
59.0182037773392,66.3002985373226
59.0182037773392,66.3310362422406
59.0182037773392,66.3617739471587
59.0182037773392,66.3925116520767
59.0182037773392,66.4232493569947
59.0182037773392,66.4539870619127
59.0182037773392,66.4847247668308
59.0182037773392,66.5154624717488
59.0182037773392,66.5462001766668
59.0182037773392,66.5769378815848
59.0182037773392,66.6076755865029
59.0182037773392,66.6384132914209
59.0182037773392,66.6691509963389
59.0182037773392,66.6998887012569
59.0182037773392,66.7306264061749
59.0182037773392,66.761364111093
59.0182037773392,66.792101816011
59.0182037773392,66.822839520929
59.0182037773392,66.853577225847
59.0182037773392,66.8843149307651
59.0182037773392,66.9150526356831
59.0182037773392,66.9457903406011
59.0182037773392,66.9765280455191
59.0182037773392,67.0072657504372
59.0182037773392,67.0380034553552
59.0182037773392,67.0687411602732
59.0182037773392,67.0994788651912
59.0182037773392,67.1302165701093
59.0182037773392,67.1609542750273
59.0182037773392,67.1916919799453
59.0182037773392,67.2224296848633
59.0182037773392,67.2531673897814
59.0182037773392,67.2839050946994
59.0182037773392,67.3146427996174
59.0182037773392,67.3453805045354
59.0182037773392,67.3761182094535
59.0182037773392,67.4068559143715
59.0182037773392,67.4375936192895
59.0182037773392,67.4683313242075
59.0182037773392,67.4990690291256
59.0182037773392,67.5298067340436
59.0182037773392,67.5605444389616
59.0182037773392,67.5912821438796
59.0182037773392,67.6220198487977
59.0182037773392,67.6527575537157
59.0182037773392,67.6834952586337
59.0182037773392,67.7142329635517
59.0182037773392,67.7449706684698
59.0182037773392,67.7757083733878
59.0182037773392,67.8064460783058
59.0182037773392,67.8371837832238
59.0182037773392,67.8679214881419
59.0182037773392,67.8986591930599
59.0182037773392,67.9293968979779
59.0182037773392,67.9601346028959
59.0182037773392,67.990872307814
59.0182037773392,68.021610012732
59.0182037773392,68.05234771765
59.0182037773392,68.083085422568
59.0182037773392,68.1138231274861
59.0182037773392,68.1445608324041
59.0182037773392,68.1752985373221
59.0182037773392,68.2060362422401
59.0182037773392,68.2367739471582
59.0182037773392,68.2675116520762
59.0182037773392,68.2982493569942
59.0182037773392,68.3289870619122
59.0182037773392,68.3597247668303
59.0182037773392,68.3904624717483
59.0182037773392,68.4212001766663
59.0182037773392,68.4519378815843
59.0182037773392,68.4826755865024
59.0182037773392,68.5134132914204
59.0182037773392,68.5441509963384
59.0182037773392,68.5748887012564
59.0182037773392,68.6056264061745
59.0182037773392,68.6363641110925
59.0182037773392,68.6671018160105
59.0182037773392,68.6978395209285
59.0182037773392,68.7285772258465
59.0182037773392,68.7593149307646
59.0182037773392,68.7900526356826
59.0182037773392,68.8207903406006
59.0182037773392,68.8515280455186
59.0182037773392,68.8822657504367
59.0182037773392,68.9130034553547
59.0182037773392,68.9437411602727
59.0182037773392,68.9744788651907
59.0182037773392,69.0052165701088
59.0182037773392,69.0359542750268
59.0182037773392,69.0666919799448
59.0182037773392,69.0974296848628
59.0182037773392,69.1281673897809
59.0182037773392,69.1589050946989
59.0182037773392,69.1896427996169
59.0182037773392,69.2203805045349
59.0182037773392,69.251118209453
59.0182037773392,69.281855914371
59.0182037773392,69.312593619289
59.0182037773392,69.343331324207
59.0182037773392,69.3740690291251
59.0182037773392,69.4048067340431
59.0182037773392,69.4355444389611
59.0182037773392,69.4662821438791
59.0182037773392,69.4970198487972
59.0182037773392,69.5277575537152
59.0182037773392,69.5584952586332
59.0182037773392,69.5892329635512
59.0182037773392,69.6199706684693
59.0182037773392,69.6507083733873
59.0182037773392,69.6814460783053
59.0182037773392,69.7121837832233
59.0182037773392,69.7429214881414
59.0182037773392,69.7736591930594
59.0182037773392,69.8043968979774
59.0182037773392,69.8351346028954
59.0182037773392,69.8658723078135
59.0182037773392,69.8966100127315
59.0182037773392,69.9273477176495
59.0182037773392,69.9580854225675
59.0182037773392,69.9888231274856
59.0182037773392,70.0195608324036
59.0182037773392,70.0502985373216
59.0182037773392,70.0810362422396
59.0182037773392,70.1117739471577
59.0182037773392,70.1425116520757
59.0182037773392,70.1732493569937
59.0182037773392,70.2039870619117
59.0182037773392,70.2347247668298
59.0182037773392,70.2654624717478
59.0182037773392,70.2962001766658
59.0182037773392,70.3269378815838
59.0182037773392,70.3576755865019
59.0182037773392,70.3884132914199
59.0182037773392,70.4191509963379
59.0182037773392,70.4498887012559
59.0182037773392,70.480626406174
59.0182037773392,70.511364111092
59.0182037773392,70.54210181601
59.0182037773392,70.572839520928
59.0182037773392,70.6035772258461
59.0182037773392,70.6343149307641
59.0182037773392,70.6650526356821
59.0182037773392,70.6957903406001
59.0182037773392,70.7265280455182
59.0182037773392,70.7572657504362
59.0182037773392,70.7880034553542
59.0182037773392,70.8187411602722
59.0182037773392,70.8494788651902
59.0182037773392,70.8802165701083
59.0182037773392,70.9109542750263
59.0182037773392,70.9416919799443
59.0182037773392,70.9724296848623
59.0182037773392,71.0031673897804
59.0182037773392,71.0339050946984
59.0182037773392,71.0646427996164
59.0182037773392,71.0953805045344
59.0182037773392,71.1261182094525
59.0182037773392,71.1568559143705
59.0182037773392,71.1875936192885
59.0182037773392,71.2183313242065
59.0182037773392,71.2490690291246
59.0182037773392,71.2798067340426
59.0182037773392,71.3105444389606
59.0182037773392,71.3412821438786
59.0182037773392,71.3720198487967
59.0182037773392,71.4027575537147
59.0182037773392,71.4334952586327
59.0182037773392,71.4642329635507
59.0182037773392,71.4949706684688
59.0182037773392,71.5257083733868
59.0182037773392,71.5564460783048
59.0182037773392,71.5871837832228
59.0182037773392,71.6179214881409
59.0182037773392,71.6486591930589
59.0182037773392,71.6793968979769
59.0182037773392,71.7101346028949
59.0182037773392,71.740872307813
59.0182037773392,71.771610012731
59.0182037773392,71.802347717649
59.0182037773392,71.833085422567
59.0182037773392,71.8638231274851
59.0182037773392,71.8945608324031
59.0182037773392,71.9252985373211
59.0182037773392,71.9560362422391
59.0182037773392,71.9867739471572
59.0182037773392,72.0175116520752
59.0182037773392,72.0482493569932
59.0182037773392,72.0789870619112
59.0182037773392,72.1097247668293
59.0182037773392,72.1404624717473
59.0182037773392,72.1712001766653
59.0182037773392,72.2019378815833
59.0182037773392,72.2326755865014
59.0182037773392,72.2634132914194
59.0182037773392,72.2941509963374
59.0182037773392,72.3248887012554
59.0182037773392,72.3556264061735
59.0182037773392,72.3863641110915
59.0182037773392,72.4171018160095
59.0182037773392,72.4478395209275
59.0182037773392,72.4785772258456
59.0182037773392,72.5093149307636
59.0182037773392,72.5400526356816
59.0182037773392,72.5707903405996
59.0182037773392,72.6015280455177
59.0182037773392,72.6322657504357
59.0182037773392,72.6630034553537
59.0182037773392,72.6937411602717
59.0182037773392,72.7244788651898
59.0182037773392,72.7552165701078
59.0182037773392,72.7859542750258
59.0182037773392,72.8166919799438
59.0182037773392,72.8474296848619
59.0182037773392,72.8781673897799
59.0182037773392,72.9089050946979
59.0182037773392,72.9396427996159
59.0182037773392,72.9703805045339
59.0182037773392,73.001118209452
59.0182037773392,73.03185591437
59.0182037773392,73.062593619288
59.0182037773392,73.093331324206
59.0182037773392,73.1240690291241
59.0182037773392,73.1548067340421
59.0182037773392,73.1855444389601
59.0182037773392,73.2162821438781
59.0182037773392,73.2470198487962
59.0182037773392,73.2777575537142
59.0182037773392,73.3084952586322
59.0182037773392,73.3392329635502
59.0182037773392,73.3699706684683
59.0182037773392,73.4007083733863
59.0182037773392,73.4314460783043
59.0182037773392,73.4621837832223
59.0182037773392,73.4929214881404
59.0182037773392,73.5236591930584
59.0182037773392,73.5543968979764
59.0182037773392,73.5851346028944
59.0182037773392,73.6158723078125
59.0182037773392,73.6466100127305
59.0182037773392,73.6773477176485
59.0182037773392,73.7080854225665
59.0182037773392,73.7388231274846
59.0182037773392,73.7695608324026
59.0182037773392,73.8002985373206
59.0182037773392,73.8310362422386
59.0182037773392,73.8617739471567
59.0182037773392,73.8925116520747
59.0182037773392,73.9232493569927
59.0182037773392,73.9539870619107
59.0182037773392,73.9847247668288
59.0182037773392,74.0154624717468
59.0182037773392,74.0462001766648
59.0182037773392,74.0769378815828
59.0182037773392,74.1076755865009
59.0182037773392,74.1384132914189
59.0182037773392,74.1691509963369
59.0182037773392,74.1998887012549
59.0182037773392,74.230626406173
59.0182037773392,74.261364111091
59.0182037773392,74.292101816009
59.0182037773392,74.322839520927
59.0182037773392,74.3535772258451
59.0182037773392,74.3843149307631
59.0182037773392,74.4150526356811
59.0182037773392,74.4457903405991
59.0182037773392,74.4765280455172
59.0182037773392,74.5072657504352
59.0182037773392,74.5380034553532
59.0182037773392,74.5687411602712
59.0182037773392,74.5994788651893
59.0182037773392,74.6302165701073
59.0182037773392,74.6609542750253
59.0182037773392,74.6916919799433
59.0182037773392,74.7224296848614
59.0182037773392,74.7531673897794
59.0182037773392,74.7839050946974
59.0182037773392,74.8146427996154
59.0182037773392,74.8453805045335
59.0182037773392,74.8761182094515
59.0182037773392,74.9068559143695
59.0182037773392,74.9375936192875
59.0182037773392,74.9683313242056
59.0182037773392,74.9990690291236
59.0182037773392,75.0298067340416
59.0182037773392,75.0605444389596
59.0182037773392,75.0912821438776
59.0182037773392,75.1220198487957
59.0182037773392,75.1527575537137
59.0182037773392,75.1834952586317
59.0182037773392,75.2142329635497
59.0182037773392,75.2449706684678
59.0182037773392,75.2757083733858
59.0182037773392,75.3064460783038
59.0182037773392,75.3371837832218
59.0182037773392,75.3679214881399
59.0182037773392,75.3986591930579
59.0182037773392,75.4293968979759
59.0182037773392,75.4601346028939
59.0182037773392,75.490872307812
59.0182037773392,75.52161001273
59.0182037773392,75.552347717648
59.0182037773392,75.583085422566
59.0182037773392,75.6138231274841
59.0182037773392,75.6445608324021
59.0182037773392,75.6752985373201
59.0182037773392,75.7060362422381
59.0182037773392,75.7367739471562
59.0182037773392,75.7675116520742
59.0182037773392,75.7982493569922
59.0182037773392,75.8289870619102
59.0182037773392,75.8597247668283
59.0182037773392,75.8904624717463
59.0182037773392,75.9212001766643
59.0182037773392,75.9519378815823
59.0182037773392,75.9826755865004
59.0182037773392,76.0134132914184
59.0182037773392,76.0441509963364
59.0182037773392,76.0748887012544
59.0182037773392,76.1056264061725
59.0182037773392,76.1363641110905
59.0182037773392,76.1671018160085
59.0182037773392,76.1978395209265
59.0182037773392,76.2285772258446
59.0182037773392,76.2593149307626
59.0182037773392,76.2900526356806
59.0182037773392,76.3207903405986
59.0182037773392,76.3515280455167
59.0182037773392,76.3822657504347
59.0182037773392,76.4130034553527
59.0182037773392,76.4437411602707
59.0182037773392,76.4744788651888
59.0182037773392,76.5052165701068
59.0182037773392,76.5359542750248
59.0182037773392,76.5666919799428
59.0182037773392,76.5974296848609
59.0182037773392,76.6281673897789
59.0182037773392,76.6589050946969
59.0182037773392,76.6896427996149
59.0182037773392,76.720380504533
59.0182037773392,76.751118209451
59.0182037773392,76.781855914369
59.0182037773392,76.812593619287
59.0182037773392,76.8433313242051
59.0182037773392,76.8740690291231
59.0182037773392,76.9048067340411
59.0182037773392,76.9355444389591
59.0182037773392,76.9662821438772
59.0182037773392,76.9970198487952
59.0182037773392,77.0277575537132
59.0182037773392,77.0584952586312
59.0182037773392,77.0892329635493
59.0182037773392,77.1199706684673
59.0182037773392,77.1507083733853
59.0182037773392,77.1814460783033
59.0182037773392,77.2121837832213
59.0182037773392,77.2429214881394
59.0182037773392,77.2736591930574
59.0182037773392,77.3043968979754
59.0182037773392,77.3351346028934
59.0182037773392,77.3658723078115
59.0182037773392,77.3966100127295
59.0182037773392,77.4273477176475
59.0182037773392,77.4580854225655
59.0182037773392,77.4888231274836
59.0182037773392,77.5195608324016
59.0182037773392,77.5502985373196
59.0182037773392,77.5810362422376
59.0182037773392,77.6117739471557
59.0182037773392,77.6425116520737
59.0182037773392,77.6732493569917
59.0182037773392,77.7039870619097
59.0182037773392,77.7347247668278
59.0182037773392,77.7654624717458
59.0182037773392,77.7962001766638
59.0182037773392,77.8269378815818
59.0182037773392,77.8576755864999
59.0182037773392,77.8884132914179
59.0182037773392,77.9191509963359
59.0182037773392,77.9498887012539
59.0182037773392,77.980626406172
59.0182037773392,78.01136411109
59.0182037773392,78.042101816008
59.0182037773392,78.072839520926
59.0182037773392,78.1035772258441
59.0182037773392,78.1343149307621
59.0182037773392,78.1650526356801
59.0182037773392,78.1957903405981
59.0182037773392,78.2265280455162
59.0182037773392,78.2572657504342
59.0182037773392,78.2880034553522
59.0182037773392,78.3187411602702
59.0182037773392,78.3494788651883
59.0182037773392,78.3802165701063
59.0182037773392,78.4109542750243
59.0182037773392,78.4416919799423
59.0182037773392,78.4724296848604
59.0182037773392,78.5031673897784
59.0182037773392,78.5339050946964
59.0182037773392,78.5646427996144
59.0182037773392,78.5953805045325
59.0182037773392,78.6261182094505
59.0182037773392,78.6568559143685
59.0182037773392,78.6875936192865
59.0182037773392,78.7183313242046
59.0182037773392,78.7490690291226
59.0182037773392,78.7798067340406
59.0182037773392,78.8105444389586
59.0182037773392,78.8412821438767
59.0182037773392,78.8720198487947
59.0182037773392,78.9027575537127
59.0182037773392,78.9334952586307
59.0182037773392,78.9642329635488
59.0182037773392,78.9949706684668
59.0182037773392,79.0257083733848
59.0182037773392,79.0564460783028
59.0182037773392,79.0871837832209
59.0182037773392,79.1179214881389
59.0182037773392,79.1486591930569
59.0182037773392,79.1793968979749
59.0182037773392,79.2101346028929
59.0182037773392,79.240872307811
59.0182037773392,79.271610012729
59.0182037773392,79.302347717647
59.0182037773392,79.333085422565
59.0182037773392,79.3638231274831
59.0182037773392,79.3945608324011
59.0182037773392,79.4252985373191
59.0182037773392,79.4560362422371
59.0182037773392,79.4867739471552
59.0182037773392,79.5175116520732
59.0182037773392,79.5482493569912
59.0182037773392,79.5789870619092
59.0182037773392,79.6097247668273
59.0182037773392,79.6404624717453
59.0182037773392,79.6712001766633
59.0182037773392,79.7019378815813
59.0182037773392,79.7326755864994
59.0182037773392,79.7634132914174
59.0182037773392,79.7941509963354
59.0182037773392,79.8248887012534
59.0182037773392,79.8556264061715
59.0182037773392,79.8863641110895
59.0182037773392,79.9171018160075
59.0182037773392,79.9478395209255
59.0182037773392,79.9785772258436
59.0182037773392,80.0093149307616
59.0182037773392,80.0400526356796
59.0182037773392,80.0707903405976
59.0182037773392,80.1015280455157
59.0182037773392,80.1322657504337
59.0182037773392,80.1630034553517
59.0182037773392,80.1937411602697
59.0182037773392,80.2244788651878
59.0182037773392,80.2552165701058
59.0182037773392,80.2859542750238
59.0182037773392,80.3166919799418
59.0182037773392,80.3474296848599
59.0182037773392,80.3781673897779
59.0182037773392,80.4089050946959
59.0182037773392,80.4396427996139
59.0182037773392,80.470380504532
59.0182037773392,80.50111820945
59.0182037773392,80.531855914368
59.0182037773392,80.562593619286
59.0182037773392,80.5933313242041
59.0182037773392,80.6240690291221
59.0182037773392,80.6548067340401
59.0182037773392,80.6855444389581
59.0182037773392,80.7162821438762
59.0182037773392,80.7470198487942
59.0182037773392,80.7777575537122
59.0182037773392,80.8084952586302
59.0182037773392,80.8392329635483
59.0182037773392,80.8699706684663
59.0182037773392,80.9007083733843
59.0182037773392,80.9314460783023
59.0182037773392,80.9621837832204
59.0182037773392,80.9929214881384
59.0182037773392,81.0236591930564
59.0182037773392,81.0543968979744
59.0182037773392,81.0851346028925
59.0182037773392,81.1158723078105
59.0182037773392,81.1466100127285
59.0182037773392,81.1773477176465
59.0182037773392,81.2080854225646
59.0182037773392,81.2388231274826
59.0182037773392,81.2695608324006
59.0182037773392,81.3002985373186
59.0182037773392,81.3310362422366
59.0182037773392,81.3617739471547
59.0182037773392,81.3925116520727
59.0182037773392,81.4232493569907
59.0182037773392,81.4539870619087
59.0182037773392,81.4847247668268
59.0182037773392,81.5154624717448
59.0182037773392,81.5462001766628
59.0182037773392,81.5769378815808
59.0182037773392,81.6076755864989
59.0182037773392,81.6384132914169
59.0182037773392,81.6691509963349
59.0182037773392,81.6998887012529
59.0182037773392,81.730626406171
59.0182037773392,81.761364111089
59.0182037773392,81.792101816007
59.0182037773392,81.822839520925
59.0182037773392,81.8535772258431
59.0182037773392,81.8843149307611
59.0182037773392,81.9150526356791
59.0182037773392,81.9457903405971
59.0182037773392,81.9765280455152
59.0182037773392,82.0072657504332
59.0182037773392,82.0380034553512
59.0182037773392,82.0687411602692
59.0182037773392,82.0994788651873
59.0182037773392,82.1302165701053
59.0182037773392,82.1609542750233
59.0182037773392,82.1916919799413
59.0182037773392,82.2224296848594
59.0182037773392,82.2531673897774
59.0182037773392,82.2839050946954
59.0182037773392,82.3146427996134
59.0182037773392,82.3453805045315
59.0182037773392,82.3761182094495
59.0182037773392,82.4068559143675
59.0182037773392,82.4375936192855
59.0182037773392,82.4683313242036
59.0182037773392,82.4990690291216
59.0182037773392,82.5298067340396
59.0182037773392,82.5605444389576
59.0182037773392,82.5912821438757
59.0182037773392,82.6220198487937
59.0182037773392,82.6527575537117
59.0182037773392,82.6834952586297
59.0182037773392,82.7142329635478
59.0182037773392,82.7449706684658
59.0182037773392,82.7757083733838
59.0182037773392,82.8064460783018
59.0182037773392,82.8371837832199
59.0182037773392,82.8679214881379
59.0182037773392,82.8986591930559
59.0182037773392,82.9293968979739
59.0182037773392,82.960134602892
59.0182037773392,82.99087230781
59.0182037773392,83.021610012728
59.0182037773392,83.052347717646
59.0182037773392,83.0830854225641
59.0182037773392,83.1138231274821
59.0182037773392,83.1445608324001
59.0182037773392,83.1752985373181
59.0182037773392,83.2060362422362
59.0182037773392,83.2367739471542
59.0182037773392,83.2675116520722
59.0182037773392,83.2982493569902
59.0182037773392,83.3289870619083
59.0182037773392,83.3597247668263
59.0182037773392,83.3904624717443
59.0182037773392,83.4212001766623
59.0182037773392,83.4519378815803
59.0182037773392,83.4826755864984
59.0182037773392,83.5134132914164
59.0182037773392,83.5441509963344
59.0182037773392,83.5748887012524
59.0182037773392,83.6056264061705
59.0182037773392,83.6363641110885
59.0182037773392,83.6671018160065
59.0182037773392,83.6978395209245
59.0182037773392,83.7285772258426
59.0182037773392,83.7593149307606
59.0182037773392,83.7900526356786
59.0182037773392,83.8207903405966
59.0182037773392,83.8515280455147
59.0182037773392,83.8822657504327
59.0182037773392,83.9130034553507
59.0182037773392,83.9437411602687
59.0182037773392,83.9744788651868
59.0182037773392,84.0052165701048
59.0182037773392,84.0359542750228
59.0182037773392,84.0666919799408
59.0182037773392,84.0974296848589
59.0182037773392,84.1281673897769
59.0182037773392,84.1589050946949
59.0182037773392,84.1896427996129
59.0182037773392,84.220380504531
59.0182037773392,84.251118209449
59.0182037773392,84.281855914367
59.0182037773392,84.312593619285
59.0182037773392,84.3433313242031
59.0182037773392,84.3740690291211
59.0182037773392,84.4048067340391
59.0182037773392,84.4355444389571
59.0182037773392,84.4662821438752
59.0182037773392,84.4970198487932
59.0182037773392,84.5277575537112
59.0182037773392,84.5584952586292
59.0182037773392,84.5892329635473
59.0182037773392,84.6199706684653
59.0182037773392,84.6507083733833
59.0182037773392,84.6814460783013
59.0182037773392,84.7121837832194
59.0182037773392,84.7429214881374
59.0182037773392,84.7736591930554
59.0182037773392,84.8043968979734
59.0182037773392,84.8351346028915
59.0182037773392,84.8658723078095
59.0182037773392,84.8966100127275
59.0182037773392,84.9273477176455
59.0182037773392,84.9580854225636
59.0182037773392,84.9888231274816
59.0182037773392,85.0195608323996
59.0182037773392,85.0502985373176
59.0182037773392,85.0810362422357
59.0182037773392,85.1117739471537
59.0182037773392,85.1425116520717
59.0182037773392,85.1732493569897
59.0182037773392,85.2039870619078
59.0182037773392,85.2347247668258
59.0182037773392,85.2654624717438
59.0182037773392,85.2962001766618
59.0182037773392,85.3269378815799
59.0182037773392,85.3576755864979
59.0182037773392,85.3884132914159
59.0182037773392,85.4191509963339
59.0182037773392,85.449888701252
59.0182037773392,85.48062640617
59.0182037773392,85.511364111088
59.0182037773392,85.542101816006
59.0182037773392,85.572839520924
59.0182037773392,85.6035772258421
59.0182037773392,85.6343149307601
59.0182037773392,85.6650526356781
59.0182037773392,85.6957903405961
59.0182037773392,85.7265280455142
59.0182037773392,85.7572657504322
59.0182037773392,85.7880034553502
59.0182037773392,85.8187411602682
59.0182037773392,85.8494788651863
59.0182037773392,85.8802165701043
59.0182037773392,85.9109542750223
59.0182037773392,85.9416919799403
59.0182037773392,85.9724296848584
59.0182037773392,86.0031673897764
59.0182037773392,86.0339050946944
59.0182037773392,86.0646427996124
59.0182037773392,86.0953805045305
59.0182037773392,86.1261182094485
59.0182037773392,86.1568559143665
59.0182037773392,86.1875936192845
59.0182037773392,86.2183313242026
59.0182037773392,86.2490690291206
59.0182037773392,86.2798067340386
59.0182037773392,86.3105444389566
59.0182037773392,86.3412821438747
59.0182037773392,86.3720198487927
59.0182037773392,86.4027575537107
59.0182037773392,86.4334952586287
59.0182037773392,86.4642329635468
59.0182037773392,86.4949706684648
59.0182037773392,86.5257083733828
59.0182037773392,86.5564460783008
59.0182037773392,86.5871837832189
59.0182037773392,86.6179214881369
59.0182037773392,86.6486591930549
59.0182037773392,86.6793968979729
59.0182037773392,86.710134602891
59.0182037773392,86.740872307809
59.0182037773392,86.771610012727
59.0182037773392,86.802347717645
59.0182037773392,86.8330854225631
59.0182037773392,86.8638231274811
59.0182037773392,86.8945608323991
59.0182037773392,86.9252985373171
59.0182037773392,86.9560362422352
59.0182037773392,86.9867739471532
59.0182037773392,87.0175116520712
59.0182037773392,87.0482493569892
59.0182037773392,87.0789870619073
59.0182037773392,87.1097247668253
59.0182037773392,87.1404624717433
59.0182037773392,87.1712001766613
59.0182037773392,87.2019378815794
59.0182037773392,87.2326755864974
59.0182037773392,87.2634132914154
59.0182037773392,87.2941509963334
59.0182037773392,87.3248887012515
59.0182037773392,87.3556264061695
59.0182037773392,87.3863641110875
59.0182037773392,87.4171018160055
59.0182037773392,87.4478395209236
59.0182037773392,87.4785772258416
59.0182037773392,87.5093149307596
59.0182037773392,87.5400526356776
59.0182037773392,87.5707903405957
59.0182037773392,87.6015280455137
59.0182037773392,87.6322657504317
59.0182037773392,87.6630034553497
59.0182037773392,87.6937411602677
59.0182037773392,87.7244788651858
59.0182037773392,87.7552165701038
59.0182037773392,87.7859542750218
59.0182037773392,87.8166919799398
59.0182037773392,87.8474296848579
59.0182037773392,87.8781673897759
59.0182037773392,87.9089050946939
59.0182037773392,87.9396427996119
59.0182037773392,87.97038050453
59.0182037773392,88.001118209448
59.0182037773392,88.031855914366
59.0182037773392,88.062593619284
59.0182037773392,88.0933313242021
59.0182037773392,88.1240690291201
59.0182037773392,88.1548067340381
59.0182037773392,88.1855444389561
59.0182037773392,88.2162821438742
59.0182037773392,88.2470198487922
59.0182037773392,88.2777575537102
59.0182037773392,88.3084952586282
59.0182037773392,88.3392329635463
59.0182037773392,88.3699706684643
59.0182037773392,88.4007083733823
59.0182037773392,88.4314460783003
59.0182037773392,88.4621837832184
59.0182037773392,88.4929214881364
59.0182037773392,88.5236591930544
59.0182037773392,88.5543968979724
59.0182037773392,88.5851346028905
59.0182037773392,88.6158723078085
59.0182037773392,88.6466100127265
59.0182037773392,88.6773477176445
59.0182037773392,88.7080854225626
59.0182037773392,88.7388231274806
59.0182037773392,88.7695608323986
59.0182037773392,88.8002985373166
59.0182037773392,88.8310362422347
59.0182037773392,88.8617739471527
59.0182037773392,88.8925116520707
59.0182037773392,88.9232493569887
59.0182037773392,88.9539870619068
59.0182037773392,88.9847247668248
59.0182037773392,89.0154624717428
59.0182037773392,89.0462001766608
59.0182037773392,89.0769378815789
59.0182037773392,89.1076755864969
59.0182037773392,89.1384132914149
59.0182037773392,89.1691509963329
59.0182037773392,89.199888701251
59.0182037773392,89.230626406169
59.0182037773392,89.261364111087
59.0182037773392,89.292101816005
59.0182037773392,89.3228395209231
59.0182037773392,89.3535772258411
59.0182037773392,89.3843149307591
59.0182037773392,89.4150526356771
59.0182037773392,89.4457903405952
59.0182037773392,89.4765280455132
59.0182037773392,89.5072657504312
59.0182037773392,89.5380034553492
59.0182037773392,89.5687411602673
59.0182037773392,89.5994788651853
59.0182037773392,89.6302165701033
59.0182037773392,89.6609542750213
59.0182037773392,89.6916919799393
59.0182037773392,89.7224296848574
59.0182037773392,89.7531673897754
59.0182037773392,89.7839050946934
59.0182037773392,89.8146427996114
59.0182037773392,89.8453805045295
59.0182037773392,89.8761182094475
59.0182037773392,89.9068559143655
59.0182037773392,89.9375936192835
59.0182037773392,89.9683313242016
59.0182037773392,89.9990690291196
59.0182037773392,90.0298067340376
59.0182037773392,90.0605444389556
59.0182037773392,90.0912821438737
59.0182037773392,90.1220198487917
59.0182037773392,90.1527575537097
59.0182037773392,90.1834952586277
59.0182037773392,90.2142329635458
59.0182037773392,90.2449706684638
59.0182037773392,90.2757083733818
59.0182037773392,90.3064460782998
59.0182037773392,90.3371837832179
59.0182037773392,90.3679214881359
59.0182037773392,90.3986591930539
59.0182037773392,90.4293968979719
59.0182037773392,90.46013460289
59.0182037773392,90.490872307808
59.0182037773392,90.521610012726
59.0182037773392,90.552347717644
59.0182037773392,90.5830854225621
59.0182037773392,90.6138231274801
59.0182037773392,90.6445608323981
59.0182037773392,90.6752985373161
59.0182037773392,90.7060362422342
59.0182037773392,90.7367739471522
59.0182037773392,90.7675116520702
59.0182037773392,90.7982493569882
59.0182037773392,90.8289870619063
59.0182037773392,90.8597247668243
59.0182037773392,90.8904624717423
59.0182037773392,90.9212001766603
59.0182037773392,90.9519378815784
59.0182037773392,90.9826755864964
59.0182037773392,91.0134132914144
59.0182037773392,91.0441509963324
59.0182037773392,91.0748887012505
59.0182037773392,91.1056264061685
59.0182037773392,91.1363641110865
59.0182037773392,91.1671018160045
59.0182037773392,91.1978395209226
59.0182037773392,91.2285772258406
59.0182037773392,91.2593149307586
59.0182037773392,91.2900526356766
59.0182037773392,91.3207903405947
59.0182037773392,91.3515280455127
59.0182037773392,91.3822657504307
59.0182037773392,91.4130034553487
59.0182037773392,91.4437411602668
59.0182037773392,91.4744788651848
59.0182037773392,91.5052165701028
59.0182037773392,91.5359542750208
59.0182037773392,91.5666919799389
59.0182037773392,91.5974296848569
59.0182037773392,91.6281673897749
59.0182037773392,91.6589050946929
59.0182037773392,91.689642799611
59.0182037773392,91.720380504529
59.0182037773392,91.751118209447
59.0182037773392,91.781855914365
59.0182037773392,91.812593619283
59.0182037773392,91.8433313242011
59.0182037773392,91.8740690291191
59.0182037773392,91.9048067340371
59.0182037773392,91.9355444389551
59.0182037773392,91.9662821438732
59.0182037773392,91.9970198487912
59.0182037773392,92.0277575537092
59.0182037773392,92.0584952586272
59.0182037773392,92.0892329635453
59.0182037773392,92.1199706684633
59.0182037773392,92.1507083733813
59.0182037773392,92.1814460782993
59.0182037773392,92.2121837832174
59.0182037773392,92.2429214881354
59.0182037773392,92.2736591930534
59.0182037773392,92.3043968979714
59.0182037773392,92.3351346028895
59.0182037773392,92.3658723078075
59.0182037773392,92.3966100127255
59.0182037773392,92.4273477176435
59.0182037773392,92.4580854225616
59.0182037773392,92.4888231274796
59.0182037773392,92.5195608323976
59.0182037773392,92.5502985373156
59.0182037773392,92.5810362422337
59.0182037773392,92.6117739471517
59.0182037773392,92.6425116520697
59.0182037773392,92.6732493569877
59.0182037773392,92.7039870619058
59.0182037773392,92.7347247668238
59.0182037773392,92.7654624717418
59.0182037773392,92.7962001766598
59.0182037773392,92.8269378815779
59.0182037773392,92.8576755864959
59.0182037773392,92.8884132914139
59.0182037773392,92.9191509963319
59.0182037773392,92.94988870125
59.0182037773392,92.980626406168
59.0182037773392,93.011364111086
59.0182037773392,93.042101816004
59.0182037773392,93.0728395209221
59.0182037773392,93.1035772258401
59.0182037773392,93.1343149307581
59.0182037773392,93.1650526356761
59.0182037773392,93.1957903405942
59.0182037773392,93.2265280455122
59.0182037773392,93.2572657504302
59.0182037773392,93.2880034553482
59.0182037773392,93.3187411602663
59.0182037773392,93.3494788651843
59.0182037773392,93.3802165701023
59.0182037773392,93.4109542750203
59.0182037773392,93.4416919799384
59.0182037773392,93.4724296848564
59.0182037773392,93.5031673897744
59.0182037773392,93.5339050946924
59.0182037773392,93.5646427996105
59.0182037773392,93.5953805045285
59.0182037773392,93.6261182094465
59.0182037773392,93.6568559143645
59.0182037773392,93.6875936192826
59.0182037773392,93.7183313242006
59.0182037773392,93.7490690291186
59.0182037773392,93.7798067340366
59.0182037773392,93.8105444389547
59.0182037773392,93.8412821438727
59.0182037773392,93.8720198487907
59.0182037773392,93.9027575537087
59.0182037773392,93.9334952586267
59.0182037773392,93.9642329635448
59.0182037773392,93.9949706684628
59.0182037773392,94.0257083733808
59.0182037773392,94.0564460782988
59.0182037773392,94.0871837832169
59.0182037773392,94.1179214881349
59.0182037773392,94.1486591930529
59.0182037773392,94.1793968979709
59.0182037773392,94.210134602889
59.0182037773392,94.240872307807
59.0182037773392,94.271610012725
59.0182037773392,94.302347717643
59.0182037773392,94.3330854225611
59.0182037773392,94.3638231274791
59.0182037773392,94.3945608323971
59.0182037773392,94.4252985373151
59.0182037773392,94.4560362422332
59.0182037773392,94.4867739471512
59.0182037773392,94.5175116520692
59.0182037773392,94.5482493569872
59.0182037773392,94.5789870619053
59.0182037773392,94.6097247668233
59.0182037773392,94.6404624717413
59.0182037773392,94.6712001766593
59.0182037773392,94.7019378815774
59.0182037773392,94.7326755864954
59.0182037773392,94.7634132914134
59.0182037773392,94.7941509963314
59.0182037773392,94.8248887012495
59.0182037773392,94.8556264061675
59.0182037773392,94.8863641110855
59.0182037773392,94.9171018160035
59.0182037773392,94.9478395209216
59.0182037773392,94.9785772258396
59.0182037773392,95.0093149307576
59.0182037773392,95.0400526356756
59.0182037773392,95.0707903405937
59.0182037773392,95.1015280455117
59.0182037773392,95.1322657504297
59.0182037773392,95.1630034553477
59.0182037773392,95.1937411602658
59.0182037773392,95.2244788651838
59.0182037773392,95.2552165701018
59.0182037773392,95.2859542750198
59.0182037773392,95.3166919799379
59.0182037773392,95.3474296848559
59.0182037773392,95.3781673897739
59.0182037773392,95.4089050946919
59.0182037773392,95.43964279961
59.0182037773392,95.470380504528
59.0182037773392,95.501118209446
59.0182037773392,95.531855914364
59.0182037773392,95.5625936192821
59.0182037773392,95.5933313242001
59.0182037773392,95.6240690291181
59.0182037773392,95.6548067340361
59.0182037773392,95.6855444389542
59.0182037773392,95.7162821438722
59.0182037773392,95.7470198487902
59.0182037773392,95.7777575537082
59.0182037773392,95.8084952586263
59.0182037773392,95.8392329635443
59.0182037773392,95.8699706684623
59.0182037773392,95.9007083733803
59.0182037773392,95.9314460782984
59.0182037773392,95.9621837832164
59.0182037773392,95.9929214881344
59.0182037773392,96.0236591930524
59.0182037773392,96.0543968979704
59.0182037773392,96.0851346028885
59.0182037773392,96.1158723078065
59.0182037773392,96.1466100127245
59.0182037773392,96.1773477176425
59.0182037773392,96.2080854225606
59.0182037773392,96.2388231274786
59.0182037773392,96.2695608323966
59.0182037773392,96.3002985373146
59.0182037773392,96.3310362422327
59.0182037773392,96.3617739471507
59.0182037773392,96.3925116520687
59.0182037773392,96.4232493569867
59.0182037773392,96.4539870619048
59.0182037773392,96.4847247668228
59.0182037773392,96.5154624717408
59.0182037773392,96.5462001766588
59.0182037773392,96.5769378815769
59.0182037773392,96.6076755864949
59.0182037773392,96.6384132914129
59.0182037773392,96.6691509963309
59.0182037773392,96.699888701249
59.0182037773392,96.730626406167
59.0182037773392,96.761364111085
59.0182037773392,96.792101816003
59.0182037773392,96.8228395209211
59.0182037773392,96.8535772258391
59.0182037773392,96.8843149307571
59.0182037773392,96.9150526356751
59.0182037773392,96.9457903405932
59.0182037773392,96.9765280455112
59.0182037773392,97.0072657504292
59.0182037773392,97.0380034553472
59.0182037773392,97.0687411602653
59.0182037773392,97.0994788651833
59.0182037773392,97.1302165701013
59.0182037773392,97.1609542750193
59.0182037773392,97.1916919799374
59.0182037773392,97.2224296848554
59.0182037773392,97.2531673897734
59.0182037773392,97.2839050946914
59.0182037773392,97.3146427996095
59.0182037773392,97.3453805045275
59.0182037773392,97.3761182094455
59.0182037773392,97.4068559143635
59.0182037773392,97.4375936192816
59.0182037773392,97.4683313241996
59.0182037773392,97.4990690291176
59.0182037773392,97.5298067340356
59.0182037773392,97.5605444389537
59.0182037773392,97.5912821438717
59.0182037773392,97.6220198487897
59.0182037773392,97.6527575537077
59.0182037773392,97.6834952586258
59.0182037773392,97.7142329635438
59.0182037773392,97.7449706684618
59.0182037773392,97.7757083733798
59.0182037773392,97.8064460782979
59.0182037773392,97.8371837832159
59.0182037773392,97.8679214881339
59.0182037773392,97.8986591930519
59.0182037773392,97.92939689797
59.0182037773392,97.960134602888
59.0182037773392,97.990872307806
59.0182037773392,98.021610012724
59.0182037773392,98.052347717642
59.0182037773392,98.0830854225601
59.0182037773392,98.1138231274781
59.0182037773392,98.1445608323961
59.0182037773392,98.1752985373141
59.0182037773392,98.2060362422322
59.0182037773392,98.2367739471502
59.0182037773392,98.2675116520682
59.0182037773392,98.2982493569862
59.0182037773392,98.3289870619043
59.0182037773392,98.3597247668223
59.0182037773392,98.3904624717403
59.0182037773392,98.4212001766583
59.0182037773392,98.4519378815764
59.0182037773392,98.4826755864944
59.0182037773392,98.5134132914124
59.0182037773392,98.5441509963304
59.0182037773392,98.5748887012485
59.0182037773392,98.6056264061665
59.0182037773392,98.6363641110845
59.0182037773392,98.6671018160025
59.0182037773392,98.6978395209206
59.0182037773392,98.7285772258386
59.0182037773392,98.7593149307566
59.0182037773392,98.7900526356746
59.0182037773392,98.8207903405927
59.0182037773392,98.8515280455107
59.0182037773392,98.8822657504287
59.0182037773392,98.9130034553467
59.0182037773392,98.9437411602648
59.0182037773392,98.9744788651828
59.0182037773392,99.0052165701008
59.0182037773392,99.0359542750188
59.0182037773392,99.0666919799369
59.0182037773392,99.0974296848549
59.0182037773392,99.1281673897729
59.0182037773392,99.1589050946909
59.0182037773392,99.189642799609
59.0182037773392,99.220380504527
59.0182037773392,99.251118209445
59.0182037773392,99.281855914363
59.0182037773392,99.3125936192811
59.0182037773392,99.3433313241991
59.0182037773392,99.3740690291171
59.0182037773392,99.4048067340351
59.0182037773392,99.4355444389532
59.0182037773392,99.4662821438712
59.0182037773392,99.4970198487892
59.0182037773392,99.5277575537072
59.0182037773392,99.5584952586253
59.0182037773392,99.5892329635433
59.0182037773392,99.6199706684613
59.0182037773392,99.6507083733793
59.0182037773392,99.6814460782974
59.0182037773392,99.7121837832154
59.0182037773392,99.7429214881334
59.0182037773392,99.7736591930514
59.0182037773392,99.8043968979695
59.0182037773392,99.8351346028875
59.0182037773392,99.8658723078055
59.0182037773392,99.8966100127235
59.0182037773392,99.9273477176416
59.0182037773392,99.9580854225596
59.0182037773392,99.9888231274776
