0,0
0,0.0307377049180251
0,0.0614754026444906
1.10326090011858e-30,0.0922130915031746
-1.08102447030511e-22,0.12295077262892
-2.78553905025858e-22,0.153688446447238
-9.97178109076963e-21,0.184426112869539
6.35043419104238e-20,0.215163773445103
3.78140347326661e-19,0.245901429038573
-2.96927702420809e-19,0.276639080138761
-6.10795924571354e-18,0.307376727459582
-1.62806114980867e-17,0.338114359864609
4.77583969530198e-20,0.368851992707736
1.18677710371793e-16,0.399589631678717
3.7927054284692e-16,0.430327246543991
5.34989840243666e-16,0.461064847203723
-2.40069867732564e-16,0.491802452251672
-3.18498864305301e-15,0.522540072414903
-8.60425021541217e-15,0.553277677771787
-1.31137979301531e-14,0.584015280960801
-6.86174642871657e-15,0.614752891443552
2.56213834806496e-14,0.645490506890791
9.60342101525061e-14,0.676228121511202
1.91765551089845e-13,0.706965732633157
2.49320655858951e-13,0.737703330322733
1.39025446476971e-13,0.768440926121015
-3.10568375754811e-13,0.799178509275491
-1.21996151546144e-12,0.829916085562755
-2.49035512152884e-12,0.860653652254191
-3.59988643611768e-12,0.891391227206142
-3.46986640779276e-12,0.922128829397608
-5.63013041296008e-13,0.952866422332492
6.6174324840441e-12,0.98360400713844
1.85444233224107e-11,1.01434158672587
3.33176116490903e-11,1.04507916613936
4.53616506849593e-11,1.07581673441805
4.48958383472011e-11,1.10655426880828
1.90825283583552e-11,1.13729179474416
-4.4346834394543e-11,1.16802932927947
-1.50729918674877e-10,1.19876688669745
-2.90128215681974e-10,1.2295044770101
-4.29101195013374e-10,1.26024208299507
-5.06059130122242e-10,1.29097969892604
-4.3450752941629e-10,1.32171731561786
-1.18255395448721e-10,1.35245493586377
5.19174884713326e-10,1.38319256196483
1.49233548295394e-09,1.41393018737171
2.70538971149896e-09,1.44466781031773
3.90972076142707e-09,1.47540542910367
4.68484244367971e-09,1.50614304088319
4.46200111104945e-09,1.53688064796309
2.60738478704366e-09,1.56761825263312
-1.42663545636881e-09,1.59835585732007
-7.88862329841987e-09,1.62909346441944
-1.64798555045854e-08,1.65983107587321
-2.61190494539962e-08,1.69056869303459
-3.47877213535851e-08,1.72130631602067
-3.9534903574935e-08,1.752043930029
-3.67166679096297e-08,1.78278153965786
-2.25237915413498e-08,1.81351914770028
6.19232013580605e-09,1.8442567582142
5.08478034816777e-08,1.87499436815741
1.09936179528202e-07,1.90573197694525
1.77924341816159e-07,1.93646958730067
2.44502777273868e-07,1.96720719998004
2.94491488921286e-07,1.99794480639783
3.08689574893687e-07,2.02868241370161
2.6588474811168e-07,2.05942002693463
1.46102635772447e-07,2.090157614454
-6.50196416095787e-08,2.12089516256612
-3.71087873893629e-07,2.15163267996317
-7.5963823138666e-07,2.18237017423565
-1.19749239809586e-06,2.21310765192409
-1.62777920626705e-06,2.24384511839528
-1.96967637036227e-06,2.27458257806844
-2.12183229971639e-06,2.30532003478346
-1.97016038524592e-06,2.33605749164784
-1.40024958362389e-06,2.36679495110883
-3.14027716693962e-07,2.39753241488965
1.35039867922942e-06,2.42826988408989
3.59755121712485e-06,2.45900735954531
6.35455665651957e-06,2.48974484196755
9.4553850268145e-06,2.5204823318947
1.26327942628118e-05,2.55121982970986
1.5521488143232e-05,2.58195733570945
1.76757011475725e-05,2.61269484649662
1.86037018231832e-05,2.64343235736561
1.78204567086461e-05,2.67416986725216
1.4917940933105e-05,2.70490737622574
9.65061749548924e-06,2.73564488553255
2.03172683536362e-06,2.76638239763607
-7.56656621587169e-06,2.79711976567374
-1.83186317141127e-05,2.82785713416178
-2.88651793126278e-05,2.8585945337486
-3.72377635355913e-05,2.88933206172315
-4.07498134945815e-05,2.92006936888128
-3.58050900140983e-05,2.95080668417878
-1.76001544052227e-05,2.98154392219525
2.02715702633444e-05,3.01228108199291
8.62911317816425e-05,3.04301821208684
0.000191540617392105,3.07375549829149
0.000350250478104023,3.10449286551245
0.000580308824062196,3.13523016445576
0.000903803253420956,3.16596714740927
0.00134781537277505,3.19670457633808
0.00194576571107337,3.22744200424542
0.00273925613174351,3.25817941320776
0.0037803023718972,3.28891680588521
0.00513400417084811,3.31965369793877
0.00688136261939202,3.350391072791
0.00912261353261272,3.38112839268137
0.0119809490762543,3.41186568739393
0.0156070076298508,3.44260298860777
0.0201844399397615,3.47334014149787
0.0259360544373254,3.50407742470298
0.0331306411008735,3.53481468862332
0.0420906062829753,3.56555192634743
0.053201296448268,3.59628891260648
0.0669198084791125,3.6270257239484
0.0837788720001039,3.65776266549923
0.104385027722731,3.68849927354834
0.129409876472088,3.71923565746617
0.159577626738264,3.74997190169658
0.195650574824598,3.78070810144028
0.238413305236188,3.81144431679786
0.288657119393714,3.84218036080358
0.347162704485187,3.8729162958407
0.414681636654386,3.90365221412363
0.491917227820075,3.93438816078786
0.579507420668963,3.96512405869316
0.678012572195299,3.99585982450166
0.787909128537836,4.02659551840843
0.909590167154782,4.05733120677453
1.04337060493123,4.08806690362679
1.18949804496273,4.11880242694803
1.34816154341108,4.14953786138868
1.51950078078829,4.18027328238112
1.70361315723163,4.21100873687556
1.90056245526739,4.24174408332666
2.11038436986458,4.27247931559196
2.33309053281598,4.30321451027035
2.56867159041619,4.33394973276156
2.81709906617256,4.3646849731165
3.07833038645974,4.39542006569581
3.3523078381473,4.42615508847433
3.63895857465753,4.45689010446601
3.93819250535356,4.4876251662289
4.24990368796561,4.51836016960823
4.57397100138015,4.54909507250232
4.91025854990695,4.57982992332984
5.25862105020975,4.6105647313881
5.61890084165042,4.64129966678727
5.99093815122643,4.67203447932213
6.37456812873355,4.7027691187347
6.76963375044636,4.73350329878643
7.17596984262417,4.76423741610519
7.59341448415278,4.79497126303433
8.02179790084451,4.82570494823373
8.46095382697516,4.85643813532901
8.91071295279406,4.88717093383661
9.3709054083389,4.91790344805005
9.84134988270334,4.94863593566127
10.3218672822119,4.97936805674714
10.8122797875285,5.01009973452064
11.3124122942905,5.04083101333195
11.8220857548774,5.07156208503904
12.3411197642297,5.10229283682488
12.8693410789037,5.13302299177016
13.4065688910005,5.16375262569505
13.9526222646226,5.19448141982882
14.5073201920682,5.22520923960627
15.0704705720853,5.25593619685177
15.6418776398562,5.28666212122003
16.2213297378199,5.31738716874571
16.8086104324212,5.3481112965677
17.4035119663383,5.37883454741776
18.0058325090593,5.4095570778678
18.6153897625491,5.44027865514744
19.2319845334082,5.4709996207281
19.8554157982274,5.50171959837788
20.4854565184601,5.53243875830979
21.1218414064926,5.56315701591134
21.7642476775956,5.59387408836492
22.4122045365963,5.62459030799982
23.06502431689,5.65530566255189
23.7217974182178,5.68601978667115
24.3813701034082,5.71673302252501
25.0423871293516,5.74744517362054
25.703313786192,5.77815659264968
26.3624621679652,5.80886794523608
27.0179628804105,5.83958018786364
27.6678444356979,5.87029206825974
28.3099361212538,5.90100381198948
28.9418297769326,5.93171631854818
29.5611778320593,5.96243066916953
30.1660974359857,5.99314808704017
30.7552834007801,6.02386996536812
31.3279811179884,6.05459599394013
31.8838065384085,6.08532627816087
32.422691947791,6.11605907572568
32.944834939093,6.14679232468394
33.4505773860176,6.17752591921767
33.9403461424437,6.208259673585
34.4145883350621,6.23899374689626
34.8737226629894,6.2697282627783
35.3181160119646,6.30046332236332
35.7480814535591,6.33119878520721
36.1639141770974,6.36193450965775
36.5659536617798,6.39267060072746
36.9545809637976,6.42340714152221
37.3301701976768,6.4541441944124
37.6930504198218,6.48488178253761
38.0434963547553,6.51561942150638
38.3817061355043,6.54635704127625
38.7078053798409,6.57709477322541
39.0218872660528,6.60783269094243
39.3240283046835,6.63857074645873
39.6142759379489,6.66930872545924
39.8926326923818,6.70004656914786
40.1590526921598,6.73078430110581
40.4134585249083,6.76152196021388
40.6557856289509,6.79225957685936
40.8860400720114,6.82299714415037
41.10433722369,6.85373465052072
41.3109061149087,6.88447212174716
41.506070408671,6.91520957765008
41.6902206704714,6.94594701655634
41.8637873287512,6.97668440603942
42.0272176034863,7.00742176791803
42.1809591662957,7.03815912037211
42.3254492271573,7.06889647204824
42.4611091372332,7.09963377338545
42.5883418169763,7.13037104681232
42.7075320621461,7.16110830940606
42.8190479767017,7.19184557560534
42.9232435060486,7.22258280960963
43.0204611169928,7.25332001382688
43.1110361078038,7.28405720439418
43.1953023887195,7.3147943880006
43.2735961612336,7.34553157643691
43.3462562647799,7.37626873338621
43.4136216720158,7.40700586878163
43.4760281381554,7.43774299778926
43.53380457212,7.46848013302595
43.5872693582308,7.49921728494286
43.6367267932517,7.52995445607399
43.6824647230431,7.5606915280259
43.7247525600799,7.59142849895577
43.7638405153526,7.6221653999454
43.7999599990292,7.65290225308213
43.8333249562804,7.6836390748467
43.8641338612186,7.71437587978318
43.8925720123417,7.74511268280205
43.9188137473074,7.77584949906997
43.9430242457627,7.80658634219879
43.9653606898035,7.83732322226806
43.9859728139426,7.86806011133763
44.0050028990516,7.89879697533944
44.0225853134755,7.92953383157347
44.0388459242736,7.96027069372116
44.0539015231709,7.99100757149168
44.0678594080442,8.0217444708539
44.0808172040642,8.05248139470403
44.09286295508,8.08321834373744
44.1040754715768,8.11395531729068
44.1145248896817,8.14469231402028
44.1242733789839,8.17542933238864
44.1333759355181,8.2061663709823
44.1418812054372,8.23690342870116
44.1498322983087,8.26764050485201
44.1572675632577,8.29837759917019
44.1642213137514,8.32911471178671
44.1707244927181,8.3598518431552
44.1768052693606,8.39058899395273
44.1824895600802,8.42132616496873
44.1878014696097,8.45206335699577
44.1927636498982,8.48280057073392
44.1973975743739,8.51353780671742
44.2017237285047,8.54427506526839
44.2057617246461,8.57501234530286
44.2095303532758,8.60574964464091
44.2130475892471,8.63648695334197
44.216330567025,8.66722426297449
44.2193955377275,8.69796157592459
44.2222578301746,8.72869888280994
44.2249318173376,8.75943618737389
44.2274309004339,8.79017349269336
44.2297675119116,8.8209108012565
44.2319531371863,8.8516481150513
44.2339983529215,8.88238543565338
44.2359128783575,8.91312276430511
44.2377056355916,8.94386010198189
44.2393848146928,8.97459744944457
44.2409579399927,9.00533480727896
44.2424319346547,9.03607217592492
44.2438131813099,9.06680955569722
44.2451075783251,9.09754694207592
44.2463205904505,9.12828433238924
44.2474572938337,9.15902172834633
44.2485224161144,9.18975913133234
44.2495203714314,9.22049654229183
44.2504552914883,9.25123395500312
44.2513310511154,9.28197137135648
44.2521512909708,9.31270878186906
44.2529194356121,9.3434461873748
44.2536387085845,9.37418359077914
44.2543121449688,9.40492099448997
44.2549426019072,9.43565840045502
44.2555327676346,9.46639581000855
44.2560851696605,9.49713322166921
44.2566021822513,9.52787063532489
44.2570860335432,9.55860805130025
44.2575388128928,9.5893454636216
44.2579624778762,9.6200828745241
44.25835886153,9.65082028589075
44.2587296796817,9.68155769929545
44.2590765383302,9.71229511604449
44.2594009410018,9.74303253721469
44.2597042959895,9.77376996368689
44.2599879233701,9.80450739617448
44.2602530616948,9.83524483524724
44.2605008742619,9.86598228135104
44.2607324548993,9.89671973482415
44.2609488332059,9.9274571959109
44.2611509792292,9.95819466477328
44.261339807577,9.98893214150115
44.2615161809829,10.0196696261214
44.2616809133602,10.0504071186061
44.2618347723927,10.0811446188809
44.2619784817189,10.1118821268318
44.262112722773,10.1426196423131
44.2622381363477,10.1733571651532
44.2623553239488,10.2040946951622
44.2624648489872,10.2348322321367
44.2625672379573,10.2655697702194
44.2626629815275,10.2963073099158
44.2627525356899,10.3270448520286
44.2628363229918,10.3577823972398
44.2629147338803,10.3885199461198
44.2629881281835,10.4192574991373
44.2630568367384,10.4499950566679
44.2631211631622,10.4807326190043
44.2631813857558,10.5114701863643
44.2632377595136,10.5422077589011
44.2632905182104,10.5729453367115
44.263339876525,10.6036829198447
44.2633860321617,10.6344205083104
44.2634291679229,10.6651581020858
44.2634694536929,10.6958957011219
44.2635070482889,10.7266333053484
44.2635421011468,10.7573709146781
44.2635747538102,10.7881085290095
44.2636051412029,10.8188461482289
44.2636333926724,10.8495837722117
44.2636596328013,10.8803214008233
44.2636839819935,10.9110590339192
44.2637065568483,10.9417966713454
44.2637274703451,10.9725343129389
44.2637468318639,11.0032719585283
44.2637647470718,11.0340096079087
44.2637813177105,11.0647472591511
44.2637966413123,11.0954849123565
44.263810810881,11.1262225675939
44.2638239145646,11.1569602263546
44.2638360353529,11.1876978873126
44.2638472508204,11.2184355504134
44.2638576329369,11.2491732155947
44.2638672479629,11.2799108827884
44.2638761564411,11.3106485519226
44.2638844132899,11.3413862229236
44.2638920679993,11.3721238957181
44.2638991649225,11.402861570234
44.2639057436535,11.4335992464025
44.2639118394728,11.4643369241579
44.2639174838429,11.4950746034391
44.263922704931,11.5258122841893
44.2639275281374,11.5565499663557
44.2639319766063,11.5872876498897
44.2639360717021,11.6180253347461
44.263939833434,11.6487630208818
44.2639432808166,11.6795007082559
44.2639464321613,11.7102383968282
44.2639493052934,11.7409760865586
44.2639519176978,11.7717137774061
44.2639542865986,11.8024514693288
44.2639564289788,11.8331891622826
44.2639583615525,11.8639268562216
44.2639601006994,11.8946645510978
44.2639616623735,11.925402246861
44.2639630619987,11.9561399434595
44.26396431436,11.9868776408398
44.2639654335011,12.0176153389481
44.2639664326351,12.0483530377299
44.2639673240733,12.0790907371314
44.263968119177,12.1098284370995
44.263968828332,12.140566137583
44.2639694609476,12.1713038385328
44.2639700254769,12.2020415399025
44.263970529457,12.2327792416485
44.2639709795644,12.2635169437308
44.2639713816828,12.2942546461126
44.2639717409782,12.3249923487609
44.2639720619776,12.3557300516459
44.2639723486488,12.3864677547414
44.2639726044761,12.417205458024
44.2639728325318,12.4479431614736
44.2639730355396,12.4786808650724
44.263973215931,12.5094185688052
44.2639733758924,12.5401562726585
44.2639735174039,12.5708939766208
44.2639736422702,12.6016316806817
44.2639737521446,12.6323693848322
44.2639738485466,12.6631070890643
44.263973932875,12.6938447933706
44.263974006417,12.7245824977444
44.2639740703547,12.7553202021795
44.2639741257706,12.7860579066657
44.2639741736508,12.8167956111723
44.2639742148895,12.8475333156868
44.2639742502926,12.8782710202106
44.2639742805825,12.9090087247445
44.2639743064027,12.9397464292894
44.2639743283234,12.970484133846
44.2639743468475,13.0012218384146
44.2639743624169,13.0319595429958
44.2639743754184,13.0626972475897
44.2639743861905,13.0934349521965
44.2639743950287,13.1241726568162
44.2639744021913,13.1549103614489
44.2639744079047,13.1856480660945
44.2639744123673,13.2163857707528
44.2639744157536,13.2471234754236
44.2639744182176,13.2778611801066
44.2639744198953,13.3085988848016
44.2639744209069,13.3393365895082
44.2639744213587,13.3700742942261
44.2639744213449,13.4008119989549
44.2639744209483,13.4315497036942
44.2639744202416,13.4622874084437
44.2639744192884,13.4930251132029
44.2639744181436,13.5237628179715
44.2639744168549,13.554500522749
44.2639744154626,13.5852382275351
44.2639744140011,13.6159759323294
44.2639744124991,13.6467136371315
44.2639744109803,13.677451341941
44.2639744094642,13.7081890467575
44.2639744079664,13.7389267515808
44.2639744064995,13.7696644564105
44.2639744050732,13.8004021612461
44.2639744036949,13.8311398660874
44.2639744023704,13.8618775709342
44.2639744011034,13.8926152757859
44.2639743998967,13.9233529806425
44.2639743987518,13.9540906855035
44.2639743976694,13.9848283903688
44.2639743966494,14.015566095238
44.2639743956911,14.046303800111
44.2639743947935,14.0770415049874
44.2639743939548,14.107779209867
44.2639743931734,14.1385169147497
44.263974392447,14.1692546196353
44.2639743917733,14.1999923245235
44.26397439115,14.2307300294141
44.2639743905744,14.2614677343071
44.2639743900441,14.2922054392021
44.2639743895565,14.3229431440992
44.263974389109,14.3536808489981
44.2639743886992,14.3844185538987
44.2639743883245,14.4151562588009
44.2639743879827,14.4458939637045
44.2639743876714,14.4766316686095
44.2639743873886,14.5073693735158
44.2639743871321,14.5381070784232
44.2639743868999,14.5688447833316
44.2639743866903,14.599582488241
44.2639743865014,14.6303201931513
44.2639743863315,14.6610578980625
44.2639743861791,14.6917956029743
44.2639743860427,14.7225333078869
44.2639743859209,14.7532710128001
44.2639743858124,14.7840087177139
44.263974385716,14.8147464226281
44.2639743856306,14.8454841275429
44.2639743855551,14.8762218324581
44.2639743854887,14.9069595373736
44.2639743854304,14.9376972422895
44.2639743853794,14.9684349472058
44.263974385335,14.9991726521223
44.2639743852965,15.029910357039
44.2639743852633,15.0606480619559
44.2639743852349,15.0913857668728
44.2639743852108,15.1221234717898
44.2639743851905,15.152861176707
44.2639743851735,15.1835988816241
44.2639743851596,15.2143365865414
44.2639743851483,15.2450742914587
44.2639743851394,15.2758119963761
44.2639743851326,15.3065497012935
44.2639743851276,15.337287406211
44.2639743851241,15.3680251111285
44.263974385122,15.398762816046
44.2639743851211,15.4295005209636
44.2639743851212,15.4602382258813
44.2639743851222,15.4909759307989
44.2639743851238,15.5217136357166
44.2639743851261,15.5524513406343
44.2639743851289,15.5831890455521
44.263974385132,15.6139267504698
44.2639743851355,15.6446644553876
44.2639743851392,15.6754021603054
44.2639743851431,15.7061398652232
44.2639743851471,15.7368775701411
44.2639743851512,15.7676152750589
44.2639743851554,15.7983529799768
44.2639743851596,15.8290906848947
44.2639743851638,15.8598283898125
44.2639743851679,15.8905660947304
44.263974385172,15.9213037996483
44.263974385176,15.9520415045663
44.2639743851799,15.9827792094842
44.2639743851837,16.0135169144021
44.2639743851874,16.0442546193201
44.2639743851909,16.074992324238
44.2639743851943,16.105730029156
44.2639743851976,16.1364677340739
44.2639743852008,16.1672054389919
44.2639743852038,16.1979431439098
44.2639743852067,16.2286808488278
44.2639743852094,16.2594185537458
44.263974385212,16.2901562586637
44.2639743852145,16.3208939635817
44.2639743852169,16.3516316684997
44.2639743852191,16.3823693734177
44.2639743852212,16.4131070783356
44.2639743852231,16.4438447832536
44.263974385225,16.4745824881716
44.2639743852268,16.5053201930896
44.2639743852284,16.5360578980076
44.26397438523,16.5667956029256
44.2639743852314,16.5975333078436
44.2639743852328,16.6282710127616
44.263974385234,16.6590087176796
44.2639743852352,16.6897464225976
44.2639743852363,16.7204841275156
44.2639743852374,16.7512218324336
44.2639743852383,16.7819595373516
44.2639743852392,16.8126972422696
44.26397438524,16.8434349471876
44.2639743852408,16.8741726521056
44.2639743852415,16.9049103570236
44.2639743852422,16.9356480619416
44.2639743852428,16.9663857668596
44.2639743852433,16.9971234717777
44.2639743852438,17.0278611766957
44.2639743852443,17.0585988816137
44.2639743852448,17.0893365865317
44.2639743852452,17.1200742914497
44.2639743852455,17.1508119963677
44.2639743852459,17.1815497012858
44.2639743852462,17.2122874062038
44.2639743852464,17.2430251111218
44.2639743852467,17.2737628160398
44.2639743852469,17.3045005209578
44.2639743852471,17.3352382258759
44.2639743852473,17.3659759307939
44.2639743852475,17.3967136357119
44.2639743852477,17.4274513406299
44.2639743852478,17.4581890455479
44.2639743852479,17.488926750466
44.263974385248,17.519664455384
44.2639743852481,17.550402160302
44.2639743852482,17.58113986522
44.2639743852483,17.6118775701381
44.2639743852484,17.6426152750561
44.2639743852485,17.6733529799741
44.2639743852485,17.7040906848921
44.2639743852486,17.7348283898102
44.2639743852486,17.7655660947282
44.2639743852486,17.7963037996462
44.2639743852487,17.8270415045642
44.2639743852487,17.8577792094823
44.2639743852487,17.8885169144003
44.2639743852487,17.9192546193183
44.2639743852487,17.9499923242363
44.2639743852487,17.9807300291544
44.2639743852487,18.0114677340724
44.2639743852488,18.0422054389904
44.2639743852488,18.0729431439084
44.2639743852488,18.1036808488264
44.2639743852488,18.1344185537445
44.2639743852488,18.1651562586625
44.2639743852487,18.1958939635805
44.2639743852487,18.2266316684985
44.2639743852487,18.2573693734166
44.2639743852487,18.2881070783346
44.2639743852487,18.3188447832526
44.2639743852487,18.3495824881706
44.2639743852487,18.3803201930887
44.2639743852487,18.4110578980067
44.2639743852487,18.4417956029247
44.2639743852487,18.4725333078427
44.2639743852487,18.5032710127608
44.2639743852487,18.5340087176788
44.2639743852487,18.5647464225968
44.2639743852487,18.5954841275148
44.2639743852486,18.6262218324329
44.2639743852486,18.6569595373509
44.2639743852486,18.6876972422689
44.2639743852486,18.7184349471869
44.2639743852486,18.749172652105
44.2639743852486,18.779910357023
44.2639743852486,18.810648061941
44.2639743852486,18.841385766859
44.2639743852486,18.8721234717771
44.2639743852486,18.9028611766951
44.2639743852486,18.9335988816131
44.2639743852486,18.9643365865311
44.2639743852486,18.9950742914492
44.2639743852486,19.0258119963672
44.2639743852485,19.0565497012852
44.2639743852485,19.0872874062032
44.2639743852485,19.1180251111213
44.2639743852485,19.1487628160393
44.2639743852485,19.1795005209573
44.2639743852485,19.2102382258753
44.2639743852485,19.2409759307934
44.2639743852485,19.2717136357114
44.2639743852485,19.3024513406294
44.2639743852485,19.3331890455474
44.2639743852485,19.3639267504655
44.2639743852485,19.3946644553835
44.2639743852485,19.4254021603015
44.2639743852485,19.4561398652195
44.2639743852485,19.4868775701376
44.2639743852485,19.5176152750556
44.2639743852485,19.5483529799736
44.2639743852485,19.5790906848916
44.2639743852485,19.6098283898097
44.2639743852485,19.6405660947277
44.2639743852485,19.6713037996457
44.2639743852485,19.7020415045637
44.2639743852485,19.7327792094818
44.2639743852485,19.7635169143998
44.2639743852485,19.7942546193178
44.2639743852485,19.8249923242358
44.2639743852485,19.8557300291539
44.2639743852485,19.8864677340719
44.2639743852485,19.9172054389899
44.2639743852485,19.9479431439079
44.2639743852485,19.978680848826
44.2639743852485,20.009418553744
44.2639743852485,20.040156258662
44.2639743852485,20.07089396358
44.2639743852485,20.1016316684981
44.2639743852485,20.1323693734161
44.2639743852485,20.1631070783341
44.2639743852485,20.1938447832521
44.2639743852485,20.2245824881701
44.2639743852485,20.2553201930882
44.2639743852485,20.2860578980062
44.2639743852485,20.3167956029242
44.2639743852485,20.3475333078422
44.2639743852485,20.3782710127603
44.2639743852485,20.4090087176783
44.2639743852485,20.4397464225963
44.2639743852485,20.4704841275143
44.2639743852485,20.5012218324324
44.2639743852485,20.5319595373504
44.2639743852485,20.5626972422684
44.2639743852485,20.5934349471864
44.2639743852485,20.6241726521045
44.2639743852485,20.6549103570225
44.2639743852485,20.6856480619405
44.2639743852485,20.7163857668585
44.2639743852485,20.7471234717766
44.2639743852485,20.7778611766946
44.2639743852485,20.8085988816126
44.2639743852485,20.8393365865306
44.2639743852485,20.8700742914487
44.2639743852485,20.9008119963667
44.2639743852485,20.9315497012847
44.2639743852485,20.9622874062027
44.2639743852485,20.9930251111208
44.2639743852485,21.0237628160388
44.2639743852485,21.0545005209568
44.2639743852485,21.0852382258748
44.2639743852485,21.1159759307929
44.2639743852485,21.1467136357109
44.2639743852485,21.1774513406289
44.2639743852485,21.2081890455469
44.2639743852485,21.238926750465
44.2639743852485,21.269664455383
44.2639743852485,21.300402160301
44.2639743852485,21.331139865219
44.2639743852485,21.3618775701371
44.2639743852485,21.3926152750551
44.2639743852485,21.4233529799731
44.2639743852485,21.4540906848911
44.2639743852485,21.4848283898092
44.2639743852485,21.5155660947272
44.2639743852485,21.5463037996452
44.2639743852485,21.5770415045632
44.2639743852485,21.6077792094813
44.2639743852485,21.6385169143993
44.2639743852485,21.6692546193173
44.2639743852485,21.6999923242353
44.2639743852485,21.7307300291534
44.2639743852485,21.7614677340714
44.2639743852485,21.7922054389894
44.2639743852485,21.8229431439074
44.2639743852485,21.8536808488255
44.2639743852485,21.8844185537435
44.2639743852485,21.9151562586615
44.2639743852485,21.9458939635795
44.2639743852485,21.9766316684976
44.2639743852485,22.0073693734156
44.2639743852485,22.0381070783336
44.2639743852485,22.0688447832516
44.2639743852485,22.0995824881697
44.2639743852485,22.1303201930877
44.2639743852485,22.1610578980057
44.2639743852485,22.1917956029237
44.2639743852485,22.2225333078418
44.2639743852485,22.2532710127598
44.2639743852485,22.2840087176778
44.2639743852485,22.3147464225958
44.2639743852485,22.3454841275138
44.2639743852485,22.3762218324319
44.2639743852485,22.4069595373499
44.2639743852485,22.4376972422679
44.2639743852485,22.4684349471859
44.2639743852485,22.499172652104
44.2639743852485,22.529910357022
44.2639743852485,22.56064806194
44.2639743852485,22.591385766858
44.2639743852485,22.6221234717761
44.2639743852485,22.6528611766941
44.2639743852485,22.6835988816121
44.2639743852485,22.7143365865301
44.2639743852485,22.7450742914482
44.2639743852485,22.7758119963662
44.2639743852485,22.8065497012842
44.2639743852485,22.8372874062022
44.2639743852485,22.8680251111203
44.2639743852485,22.8987628160383
44.2639743852485,22.9295005209563
44.2639743852485,22.9602382258743
44.2639743852485,22.9909759307924
44.2639743852485,23.0217136357104
44.2639743852485,23.0524513406284
44.2639743852485,23.0831890455464
44.2639743852485,23.1139267504645
44.2639743852485,23.1446644553825
44.2639743852485,23.1754021603005
44.2639743852485,23.2061398652185
44.2639743852485,23.2368775701366
44.2639743852485,23.2676152750546
44.2639743852485,23.2983529799726
44.2639743852485,23.3290906848906
44.2639743852485,23.3598283898087
44.2639743852485,23.3905660947267
44.2639743852485,23.4213037996447
44.2639743852485,23.4520415045627
44.2639743852485,23.4827792094808
44.2639743852485,23.5135169143988
44.2639743852485,23.5442546193168
44.2639743852485,23.5749923242348
44.2639743852485,23.6057300291529
44.2639743852485,23.6364677340709
44.2639743852485,23.6672054389889
44.2639743852485,23.6979431439069
44.2639743852485,23.728680848825
44.2639743852485,23.759418553743
44.2639743852485,23.790156258661
44.2639743852485,23.820893963579
44.2639743852485,23.8516316684971
44.2639743852485,23.8823693734151
44.2639743852485,23.9131070783331
44.2639743852485,23.9438447832511
44.2639743852485,23.9745824881692
44.2639743852485,24.0053201930872
44.2639743852485,24.0360578980052
44.2639743852485,24.0667956029232
44.2639743852485,24.0975333078413
44.2639743852485,24.1282710127593
44.2639743852485,24.1590087176773
44.2639743852485,24.1897464225953
44.2639743852485,24.2204841275134
44.2639743852485,24.2512218324314
44.2639743852485,24.2819595373494
44.2639743852485,24.3126972422674
44.2639743852485,24.3434349471855
44.2639743852485,24.3741726521035
44.2639743852485,24.4049103570215
44.2639743852485,24.4356480619395
44.2639743852485,24.4663857668575
44.2639743852485,24.4971234717756
44.2639743852485,24.5278611766936
44.2639743852485,24.5585988816116
44.2639743852485,24.5893365865296
44.2639743852485,24.6200742914477
44.2639743852485,24.6508119963657
44.2639743852485,24.6815497012837
44.2639743852485,24.7122874062017
44.2639743852485,24.7430251111198
44.2639743852485,24.7737628160378
44.2639743852485,24.8045005209558
44.2639743852485,24.8352382258738
44.2639743852485,24.8659759307919
44.2639743852485,24.8967136357099
44.2639743852485,24.9274513406279
44.2639743852485,24.9581890455459
44.2639743852485,24.988926750464
44.2639743852485,25.019664455382
44.2639743852485,25.0504021603
44.2639743852485,25.081139865218
44.2639743852485,25.1118775701361
44.2639743852485,25.1426152750541
44.2639743852485,25.1733529799721
44.2639743852485,25.2040906848901
44.2639743852485,25.2348283898082
44.2639743852485,25.2655660947262
44.2639743852485,25.2963037996442
44.2639743852485,25.3270415045622
44.2639743852485,25.3577792094803
44.2639743852485,25.3885169143983
44.2639743852485,25.4192546193163
44.2639743852485,25.4499923242343
44.2639743852485,25.4807300291524
44.2639743852485,25.5114677340704
44.2639743852485,25.5422054389884
44.2639743852485,25.5729431439064
44.2639743852485,25.6036808488245
44.2639743852485,25.6344185537425
44.2639743852485,25.6651562586605
44.2639743852485,25.6958939635785
44.2639743852485,25.7266316684966
44.2639743852485,25.7573693734146
44.2639743852485,25.7881070783326
44.2639743852485,25.8188447832506
44.2639743852485,25.8495824881687
44.2639743852485,25.8803201930867
44.2639743852485,25.9110578980047
44.2639743852485,25.9417956029227
44.2639743852485,25.9725333078408
44.2639743852485,26.0032710127588
44.2639743852485,26.0340087176768
44.2639743852485,26.0647464225948
44.2639743852485,26.0954841275129
44.2639743852485,26.1262218324309
44.2639743852485,26.1569595373489
44.2639743852485,26.1876972422669
44.2639743852485,26.218434947185
44.2639743852485,26.249172652103
44.2639743852485,26.279910357021
44.2639743852485,26.310648061939
44.2639743852485,26.3413857668571
44.2639743852485,26.3721234717751
44.2639743852485,26.4028611766931
44.2639743852485,26.4335988816111
44.2639743852485,26.4643365865291
44.2639743852485,26.4950742914472
44.2639743852485,26.5258119963652
44.2639743852485,26.5565497012832
44.2639743852485,26.5872874062012
44.2639743852485,26.6180251111193
44.2639743852485,26.6487628160373
44.2639743852485,26.6795005209553
44.2639743852485,26.7102382258733
44.2639743852485,26.7409759307914
44.2639743852485,26.7717136357094
44.2639743852485,26.8024513406274
44.2639743852485,26.8331890455454
44.2639743852485,26.8639267504635
44.2639743852485,26.8946644553815
44.2639743852485,26.9254021602995
44.2639743852485,26.9561398652175
44.2639743852485,26.9868775701356
44.2639743852485,27.0176152750536
44.2639743852485,27.0483529799716
44.2639743852485,27.0790906848896
44.2639743852485,27.1098283898077
44.2639743852485,27.1405660947257
44.2639743852485,27.1713037996437
44.2639743852485,27.2020415045617
44.2639743852485,27.2327792094798
44.2639743852485,27.2635169143978
44.2639743852485,27.2942546193158
44.2639743852485,27.3249923242338
44.2639743852485,27.3557300291519
44.2639743852485,27.3864677340699
44.2639743852485,27.4172054389879
44.2639743852485,27.4479431439059
44.2639743852485,27.478680848824
44.2639743852485,27.509418553742
44.2639743852485,27.54015625866
44.2639743852485,27.570893963578
44.2639743852485,27.6016316684961
44.2639743852485,27.6323693734141
44.2639743852485,27.6631070783321
44.2639743852485,27.6938447832501
44.2639743852485,27.7245824881682
44.2639743852485,27.7553201930862
44.2639743852485,27.7860578980042
44.2639743852485,27.8167956029222
44.2639743852485,27.8475333078403
44.2639743852485,27.8782710127583
44.2639743852485,27.9090087176763
44.2639743852485,27.9397464225943
44.2639743852485,27.9704841275124
44.2639743852485,28.0012218324304
44.2639743852485,28.0319595373484
44.2639743852485,28.0626972422664
44.2639743852485,28.0934349471845
44.2639743852485,28.1241726521025
44.2639743852485,28.1549103570205
44.2639743852485,28.1856480619385
44.2639743852485,28.2163857668566
44.2639743852485,28.2471234717746
44.2639743852485,28.2778611766926
44.2639743852485,28.3085988816106
44.2639743852485,28.3393365865287
44.2639743852485,28.3700742914467
44.2639743852485,28.4008119963647
44.2639743852485,28.4315497012827
44.2639743852485,28.4622874062008
44.2639743852485,28.4930251111188
44.2639743852485,28.5237628160368
44.2639743852485,28.5545005209548
44.2639743852485,28.5852382258728
44.2639743852485,28.6159759307909
44.2639743852485,28.6467136357089
44.2639743852485,28.6774513406269
44.2639743852485,28.7081890455449
44.2639743852485,28.738926750463
44.2639743852485,28.769664455381
44.2639743852485,28.800402160299
44.2639743852485,28.831139865217
44.2639743852485,28.8618775701351
44.2639743852485,28.8926152750531
44.2639743852485,28.9233529799711
44.2639743852485,28.9540906848891
44.2639743852485,28.9848283898072
44.2639743852485,29.0155660947252
44.2639743852485,29.0463037996432
44.2639743852485,29.0770415045612
44.2639743852485,29.1077792094793
44.2639743852485,29.1385169143973
44.2639743852485,29.1692546193153
44.2639743852485,29.1999923242333
44.2639743852485,29.2307300291514
44.2639743852485,29.2614677340694
44.2639743852485,29.2922054389874
44.2639743852485,29.3229431439054
44.2639743852485,29.3536808488235
44.2639743852485,29.3844185537415
44.2639743852485,29.4151562586595
44.2639743852485,29.4458939635775
44.2639743852485,29.4766316684956
44.2639743852485,29.5073693734136
44.2639743852485,29.5381070783316
44.2639743852485,29.5688447832496
44.2639743852485,29.5995824881677
44.2639743852485,29.6303201930857
44.2639743852485,29.6610578980037
44.2639743852485,29.6917956029217
44.2639743852485,29.7225333078398
44.2639743852485,29.7532710127578
44.2639743852485,29.7840087176758
44.2639743852485,29.8147464225938
44.2639743852485,29.8454841275119
44.2639743852485,29.8762218324299
44.2639743852485,29.9069595373479
44.2639743852485,29.9376972422659
44.2639743852485,29.968434947184
44.2639743852485,29.999172652102
44.2639743852485,30.02991035702
44.2639743852485,30.060648061938
44.2639743852485,30.0913857668561
44.2639743852485,30.1221234717741
44.2639743852485,30.1528611766921
44.2639743852485,30.1835988816101
44.2639743852485,30.2143365865282
44.2639743852485,30.2450742914462
44.2639743852485,30.2758119963642
44.2639743852485,30.3065497012822
44.2639743852485,30.3372874062003
44.2639743852485,30.3680251111183
44.2639743852485,30.3987628160363
44.2639743852485,30.4295005209543
44.2639743852485,30.4602382258724
44.2639743852485,30.4909759307904
44.2639743852485,30.5217136357084
44.2639743852485,30.5524513406264
44.2639743852485,30.5831890455445
44.2639743852485,30.6139267504625
44.2639743852485,30.6446644553805
44.2639743852485,30.6754021602985
44.2639743852485,30.7061398652165
44.2639743852485,30.7368775701346
44.2639743852485,30.7676152750526
44.2639743852485,30.7983529799706
44.2639743852485,30.8290906848886
44.2639743852485,30.8598283898067
44.2639743852485,30.8905660947247
44.2639743852485,30.9213037996427
44.2639743852485,30.9520415045607
44.2639743852485,30.9827792094788
44.2639743852485,31.0135169143968
44.2639743852485,31.0442546193148
44.2639743852485,31.0749923242328
44.2639743852485,31.1057300291509
44.2639743852485,31.1364677340689
44.2639743852485,31.1672054389869
44.2639743852485,31.1979431439049
44.2639743852485,31.228680848823
44.2639743852485,31.259418553741
44.2639743852485,31.290156258659
44.2639743852485,31.320893963577
44.2639743852485,31.3516316684951
44.2639743852485,31.3823693734131
44.2639743852485,31.4131070783311
44.2639743852485,31.4438447832491
44.2639743852485,31.4745824881672
44.2639743852485,31.5053201930852
44.2639743852485,31.5360578980032
44.2639743852485,31.5667956029212
44.2639743852485,31.5975333078393
44.2639743852485,31.6282710127573
44.2639743852485,31.6590087176753
44.2639743852485,31.6897464225933
44.2639743852485,31.7204841275114
44.2639743852485,31.7512218324294
44.2639743852485,31.7819595373474
44.2639743852485,31.8126972422654
44.2639743852485,31.8434349471835
44.2639743852485,31.8741726521015
44.2639743852485,31.9049103570195
44.2639743852485,31.9356480619375
44.2639743852485,31.9663857668556
44.2639743852485,31.9971234717736
44.2639743852485,32.0278611766916
44.2639743852485,32.0585988816096
44.2639743852485,32.0893365865277
44.2639743852485,32.1200742914457
44.2639743852485,32.1508119963637
44.2639743852485,32.1815497012817
44.2639743852485,32.2122874061998
44.2639743852485,32.2430251111178
44.2639743852485,32.2737628160358
44.2639743852485,32.3045005209538
44.2639743852485,32.3352382258719
44.2639743852485,32.3659759307899
44.2639743852485,32.3967136357079
44.2639743852485,32.4274513406259
44.2639743852485,32.458189045544
44.2639743852485,32.488926750462
44.2639743852485,32.51966445538
44.2639743852485,32.550402160298
44.2639743852485,32.5811398652161
44.2639743852485,32.6118775701341
44.2639743852485,32.6426152750521
44.2639743852485,32.6733529799701
44.2639743852485,32.7040906848882
44.2639743852485,32.7348283898062
44.2639743852485,32.7655660947242
44.2639743852485,32.7963037996422
44.2639743852485,32.8270415045602
44.2639743852485,32.8577792094783
44.2639743852485,32.8885169143963
44.2639743852485,32.9192546193143
44.2639743852485,32.9499923242323
44.2639743852485,32.9807300291504
44.2639743852485,33.0114677340684
44.2639743852485,33.0422054389864
44.2639743852485,33.0729431439044
44.2639743852485,33.1036808488225
44.2639743852485,33.1344185537405
44.2639743852485,33.1651562586585
44.2639743852485,33.1958939635765
44.2639743852485,33.2266316684946
44.2639743852485,33.2573693734126
44.2639743852485,33.2881070783306
44.2639743852485,33.3188447832486
44.2639743852485,33.3495824881667
44.2639743852485,33.3803201930847
44.2639743852485,33.4110578980027
44.2639743852485,33.4417956029207
44.2639743852485,33.4725333078388
44.2639743852485,33.5032710127568
44.2639743852485,33.5340087176748
44.2639743852485,33.5647464225928
44.2639743852485,33.5954841275109
44.2639743852485,33.6262218324289
44.2639743852485,33.6569595373469
44.2639743852485,33.6876972422649
44.2639743852485,33.718434947183
44.2639743852485,33.749172652101
44.2639743852485,33.779910357019
44.2639743852485,33.810648061937
44.2639743852485,33.8413857668551
44.2639743852485,33.8721234717731
44.2639743852485,33.9028611766911
44.2639743852485,33.9335988816091
44.2639743852485,33.9643365865272
44.2639743852485,33.9950742914452
44.2639743852485,34.0258119963632
44.2639743852485,34.0565497012812
44.2639743852485,34.0872874061993
44.2639743852485,34.1180251111173
44.2639743852485,34.1487628160353
44.2639743852485,34.1795005209533
44.2639743852485,34.2102382258714
44.2639743852485,34.2409759307894
44.2639743852485,34.2717136357074
44.2639743852485,34.3024513406254
44.2639743852485,34.3331890455435
44.2639743852485,34.3639267504615
44.2639743852485,34.3946644553795
44.2639743852485,34.4254021602975
44.2639743852485,34.4561398652156
44.2639743852485,34.4868775701336
44.2639743852485,34.5176152750516
44.2639743852485,34.5483529799696
44.2639743852485,34.5790906848877
44.2639743852485,34.6098283898057
44.2639743852485,34.6405660947237
44.2639743852485,34.6713037996417
44.2639743852485,34.7020415045598
44.2639743852485,34.7327792094778
44.2639743852485,34.7635169143958
44.2639743852485,34.7942546193138
44.2639743852485,34.8249923242319
44.2639743852485,34.8557300291499
44.2639743852485,34.8864677340679
44.2639743852485,34.9172054389859
44.2639743852485,34.9479431439039
44.2639743852485,34.978680848822
44.2639743852485,35.00941855374
44.2639743852485,35.040156258658
44.2639743852485,35.070893963576
44.2639743852485,35.1016316684941
44.2639743852485,35.1323693734121
44.2639743852485,35.1631070783301
44.2639743852485,35.1938447832481
44.2639743852485,35.2245824881662
44.2639743852485,35.2553201930842
44.2639743852485,35.2860578980022
44.2639743852485,35.3167956029202
44.2639743852485,35.3475333078383
44.2639743852485,35.3782710127563
44.2639743852485,35.4090087176743
44.2639743852485,35.4397464225923
44.2639743852485,35.4704841275104
44.2639743852485,35.5012218324284
44.2639743852485,35.5319595373464
44.2639743852485,35.5626972422644
44.2639743852485,35.5934349471825
44.2639743852485,35.6241726521005
44.2639743852485,35.6549103570185
44.2639743852485,35.6856480619365
44.2639743852485,35.7163857668546
44.2639743852485,35.7471234717726
44.2639743852485,35.7778611766906
44.2639743852485,35.8085988816086
44.2639743852485,35.8393365865267
44.2639743852485,35.8700742914447
44.2639743852485,35.9008119963627
44.2639743852485,35.9315497012807
44.2639743852485,35.9622874061988
44.2639743852485,35.9930251111168
44.2639743852485,36.0237628160348
44.2639743852485,36.0545005209528
44.2639743852485,36.0852382258709
44.2639743852485,36.1159759307889
44.2639743852485,36.1467136357069
44.2639743852485,36.1774513406249
44.2639743852485,36.208189045543
44.2639743852485,36.238926750461
44.2639743852485,36.269664455379
44.2639743852485,36.300402160297
44.2639743852485,36.3311398652151
44.2639743852485,36.3618775701331
44.2639743852485,36.3926152750511
44.2639743852485,36.4233529799691
44.2639743852485,36.4540906848872
44.2639743852485,36.4848283898052
44.2639743852485,36.5155660947232
44.2639743852485,36.5463037996412
44.2639743852485,36.5770415045593
44.2639743852485,36.6077792094773
44.2639743852485,36.6385169143953
44.2639743852485,36.6692546193133
44.2639743852485,36.6999923242314
44.2639743852485,36.7307300291494
44.2639743852485,36.7614677340674
44.2639743852485,36.7922054389854
44.2639743852485,36.8229431439035
44.2639743852485,36.8536808488215
44.2639743852485,36.8844185537395
44.2639743852485,36.9151562586575
44.2639743852485,36.9458939635755
44.2639743852485,36.9766316684936
44.2639743852485,37.0073693734116
44.2639743852485,37.0381070783296
44.2639743852485,37.0688447832476
44.2639743852485,37.0995824881657
44.2639743852485,37.1303201930837
44.2639743852485,37.1610578980017
44.2639743852485,37.1917956029197
44.2639743852485,37.2225333078378
44.2639743852485,37.2532710127558
44.2639743852485,37.2840087176738
44.2639743852485,37.3147464225918
44.2639743852485,37.3454841275099
44.2639743852485,37.3762218324279
44.2639743852485,37.4069595373459
44.2639743852485,37.4376972422639
44.2639743852485,37.468434947182
44.2639743852485,37.4991726521
44.2639743852485,37.529910357018
44.2639743852485,37.560648061936
44.2639743852485,37.5913857668541
44.2639743852485,37.6221234717721
44.2639743852485,37.6528611766901
44.2639743852485,37.6835988816081
44.2639743852485,37.7143365865262
44.2639743852485,37.7450742914442
44.2639743852485,37.7758119963622
44.2639743852485,37.8065497012802
44.2639743852485,37.8372874061983
44.2639743852485,37.8680251111163
44.2639743852485,37.8987628160343
44.2639743852485,37.9295005209523
44.2639743852485,37.9602382258704
44.2639743852485,37.9909759307884
44.2639743852485,38.0217136357064
44.2639743852485,38.0524513406244
44.2639743852485,38.0831890455425
44.2639743852485,38.1139267504605
44.2639743852485,38.1446644553785
44.2639743852485,38.1754021602965
44.2639743852485,38.2061398652146
44.2639743852485,38.2368775701326
44.2639743852485,38.2676152750506
44.2639743852485,38.2983529799686
44.2639743852485,38.3290906848867
44.2639743852485,38.3598283898047
44.2639743852485,38.3905660947227
44.2639743852485,38.4213037996407
44.2639743852485,38.4520415045588
44.2639743852485,38.4827792094768
44.2639743852485,38.5135169143948
44.2639743852485,38.5442546193128
44.2639743852485,38.5749923242309
44.2639743852485,38.6057300291489
44.2639743852485,38.6364677340669
44.2639743852485,38.6672054389849
44.2639743852485,38.697943143903
44.2639743852485,38.728680848821
44.2639743852485,38.759418553739
44.2639743852485,38.790156258657
44.2639743852485,38.8208939635751
44.2639743852485,38.8516316684931
44.2639743852485,38.8823693734111
44.2639743852485,38.9131070783291
44.2639743852485,38.9438447832472
44.2639743852485,38.9745824881652
44.2639743852485,39.0053201930832
44.2639743852485,39.0360578980012
44.2639743852485,39.0667956029192
44.2639743852485,39.0975333078373
44.2639743852485,39.1282710127553
44.2639743852485,39.1590087176733
44.2639743852485,39.1897464225913
44.2639743852485,39.2204841275094
44.2639743852485,39.2512218324274
44.2639743852485,39.2819595373454
44.2639743852485,39.3126972422634
44.2639743852485,39.3434349471815
44.2639743852485,39.3741726520995
44.2639743852485,39.4049103570175
44.2639743852485,39.4356480619355
44.2639743852485,39.4663857668536
44.2639743852485,39.4971234717716
44.2639743852485,39.5278611766896
44.2639743852485,39.5585988816076
44.2639743852485,39.5893365865257
44.2639743852485,39.6200742914437
44.2639743852485,39.6508119963617
44.2639743852485,39.6815497012797
44.2639743852485,39.7122874061978
44.2639743852485,39.7430251111158
44.2639743852485,39.7737628160338
44.2639743852485,39.8045005209518
44.2639743852485,39.8352382258699
44.2639743852485,39.8659759307879
44.2639743852485,39.8967136357059
44.2639743852485,39.9274513406239
44.2639743852485,39.958189045542
44.2639743852485,39.98892675046
44.2639743852485,40.019664455378
44.2639743852485,40.050402160296
44.2639743852485,40.0811398652141
44.2639743852485,40.1118775701321
44.2639743852485,40.1426152750501
44.2639743852485,40.1733529799681
44.2639743852485,40.2040906848862
44.2639743852485,40.2348283898042
44.2639743852485,40.2655660947222
44.2639743852485,40.2963037996402
44.2639743852485,40.3270415045583
44.2639743852485,40.3577792094763
44.2639743852485,40.3885169143943
44.2639743852485,40.4192546193123
44.2639743852485,40.4499923242304
44.2639743852485,40.4807300291484
44.2639743852485,40.5114677340664
44.2639743852485,40.5422054389844
44.2639743852485,40.5729431439025
44.2639743852485,40.6036808488205
44.2639743852485,40.6344185537385
44.2639743852485,40.6651562586565
44.2639743852485,40.6958939635746
44.2639743852485,40.7266316684926
44.2639743852485,40.7573693734106
44.2639743852485,40.7881070783286
44.2639743852485,40.8188447832467
44.2639743852485,40.8495824881647
44.2639743852485,40.8803201930827
44.2639743852485,40.9110578980007
44.2639743852485,40.9417956029188
44.2639743852485,40.9725333078368
44.2639743852485,41.0032710127548
44.2639743852485,41.0340087176728
44.2639743852485,41.0647464225909
44.2639743852485,41.0954841275089
44.2639743852485,41.1262218324269
44.2639743852485,41.1569595373449
44.2639743852485,41.1876972422629
44.2639743852485,41.218434947181
44.2639743852485,41.249172652099
44.2639743852485,41.279910357017
44.2639743852485,41.310648061935
44.2639743852485,41.3413857668531
44.2639743852485,41.3721234717711
44.2639743852485,41.4028611766891
44.2639743852485,41.4335988816071
44.2639743852485,41.4643365865252
44.2639743852485,41.4950742914432
44.2639743852485,41.5258119963612
44.2639743852485,41.5565497012792
44.2639743852485,41.5872874061973
44.2639743852485,41.6180251111153
44.2639743852485,41.6487628160333
44.2639743852485,41.6795005209513
44.2639743852485,41.7102382258694
44.2639743852485,41.7409759307874
44.2639743852485,41.7717136357054
44.2639743852485,41.8024513406234
44.2639743852485,41.8331890455415
44.2639743852485,41.8639267504595
44.2639743852485,41.8946644553775
44.2639743852485,41.9254021602955
44.2639743852485,41.9561398652136
44.2639743852485,41.9868775701316
44.2639743852485,42.0176152750496
44.2639743852485,42.0483529799676
44.2639743852485,42.0790906848857
44.2639743852485,42.1098283898037
44.2639743852485,42.1405660947217
44.2639743852485,42.1713037996397
44.2639743852485,42.2020415045578
44.2639743852485,42.2327792094758
44.2639743852485,42.2635169143938
44.2639743852485,42.2942546193118
44.2639743852485,42.3249923242299
44.2639743852485,42.3557300291479
44.2639743852485,42.3864677340659
44.2639743852485,42.4172054389839
44.2639743852485,42.447943143902
44.2639743852485,42.47868084882
44.2639743852485,42.509418553738
44.2639743852485,42.540156258656
44.2639743852485,42.5708939635741
44.2639743852485,42.6016316684921
44.2639743852485,42.6323693734101
44.2639743852485,42.6631070783281
44.2639743852485,42.6938447832462
44.2639743852485,42.7245824881642
44.2639743852485,42.7553201930822
44.2639743852485,42.7860578980002
44.2639743852485,42.8167956029183
44.2639743852485,42.8475333078363
44.2639743852485,42.8782710127543
44.2639743852485,42.9090087176723
44.2639743852485,42.9397464225904
44.2639743852485,42.9704841275084
44.2639743852485,43.0012218324264
44.2639743852485,43.0319595373444
44.2639743852485,43.0626972422625
44.2639743852485,43.0934349471805
44.2639743852485,43.1241726520985
44.2639743852485,43.1549103570165
44.2639743852485,43.1856480619346
44.2639743852485,43.2163857668526
44.2639743852485,43.2471234717706
44.2639743852485,43.2778611766886
44.2639743852485,43.3085988816066
44.2639743852485,43.3393365865247
44.2639743852485,43.3700742914427
44.2639743852485,43.4008119963607
44.2639743852485,43.4315497012787
44.2639743852485,43.4622874061968
44.2639743852485,43.4930251111148
44.2639743852485,43.5237628160328
44.2639743852485,43.5545005209508
44.2639743852485,43.5852382258689
44.2639743852485,43.6159759307869
44.2639743852485,43.6467136357049
44.2639743852485,43.6774513406229
44.2639743852485,43.708189045541
44.2639743852485,43.738926750459
44.2639743852485,43.769664455377
44.2639743852485,43.800402160295
44.2639743852485,43.8311398652131
44.2639743852485,43.8618775701311
44.2639743852485,43.8926152750491
44.2639743852485,43.9233529799671
44.2639743852485,43.9540906848852
44.2639743852485,43.9848283898032
44.2639743852485,44.0155660947212
44.2639743852485,44.0463037996392
44.2639743852485,44.0770415045573
44.2639743852485,44.1077792094753
44.2639743852485,44.1385169143933
44.2639743852485,44.1692546193113
44.2639743852485,44.1999923242294
44.2639743852485,44.2307300291474
44.2639743852485,44.2614677340654
44.2639743852485,44.2922054389834
44.2639743852485,44.3229431439015
44.2639743852485,44.3536808488195
44.2639743852485,44.3844185537375
44.2639743852485,44.4151562586555
44.2639743852485,44.4458939635736
44.2639743852485,44.4766316684916
44.2639743852485,44.5073693734096
44.2639743852485,44.5381070783276
44.2639743852485,44.5688447832457
44.2639743852485,44.5995824881637
44.2639743852485,44.6303201930817
44.2639743852485,44.6610578979997
44.2639743852485,44.6917956029178
44.2639743852485,44.7225333078358
44.2639743852485,44.7532710127538
44.2639743852485,44.7840087176718
44.2639743852485,44.8147464225899
44.2639743852485,44.8454841275079
44.2639743852485,44.8762218324259
44.2639743852485,44.9069595373439
44.2639743852485,44.937697242262
44.2639743852485,44.96843494718
44.2639743852485,44.999172652098
44.2639743852485,45.029910357016
44.2639743852485,45.0606480619341
44.2639743852485,45.0913857668521
44.2639743852485,45.1221234717701
44.2639743852485,45.1528611766881
44.2639743852485,45.1835988816062
44.2639743852485,45.2143365865242
44.2639743852485,45.2450742914422
44.2639743852485,45.2758119963602
44.2639743852485,45.3065497012783
44.2639743852485,45.3372874061963
44.2639743852485,45.3680251111143
44.2639743852485,45.3987628160323
44.2639743852485,45.4295005209503
44.2639743852485,45.4602382258684
44.2639743852485,45.4909759307864
44.2639743852485,45.5217136357044
44.2639743852485,45.5524513406224
44.2639743852485,45.5831890455405
44.2639743852485,45.6139267504585
44.2639743852485,45.6446644553765
44.2639743852485,45.6754021602945
44.2639743852485,45.7061398652126
44.2639743852485,45.7368775701306
44.2639743852485,45.7676152750486
44.2639743852485,45.7983529799666
44.2639743852485,45.8290906848847
44.2639743852485,45.8598283898027
44.2639743852485,45.8905660947207
44.2639743852485,45.9213037996387
44.2639743852485,45.9520415045568
44.2639743852485,45.9827792094748
44.2639743852485,46.0135169143928
44.2639743852485,46.0442546193108
44.2639743852485,46.0749923242289
44.2639743852485,46.1057300291469
44.2639743852485,46.1364677340649
44.2639743852485,46.1672054389829
44.2639743852485,46.197943143901
44.2639743852485,46.228680848819
44.2639743852485,46.259418553737
44.2639743852485,46.290156258655
44.2639743852485,46.3208939635731
44.2639743852485,46.3516316684911
44.2639743852485,46.3823693734091
44.2639743852485,46.4131070783271
44.2639743852485,46.4438447832452
44.2639743852485,46.4745824881632
44.2639743852485,46.5053201930812
44.2639743852485,46.5360578979992
44.2639743852485,46.5667956029173
44.2639743852485,46.5975333078353
44.2639743852485,46.6282710127533
44.2639743852485,46.6590087176713
44.2639743852485,46.6897464225894
44.2639743852485,46.7204841275074
44.2639743852485,46.7512218324254
44.2639743852485,46.7819595373434
44.2639743852485,46.8126972422615
44.2639743852485,46.8434349471795
44.2639743852485,46.8741726520975
44.2639743852485,46.9049103570155
44.2639743852485,46.9356480619336
44.2639743852485,46.9663857668516
44.2639743852485,46.9971234717696
44.2639743852485,47.0278611766876
44.2639743852485,47.0585988816057
44.2639743852485,47.0893365865237
44.2639743852485,47.1200742914417
44.2639743852485,47.1508119963597
44.2639743852485,47.1815497012778
44.2639743852485,47.2122874061958
44.2639743852485,47.2430251111138
44.2639743852485,47.2737628160318
44.2639743852485,47.3045005209499
44.2639743852485,47.3352382258679
44.2639743852485,47.3659759307859
44.2639743852485,47.3967136357039
44.2639743852485,47.4274513406219
44.2639743852485,47.45818904554
44.2639743852485,47.488926750458
44.2639743852485,47.519664455376
44.2639743852485,47.550402160294
44.2639743852485,47.5811398652121
44.2639743852485,47.6118775701301
44.2639743852485,47.6426152750481
44.2639743852485,47.6733529799661
44.2639743852485,47.7040906848842
44.2639743852485,47.7348283898022
44.2639743852485,47.7655660947202
44.2639743852485,47.7963037996382
44.2639743852485,47.8270415045563
44.2639743852485,47.8577792094743
44.2639743852485,47.8885169143923
44.2639743852485,47.9192546193103
44.2639743852485,47.9499923242284
44.2639743852485,47.9807300291464
44.2639743852485,48.0114677340644
44.2639743852485,48.0422054389824
44.2639743852485,48.0729431439005
44.2639743852485,48.1036808488185
44.2639743852485,48.1344185537365
44.2639743852485,48.1651562586545
44.2639743852485,48.1958939635726
44.2639743852485,48.2266316684906
44.2639743852485,48.2573693734086
44.2639743852485,48.2881070783266
44.2639743852485,48.3188447832447
44.2639743852485,48.3495824881627
44.2639743852485,48.3803201930807
44.2639743852485,48.4110578979987
44.2639743852485,48.4417956029168
44.2639743852485,48.4725333078348
44.2639743852485,48.5032710127528
44.2639743852485,48.5340087176708
44.2639743852485,48.5647464225889
44.2639743852485,48.5954841275069
44.2639743852485,48.6262218324249
44.2639743852485,48.6569595373429
44.2639743852485,48.687697242261
44.2639743852485,48.718434947179
44.2639743852485,48.749172652097
44.2639743852485,48.779910357015
44.2639743852485,48.8106480619331
44.2639743852485,48.8413857668511
44.2639743852485,48.8721234717691
44.2639743852485,48.9028611766871
44.2639743852485,48.9335988816052
44.2639743852485,48.9643365865232
44.2639743852485,48.9950742914412
44.2639743852485,49.0258119963592
44.2639743852485,49.0565497012773
44.2639743852485,49.0872874061953
44.2639743852485,49.1180251111133
44.2639743852485,49.1487628160313
44.2639743852485,49.1795005209494
44.2639743852485,49.2102382258674
44.2639743852485,49.2409759307854
44.2639743852485,49.2717136357034
44.2639743852485,49.3024513406215
44.2639743852485,49.3331890455395
44.2639743852485,49.3639267504575
44.2639743852485,49.3946644553755
44.2639743852485,49.4254021602936
44.2639743852485,49.4561398652116
44.2639743852485,49.4868775701296
44.2639743852485,49.5176152750476
44.2639743852485,49.5483529799656
44.2639743852485,49.5790906848837
44.2639743852485,49.6098283898017
44.2639743852485,49.6405660947197
44.2639743852485,49.6713037996377
44.2639743852485,49.7020415045558
44.2639743852485,49.7327792094738
44.2639743852485,49.7635169143918
44.2639743852485,49.7942546193098
44.2639743852485,49.8249923242279
44.2639743852485,49.8557300291459
44.2639743852485,49.8864677340639
44.2639743852485,49.9172054389819
44.2639743852485,49.9479431439
44.2639743852485,49.978680848818
44.2639743852485,50.009418553736
44.2639743852485,50.040156258654
44.2639743852485,50.0708939635721
44.2639743852485,50.1016316684901
44.2639743852485,50.1323693734081
44.2639743852485,50.1631070783261
44.2639743852485,50.1938447832442
44.2639743852485,50.2245824881622
44.2639743852485,50.2553201930802
44.2639743852485,50.2860578979982
44.2639743852485,50.3167956029163
44.2639743852485,50.3475333078343
44.2639743852485,50.3782710127523
44.2639743852485,50.4090087176703
44.2639743852485,50.4397464225884
44.2639743852485,50.4704841275064
44.2639743852485,50.5012218324244
44.2639743852485,50.5319595373424
44.2639743852485,50.5626972422605
44.2639743852485,50.5934349471785
44.2639743852485,50.6241726520965
44.2639743852485,50.6549103570145
44.2639743852485,50.6856480619326
44.2639743852485,50.7163857668506
44.2639743852485,50.7471234717686
44.2639743852485,50.7778611766866
44.2639743852485,50.8085988816047
44.2639743852485,50.8393365865227
44.2639743852485,50.8700742914407
44.2639743852485,50.9008119963587
44.2639743852485,50.9315497012768
44.2639743852485,50.9622874061948
44.2639743852485,50.9930251111128
44.2639743852485,51.0237628160308
44.2639743852485,51.0545005209489
44.2639743852485,51.0852382258669
44.2639743852485,51.1159759307849
44.2639743852485,51.1467136357029
44.2639743852485,51.177451340621
44.2639743852485,51.208189045539
44.2639743852485,51.238926750457
44.2639743852485,51.269664455375
44.2639743852485,51.3004021602931
44.2639743852485,51.3311398652111
44.2639743852485,51.3618775701291
44.2639743852485,51.3926152750471
44.2639743852485,51.4233529799652
44.2639743852485,51.4540906848832
44.2639743852485,51.4848283898012
44.2639743852485,51.5155660947192
44.2639743852485,51.5463037996373
44.2639743852485,51.5770415045553
44.2639743852485,51.6077792094733
44.2639743852485,51.6385169143913
44.2639743852485,51.6692546193093
44.2639743852485,51.6999923242274
44.2639743852485,51.7307300291454
44.2639743852485,51.7614677340634
44.2639743852485,51.7922054389814
44.2639743852485,51.8229431438995
44.2639743852485,51.8536808488175
44.2639743852485,51.8844185537355
44.2639743852485,51.9151562586535
44.2639743852485,51.9458939635716
44.2639743852485,51.9766316684896
44.2639743852485,52.0073693734076
44.2639743852485,52.0381070783256
44.2639743852485,52.0688447832437
44.2639743852485,52.0995824881617
44.2639743852485,52.1303201930797
44.2639743852485,52.1610578979977
44.2639743852485,52.1917956029158
44.2639743852485,52.2225333078338
44.2639743852485,52.2532710127518
44.2639743852485,52.2840087176698
44.2639743852485,52.3147464225879
44.2639743852485,52.3454841275059
44.2639743852485,52.3762218324239
44.2639743852485,52.4069595373419
44.2639743852485,52.43769724226
44.2639743852485,52.468434947178
44.2639743852485,52.499172652096
44.2639743852485,52.529910357014
44.2639743852485,52.5606480619321
44.2639743852485,52.5913857668501
44.2639743852485,52.6221234717681
44.2639743852485,52.6528611766861
44.2639743852485,52.6835988816042
44.2639743852485,52.7143365865222
44.2639743852485,52.7450742914402
44.2639743852485,52.7758119963582
44.2639743852485,52.8065497012763
44.2639743852485,52.8372874061943
44.2639743852485,52.8680251111123
44.2639743852485,52.8987628160303
44.2639743852485,52.9295005209484
44.2639743852485,52.9602382258664
44.2639743852485,52.9909759307844
44.2639743852485,53.0217136357024
44.2639743852485,53.0524513406205
44.2639743852485,53.0831890455385
44.2639743852485,53.1139267504565
44.2639743852485,53.1446644553745
44.2639743852485,53.1754021602926
44.2639743852485,53.2061398652106
44.2639743852485,53.2368775701286
44.2639743852485,53.2676152750466
44.2639743852485,53.2983529799647
44.2639743852485,53.3290906848827
44.2639743852485,53.3598283898007
44.2639743852485,53.3905660947187
44.2639743852485,53.4213037996368
44.2639743852485,53.4520415045548
44.2639743852485,53.4827792094728
44.2639743852485,53.5135169143908
44.2639743852485,53.5442546193089
44.2639743852485,53.5749923242269
44.2639743852485,53.6057300291449
44.2639743852485,53.6364677340629
44.2639743852485,53.667205438981
44.2639743852485,53.697943143899
44.2639743852485,53.728680848817
44.2639743852485,53.759418553735
44.2639743852485,53.790156258653
44.2639743852485,53.8208939635711
44.2639743852485,53.8516316684891
44.2639743852485,53.8823693734071
44.2639743852485,53.9131070783251
44.2639743852485,53.9438447832432
44.2639743852485,53.9745824881612
44.2639743852485,54.0053201930792
44.2639743852485,54.0360578979972
44.2639743852485,54.0667956029153
44.2639743852485,54.0975333078333
44.2639743852485,54.1282710127513
44.2639743852485,54.1590087176693
44.2639743852485,54.1897464225874
44.2639743852485,54.2204841275054
44.2639743852485,54.2512218324234
44.2639743852485,54.2819595373414
44.2639743852485,54.3126972422595
44.2639743852485,54.3434349471775
44.2639743852485,54.3741726520955
44.2639743852485,54.4049103570135
44.2639743852485,54.4356480619316
44.2639743852485,54.4663857668496
44.2639743852485,54.4971234717676
44.2639743852485,54.5278611766856
44.2639743852485,54.5585988816037
44.2639743852485,54.5893365865217
44.2639743852485,54.6200742914397
44.2639743852485,54.6508119963577
44.2639743852485,54.6815497012758
44.2639743852485,54.7122874061938
44.2639743852485,54.7430251111118
44.2639743852485,54.7737628160298
44.2639743852485,54.8045005209479
44.2639743852485,54.8352382258659
44.2639743852485,54.8659759307839
44.2639743852485,54.8967136357019
44.2639743852485,54.92745134062
44.2639743852485,54.958189045538
44.2639743852485,54.988926750456
44.2639743852485,55.019664455374
44.2639743852485,55.0504021602921
44.2639743852485,55.0811398652101
44.2639743852485,55.1118775701281
44.2639743852485,55.1426152750461
44.2639743852485,55.1733529799642
44.2639743852485,55.2040906848822
44.2639743852485,55.2348283898002
44.2639743852485,55.2655660947182
44.2639743852485,55.2963037996363
44.2639743852485,55.3270415045543
44.2639743852485,55.3577792094723
44.2639743852485,55.3885169143903
44.2639743852485,55.4192546193084
44.2639743852485,55.4499923242264
44.2639743852485,55.4807300291444
44.2639743852485,55.5114677340624
44.2639743852485,55.5422054389805
44.2639743852485,55.5729431438985
44.2639743852485,55.6036808488165
44.2639743852485,55.6344185537345
44.2639743852485,55.6651562586526
44.2639743852485,55.6958939635706
44.2639743852485,55.7266316684886
44.2639743852485,55.7573693734066
44.2639743852485,55.7881070783246
44.2639743852485,55.8188447832427
44.2639743852485,55.8495824881607
44.2639743852485,55.8803201930787
44.2639743852485,55.9110578979967
44.2639743852485,55.9417956029148
44.2639743852485,55.9725333078328
44.2639743852485,56.0032710127508
44.2639743852485,56.0340087176688
44.2639743852485,56.0647464225869
44.2639743852485,56.0954841275049
44.2639743852485,56.1262218324229
44.2639743852485,56.1569595373409
44.2639743852485,56.187697242259
44.2639743852485,56.218434947177
44.2639743852485,56.249172652095
44.2639743852485,56.279910357013
44.2639743852485,56.3106480619311
44.2639743852485,56.3413857668491
44.2639743852485,56.3721234717671
44.2639743852485,56.4028611766851
44.2639743852485,56.4335988816032
44.2639743852485,56.4643365865212
44.2639743852485,56.4950742914392
44.2639743852485,56.5258119963572
44.2639743852485,56.5565497012753
44.2639743852485,56.5872874061933
44.2639743852485,56.6180251111113
44.2639743852485,56.6487628160293
44.2639743852485,56.6795005209474
44.2639743852485,56.7102382258654
44.2639743852485,56.7409759307834
44.2639743852485,56.7717136357014
44.2639743852485,56.8024513406195
44.2639743852485,56.8331890455375
44.2639743852485,56.8639267504555
44.2639743852485,56.8946644553735
44.2639743852485,56.9254021602916
44.2639743852485,56.9561398652096
44.2639743852485,56.9868775701276
44.2639743852485,57.0176152750456
44.2639743852485,57.0483529799637
44.2639743852485,57.0790906848817
44.2639743852485,57.1098283897997
44.2639743852485,57.1405660947177
44.2639743852485,57.1713037996358
44.2639743852485,57.2020415045538
44.2639743852485,57.2327792094718
44.2639743852485,57.2635169143898
44.2639743852485,57.2942546193079
44.2639743852485,57.3249923242259
44.2639743852485,57.3557300291439
44.2639743852485,57.3864677340619
44.2639743852485,57.41720543898
44.2639743852485,57.447943143898
44.2639743852485,57.478680848816
44.2639743852485,57.509418553734
44.2639743852485,57.5401562586521
44.2639743852485,57.5708939635701
44.2639743852485,57.6016316684881
44.2639743852485,57.6323693734061
44.2639743852485,57.6631070783242
44.2639743852485,57.6938447832422
44.2639743852485,57.7245824881602
44.2639743852485,57.7553201930782
44.2639743852485,57.7860578979963
44.2639743852485,57.8167956029143
44.2639743852485,57.8475333078323
44.2639743852485,57.8782710127503
44.2639743852485,57.9090087176683
44.2639743852485,57.9397464225864
44.2639743852485,57.9704841275044
44.2639743852485,58.0012218324224
44.2639743852485,58.0319595373404
44.2639743852485,58.0626972422585
44.2639743852485,58.0934349471765
44.2639743852485,58.1241726520945
44.2639743852485,58.1549103570125
44.2639743852485,58.1856480619306
44.2639743852485,58.2163857668486
44.2639743852485,58.2471234717666
44.2639743852485,58.2778611766846
44.2639743852485,58.3085988816027
44.2639743852485,58.3393365865207
44.2639743852485,58.3700742914387
44.2639743852485,58.4008119963567
44.2639743852485,58.4315497012748
44.2639743852485,58.4622874061928
44.2639743852485,58.4930251111108
44.2639743852485,58.5237628160288
44.2639743852485,58.5545005209469
44.2639743852485,58.5852382258649
44.2639743852485,58.6159759307829
44.2639743852485,58.6467136357009
44.2639743852485,58.677451340619
44.2639743852485,58.708189045537
44.2639743852485,58.738926750455
44.2639743852485,58.769664455373
44.2639743852485,58.8004021602911
44.2639743852485,58.8311398652091
44.2639743852485,58.8618775701271
44.2639743852485,58.8926152750451
44.2639743852485,58.9233529799632
44.2639743852485,58.9540906848812
44.2639743852485,58.9848283897992
44.2639743852485,59.0155660947172
44.2639743852485,59.0463037996353
44.2639743852485,59.0770415045533
44.2639743852485,59.1077792094713
44.2639743852485,59.1385169143893
44.2639743852485,59.1692546193074
44.2639743852485,59.1999923242254
44.2639743852485,59.2307300291434
44.2639743852485,59.2614677340614
44.2639743852485,59.2922054389795
44.2639743852485,59.3229431438975
44.2639743852485,59.3536808488155
44.2639743852485,59.3844185537335
44.2639743852485,59.4151562586516
44.2639743852485,59.4458939635696
44.2639743852485,59.4766316684876
44.2639743852485,59.5073693734056
44.2639743852485,59.5381070783237
44.2639743852485,59.5688447832417
44.2639743852485,59.5995824881597
44.2639743852485,59.6303201930777
44.2639743852485,59.6610578979958
44.2639743852485,59.6917956029138
44.2639743852485,59.7225333078318
44.2639743852485,59.7532710127498
44.2639743852485,59.7840087176679
44.2639743852485,59.8147464225859
44.2639743852485,59.8454841275039
44.2639743852485,59.8762218324219
44.2639743852485,59.90695953734
44.2639743852485,59.937697242258
44.2639743852485,59.968434947176
44.2639743852485,59.999172652094
44.2639743852485,60.029910357012
44.2639743852485,60.0606480619301
44.2639743852485,60.0913857668481
44.2639743852485,60.1221234717661
44.2639743852485,60.1528611766841
44.2639743852485,60.1835988816022
44.2639743852485,60.2143365865202
44.2639743852485,60.2450742914382
44.2639743852485,60.2758119963562
44.2639743852485,60.3065497012743
44.2639743852485,60.3372874061923
44.2639743852485,60.3680251111103
44.2639743852485,60.3987628160283
44.2639743852485,60.4295005209464
44.2639743852485,60.4602382258644
44.2639743852485,60.4909759307824
44.2639743852485,60.5217136357004
44.2639743852485,60.5524513406185
44.2639743852485,60.5831890455365
44.2639743852485,60.6139267504545
44.2639743852485,60.6446644553725
44.2639743852485,60.6754021602906
44.2639743852485,60.7061398652086
44.2639743852485,60.7368775701266
44.2639743852485,60.7676152750446
44.2639743852485,60.7983529799627
44.2639743852485,60.8290906848807
44.2639743852485,60.8598283897987
44.2639743852485,60.8905660947167
44.2639743852485,60.9213037996348
44.2639743852485,60.9520415045528
44.2639743852485,60.9827792094708
44.2639743852485,61.0135169143888
44.2639743852485,61.0442546193069
44.2639743852485,61.0749923242249
44.2639743852485,61.1057300291429
44.2639743852485,61.1364677340609
44.2639743852485,61.167205438979
44.2639743852485,61.197943143897
44.2639743852485,61.228680848815
44.2639743852485,61.259418553733
44.2639743852485,61.2901562586511
44.2639743852485,61.3208939635691
44.2639743852485,61.3516316684871
44.2639743852485,61.3823693734051
44.2639743852485,61.4131070783232
44.2639743852485,61.4438447832412
44.2639743852485,61.4745824881592
44.2639743852485,61.5053201930772
44.2639743852485,61.5360578979953
44.2639743852485,61.5667956029133
44.2639743852485,61.5975333078313
44.2639743852485,61.6282710127493
44.2639743852485,61.6590087176674
44.2639743852485,61.6897464225854
44.2639743852485,61.7204841275034
44.2639743852485,61.7512218324214
44.2639743852485,61.7819595373395
44.2639743852485,61.8126972422575
44.2639743852485,61.8434349471755
44.2639743852485,61.8741726520935
44.2639743852485,61.9049103570116
44.2639743852485,61.9356480619296
44.2639743852485,61.9663857668476
44.2639743852485,61.9971234717656
44.2639743852485,62.0278611766837
44.2639743852485,62.0585988816017
44.2639743852485,62.0893365865197
44.2639743852485,62.1200742914377
44.2639743852485,62.1508119963557
44.2639743852485,62.1815497012738
44.2639743852485,62.2122874061918
44.2639743852485,62.2430251111098
44.2639743852485,62.2737628160278
44.2639743852485,62.3045005209459
44.2639743852485,62.3352382258639
44.2639743852485,62.3659759307819
44.2639743852485,62.3967136356999
44.2639743852485,62.427451340618
44.2639743852485,62.458189045536
44.2639743852485,62.488926750454
44.2639743852485,62.519664455372
44.2639743852485,62.5504021602901
44.2639743852485,62.5811398652081
44.2639743852485,62.6118775701261
44.2639743852485,62.6426152750441
44.2639743852485,62.6733529799622
44.2639743852485,62.7040906848802
44.2639743852485,62.7348283897982
44.2639743852485,62.7655660947162
44.2639743852485,62.7963037996343
44.2639743852485,62.8270415045523
44.2639743852485,62.8577792094703
44.2639743852485,62.8885169143883
44.2639743852485,62.9192546193064
44.2639743852485,62.9499923242244
44.2639743852485,62.9807300291424
44.2639743852485,63.0114677340604
44.2639743852485,63.0422054389785
44.2639743852485,63.0729431438965
44.2639743852485,63.1036808488145
44.2639743852485,63.1344185537325
44.2639743852485,63.1651562586506
44.2639743852485,63.1958939635686
44.2639743852485,63.2266316684866
44.2639743852485,63.2573693734046
44.2639743852485,63.2881070783227
44.2639743852485,63.3188447832407
44.2639743852485,63.3495824881587
44.2639743852485,63.3803201930767
44.2639743852485,63.4110578979948
44.2639743852485,63.4417956029128
44.2639743852485,63.4725333078308
44.2639743852485,63.5032710127488
44.2639743852485,63.5340087176669
44.2639743852485,63.5647464225849
44.2639743852485,63.5954841275029
44.2639743852485,63.6262218324209
44.2639743852485,63.656959537339
44.2639743852485,63.687697242257
44.2639743852485,63.718434947175
44.2639743852485,63.749172652093
44.2639743852485,63.7799103570111
44.2639743852485,63.8106480619291
44.2639743852485,63.8413857668471
44.2639743852485,63.8721234717651
44.2639743852485,63.9028611766832
44.2639743852485,63.9335988816012
44.2639743852485,63.9643365865192
44.2639743852485,63.9950742914372
44.2639743852485,64.0258119963553
44.2639743852485,64.0565497012733
44.2639743852485,64.0872874061913
44.2639743852485,64.1180251111093
44.2639743852485,64.1487628160274
44.2639743852485,64.1795005209454
44.2639743852485,64.2102382258634
44.2639743852485,64.2409759307814
44.2639743852485,64.2717136356995
44.2639743852485,64.3024513406175
44.2639743852485,64.3331890455355
44.2639743852485,64.3639267504535
44.2639743852485,64.3946644553716
44.2639743852485,64.4254021602896
44.2639743852485,64.4561398652076
44.2639743852485,64.4868775701256
44.2639743852485,64.5176152750437
44.2639743852485,64.5483529799617
44.2639743852485,64.5790906848797
44.2639743852485,64.6098283897977
44.2639743852485,64.6405660947158
44.2639743852485,64.6713037996338
44.2639743852485,64.7020415045518
44.2639743852485,64.7327792094698
44.2639743852485,64.7635169143878
44.2639743852485,64.7942546193059
44.2639743852485,64.8249923242239
44.2639743852485,64.8557300291419
44.2639743852485,64.8864677340599
44.2639743852485,64.917205438978
44.2639743852485,64.947943143896
44.2639743852485,64.978680848814
44.2639743852485,65.009418553732
44.2639743852485,65.0401562586501
44.2639743852485,65.0708939635681
44.2639743852485,65.1016316684861
44.2639743852485,65.1323693734041
44.2639743852485,65.1631070783222
44.2639743852485,65.1938447832402
44.2639743852485,65.2245824881582
44.2639743852485,65.2553201930762
44.2639743852485,65.2860578979943
44.2639743852485,65.3167956029123
44.2639743852485,65.3475333078303
44.2639743852485,65.3782710127483
44.2639743852485,65.4090087176664
44.2639743852485,65.4397464225844
44.2639743852485,65.4704841275024
44.2639743852485,65.5012218324204
44.2639743852485,65.5319595373385
44.2639743852485,65.5626972422565
44.2639743852485,65.5934349471745
44.2639743852485,65.6241726520925
44.2639743852485,65.6549103570106
44.2639743852485,65.6856480619286
44.2639743852485,65.7163857668466
44.2639743852485,65.7471234717646
44.2639743852485,65.7778611766827
44.2639743852485,65.8085988816007
44.2639743852485,65.8393365865187
44.2639743852485,65.8700742914367
44.2639743852485,65.9008119963548
44.2639743852485,65.9315497012728
44.2639743852485,65.9622874061908
44.2639743852485,65.9930251111088
44.2639743852485,66.0237628160269
44.2639743852485,66.0545005209449
44.2639743852485,66.0852382258629
44.2639743852485,66.1159759307809
44.2639743852485,66.146713635699
44.2639743852485,66.177451340617
44.2639743852485,66.208189045535
44.2639743852485,66.238926750453
44.2639743852485,66.2696644553711
44.2639743852485,66.3004021602891
44.2639743852485,66.3311398652071
44.2639743852485,66.3618775701251
44.2639743852485,66.3926152750432
44.2639743852485,66.4233529799612
44.2639743852485,66.4540906848792
44.2639743852485,66.4848283897972
44.2639743852485,66.5155660947153
44.2639743852485,66.5463037996333
44.2639743852485,66.5770415045513
44.2639743852485,66.6077792094693
44.2639743852485,66.6385169143874
44.2639743852485,66.6692546193054
44.2639743852485,66.6999923242234
44.2639743852485,66.7307300291414
44.2639743852485,66.7614677340595
44.2639743852485,66.7922054389775
44.2639743852485,66.8229431438955
44.2639743852485,66.8536808488135
44.2639743852485,66.8844185537315
44.2639743852485,66.9151562586496
44.2639743852485,66.9458939635676
44.2639743852485,66.9766316684856
44.2639743852485,67.0073693734036
44.2639743852485,67.0381070783217
44.2639743852485,67.0688447832397
44.2639743852485,67.0995824881577
44.2639743852485,67.1303201930757
44.2639743852485,67.1610578979938
44.2639743852485,67.1917956029118
44.2639743852485,67.2225333078298
44.2639743852485,67.2532710127478
44.2639743852485,67.2840087176659
44.2639743852485,67.3147464225839
44.2639743852485,67.3454841275019
44.2639743852485,67.3762218324199
44.2639743852485,67.406959537338
44.2639743852485,67.437697242256
44.2639743852485,67.468434947174
44.2639743852485,67.499172652092
44.2639743852485,67.5299103570101
44.2639743852485,67.5606480619281
44.2639743852485,67.5913857668461
44.2639743852485,67.6221234717641
44.2639743852485,67.6528611766822
44.2639743852485,67.6835988816002
44.2639743852485,67.7143365865182
44.2639743852485,67.7450742914362
44.2639743852485,67.7758119963543
44.2639743852485,67.8065497012723
44.2639743852485,67.8372874061903
44.2639743852485,67.8680251111083
44.2639743852485,67.8987628160264
44.2639743852485,67.9295005209444
44.2639743852485,67.9602382258624
44.2639743852485,67.9909759307804
44.2639743852485,68.0217136356985
44.2639743852485,68.0524513406165
44.2639743852485,68.0831890455345
44.2639743852485,68.1139267504525
44.2639743852485,68.1446644553706
44.2639743852485,68.1754021602886
44.2639743852485,68.2061398652066
44.2639743852485,68.2368775701246
44.2639743852485,68.2676152750427
44.2639743852485,68.2983529799607
44.2639743852485,68.3290906848787
44.2639743852485,68.3598283897967
44.2639743852485,68.3905660947148
44.2639743852485,68.4213037996328
44.2639743852485,68.4520415045508
44.2639743852485,68.4827792094688
44.2639743852485,68.5135169143869
44.2639743852485,68.5442546193049
44.2639743852485,68.5749923242229
44.2639743852485,68.6057300291409
44.2639743852485,68.636467734059
44.2639743852485,68.667205438977
44.2639743852485,68.697943143895
44.2639743852485,68.728680848813
44.2639743852485,68.7594185537311
44.2639743852485,68.7901562586491
44.2639743852485,68.8208939635671
44.2639743852485,68.8516316684851
44.2639743852485,68.8823693734032
44.2639743852485,68.9131070783212
44.2639743852485,68.9438447832392
44.2639743852485,68.9745824881572
44.2639743852485,69.0053201930752
44.2639743852485,69.0360578979933
44.2639743852485,69.0667956029113
44.2639743852485,69.0975333078293
44.2639743852485,69.1282710127473
44.2639743852485,69.1590087176654
44.2639743852485,69.1897464225834
44.2639743852485,69.2204841275014
44.2639743852485,69.2512218324194
44.2639743852485,69.2819595373375
44.2639743852485,69.3126972422555
44.2639743852485,69.3434349471735
44.2639743852485,69.3741726520915
44.2639743852485,69.4049103570096
44.2639743852485,69.4356480619276
44.2639743852485,69.4663857668456
44.2639743852485,69.4971234717636
44.2639743852485,69.5278611766817
44.2639743852485,69.5585988815997
44.2639743852485,69.5893365865177
44.2639743852485,69.6200742914357
44.2639743852485,69.6508119963538
44.2639743852485,69.6815497012718
44.2639743852485,69.7122874061898
44.2639743852485,69.7430251111078
44.2639743852485,69.7737628160259
44.2639743852485,69.8045005209439
44.2639743852485,69.8352382258619
44.2639743852485,69.8659759307799
44.2639743852485,69.896713635698
44.2639743852485,69.927451340616
44.2639743852485,69.958189045534
44.2639743852485,69.988926750452
44.2639743852485,70.0196644553701
44.2639743852485,70.0504021602881
44.2639743852485,70.0811398652061
44.2639743852485,70.1118775701241
44.2639743852485,70.1426152750422
44.2639743852485,70.1733529799602
44.2639743852485,70.2040906848782
44.2639743852485,70.2348283897962
44.2639743852485,70.2655660947143
44.2639743852485,70.2963037996323
44.2639743852485,70.3270415045503
44.2639743852485,70.3577792094683
44.2639743852485,70.3885169143864
44.2639743852485,70.4192546193044
44.2639743852485,70.4499923242224
44.2639743852485,70.4807300291404
44.2639743852485,70.5114677340585
44.2639743852485,70.5422054389765
44.2639743852485,70.5729431438945
44.2639743852485,70.6036808488125
44.2639743852485,70.6344185537306
44.2639743852485,70.6651562586486
44.2639743852485,70.6958939635666
44.2639743852485,70.7266316684846
44.2639743852485,70.7573693734027
44.2639743852485,70.7881070783207
44.2639743852485,70.8188447832387
44.2639743852485,70.8495824881567
44.2639743852485,70.8803201930748
44.2639743852485,70.9110578979928
44.2639743852485,70.9417956029108
44.2639743852485,70.9725333078288
44.2639743852485,71.0032710127469
44.2639743852485,71.0340087176649
44.2639743852485,71.0647464225829
44.2639743852485,71.0954841275009
44.2639743852485,71.1262218324189
44.2639743852485,71.156959537337
44.2639743852485,71.187697242255
44.2639743852485,71.218434947173
44.2639743852485,71.249172652091
44.2639743852485,71.2799103570091
44.2639743852485,71.3106480619271
44.2639743852485,71.3413857668451
44.2639743852485,71.3721234717631
44.2639743852485,71.4028611766812
44.2639743852485,71.4335988815992
44.2639743852485,71.4643365865172
44.2639743852485,71.4950742914352
44.2639743852485,71.5258119963533
44.2639743852485,71.5565497012713
44.2639743852485,71.5872874061893
44.2639743852485,71.6180251111073
44.2639743852485,71.6487628160254
44.2639743852485,71.6795005209434
44.2639743852485,71.7102382258614
44.2639743852485,71.7409759307794
44.2639743852485,71.7717136356975
44.2639743852485,71.8024513406155
44.2639743852485,71.8331890455335
44.2639743852485,71.8639267504515
44.2639743852485,71.8946644553696
44.2639743852485,71.9254021602876
44.2639743852485,71.9561398652056
44.2639743852485,71.9868775701236
44.2639743852485,72.0176152750417
44.2639743852485,72.0483529799597
44.2639743852485,72.0790906848777
44.2639743852485,72.1098283897957
44.2639743852485,72.1405660947138
44.2639743852485,72.1713037996318
44.2639743852485,72.2020415045498
44.2639743852485,72.2327792094678
44.2639743852485,72.2635169143859
44.2639743852485,72.2942546193039
44.2639743852485,72.3249923242219
44.2639743852485,72.3557300291399
44.2639743852485,72.386467734058
44.2639743852485,72.417205438976
44.2639743852485,72.447943143894
44.2639743852485,72.478680848812
44.2639743852485,72.5094185537301
44.2639743852485,72.5401562586481
44.2639743852485,72.5708939635661
44.2639743852485,72.6016316684841
44.2639743852485,72.6323693734022
44.2639743852485,72.6631070783202
44.2639743852485,72.6938447832382
44.2639743852485,72.7245824881562
44.2639743852485,72.7553201930743
44.2639743852485,72.7860578979923
44.2639743852485,72.8167956029103
44.2639743852485,72.8475333078283
44.2639743852485,72.8782710127464
44.2639743852485,72.9090087176644
44.2639743852485,72.9397464225824
44.2639743852485,72.9704841275004
44.2639743852485,73.0012218324185
44.2639743852485,73.0319595373365
44.2639743852485,73.0626972422545
44.2639743852485,73.0934349471725
44.2639743852485,73.1241726520906
44.2639743852485,73.1549103570086
44.2639743852485,73.1856480619266
44.2639743852485,73.2163857668446
44.2639743852485,73.2471234717626
44.2639743852485,73.2778611766807
44.2639743852485,73.3085988815987
44.2639743852485,73.3393365865167
44.2639743852485,73.3700742914347
44.2639743852485,73.4008119963528
44.2639743852485,73.4315497012708
44.2639743852485,73.4622874061888
44.2639743852485,73.4930251111068
44.2639743852485,73.5237628160249
44.2639743852485,73.5545005209429
44.2639743852485,73.5852382258609
44.2639743852485,73.6159759307789
44.2639743852485,73.646713635697
44.2639743852485,73.677451340615
44.2639743852485,73.708189045533
44.2639743852485,73.738926750451
44.2639743852485,73.7696644553691
44.2639743852485,73.8004021602871
44.2639743852485,73.8311398652051
44.2639743852485,73.8618775701231
44.2639743852485,73.8926152750412
44.2639743852485,73.9233529799592
44.2639743852485,73.9540906848772
44.2639743852485,73.9848283897952
44.2639743852485,74.0155660947133
44.2639743852485,74.0463037996313
44.2639743852485,74.0770415045493
44.2639743852485,74.1077792094673
44.2639743852485,74.1385169143854
44.2639743852485,74.1692546193034
44.2639743852485,74.1999923242214
44.2639743852485,74.2307300291394
44.2639743852485,74.2614677340575
44.2639743852485,74.2922054389755
44.2639743852485,74.3229431438935
44.2639743852485,74.3536808488115
44.2639743852485,74.3844185537296
44.2639743852485,74.4151562586476
44.2639743852485,74.4458939635656
44.2639743852485,74.4766316684836
44.2639743852485,74.5073693734017
44.2639743852485,74.5381070783197
44.2639743852485,74.5688447832377
44.2639743852485,74.5995824881557
44.2639743852485,74.6303201930738
44.2639743852485,74.6610578979918
44.2639743852485,74.6917956029098
44.2639743852485,74.7225333078278
44.2639743852485,74.7532710127459
44.2639743852485,74.7840087176639
44.2639743852485,74.8147464225819
44.2639743852485,74.8454841274999
44.2639743852485,74.876221832418
44.2639743852485,74.906959537336
44.2639743852485,74.937697242254
44.2639743852485,74.968434947172
44.2639743852485,74.9991726520901
44.2639743852485,75.0299103570081
44.2639743852485,75.0606480619261
44.2639743852485,75.0913857668441
44.2639743852485,75.1221234717622
44.2639743852485,75.1528611766802
44.2639743852485,75.1835988815982
44.2639743852485,75.2143365865162
44.2639743852485,75.2450742914342
44.2639743852485,75.2758119963523
44.2639743852485,75.3065497012703
44.2639743852485,75.3372874061883
44.2639743852485,75.3680251111063
44.2639743852485,75.3987628160244
44.2639743852485,75.4295005209424
44.2639743852485,75.4602382258604
44.2639743852485,75.4909759307784
44.2639743852485,75.5217136356965
44.2639743852485,75.5524513406145
44.2639743852485,75.5831890455325
44.2639743852485,75.6139267504505
44.2639743852485,75.6446644553686
44.2639743852485,75.6754021602866
44.2639743852485,75.7061398652046
44.2639743852485,75.7368775701226
44.2639743852485,75.7676152750407
44.2639743852485,75.7983529799587
44.2639743852485,75.8290906848767
44.2639743852485,75.8598283897947
44.2639743852485,75.8905660947128
44.2639743852485,75.9213037996308
44.2639743852485,75.9520415045488
44.2639743852485,75.9827792094668
44.2639743852485,76.0135169143849
44.2639743852485,76.0442546193029
44.2639743852485,76.0749923242209
44.2639743852485,76.1057300291389
44.2639743852485,76.136467734057
44.2639743852485,76.167205438975
44.2639743852485,76.197943143893
44.2639743852485,76.228680848811
44.2639743852485,76.2594185537291
44.2639743852485,76.2901562586471
44.2639743852485,76.3208939635651
44.2639743852485,76.3516316684831
44.2639743852485,76.3823693734012
44.2639743852485,76.4131070783192
44.2639743852485,76.4438447832372
44.2639743852485,76.4745824881552
44.2639743852485,76.5053201930733
44.2639743852485,76.5360578979913
44.2639743852485,76.5667956029093
44.2639743852485,76.5975333078273
44.2639743852485,76.6282710127454
44.2639743852485,76.6590087176634
44.2639743852485,76.6897464225814
44.2639743852485,76.7204841274994
44.2639743852485,76.7512218324175
44.2639743852485,76.7819595373355
44.2639743852485,76.8126972422535
44.2639743852485,76.8434349471715
44.2639743852485,76.8741726520896
44.2639743852485,76.9049103570076
44.2639743852485,76.9356480619256
44.2639743852485,76.9663857668436
44.2639743852485,76.9971234717617
44.2639743852485,77.0278611766797
44.2639743852485,77.0585988815977
44.2639743852485,77.0893365865157
44.2639743852485,77.1200742914338
44.2639743852485,77.1508119963518
44.2639743852485,77.1815497012698
44.2639743852485,77.2122874061878
44.2639743852485,77.2430251111059
44.2639743852485,77.2737628160239
44.2639743852485,77.3045005209419
44.2639743852485,77.3352382258599
44.2639743852485,77.3659759307779
44.2639743852485,77.396713635696
44.2639743852485,77.427451340614
44.2639743852485,77.458189045532
44.2639743852485,77.48892675045
44.2639743852485,77.5196644553681
44.2639743852485,77.5504021602861
44.2639743852485,77.5811398652041
44.2639743852485,77.6118775701221
44.2639743852485,77.6426152750402
44.2639743852485,77.6733529799582
44.2639743852485,77.7040906848762
44.2639743852485,77.7348283897942
44.2639743852485,77.7655660947123
44.2639743852485,77.7963037996303
44.2639743852485,77.8270415045483
44.2639743852485,77.8577792094663
44.2639743852485,77.8885169143844
44.2639743852485,77.9192546193024
44.2639743852485,77.9499923242204
44.2639743852485,77.9807300291384
44.2639743852485,78.0114677340565
44.2639743852485,78.0422054389745
44.2639743852485,78.0729431438925
44.2639743852485,78.1036808488105
44.2639743852485,78.1344185537286
44.2639743852485,78.1651562586466
44.2639743852485,78.1958939635646
44.2639743852485,78.2266316684826
44.2639743852485,78.2573693734007
44.2639743852485,78.2881070783187
44.2639743852485,78.3188447832367
44.2639743852485,78.3495824881547
44.2639743852485,78.3803201930728
44.2639743852485,78.4110578979908
44.2639743852485,78.4417956029088
44.2639743852485,78.4725333078268
44.2639743852485,78.5032710127449
44.2639743852485,78.5340087176629
44.2639743852485,78.5647464225809
44.2639743852485,78.5954841274989
44.2639743852485,78.626221832417
44.2639743852485,78.656959537335
44.2639743852485,78.687697242253
44.2639743852485,78.718434947171
44.2639743852485,78.7491726520891
44.2639743852485,78.7799103570071
44.2639743852485,78.8106480619251
44.2639743852485,78.8413857668431
44.2639743852485,78.8721234717612
44.2639743852485,78.9028611766792
44.2639743852485,78.9335988815972
44.2639743852485,78.9643365865152
44.2639743852485,78.9950742914333
44.2639743852485,79.0258119963513
44.2639743852485,79.0565497012693
44.2639743852485,79.0872874061873
44.2639743852485,79.1180251111054
44.2639743852485,79.1487628160234
44.2639743852485,79.1795005209414
44.2639743852485,79.2102382258594
44.2639743852485,79.2409759307775
44.2639743852485,79.2717136356955
44.2639743852485,79.3024513406135
44.2639743852485,79.3331890455315
44.2639743852485,79.3639267504496
44.2639743852485,79.3946644553676
44.2639743852485,79.4254021602856
44.2639743852485,79.4561398652036
44.2639743852485,79.4868775701216
44.2639743852485,79.5176152750397
44.2639743852485,79.5483529799577
44.2639743852485,79.5790906848757
44.2639743852485,79.6098283897937
44.2639743852485,79.6405660947118
44.2639743852485,79.6713037996298
44.2639743852485,79.7020415045478
44.2639743852485,79.7327792094658
44.2639743852485,79.7635169143839
44.2639743852485,79.7942546193019
44.2639743852485,79.8249923242199
44.2639743852485,79.8557300291379
44.2639743852485,79.886467734056
44.2639743852485,79.917205438974
44.2639743852485,79.947943143892
44.2639743852485,79.97868084881
44.2639743852485,80.0094185537281
44.2639743852485,80.0401562586461
44.2639743852485,80.0708939635641
44.2639743852485,80.1016316684821
44.2639743852485,80.1323693734002
44.2639743852485,80.1631070783182
44.2639743852485,80.1938447832362
44.2639743852485,80.2245824881542
44.2639743852485,80.2553201930723
44.2639743852485,80.2860578979903
44.2639743852485,80.3167956029083
44.2639743852485,80.3475333078263
44.2639743852485,80.3782710127444
44.2639743852485,80.4090087176624
44.2639743852485,80.4397464225804
44.2639743852485,80.4704841274984
44.2639743852485,80.5012218324165
44.2639743852485,80.5319595373345
44.2639743852485,80.5626972422525
44.2639743852485,80.5934349471705
44.2639743852485,80.6241726520886
44.2639743852485,80.6549103570066
44.2639743852485,80.6856480619246
44.2639743852485,80.7163857668426
44.2639743852485,80.7471234717607
44.2639743852485,80.7778611766787
44.2639743852485,80.8085988815967
44.2639743852485,80.8393365865147
44.2639743852485,80.8700742914328
44.2639743852485,80.9008119963508
44.2639743852485,80.9315497012688
44.2639743852485,80.9622874061868
44.2639743852485,80.9930251111049
44.2639743852485,81.0237628160229
44.2639743852485,81.0545005209409
44.2639743852485,81.0852382258589
44.2639743852485,81.115975930777
44.2639743852485,81.146713635695
44.2639743852485,81.177451340613
44.2639743852485,81.208189045531
44.2639743852485,81.2389267504491
44.2639743852485,81.2696644553671
44.2639743852485,81.3004021602851
44.2639743852485,81.3311398652031
44.2639743852485,81.3618775701212
44.2639743852485,81.3926152750392
44.2639743852485,81.4233529799572
44.2639743852485,81.4540906848752
44.2639743852485,81.4848283897933
44.2639743852485,81.5155660947113
44.2639743852485,81.5463037996293
44.2639743852485,81.5770415045473
44.2639743852485,81.6077792094653
44.2639743852485,81.6385169143834
44.2639743852485,81.6692546193014
44.2639743852485,81.6999923242194
44.2639743852485,81.7307300291374
44.2639743852485,81.7614677340555
44.2639743852485,81.7922054389735
44.2639743852485,81.8229431438915
44.2639743852485,81.8536808488095
44.2639743852485,81.8844185537276
44.2639743852485,81.9151562586456
44.2639743852485,81.9458939635636
44.2639743852485,81.9766316684816
44.2639743852485,82.0073693733997
44.2639743852485,82.0381070783177
44.2639743852485,82.0688447832357
44.2639743852485,82.0995824881537
44.2639743852485,82.1303201930718
44.2639743852485,82.1610578979898
44.2639743852485,82.1917956029078
44.2639743852485,82.2225333078258
44.2639743852485,82.2532710127439
44.2639743852485,82.2840087176619
44.2639743852485,82.3147464225799
44.2639743852485,82.3454841274979
44.2639743852485,82.376221832416
44.2639743852485,82.406959537334
44.2639743852485,82.437697242252
44.2639743852485,82.46843494717
44.2639743852485,82.4991726520881
44.2639743852485,82.5299103570061
44.2639743852485,82.5606480619241
44.2639743852485,82.5913857668421
44.2639743852485,82.6221234717602
44.2639743852485,82.6528611766782
44.2639743852485,82.6835988815962
44.2639743852485,82.7143365865142
44.2639743852485,82.7450742914323
44.2639743852485,82.7758119963503
44.2639743852485,82.8065497012683
44.2639743852485,82.8372874061863
44.2639743852485,82.8680251111044
44.2639743852485,82.8987628160224
44.2639743852485,82.9295005209404
44.2639743852485,82.9602382258584
44.2639743852485,82.9909759307765
44.2639743852485,83.0217136356945
44.2639743852485,83.0524513406125
44.2639743852485,83.0831890455305
44.2639743852485,83.1139267504486
44.2639743852485,83.1446644553666
44.2639743852485,83.1754021602846
44.2639743852485,83.2061398652026
44.2639743852485,83.2368775701207
44.2639743852485,83.2676152750387
44.2639743852485,83.2983529799567
44.2639743852485,83.3290906848747
44.2639743852485,83.3598283897928
44.2639743852485,83.3905660947108
44.2639743852485,83.4213037996288
44.2639743852485,83.4520415045468
44.2639743852485,83.4827792094649
44.2639743852485,83.5135169143829
44.2639743852485,83.5442546193009
44.2639743852485,83.5749923242189
44.2639743852485,83.605730029137
44.2639743852485,83.636467734055
44.2639743852485,83.667205438973
44.2639743852485,83.697943143891
44.2639743852485,83.728680848809
44.2639743852485,83.7594185537271
44.2639743852485,83.7901562586451
44.2639743852485,83.8208939635631
44.2639743852485,83.8516316684811
44.2639743852485,83.8823693733992
44.2639743852485,83.9131070783172
44.2639743852485,83.9438447832352
44.2639743852485,83.9745824881532
44.2639743852485,84.0053201930713
44.2639743852485,84.0360578979893
44.2639743852485,84.0667956029073
44.2639743852485,84.0975333078253
44.2639743852485,84.1282710127434
44.2639743852485,84.1590087176614
44.2639743852485,84.1897464225794
44.2639743852485,84.2204841274974
44.2639743852485,84.2512218324155
44.2639743852485,84.2819595373335
44.2639743852485,84.3126972422515
44.2639743852485,84.3434349471695
44.2639743852485,84.3741726520876
44.2639743852485,84.4049103570056
44.2639743852485,84.4356480619236
44.2639743852485,84.4663857668416
44.2639743852485,84.4971234717597
44.2639743852485,84.5278611766777
44.2639743852485,84.5585988815957
44.2639743852485,84.5893365865137
44.2639743852485,84.6200742914318
44.2639743852485,84.6508119963498
44.2639743852485,84.6815497012678
44.2639743852485,84.7122874061858
44.2639743852485,84.7430251111039
44.2639743852485,84.7737628160219
44.2639743852485,84.8045005209399
44.2639743852485,84.8352382258579
44.2639743852485,84.865975930776
44.2639743852485,84.896713635694
44.2639743852485,84.927451340612
44.2639743852485,84.95818904553
44.2639743852485,84.9889267504481
44.2639743852485,85.0196644553661
44.2639743852485,85.0504021602841
44.2639743852485,85.0811398652021
44.2639743852485,85.1118775701202
44.2639743852485,85.1426152750382
44.2639743852485,85.1733529799562
44.2639743852485,85.2040906848742
44.2639743852485,85.2348283897923
44.2639743852485,85.2655660947103
44.2639743852485,85.2963037996283
44.2639743852485,85.3270415045463
44.2639743852485,85.3577792094644
44.2639743852485,85.3885169143824
44.2639743852485,85.4192546193004
44.2639743852485,85.4499923242184
44.2639743852485,85.4807300291365
44.2639743852485,85.5114677340545
44.2639743852485,85.5422054389725
44.2639743852485,85.5729431438905
44.2639743852485,85.6036808488086
44.2639743852485,85.6344185537266
44.2639743852485,85.6651562586446
44.2639743852485,85.6958939635626
44.2639743852485,85.7266316684806
44.2639743852485,85.7573693733987
44.2639743852485,85.7881070783167
44.2639743852485,85.8188447832347
44.2639743852485,85.8495824881527
44.2639743852485,85.8803201930708
44.2639743852485,85.9110578979888
44.2639743852485,85.9417956029068
44.2639743852485,85.9725333078248
44.2639743852485,86.0032710127429
44.2639743852485,86.0340087176609
44.2639743852485,86.0647464225789
44.2639743852485,86.0954841274969
44.2639743852485,86.126221832415
44.2639743852485,86.156959537333
44.2639743852485,86.187697242251
44.2639743852485,86.218434947169
44.2639743852485,86.2491726520871
44.2639743852485,86.2799103570051
44.2639743852485,86.3106480619231
44.2639743852485,86.3413857668411
44.2639743852485,86.3721234717592
44.2639743852485,86.4028611766772
44.2639743852485,86.4335988815952
44.2639743852485,86.4643365865132
44.2639743852485,86.4950742914313
44.2639743852485,86.5258119963493
44.2639743852485,86.5565497012673
44.2639743852485,86.5872874061853
44.2639743852485,86.6180251111034
44.2639743852485,86.6487628160214
44.2639743852485,86.6795005209394
44.2639743852485,86.7102382258574
44.2639743852485,86.7409759307755
44.2639743852485,86.7717136356935
44.2639743852485,86.8024513406115
44.2639743852485,86.8331890455295
44.2639743852485,86.8639267504476
44.2639743852485,86.8946644553656
44.2639743852485,86.9254021602836
44.2639743852485,86.9561398652016
44.2639743852485,86.9868775701197
44.2639743852485,87.0176152750377
44.2639743852485,87.0483529799557
44.2639743852485,87.0790906848737
44.2639743852485,87.1098283897918
44.2639743852485,87.1405660947098
44.2639743852485,87.1713037996278
44.2639743852485,87.2020415045458
44.2639743852485,87.2327792094639
44.2639743852485,87.2635169143819
44.2639743852485,87.2942546192999
44.2639743852485,87.3249923242179
44.2639743852485,87.355730029136
44.2639743852485,87.386467734054
44.2639743852485,87.417205438972
44.2639743852485,87.44794314389
44.2639743852485,87.4786808488081
44.2639743852485,87.5094185537261
44.2639743852485,87.5401562586441
44.2639743852485,87.5708939635621
44.2639743852485,87.6016316684802
44.2639743852485,87.6323693733982
44.2639743852485,87.6631070783162
44.2639743852485,87.6938447832342
44.2639743852485,87.7245824881523
44.2639743852485,87.7553201930703
44.2639743852485,87.7860578979883
44.2639743852485,87.8167956029063
44.2639743852485,87.8475333078243
44.2639743852485,87.8782710127424
44.2639743852485,87.9090087176604
44.2639743852485,87.9397464225784
44.2639743852485,87.9704841274964
44.2639743852485,88.0012218324145
44.2639743852485,88.0319595373325
44.2639743852485,88.0626972422505
44.2639743852485,88.0934349471685
44.2639743852485,88.1241726520866
44.2639743852485,88.1549103570046
44.2639743852485,88.1856480619226
44.2639743852485,88.2163857668406
44.2639743852485,88.2471234717587
44.2639743852485,88.2778611766767
44.2639743852485,88.3085988815947
44.2639743852485,88.3393365865127
44.2639743852485,88.3700742914308
44.2639743852485,88.4008119963488
44.2639743852485,88.4315497012668
44.2639743852485,88.4622874061848
44.2639743852485,88.4930251111029
44.2639743852485,88.5237628160209
44.2639743852485,88.5545005209389
44.2639743852485,88.5852382258569
44.2639743852485,88.615975930775
44.2639743852485,88.646713635693
44.2639743852485,88.677451340611
44.2639743852485,88.708189045529
44.2639743852485,88.7389267504471
44.2639743852485,88.7696644553651
44.2639743852485,88.8004021602831
44.2639743852485,88.8311398652011
44.2639743852485,88.8618775701192
44.2639743852485,88.8926152750372
44.2639743852485,88.9233529799552
44.2639743852485,88.9540906848732
44.2639743852485,88.9848283897913
44.2639743852485,89.0155660947093
44.2639743852485,89.0463037996273
44.2639743852485,89.0770415045453
44.2639743852485,89.1077792094634
44.2639743852485,89.1385169143814
44.2639743852485,89.1692546192994
44.2639743852485,89.1999923242174
44.2639743852485,89.2307300291355
44.2639743852485,89.2614677340535
44.2639743852485,89.2922054389715
44.2639743852485,89.3229431438895
44.2639743852485,89.3536808488076
44.2639743852485,89.3844185537256
44.2639743852485,89.4151562586436
44.2639743852485,89.4458939635616
44.2639743852485,89.4766316684797
44.2639743852485,89.5073693733977
44.2639743852485,89.5381070783157
44.2639743852485,89.5688447832337
44.2639743852485,89.5995824881518
44.2639743852485,89.6303201930698
44.2639743852485,89.6610578979878
44.2639743852485,89.6917956029058
44.2639743852485,89.7225333078239
44.2639743852485,89.7532710127419
44.2639743852485,89.7840087176599
44.2639743852485,89.8147464225779
44.2639743852485,89.845484127496
44.2639743852485,89.876221832414
44.2639743852485,89.906959537332
44.2639743852485,89.93769724225
44.2639743852485,89.968434947168
44.2639743852485,89.9991726520861
44.2639743852485,90.0299103570041
44.2639743852485,90.0606480619221
44.2639743852485,90.0913857668401
44.2639743852485,90.1221234717582
44.2639743852485,90.1528611766762
44.2639743852485,90.1835988815942
44.2639743852485,90.2143365865122
44.2639743852485,90.2450742914303
44.2639743852485,90.2758119963483
44.2639743852485,90.3065497012663
44.2639743852485,90.3372874061843
44.2639743852485,90.3680251111024
44.2639743852485,90.3987628160204
44.2639743852485,90.4295005209384
44.2639743852485,90.4602382258564
44.2639743852485,90.4909759307745
44.2639743852485,90.5217136356925
44.2639743852485,90.5524513406105
44.2639743852485,90.5831890455285
44.2639743852485,90.6139267504466
44.2639743852485,90.6446644553646
44.2639743852485,90.6754021602826
44.2639743852485,90.7061398652006
44.2639743852485,90.7368775701187
44.2639743852485,90.7676152750367
44.2639743852485,90.7983529799547
44.2639743852485,90.8290906848727
44.2639743852485,90.8598283897908
44.2639743852485,90.8905660947088
44.2639743852485,90.9213037996268
44.2639743852485,90.9520415045448
44.2639743852485,90.9827792094629
44.2639743852485,91.0135169143809
44.2639743852485,91.0442546192989
44.2639743852485,91.0749923242169
44.2639743852485,91.105730029135
44.2639743852485,91.136467734053
44.2639743852485,91.167205438971
44.2639743852485,91.197943143889
44.2639743852485,91.2286808488071
44.2639743852485,91.2594185537251
44.2639743852485,91.2901562586431
44.2639743852485,91.3208939635611
44.2639743852485,91.3516316684792
44.2639743852485,91.3823693733972
44.2639743852485,91.4131070783152
44.2639743852485,91.4438447832332
44.2639743852485,91.4745824881513
44.2639743852485,91.5053201930693
44.2639743852485,91.5360578979873
44.2639743852485,91.5667956029053
44.2639743852485,91.5975333078234
44.2639743852485,91.6282710127414
44.2639743852485,91.6590087176594
44.2639743852485,91.6897464225774
44.2639743852485,91.7204841274955
44.2639743852485,91.7512218324135
44.2639743852485,91.7819595373315
44.2639743852485,91.8126972422495
44.2639743852485,91.8434349471676
44.2639743852485,91.8741726520856
44.2639743852485,91.9049103570036
44.2639743852485,91.9356480619216
44.2639743852485,91.9663857668397
44.2639743852485,91.9971234717577
44.2639743852485,92.0278611766757
44.2639743852485,92.0585988815937
44.2639743852485,92.0893365865117
44.2639743852485,92.1200742914298
44.2639743852485,92.1508119963478
44.2639743852485,92.1815497012658
44.2639743852485,92.2122874061838
44.2639743852485,92.2430251111019
44.2639743852485,92.2737628160199
44.2639743852485,92.3045005209379
44.2639743852485,92.3352382258559
44.2639743852485,92.365975930774
44.2639743852485,92.396713635692
44.2639743852485,92.42745134061
44.2639743852485,92.458189045528
44.2639743852485,92.4889267504461
44.2639743852485,92.5196644553641
44.2639743852485,92.5504021602821
44.2639743852485,92.5811398652001
44.2639743852485,92.6118775701182
44.2639743852485,92.6426152750362
44.2639743852485,92.6733529799542
44.2639743852485,92.7040906848722
44.2639743852485,92.7348283897903
44.2639743852485,92.7655660947083
44.2639743852485,92.7963037996263
44.2639743852485,92.8270415045443
44.2639743852485,92.8577792094624
44.2639743852485,92.8885169143804
44.2639743852485,92.9192546192984
44.2639743852485,92.9499923242164
44.2639743852485,92.9807300291345
44.2639743852485,93.0114677340525
44.2639743852485,93.0422054389705
44.2639743852485,93.0729431438885
44.2639743852485,93.1036808488066
44.2639743852485,93.1344185537246
44.2639743852485,93.1651562586426
44.2639743852485,93.1958939635606
44.2639743852485,93.2266316684787
44.2639743852485,93.2573693733967
44.2639743852485,93.2881070783147
44.2639743852485,93.3188447832327
44.2639743852485,93.3495824881508
44.2639743852485,93.3803201930688
44.2639743852485,93.4110578979868
44.2639743852485,93.4417956029048
44.2639743852485,93.4725333078229
44.2639743852485,93.5032710127409
44.2639743852485,93.5340087176589
44.2639743852485,93.5647464225769
44.2639743852485,93.595484127495
44.2639743852485,93.626221832413
44.2639743852485,93.656959537331
44.2639743852485,93.687697242249
44.2639743852485,93.7184349471671
44.2639743852485,93.7491726520851
44.2639743852485,93.7799103570031
44.2639743852485,93.8106480619211
44.2639743852485,93.8413857668392
44.2639743852485,93.8721234717572
44.2639743852485,93.9028611766752
44.2639743852485,93.9335988815932
44.2639743852485,93.9643365865113
44.2639743852485,93.9950742914293
44.2639743852485,94.0258119963473
44.2639743852485,94.0565497012653
44.2639743852485,94.0872874061833
44.2639743852485,94.1180251111014
44.2639743852485,94.1487628160194
44.2639743852485,94.1795005209374
44.2639743852485,94.2102382258554
44.2639743852485,94.2409759307735
44.2639743852485,94.2717136356915
44.2639743852485,94.3024513406095
44.2639743852485,94.3331890455275
44.2639743852485,94.3639267504456
44.2639743852485,94.3946644553636
44.2639743852485,94.4254021602816
44.2639743852485,94.4561398651996
44.2639743852485,94.4868775701177
44.2639743852485,94.5176152750357
44.2639743852485,94.5483529799537
44.2639743852485,94.5790906848717
44.2639743852485,94.6098283897898
44.2639743852485,94.6405660947078
44.2639743852485,94.6713037996258
44.2639743852485,94.7020415045438
44.2639743852485,94.7327792094619
44.2639743852485,94.7635169143799
44.2639743852485,94.7942546192979
44.2639743852485,94.8249923242159
44.2639743852485,94.855730029134
44.2639743852485,94.886467734052
44.2639743852485,94.91720543897
44.2639743852485,94.947943143888
44.2639743852485,94.9786808488061
44.2639743852485,95.0094185537241
44.2639743852485,95.0401562586421
44.2639743852485,95.0708939635601
44.2639743852485,95.1016316684782
44.2639743852485,95.1323693733962
44.2639743852485,95.1631070783142
44.2639743852485,95.1938447832322
44.2639743852485,95.2245824881503
44.2639743852485,95.2553201930683
44.2639743852485,95.2860578979863
44.2639743852485,95.3167956029043
44.2639743852485,95.3475333078224
44.2639743852485,95.3782710127404
44.2639743852485,95.4090087176584
44.2639743852485,95.4397464225764
44.2639743852485,95.4704841274945
44.2639743852485,95.5012218324125
44.2639743852485,95.5319595373305
44.2639743852485,95.5626972422485
44.2639743852485,95.5934349471666
44.2639743852485,95.6241726520846
44.2639743852485,95.6549103570026
44.2639743852485,95.6856480619206
44.2639743852485,95.7163857668387
44.2639743852485,95.7471234717567
44.2639743852485,95.7778611766747
44.2639743852485,95.8085988815927
44.2639743852485,95.8393365865108
44.2639743852485,95.8700742914288
44.2639743852485,95.9008119963468
44.2639743852485,95.9315497012648
44.2639743852485,95.9622874061829
44.2639743852485,95.9930251111009
44.2639743852485,96.0237628160189
44.2639743852485,96.0545005209369
44.2639743852485,96.085238225855
44.2639743852485,96.115975930773
44.2639743852485,96.146713635691
44.2639743852485,96.177451340609
44.2639743852485,96.208189045527
44.2639743852485,96.2389267504451
44.2639743852485,96.2696644553631
44.2639743852485,96.3004021602811
44.2639743852485,96.3311398651991
44.2639743852485,96.3618775701172
44.2639743852485,96.3926152750352
44.2639743852485,96.4233529799532
44.2639743852485,96.4540906848712
44.2639743852485,96.4848283897893
44.2639743852485,96.5155660947073
44.2639743852485,96.5463037996253
44.2639743852485,96.5770415045433
44.2639743852485,96.6077792094614
44.2639743852485,96.6385169143794
44.2639743852485,96.6692546192974
44.2639743852485,96.6999923242154
44.2639743852485,96.7307300291335
44.2639743852485,96.7614677340515
44.2639743852485,96.7922054389695
44.2639743852485,96.8229431438875
44.2639743852485,96.8536808488056
44.2639743852485,96.8844185537236
44.2639743852485,96.9151562586416
44.2639743852485,96.9458939635596
44.2639743852485,96.9766316684777
44.2639743852485,97.0073693733957
44.2639743852485,97.0381070783137
44.2639743852485,97.0688447832317
44.2639743852485,97.0995824881498
44.2639743852485,97.1303201930678
44.2639743852485,97.1610578979858
44.2639743852485,97.1917956029038
44.2639743852485,97.2225333078219
44.2639743852485,97.2532710127399
44.2639743852485,97.2840087176579
44.2639743852485,97.3147464225759
44.2639743852485,97.345484127494
44.2639743852485,97.376221832412
44.2639743852485,97.40695953733
44.2639743852485,97.437697242248
44.2639743852485,97.4684349471661
44.2639743852485,97.4991726520841
44.2639743852485,97.5299103570021
44.2639743852485,97.5606480619201
44.2639743852485,97.5913857668382
44.2639743852485,97.6221234717562
44.2639743852485,97.6528611766742
44.2639743852485,97.6835988815922
44.2639743852485,97.7143365865103
44.2639743852485,97.7450742914283
44.2639743852485,97.7758119963463
44.2639743852485,97.8065497012643
44.2639743852485,97.8372874061824
44.2639743852485,97.8680251111004
44.2639743852485,97.8987628160184
44.2639743852485,97.9295005209364
44.2639743852485,97.9602382258545
44.2639743852485,97.9909759307725
44.2639743852485,98.0217136356905
44.2639743852485,98.0524513406085
44.2639743852485,98.0831890455266
44.2639743852485,98.1139267504446
44.2639743852485,98.1446644553626
44.2639743852485,98.1754021602806
44.2639743852485,98.2061398651987
44.2639743852485,98.2368775701167
44.2639743852485,98.2676152750347
44.2639743852485,98.2983529799527
44.2639743852485,98.3290906848707
44.2639743852485,98.3598283897888
44.2639743852485,98.3905660947068
44.2639743852485,98.4213037996248
44.2639743852485,98.4520415045428
44.2639743852485,98.4827792094609
44.2639743852485,98.5135169143789
44.2639743852485,98.5442546192969
44.2639743852485,98.5749923242149
44.2639743852485,98.605730029133
44.2639743852485,98.636467734051
44.2639743852485,98.667205438969
44.2639743852485,98.697943143887
44.2639743852485,98.7286808488051
44.2639743852485,98.7594185537231
44.2639743852485,98.7901562586411
44.2639743852485,98.8208939635591
44.2639743852485,98.8516316684772
44.2639743852485,98.8823693733952
44.2639743852485,98.9131070783132
44.2639743852485,98.9438447832312
44.2639743852485,98.9745824881493
44.2639743852485,99.0053201930673
44.2639743852485,99.0360578979853
44.2639743852485,99.0667956029033
44.2639743852485,99.0975333078214
44.2639743852485,99.1282710127394
44.2639743852485,99.1590087176574
44.2639743852485,99.1897464225754
44.2639743852485,99.2204841274935
44.2639743852485,99.2512218324115
44.2639743852485,99.2819595373295
44.2639743852485,99.3126972422475
44.2639743852485,99.3434349471656
44.2639743852485,99.3741726520836
44.2639743852485,99.4049103570016
44.2639743852485,99.4356480619196
44.2639743852485,99.4663857668377
44.2639743852485,99.4971234717557
44.2639743852485,99.5278611766737
44.2639743852485,99.5585988815917
44.2639743852485,99.5893365865098
44.2639743852485,99.6200742914278
44.2639743852485,99.6508119963458
44.2639743852485,99.6815497012638
44.2639743852485,99.7122874061819
44.2639743852485,99.7430251110999
44.2639743852485,99.7737628160179
44.2639743852485,99.8045005209359
44.2639743852485,99.835238225854
44.2639743852485,99.865975930772
44.2639743852485,99.89671363569
44.2639743852485,99.927451340608
44.2639743852485,99.9581890455261
44.2639743852485,99.9889267504441
