0,0
0,0.0307377049180251
0,0.0614753966700894
3.42903047772978e-30,0.0922130864341333
-1.34768309015407e-22,0.122950768530187
-7.95779659375769e-23,0.153688443115016
-8.51149124757237e-21,0.184426110404266
3.81152462285827e-20,0.21516377133876
2.92945736909099e-19,0.245901427115794
-1.30568008787728e-20,0.276639078239027
-4.08292541153957e-18,0.307376713816133
-1.28230993854945e-17,0.338114348362309
-6.04208128289607e-18,0.368851990193484
7.42424364739052e-17,0.399589613087471
2.75631815604038e-16,0.430327219549044
4.54062427447762e-16,0.461064829139038
2.38358795686027e-17,0.491802453493218
-2.01200115759482e-15,0.522540066971899
-6.17604060629839e-15,0.553277676088111
-1.04675385066193e-14,0.584015290951902
-7.96516766031596e-15,0.614752890717356
1.33204053055168e-14,0.645490485064529
6.44614467395937e-14,0.676228089238569
1.40773243183645e-13,0.706965699899346
2.00707180106472e-13,0.73770330752868
1.50306786597848e-13,0.768440902117347
-1.45452863601408e-13,0.799178488706977
-8.00654165057056e-13,0.829916077835934
-1.78509569626272e-12,0.860653653657136
-2.76272602447962e-12,0.891391224627403
-2.96495361565516e-12,0.9221287895843
-1.22014353327067e-12,0.952866325046053
3.72351755124235e-12,0.983603857815082
1.24955560214893e-11,1.01434141086342
2.40753195984607e-11,1.04507900334277
3.47145533273487e-11,1.07581658564557
3.73350148438314e-11,1.10655415325965
2.21009068800255e-11,1.13729172069284
-2.1162336988865e-11,1.16802927409903
-9.83808652857162e-11,1.19876681215147
-2.04875741707127e-10,1.22950435302358
-3.18657768552145e-10,1.26024189592388
-3.95889877962698e-10,1.29097940961016
-3.71823717890755e-10,1.32171692004119
-1.70549887878041e-10,1.35245444538694
2.74251508813296e-10,1.38319199749641
9.87933503541994e-10,1.41392958228072
1.91708980113083e-09,1.44466720065372
2.89408330938904e-09,1.47540482434682
3.61675151382591e-09,1.50614244381499
3.65844708828732e-09,1.53688006270569
2.52252992739477e-09,1.56761768183545
-2.50175189227301e-10,1.59835530079489
-4.9230657111039e-09,1.62909291679715
-1.13716644438416e-08,1.65983053349888
-1.88920609089934e-08,1.69056814860023
-2.60602998221575e-08,1.72130576476753
-3.07036738508302e-08,1.75204337781549
-3.00451199864487e-08,1.78278098445238
-2.10678976005062e-08,1.81351858584075
-1.11723990218938e-09,1.84425618646109
3.12906318795591e-08,1.87499378946155
7.55395795568047e-08,1.90573139581619
1.28013506091196e-07,1.9364690043514
1.81427548244602e-07,1.96720661381892
2.24625406728189e-07,1.99794421992866
2.43075967622137e-07,2.02868182131662
2.20255836504751e-07,2.05941942977966
1.40007597446157e-07,2.09015703365477
-1.01816936358615e-08,2.12089463332974
-2.35219348935877e-07,2.15163223143891
-5.28199796235999e-07,2.182369835839
-8.66576717276166e-07,2.21310743526129
-1.2094822121944e-06,2.24384503052793
-1.49702503168352e-06,2.27458262877964
-1.65235234817861e-06,2.30532022734825
-1.58707567974897e-06,2.3360578241047
-1.2103350610611e-06,2.36679541727547
-4.41318576061885e-07,2.39753301514949
7.75498173822378e-07,2.42827060913904
2.45371661823305e-06,2.45900820323086
4.54887876649953e-06,2.489745795939
6.94519917462744e-06,2.52048339056934
9.44786372585969e-06,2.5512209804609
1.17836862625641e-05,2.5819585717215
1.36127540348686e-05,2.61269616265155
1.45531873580738e-05,2.64343374176614
1.42202170424956e-05,2.67417131192465
1.22794611621128e-05,2.70490887775155
8.51275113038621e-06,2.73564644025529
2.8933232702686e-06,2.76638399180029
-4.33464309830332e-06,2.79712154533741
-1.25796671613797e-05,2.82785910593961
-2.08367988883983e-05,2.85859666105731
-2.7625873318554e-05,2.88933420808154
-3.09058719272817e-05,2.92007176122931
-2.792861025567e-05,2.95080932292641
-1.50108606987858e-05,2.98154687658349
1.27722683318258e-05,3.01228433187548
6.19577768607447e-05,3.04302167042191
0.00014111537500955,3.07375892679421
0.000261290662308957,3.10449616264942
0.000436424749237214,3.13523342217851
0.000683786410245823,3.1659707136683
0.00102461202818055,3.19670803635444
0.00148513699120278,3.22744539912118
0.0020980334875372,3.25818280167111
0.00290418624679546,3.28892024746524
0.00395476657426928,3.3196577250297
0.00531358188971115,3.35039521356536
0.00705970844382467,3.38113270106398
0.00929054976636802,3.41187019069138
0.0121255877172512,3.4426076710881
0.0157108748104544,3.4733451561672
0.0202242216714313,3.50408229569151
0.025880771816219,3.53481922709698
0.0329396956471223,3.56555613125597
0.0417120873038027,3.59629305098858
0.0525676919561856,3.62702996125904
0.0659372102154752,3.657766889104
0.0823088226685773,3.68850395607536
0.102220432436236,3.7192410616588
0.126249178122234,3.74997814528457
0.154999670135072,3.78071522358332
0.189091618951451,3.81145238067206
0.229146858323472,3.84218970353751
0.275775391119615,3.8729271955752
0.329560966970787,3.9036646991735
0.391045774312325,3.93440220388121
0.460717020383134,3.96513970787281
0.538997859912375,3.99587720756959
0.626244019894021,4.02661470463436
0.722745930817154,4.0573521890019
0.828734454717095,4.08808966601927
0.944388354276039,4.1188271420381
1.06984191878475,4.14956462384727
1.20519178645954,4.18030211659519
1.35050290734002,4.21103960541247
1.50581321220851,4.24177708884761
1.67113726710369,4.27251456911415
1.84646900519931,4.30325204966556
2.03178362175143,4.33398953346356
2.22703850644563,4.36472702438802
2.43217343720743,4.39546451386723
2.64710975044743,4.42620199893456
2.87174901070931,4.45693947888538
3.1059722222408,4.48767695178724
3.3496407039917,4.51841441851069
3.60259921728928,4.5491518803673
3.86468058215162,4.57988933869367
4.13571030673752,4.61062679484009
4.41551032140022,4.64136424441127
4.70390159041751,4.67210167644032
5.00070515629133,4.70283909039899
5.30574241158236,4.73357648480337
5.61883528189441,4.76431385908465
5.93980635648134,4.79505121267348
6.26848136909224,4.82578849052771
6.60468898569864,4.8565257200664
6.94825950716619,4.88726293362835
7.2990243780325,4.91800010403521
7.65681460968972,4.94873721926373
8.02146051835459,4.97947425168614
8.39278788025044,5.0102112501526
8.7706159335721,5.04094820939426
9.15475901583658,5.07168510811518
9.54503149148001,5.10242196322018
9.94125726469505,5.13315872982383
10.343265208508,5.16389553934679
10.750885595063,5.19463232280545
11.1639421965543,5.22536903815532
11.5822449637024,5.25610567299776
12.0055746289908,5.28684230102608
12.433658404088,5.31757894248527
12.866137926306,5.34831554366442
13.3025373112244,5.37905211932285
13.7422467204287,5.40978867057059
14.1845193350823,5.44052518688846
14.628477531943,5.4712616239528
15.0731236439886,5.50199797571487
15.5173561720993,5.53273423862835
15.9599880002634,5.56347040960654
16.3997594304019,5.59420647808735
16.8353286950857,5.6249424310419
17.2652411401762,5.65567826377473
17.687997850947,5.68641397233684
18.102255390774,5.71714955368599
18.5069722410757,5.74788500540196
18.9014298078994,5.77862030788834
19.2851897415001,5.80935545791095
19.6580413959117,5.84009044928561
20.019951147123,5.8708252818839
20.3710199951059,5.90155993082107
20.7114446058095,5.93229439417168
21.041484186739,5.96302867368034
21.3614362689239,5.99376277175989
21.6716207590993,6.02449669178657
21.9723690066551,6.0552304422094
22.2640134999284,6.08596399460079
22.5468747372373,6.11669734941999
22.8212548361203,6.14743052004286
23.0874375745204,6.17816350154539
23.3456987615711,6.2088962839857
23.5963267119689,6.23962888123322
23.8396228854515,6.27036128957168
24.0758734515096,6.30109347662451
24.3053350655945,6.33182545697542
24.528235342334,6.36255724655379
24.7447780488188,6.39328886233624
24.9551463729443,6.42402032214887
25.1595034298072,6.45475164453373
25.3579910114183,6.48548284863413
25.5507242705036,6.51621395409227
25.7377821723999,6.54694498101777
25.9191992734491,6.57767595006373
26.0949646785183,6.60840688258442
26.2650284198128,6.63913780081837
26.4293117032962,6.66986872803364
26.5877187381777,6.70059968857065
26.7401506191384,6.73133070772077
26.886522245273,6.76206181139125
27.0267811900469,6.79279302553562
27.1609239240766,6.82352437537987
27.2890036276949,6.85425588456346
27.4111278976046,6.88498757441272
27.5274494879301,6.91571946355592
27.6381546140049,6.94645155624761
27.7434515285456,6.97718386510449
27.8435608235986,7.00791640386985
27.9387077112442,7.03864918402928
28.0291160796302,7.0693822148373
28.1150040530682,7.10011550329371
28.196580805006,7.13084905407179
28.2740444019231,7.16158286941849
28.3475805425242,7.19231694905916
28.4173621589026,7.22305129014452
28.4835498184891,7.25378588727582
28.5462927040871,7.28452073263491
28.6057298474069,7.31525581623031
28.6619913660301,7.34599112625057
28.7151996068778,7.3767266494973
28.7654702084882,7.40746237185758
28.8129131396765,7.43819827877169
28.8576337818557,7.46893435565737
28.8997341117989,7.49967058826396
28.939314005956,7.53040696294395
28.9764726247543,7.56114346684289
29.0113097637915,7.5918800880172
29.0439270075276,7.62261681549371
29.0744285116679,7.65335363928434
29.1029212786702,7.68409055036843
29.1295148668784,7.71482754065346
29.1543205552458,7.74556460292456
29.1774501149128,7.7763017166324
29.1990143218413,7.80703886335646
29.2191213938602,7.83777603609055
29.2378755339723,7.86851323393851
29.2553757116936,7.89925045630718
29.2717147551625,7.92998770285534
29.2869787787869,7.96072497343086
29.3012469425404,7.99146226192485
29.3145914853446,8.02219956123018
29.3270780158362,8.05293684464765
29.3387659305103,8.08367411806009
29.3497089550399,8.1144113867927
29.359955750459,8.14514865108285
29.3695505416413,8.17588591253443
29.3785337421357,8.20662317491729
29.3869425524683,8.23736044142034
29.3948115111613,8.26809770941771
29.4021729795226,8.29883497051735
29.4090575310379,8.32957222917261
29.4154942487145,8.36030948932203
29.4215109257049,8.39104675427972
29.4271341799797,8.42178402255796
29.4323894952938,8.45252129276005
29.437301206785,8.48325856722438
29.4418924546236,8.51399584799548
29.4461851244703,8.544733136877
29.450199795167,8.57547042807059
29.4539557018591,8.6062077131107
29.4574707320228,8.63694496527261
29.4607614392857,8.66768218812665
29.4638430868438,8.69841938735719
29.4667297128664,8.72915656842247
29.4694342122447,8.75989373653148
29.4719684291129,8.79063089659728
29.4743432542779,8.82136805275096
29.476568726172,8.85210519807139
29.4786541259186,8.88284233722547
29.4806080670954,8.9135794738067
29.4824385770919,8.9443166085606
29.4841531671611,8.97505374562073
29.4857588911625,9.00579088867884
29.4872623930561,9.0365280388054
29.4886699441188,9.06726519480234
29.4899874700326,9.09800235955424
29.4912205724665,9.12873952263744
29.492374544082,9.15947668190674
29.4934543798422,9.1902138411243
29.4944647865242,9.22095100366061
29.4954101913918,9.25168817249688
29.4962947509678,9.28242535023812
29.4971223605467,9.31316253913245
29.4978966648121,9.34389974109327
29.4986210696756,9.37463695772243
29.4992987552511,9.40537419033357
29.4999326897177,9.43611143997571
29.5005256437272,9.46684870745722
29.5010802049647,9.49758599337022
29.5015987924747,9.5283232981152
29.5020836702569,9.55906062192512
29.5025369604368,9.58979795470924
29.5029606549987,9.62053529335327
29.5033566262989,9.65127263910484
29.5037266363726,9.68200999306935
29.5040723449567,9.71274735622669
29.5043953162926,9.74348472944277
29.5046970248256,9.77422211347637
29.5049788599705,9.80495950898239
29.5052421301407,9.83569691651206
29.5054880662535,9.86643433651155
29.5057178249154,9.89717176931961
29.505932491456,9.92790921516556
29.5061330829353,9.9586466741683
29.5063205511835,9.9893841463371
29.5064957859023,10.020121629976
29.5066596178749,10.0508591194401
29.5068128220825,10.0815966149113
29.5069561208136,10.1123341165292
29.5070901866808,10.143071624395
29.5072156455117,10.1738091385753
29.5073330790965,10.2045466591058
29.5074430277846,10.2352841859946
29.5075459929387,10.2660217192259
29.5076424392597,10.2967592587629
29.5077327970034,10.3274968045505
29.5078174641058,10.3582343565178
29.5078968082482,10.3889719136259
29.5079711688712,10.4197094748574
29.508040859147,10.4504470404046
29.5081061679299,10.4811846104177
29.5081673616826,10.5119221850115
29.5082246863803,10.5426597642707
29.5082783693816,10.5733973482539
29.5083286212592,10.6041349369971
29.5083756375704,10.6348725305161
29.5084196005528,10.6656101288084
29.5084606807233,10.6963477318546
29.5084990383606,10.7270853396193
29.5085348248533,10.7578229520516
29.5085681838969,10.7885605690859
29.5085992525271,10.819298190642
29.5086281619828,10.8500358166258
29.508655038396,10.8807734469297
29.5086800033109,10.9115110814334
29.5087031740426,10.9422487200048
29.5087246638859,10.9729863625009
29.5087445821961,11.003724007845
29.5087630343566,11.0344616556254
29.5087801216605,11.0651993053906
29.5087959411272,11.0959369572158
29.5088105852798,11.1266746111477
29.5088241419062,11.1574122671733
29.5088366938252,11.1881499264587
29.5088483186814,11.2188875878946
29.5088590887842,11.2496252514248
29.5088690710079,11.2803629169868
29.5088783267659,11.3111005845139
29.5088869120671,11.3418382539372
29.5088948776585,11.3725759251868
29.5089022692537,11.403313598194
29.5089091278418,11.434051272892
29.5089154900664,11.4647889492167
29.5089213886599,11.4955266271079
29.5089268529163,11.526264306509
29.5089319091828,11.5570019873673
29.5089365813501,11.5877396696338
29.5089408913232,11.6184773532626
29.5089448594541,11.6492150382105
29.5089485049246,11.6799527244362
29.5089518460675,11.7106904118995
29.5089549006208,11.7414281005605
29.508957685913,11.7721657903791
29.5089602189822,11.8029034813141
29.5089625166324,11.8336411733227
29.5089645954377,11.8643788663604
29.5089664717018,11.8951165603806
29.5089681613854,11.9258542553346
29.5089696800118,11.9565919511717
29.5089710425619,11.9873296478397
29.5089722633689,12.0180673452853
29.5089733560195,12.0488050434541
29.508974333271,12.0795427422919
29.5089752069866,12.110280441745
29.5089759880928,12.1410181417606
29.5089766865603,12.1717558422878
29.508977311408,12.2024935432778
29.5089778707271,12.2332312446844
29.5089783717235,12.2639689464647
29.5089788207751,12.2947066485787
29.508979223499,12.3254443509901
29.508979584826,12.356182053666
29.5089799090774,12.3869197565767
29.5089802000413,12.4176574596963
29.5089804610465,12.4483951630015
29.5089806950295,12.4791328664721
29.5089809045959,12.5098705700907
29.5089810920729,12.5406082738418
29.5089812595539,12.5713459777122
29.5089814089355,12.6020836816902
29.5089815419463,12.6328213857656
29.5089816601698,12.6635590899295
29.5089817650611,12.6942967941738
29.5089818579596,12.7250344984912
29.5089819400978,12.7557722028751
29.5089820126082,12.7865099073194
29.5089820765283,12.8172476118185
29.5089821328044,12.8479853163669
29.508982182296,12.8787230209599
29.5089822257798,12.9094607255927
29.5089822639536,12.9401984302611
29.5089822974414,12.970936134961
29.5089823267985,13.0016738396888
29.5089823525169,13.0324115444412
29.5089823750311,13.0631492492151
29.5089823947238,13.0938869540079
29.5089824119315,13.1246246588171
29.50898242695,13.1553623636405
29.5089824400394,13.1861000684764
29.5089824514289,13.2168377733231
29.5089824613205,13.2475754781793
29.508982469893,13.2783131830438
29.5089824773049,13.3090508879154
29.508982483697,13.3397885927935
29.5089824891946,13.3705262976772
29.5089824939097,13.4012640025658
29.5089824979417,13.4320017074588
29.5089825013793,13.4627394123556
29.5089825043016,13.4934771172559
29.5089825067786,13.5242148221591
29.508982508872,13.5549525270649
29.5089825106365,13.5856902319719
29.50898251212,13.6164279368797
29.5089825133641,13.6471656417884
29.5089825144052,13.677903346698
29.5089825152747,13.7086410516084
29.5089825159997,13.7393787565196
29.5089825166032,13.7701164614314
29.5089825171052,13.8008541663436
29.5089825175225,13.8315918712564
29.5089825178693,13.8623295761696
29.5089825181577,13.8930672810832
29.5089825183979,13.9238049859972
29.5089825185984,13.9545426909114
29.5089825187664,13.9852803958257
29.5089825189078,14.0160181007403
29.5089825190277,14.046755805655
29.5089825191302,14.0774935105699
29.5089825192188,14.1082312154851
29.5089825192963,14.1389689204004
29.5089825193652,14.1697066253157
29.5089825194272,14.200444330231
29.508982519484,14.2311820351463
29.5089825195368,14.2619197400617
29.5089825195868,14.2926574449772
29.5089825196346,14.3233951498928
29.5089825196809,14.3541328548086
29.5089825197263,14.3848705597246
29.508982519771,14.4156082646407
29.5089825198154,14.4463459695571
29.5089825198595,14.4770836744737
29.5089825199035,14.5078213793904
29.5089825199475,14.5385590843074
29.5089825199914,14.5692967892245
29.5089825200351,14.6000344941418
29.5089825200785,14.6307721990593
29.5089825201216,14.6615099039769
29.5089825201643,14.6922476088946
29.5089825202064,14.7229853138123
29.5089825202477,14.75372301873
29.5089825202882,14.7844607236478
29.5089825203277,14.8151984285656
29.5089825203662,14.8459361334834
29.5089825204036,14.8766738384012
29.5089825204397,14.9074115433191
29.5089825204746,14.938149248237
29.5089825205083,14.9688869531548
29.5089825205406,14.9996246580727
29.5089825205716,15.0303623629906
29.5089825206012,15.0611000679086
29.5089825206296,15.0918377728265
29.5089825206567,15.1225754777444
29.5089825206826,15.1533131826624
29.5089825207071,15.1840508875803
29.5089825207305,15.2147885924983
29.5089825207527,15.2455262974162
29.5089825207738,15.2762640023342
29.5089825207937,15.3070017072521
29.5089825208126,15.3377394121701
29.5089825208304,15.368477117088
29.5089825208471,15.399214822006
29.5089825208629,15.429952526924
29.5089825208777,15.4606902318419
29.5089825208916,15.4914279367599
29.5089825209046,15.5221656416779
29.5089825209168,15.5529033465958
29.5089825209282,15.5836410515138
29.5089825209388,15.6143787564318
29.5089825209487,15.6451164613498
29.5089825209579,15.6758541662677
29.5089825209665,15.7065918711857
29.5089825209744,15.7373295761037
29.5089825209818,15.7680672810217
29.5089825209887,15.7988049859397
29.5089825209951,15.8295426908577
29.508982521001,15.8602803957757
29.5089825210065,15.8910181006937
29.5089825210115,15.9217558056117
29.5089825210162,15.9524935105297
29.5089825210206,15.9832312154477
29.5089825210246,16.0139689203657
29.5089825210283,16.0447066252837
29.5089825210317,16.0754443302017
29.5089825210348,16.1061820351197
29.5089825210377,16.1369197400377
29.5089825210404,16.1676574449557
29.5089825210429,16.1983951498738
29.5089825210451,16.2291328547918
29.5089825210472,16.2598705597098
29.508982521049,16.2906082646278
29.5089825210508,16.3213459695458
29.5089825210524,16.3520836744638
29.5089825210538,16.3828213793818
29.5089825210552,16.4135590842999
29.5089825210564,16.4442967892179
29.5089825210575,16.4750344941359
29.5089825210585,16.5057721990539
29.5089825210595,16.5365099039719
29.5089825210603,16.56724760889
29.5089825210611,16.597985313808
29.5089825210618,16.628723018726
29.5089825210625,16.659460723644
29.5089825210631,16.690198428562
29.5089825210636,16.7209361334801
29.5089825210641,16.7516738383981
29.5089825210646,16.7824115433161
29.508982521065,16.8131492482341
29.5089825210653,16.8438869531521
29.5089825210657,16.8746246580702
29.508982521066,16.9053623629882
29.5089825210663,16.9361000679062
29.5089825210665,16.9668377728242
29.5089825210668,16.9975754777423
29.508982521067,17.0283131826603
29.5089825210672,17.0590508875783
29.5089825210674,17.0897885924963
29.5089825210675,17.1205262974144
29.5089825210677,17.1512640023324
29.5089825210678,17.1820017072504
29.5089825210679,17.2127394121684
29.508982521068,17.2434771170865
29.5089825210681,17.2742148220045
29.5089825210682,17.3049525269225
29.5089825210683,17.3356902318405
29.5089825210684,17.3664279367586
29.5089825210684,17.3971656416766
29.5089825210685,17.4279033465946
29.5089825210686,17.4586410515126
29.5089825210686,17.4893787564307
29.5089825210687,17.5201164613487
29.5089825210687,17.5508541662667
29.5089825210687,17.5815918711847
29.5089825210688,17.6123295761028
29.5089825210688,17.6430672810208
29.5089825210688,17.6738049859388
29.5089825210689,17.7045426908568
29.5089825210689,17.7352803957749
29.5089825210689,17.7660181006929
29.5089825210689,17.7967558056109
29.5089825210689,17.8274935105289
29.508982521069,17.858231215447
29.508982521069,17.888968920365
29.508982521069,17.919706625283
29.508982521069,17.950444330201
29.508982521069,17.9811820351191
29.508982521069,18.0119197400371
29.508982521069,18.0426574449551
29.508982521069,18.0733951498731
29.508982521069,18.1041328547912
29.5089825210691,18.1348705597092
29.5089825210691,18.1656082646272
29.5089825210691,18.1963459695452
29.5089825210691,18.2270836744633
29.5089825210691,18.2578213793813
29.5089825210691,18.2885590842993
29.5089825210691,18.3192967892173
29.5089825210691,18.3500344941354
29.5089825210691,18.3807721990534
29.5089825210691,18.4115099039714
29.5089825210691,18.4422476088894
29.5089825210691,18.4729853138075
29.5089825210691,18.5037230187255
29.5089825210691,18.5344607236435
29.5089825210691,18.5651984285615
29.5089825210691,18.5959361334796
29.5089825210691,18.6266738383976
29.5089825210691,18.6574115433156
29.5089825210691,18.6881492482336
29.5089825210691,18.7188869531516
29.5089825210691,18.7496246580697
29.5089825210691,18.7803623629877
29.5089825210691,18.8111000679057
29.5089825210691,18.8418377728237
29.5089825210691,18.8725754777418
29.5089825210691,18.9033131826598
29.5089825210691,18.9340508875778
29.5089825210691,18.9647885924958
29.5089825210691,18.9955262974139
29.5089825210691,19.0262640023319
29.5089825210691,19.0570017072499
29.5089825210691,19.0877394121679
29.5089825210691,19.118477117086
29.5089825210691,19.149214822004
29.5089825210691,19.179952526922
29.5089825210691,19.21069023184
29.5089825210691,19.2414279367581
29.5089825210691,19.2721656416761
29.5089825210691,19.3029033465941
29.5089825210691,19.3336410515121
29.5089825210691,19.3643787564302
29.5089825210691,19.3951164613482
29.5089825210691,19.4258541662662
29.5089825210691,19.4565918711842
29.5089825210691,19.4873295761023
29.5089825210691,19.5180672810203
29.5089825210691,19.5488049859383
29.5089825210691,19.5795426908563
29.5089825210691,19.6102803957744
29.5089825210691,19.6410181006924
29.5089825210691,19.6717558056104
29.5089825210691,19.7024935105284
29.5089825210691,19.7332312154465
29.5089825210691,19.7639689203645
29.5089825210691,19.7947066252825
29.5089825210691,19.8254443302005
29.5089825210691,19.8561820351186
29.5089825210691,19.8869197400366
29.5089825210691,19.9176574449546
29.5089825210691,19.9483951498726
29.5089825210691,19.9791328547907
29.5089825210691,20.0098705597087
29.5089825210691,20.0406082646267
29.5089825210691,20.0713459695447
29.5089825210691,20.1020836744628
29.5089825210691,20.1328213793808
29.5089825210691,20.1635590842988
29.5089825210691,20.1942967892168
29.5089825210691,20.2250344941349
29.5089825210691,20.2557721990529
29.5089825210691,20.2865099039709
29.5089825210691,20.3172476088889
29.5089825210691,20.347985313807
29.5089825210691,20.378723018725
29.5089825210691,20.409460723643
29.5089825210691,20.440198428561
29.5089825210691,20.4709361334791
29.5089825210691,20.5016738383971
29.5089825210691,20.5324115433151
29.5089825210691,20.5631492482331
29.5089825210691,20.5938869531512
29.5089825210691,20.6246246580692
29.5089825210691,20.6553623629872
29.5089825210691,20.6861000679052
29.5089825210691,20.7168377728233
29.5089825210691,20.7475754777413
29.5089825210691,20.7783131826593
29.5089825210691,20.8090508875773
29.5089825210691,20.8397885924953
29.5089825210691,20.8705262974134
29.5089825210691,20.9012640023314
29.5089825210691,20.9320017072494
29.5089825210691,20.9627394121674
29.5089825210691,20.9934771170855
29.5089825210691,21.0242148220035
29.5089825210691,21.0549525269215
29.5089825210691,21.0856902318395
29.5089825210691,21.1164279367576
29.5089825210691,21.1471656416756
29.5089825210691,21.1779033465936
29.5089825210691,21.2086410515116
29.5089825210691,21.2393787564297
29.5089825210691,21.2701164613477
29.5089825210691,21.3008541662657
29.5089825210691,21.3315918711837
29.5089825210691,21.3623295761018
29.5089825210691,21.3930672810198
29.5089825210691,21.4238049859378
29.5089825210691,21.4545426908558
29.5089825210691,21.4852803957739
29.5089825210691,21.5160181006919
29.5089825210691,21.5467558056099
29.5089825210691,21.5774935105279
29.5089825210691,21.608231215446
29.5089825210691,21.638968920364
29.5089825210691,21.669706625282
29.5089825210691,21.7004443302
29.5089825210691,21.7311820351181
29.5089825210691,21.7619197400361
29.5089825210691,21.7926574449541
29.5089825210691,21.8233951498721
29.5089825210691,21.8541328547902
29.5089825210691,21.8848705597082
29.5089825210691,21.9156082646262
29.5089825210691,21.9463459695442
29.5089825210691,21.9770836744623
29.5089825210691,22.0078213793803
29.5089825210691,22.0385590842983
29.5089825210691,22.0692967892163
29.5089825210691,22.1000344941344
29.5089825210691,22.1307721990524
29.5089825210691,22.1615099039704
29.5089825210691,22.1922476088884
29.5089825210691,22.2229853138065
29.5089825210691,22.2537230187245
29.5089825210691,22.2844607236425
29.5089825210691,22.3151984285605
29.5089825210691,22.3459361334786
29.5089825210691,22.3766738383966
29.5089825210691,22.4074115433146
29.5089825210691,22.4381492482326
29.5089825210691,22.4688869531507
29.5089825210691,22.4996246580687
29.5089825210691,22.5303623629867
29.5089825210691,22.5611000679047
29.5089825210691,22.5918377728228
29.5089825210691,22.6225754777408
29.5089825210691,22.6533131826588
29.5089825210691,22.6840508875768
29.5089825210691,22.7147885924949
29.5089825210691,22.7455262974129
29.5089825210691,22.7762640023309
29.5089825210691,22.8070017072489
29.5089825210691,22.837739412167
29.5089825210691,22.868477117085
29.5089825210691,22.899214822003
29.5089825210691,22.929952526921
29.5089825210691,22.960690231839
29.5089825210691,22.9914279367571
29.5089825210691,23.0221656416751
29.5089825210691,23.0529033465931
29.5089825210691,23.0836410515111
29.5089825210691,23.1143787564292
29.5089825210691,23.1451164613472
29.5089825210691,23.1758541662652
29.5089825210691,23.2065918711832
29.5089825210691,23.2373295761013
29.5089825210691,23.2680672810193
29.5089825210691,23.2988049859373
29.5089825210691,23.3295426908553
29.5089825210691,23.3602803957734
29.5089825210691,23.3910181006914
29.5089825210691,23.4217558056094
29.5089825210691,23.4524935105274
29.5089825210691,23.4832312154455
29.5089825210691,23.5139689203635
29.5089825210691,23.5447066252815
29.5089825210691,23.5754443301995
29.5089825210691,23.6061820351176
29.5089825210691,23.6369197400356
29.5089825210691,23.6676574449536
29.5089825210691,23.6983951498716
29.5089825210691,23.7291328547897
29.5089825210691,23.7598705597077
29.5089825210691,23.7906082646257
29.5089825210691,23.8213459695437
29.5089825210691,23.8520836744618
29.5089825210691,23.8828213793798
29.5089825210691,23.9135590842978
29.5089825210691,23.9442967892158
29.5089825210691,23.9750344941339
29.5089825210691,24.0057721990519
29.5089825210691,24.0365099039699
29.5089825210691,24.0672476088879
29.5089825210691,24.097985313806
29.5089825210691,24.128723018724
29.5089825210691,24.159460723642
29.5089825210691,24.19019842856
29.5089825210691,24.2209361334781
29.5089825210691,24.2516738383961
29.5089825210691,24.2824115433141
29.5089825210691,24.3131492482321
29.5089825210691,24.3438869531502
29.5089825210691,24.3746246580682
29.5089825210691,24.4053623629862
29.5089825210691,24.4361000679042
29.5089825210691,24.4668377728223
29.5089825210691,24.4975754777403
29.5089825210691,24.5283131826583
29.5089825210691,24.5590508875763
29.5089825210691,24.5897885924944
29.5089825210691,24.6205262974124
29.5089825210691,24.6512640023304
29.5089825210691,24.6820017072484
29.5089825210691,24.7127394121665
29.5089825210691,24.7434771170845
29.5089825210691,24.7742148220025
29.5089825210691,24.8049525269205
29.5089825210691,24.8356902318386
29.5089825210691,24.8664279367566
29.5089825210691,24.8971656416746
29.5089825210691,24.9279033465926
29.5089825210691,24.9586410515107
29.5089825210691,24.9893787564287
29.5089825210691,25.0201164613467
29.5089825210691,25.0508541662647
29.5089825210691,25.0815918711827
29.5089825210691,25.1123295761008
29.5089825210691,25.1430672810188
29.5089825210691,25.1738049859368
29.5089825210691,25.2045426908548
29.5089825210691,25.2352803957729
29.5089825210691,25.2660181006909
29.5089825210691,25.2967558056089
29.5089825210691,25.3274935105269
29.5089825210691,25.358231215445
29.5089825210691,25.388968920363
29.5089825210691,25.419706625281
29.5089825210691,25.450444330199
29.5089825210691,25.4811820351171
29.5089825210691,25.5119197400351
29.5089825210691,25.5426574449531
29.5089825210691,25.5733951498711
29.5089825210691,25.6041328547892
29.5089825210691,25.6348705597072
29.5089825210691,25.6656082646252
29.5089825210691,25.6963459695432
29.5089825210691,25.7270836744613
29.5089825210691,25.7578213793793
29.5089825210691,25.7885590842973
29.5089825210691,25.8192967892153
29.5089825210691,25.8500344941334
29.5089825210691,25.8807721990514
29.5089825210691,25.9115099039694
29.5089825210691,25.9422476088874
29.5089825210691,25.9729853138055
29.5089825210691,26.0037230187235
29.5089825210691,26.0344607236415
29.5089825210691,26.0651984285595
29.5089825210691,26.0959361334776
29.5089825210691,26.1266738383956
29.5089825210691,26.1574115433136
29.5089825210691,26.1881492482316
29.5089825210691,26.2188869531497
29.5089825210691,26.2496246580677
29.5089825210691,26.2803623629857
29.5089825210691,26.3111000679037
29.5089825210691,26.3418377728218
29.5089825210691,26.3725754777398
29.5089825210691,26.4033131826578
29.5089825210691,26.4340508875758
29.5089825210691,26.4647885924939
29.5089825210691,26.4955262974119
29.5089825210691,26.5262640023299
29.5089825210691,26.5570017072479
29.5089825210691,26.587739412166
29.5089825210691,26.618477117084
29.5089825210691,26.649214822002
29.5089825210691,26.67995252692
29.5089825210691,26.7106902318381
29.5089825210691,26.7414279367561
29.5089825210691,26.7721656416741
29.5089825210691,26.8029033465921
29.5089825210691,26.8336410515102
29.5089825210691,26.8643787564282
29.5089825210691,26.8951164613462
29.5089825210691,26.9258541662642
29.5089825210691,26.9565918711823
29.5089825210691,26.9873295761003
29.5089825210691,27.0180672810183
29.5089825210691,27.0488049859363
29.5089825210691,27.0795426908543
29.5089825210691,27.1102803957724
29.5089825210691,27.1410181006904
29.5089825210691,27.1717558056084
29.5089825210691,27.2024935105264
29.5089825210691,27.2332312154445
29.5089825210691,27.2639689203625
29.5089825210691,27.2947066252805
29.5089825210691,27.3254443301985
29.5089825210691,27.3561820351166
29.5089825210691,27.3869197400346
29.5089825210691,27.4176574449526
29.5089825210691,27.4483951498706
29.5089825210691,27.4791328547887
29.5089825210691,27.5098705597067
29.5089825210691,27.5406082646247
29.5089825210691,27.5713459695427
29.5089825210691,27.6020836744608
29.5089825210691,27.6328213793788
29.5089825210691,27.6635590842968
29.5089825210691,27.6942967892148
29.5089825210691,27.7250344941329
29.5089825210691,27.7557721990509
29.5089825210691,27.7865099039689
29.5089825210691,27.8172476088869
29.5089825210691,27.847985313805
29.5089825210691,27.878723018723
29.5089825210691,27.909460723641
29.5089825210691,27.940198428559
29.5089825210691,27.9709361334771
29.5089825210691,28.0016738383951
29.5089825210691,28.0324115433131
29.5089825210691,28.0631492482311
29.5089825210691,28.0938869531492
29.5089825210691,28.1246246580672
29.5089825210691,28.1553623629852
29.5089825210691,28.1861000679032
29.5089825210691,28.2168377728213
29.5089825210691,28.2475754777393
29.5089825210691,28.2783131826573
29.5089825210691,28.3090508875753
29.5089825210691,28.3397885924934
29.5089825210691,28.3705262974114
29.5089825210691,28.4012640023294
29.5089825210691,28.4320017072474
29.5089825210691,28.4627394121655
29.5089825210691,28.4934771170835
29.5089825210691,28.5242148220015
29.5089825210691,28.5549525269195
29.5089825210691,28.5856902318376
29.5089825210691,28.6164279367556
29.5089825210691,28.6471656416736
29.5089825210691,28.6779033465916
29.5089825210691,28.7086410515097
29.5089825210691,28.7393787564277
29.5089825210691,28.7701164613457
29.5089825210691,28.8008541662637
29.5089825210691,28.8315918711818
29.5089825210691,28.8623295760998
29.5089825210691,28.8930672810178
29.5089825210691,28.9238049859358
29.5089825210691,28.9545426908539
29.5089825210691,28.9852803957719
29.5089825210691,29.0160181006899
29.5089825210691,29.0467558056079
29.5089825210691,29.077493510526
29.5089825210691,29.108231215444
29.5089825210691,29.138968920362
29.5089825210691,29.16970662528
29.5089825210691,29.200444330198
29.5089825210691,29.2311820351161
29.5089825210691,29.2619197400341
29.5089825210691,29.2926574449521
29.5089825210691,29.3233951498701
29.5089825210691,29.3541328547882
29.5089825210691,29.3848705597062
29.5089825210691,29.4156082646242
29.5089825210691,29.4463459695422
29.5089825210691,29.4770836744603
29.5089825210691,29.5078213793783
29.5089825210691,29.5385590842963
29.5089825210691,29.5692967892143
29.5089825210691,29.6000344941324
29.5089825210691,29.6307721990504
29.5089825210691,29.6615099039684
29.5089825210691,29.6922476088864
29.5089825210691,29.7229853138045
29.5089825210691,29.7537230187225
29.5089825210691,29.7844607236405
29.5089825210691,29.8151984285585
29.5089825210691,29.8459361334766
29.5089825210691,29.8766738383946
29.5089825210691,29.9074115433126
29.5089825210691,29.9381492482306
29.5089825210691,29.9688869531487
29.5089825210691,29.9996246580667
29.5089825210691,30.0303623629847
29.5089825210691,30.0611000679027
29.5089825210691,30.0918377728208
29.5089825210691,30.1225754777388
29.5089825210691,30.1533131826568
29.5089825210691,30.1840508875748
29.5089825210691,30.2147885924929
29.5089825210691,30.2455262974109
29.5089825210691,30.2762640023289
29.5089825210691,30.3070017072469
29.5089825210691,30.337739412165
29.5089825210691,30.368477117083
29.5089825210691,30.399214822001
29.5089825210691,30.429952526919
29.5089825210691,30.4606902318371
29.5089825210691,30.4914279367551
29.5089825210691,30.5221656416731
29.5089825210691,30.5529033465911
29.5089825210691,30.5836410515092
29.5089825210691,30.6143787564272
29.5089825210691,30.6451164613452
29.5089825210691,30.6758541662632
29.5089825210691,30.7065918711813
29.5089825210691,30.7373295760993
29.5089825210691,30.7680672810173
29.5089825210691,30.7988049859353
29.5089825210691,30.8295426908534
29.5089825210691,30.8602803957714
29.5089825210691,30.8910181006894
29.5089825210691,30.9217558056074
29.5089825210691,30.9524935105255
29.5089825210691,30.9832312154435
29.5089825210691,31.0139689203615
29.5089825210691,31.0447066252795
29.5089825210691,31.0754443301976
29.5089825210691,31.1061820351156
29.5089825210691,31.1369197400336
29.5089825210691,31.1676574449516
29.5089825210691,31.1983951498697
29.5089825210691,31.2291328547877
29.5089825210691,31.2598705597057
29.5089825210691,31.2906082646237
29.5089825210691,31.3213459695417
29.5089825210691,31.3520836744598
29.5089825210691,31.3828213793778
29.5089825210691,31.4135590842958
29.5089825210691,31.4442967892138
29.5089825210691,31.4750344941319
29.5089825210691,31.5057721990499
29.5089825210691,31.5365099039679
29.5089825210691,31.5672476088859
29.5089825210691,31.597985313804
29.5089825210691,31.628723018722
29.5089825210691,31.65946072364
29.5089825210691,31.690198428558
29.5089825210691,31.7209361334761
29.5089825210691,31.7516738383941
29.5089825210691,31.7824115433121
29.5089825210691,31.8131492482301
29.5089825210691,31.8438869531482
29.5089825210691,31.8746246580662
29.5089825210691,31.9053623629842
29.5089825210691,31.9361000679022
29.5089825210691,31.9668377728203
29.5089825210691,31.9975754777383
29.5089825210691,32.0283131826563
29.5089825210691,32.0590508875743
29.5089825210691,32.0897885924924
29.5089825210691,32.1205262974104
29.5089825210691,32.1512640023284
29.5089825210691,32.1820017072464
29.5089825210691,32.2127394121645
29.5089825210691,32.2434771170825
29.5089825210691,32.2742148220005
29.5089825210691,32.3049525269185
29.5089825210691,32.3356902318366
29.5089825210691,32.3664279367546
29.5089825210691,32.3971656416726
29.5089825210691,32.4279033465906
29.5089825210691,32.4586410515087
29.5089825210691,32.4893787564267
29.5089825210691,32.5201164613447
29.5089825210691,32.5508541662627
29.5089825210691,32.5815918711808
29.5089825210691,32.6123295760988
29.5089825210691,32.6430672810168
29.5089825210691,32.6738049859348
29.5089825210691,32.7045426908529
29.5089825210691,32.7352803957709
29.5089825210691,32.7660181006889
29.5089825210691,32.7967558056069
29.5089825210691,32.827493510525
29.5089825210691,32.858231215443
29.5089825210691,32.888968920361
29.5089825210691,32.919706625279
29.5089825210691,32.9504443301971
29.5089825210691,32.9811820351151
29.5089825210691,33.0119197400331
29.5089825210691,33.0426574449511
29.5089825210691,33.0733951498692
29.5089825210691,33.1041328547872
29.5089825210691,33.1348705597052
29.5089825210691,33.1656082646232
29.5089825210691,33.1963459695413
29.5089825210691,33.2270836744593
29.5089825210691,33.2578213793773
29.5089825210691,33.2885590842953
29.5089825210691,33.3192967892134
29.5089825210691,33.3500344941314
29.5089825210691,33.3807721990494
29.5089825210691,33.4115099039674
29.5089825210691,33.4422476088855
29.5089825210691,33.4729853138035
29.5089825210691,33.5037230187215
29.5089825210691,33.5344607236395
29.5089825210691,33.5651984285576
29.5089825210691,33.5959361334756
29.5089825210691,33.6266738383936
29.5089825210691,33.6574115433116
29.5089825210691,33.6881492482296
29.5089825210691,33.7188869531477
29.5089825210691,33.7496246580657
29.5089825210691,33.7803623629837
29.5089825210691,33.8111000679017
29.5089825210691,33.8418377728198
29.5089825210691,33.8725754777378
29.5089825210691,33.9033131826558
29.5089825210691,33.9340508875738
29.5089825210691,33.9647885924919
29.5089825210691,33.9955262974099
29.5089825210691,34.0262640023279
29.5089825210691,34.0570017072459
29.5089825210691,34.087739412164
29.5089825210691,34.118477117082
29.5089825210691,34.149214822
29.5089825210691,34.179952526918
29.5089825210691,34.2106902318361
29.5089825210691,34.2414279367541
29.5089825210691,34.2721656416721
29.5089825210691,34.3029033465901
29.5089825210691,34.3336410515082
29.5089825210691,34.3643787564262
29.5089825210691,34.3951164613442
29.5089825210691,34.4258541662622
29.5089825210691,34.4565918711803
29.5089825210691,34.4873295760983
29.5089825210691,34.5180672810163
29.5089825210691,34.5488049859343
29.5089825210691,34.5795426908524
29.5089825210691,34.6102803957704
29.5089825210691,34.6410181006884
29.5089825210691,34.6717558056064
29.5089825210691,34.7024935105245
29.5089825210691,34.7332312154425
29.5089825210691,34.7639689203605
29.5089825210691,34.7947066252785
29.5089825210691,34.8254443301966
29.5089825210691,34.8561820351146
29.5089825210691,34.8869197400326
29.5089825210691,34.9176574449506
29.5089825210691,34.9483951498687
29.5089825210691,34.9791328547867
29.5089825210691,35.0098705597047
29.5089825210691,35.0406082646227
29.5089825210691,35.0713459695408
29.5089825210691,35.1020836744588
29.5089825210691,35.1328213793768
29.5089825210691,35.1635590842948
29.5089825210691,35.1942967892129
29.5089825210691,35.2250344941309
29.5089825210691,35.2557721990489
29.5089825210691,35.2865099039669
29.5089825210691,35.317247608885
29.5089825210691,35.347985313803
29.5089825210691,35.378723018721
29.5089825210691,35.409460723639
29.5089825210691,35.4401984285571
29.5089825210691,35.4709361334751
29.5089825210691,35.5016738383931
29.5089825210691,35.5324115433111
29.5089825210691,35.5631492482292
29.5089825210691,35.5938869531472
29.5089825210691,35.6246246580652
29.5089825210691,35.6553623629832
29.5089825210691,35.6861000679013
29.5089825210691,35.7168377728193
29.5089825210691,35.7475754777373
29.5089825210691,35.7783131826553
29.5089825210691,35.8090508875733
29.5089825210691,35.8397885924914
29.5089825210691,35.8705262974094
29.5089825210691,35.9012640023274
29.5089825210691,35.9320017072454
29.5089825210691,35.9627394121635
29.5089825210691,35.9934771170815
29.5089825210691,36.0242148219995
29.5089825210691,36.0549525269175
29.5089825210691,36.0856902318356
29.5089825210691,36.1164279367536
29.5089825210691,36.1471656416716
29.5089825210691,36.1779033465896
29.5089825210691,36.2086410515077
29.5089825210691,36.2393787564257
29.5089825210691,36.2701164613437
29.5089825210691,36.3008541662617
29.5089825210691,36.3315918711798
29.5089825210691,36.3623295760978
29.5089825210691,36.3930672810158
29.5089825210691,36.4238049859338
29.5089825210691,36.4545426908519
29.5089825210691,36.4852803957699
29.5089825210691,36.5160181006879
29.5089825210691,36.5467558056059
29.5089825210691,36.577493510524
29.5089825210691,36.608231215442
29.5089825210691,36.63896892036
29.5089825210691,36.669706625278
29.5089825210691,36.7004443301961
29.5089825210691,36.7311820351141
29.5089825210691,36.7619197400321
29.5089825210691,36.7926574449501
29.5089825210691,36.8233951498682
29.5089825210691,36.8541328547862
29.5089825210691,36.8848705597042
29.5089825210691,36.9156082646222
29.5089825210691,36.9463459695403
29.5089825210691,36.9770836744583
29.5089825210691,37.0078213793763
29.5089825210691,37.0385590842943
29.5089825210691,37.0692967892124
29.5089825210691,37.1000344941304
29.5089825210691,37.1307721990484
29.5089825210691,37.1615099039664
29.5089825210691,37.1922476088845
29.5089825210691,37.2229853138025
29.5089825210691,37.2537230187205
29.5089825210691,37.2844607236385
29.5089825210691,37.3151984285566
29.5089825210691,37.3459361334746
29.5089825210691,37.3766738383926
29.5089825210691,37.4074115433106
29.5089825210691,37.4381492482287
29.5089825210691,37.4688869531467
29.5089825210691,37.4996246580647
29.5089825210691,37.5303623629827
29.5089825210691,37.5611000679008
29.5089825210691,37.5918377728188
29.5089825210691,37.6225754777368
29.5089825210691,37.6533131826548
29.5089825210691,37.6840508875729
29.5089825210691,37.7147885924909
29.5089825210691,37.7455262974089
29.5089825210691,37.7762640023269
29.5089825210691,37.807001707245
29.5089825210691,37.837739412163
29.5089825210691,37.868477117081
29.5089825210691,37.899214821999
29.5089825210691,37.929952526917
29.5089825210691,37.9606902318351
29.5089825210691,37.9914279367531
29.5089825210691,38.0221656416711
29.5089825210691,38.0529033465891
29.5089825210691,38.0836410515072
29.5089825210691,38.1143787564252
29.5089825210691,38.1451164613432
29.5089825210691,38.1758541662612
29.5089825210691,38.2065918711793
29.5089825210691,38.2373295760973
29.5089825210691,38.2680672810153
29.5089825210691,38.2988049859333
29.5089825210691,38.3295426908514
29.5089825210691,38.3602803957694
29.5089825210691,38.3910181006874
29.5089825210691,38.4217558056054
29.5089825210691,38.4524935105235
29.5089825210691,38.4832312154415
29.5089825210691,38.5139689203595
29.5089825210691,38.5447066252775
29.5089825210691,38.5754443301956
29.5089825210691,38.6061820351136
29.5089825210691,38.6369197400316
29.5089825210691,38.6676574449496
29.5089825210691,38.6983951498677
29.5089825210691,38.7291328547857
29.5089825210691,38.7598705597037
29.5089825210691,38.7906082646217
29.5089825210691,38.8213459695398
29.5089825210691,38.8520836744578
29.5089825210691,38.8828213793758
29.5089825210691,38.9135590842938
29.5089825210691,38.9442967892119
29.5089825210691,38.9750344941299
29.5089825210691,39.0057721990479
29.5089825210691,39.0365099039659
29.5089825210691,39.067247608884
29.5089825210691,39.097985313802
29.5089825210691,39.12872301872
29.5089825210691,39.159460723638
29.5089825210691,39.1901984285561
29.5089825210691,39.2209361334741
29.5089825210691,39.2516738383921
29.5089825210691,39.2824115433101
29.5089825210691,39.3131492482282
29.5089825210691,39.3438869531462
29.5089825210691,39.3746246580642
29.5089825210691,39.4053623629822
29.5089825210691,39.4361000679003
29.5089825210691,39.4668377728183
29.5089825210691,39.4975754777363
29.5089825210691,39.5283131826543
29.5089825210691,39.5590508875724
29.5089825210691,39.5897885924904
29.5089825210691,39.6205262974084
29.5089825210691,39.6512640023264
29.5089825210691,39.6820017072445
29.5089825210691,39.7127394121625
29.5089825210691,39.7434771170805
29.5089825210691,39.7742148219985
29.5089825210691,39.8049525269166
29.5089825210691,39.8356902318346
29.5089825210691,39.8664279367526
29.5089825210691,39.8971656416706
29.5089825210691,39.9279033465886
29.5089825210691,39.9586410515067
29.5089825210691,39.9893787564247
29.5089825210691,40.0201164613427
29.5089825210691,40.0508541662607
29.5089825210691,40.0815918711788
29.5089825210691,40.1123295760968
29.5089825210691,40.1430672810148
29.5089825210691,40.1738049859328
29.5089825210691,40.2045426908509
29.5089825210691,40.2352803957689
29.5089825210691,40.2660181006869
29.5089825210691,40.2967558056049
29.5089825210691,40.327493510523
29.5089825210691,40.358231215441
29.5089825210691,40.388968920359
29.5089825210691,40.419706625277
29.5089825210691,40.4504443301951
29.5089825210691,40.4811820351131
29.5089825210691,40.5119197400311
29.5089825210691,40.5426574449491
29.5089825210691,40.5733951498672
29.5089825210691,40.6041328547852
29.5089825210691,40.6348705597032
29.5089825210691,40.6656082646212
29.5089825210691,40.6963459695393
29.5089825210691,40.7270836744573
29.5089825210691,40.7578213793753
29.5089825210691,40.7885590842933
29.5089825210691,40.8192967892114
29.5089825210691,40.8500344941294
29.5089825210691,40.8807721990474
29.5089825210691,40.9115099039654
29.5089825210691,40.9422476088835
29.5089825210691,40.9729853138015
29.5089825210691,41.0037230187195
29.5089825210691,41.0344607236375
29.5089825210691,41.0651984285556
29.5089825210691,41.0959361334736
29.5089825210691,41.1266738383916
29.5089825210691,41.1574115433096
29.5089825210691,41.1881492482277
29.5089825210691,41.2188869531457
29.5089825210691,41.2496246580637
29.5089825210691,41.2803623629817
29.5089825210691,41.3111000678998
29.5089825210691,41.3418377728178
29.5089825210691,41.3725754777358
29.5089825210691,41.4033131826538
29.5089825210691,41.4340508875719
29.5089825210691,41.4647885924899
29.5089825210691,41.4955262974079
29.5089825210691,41.5262640023259
29.5089825210691,41.557001707244
29.5089825210691,41.587739412162
29.5089825210691,41.61847711708
29.5089825210691,41.649214821998
29.5089825210691,41.6799525269161
29.5089825210691,41.7106902318341
29.5089825210691,41.7414279367521
29.5089825210691,41.7721656416701
29.5089825210691,41.8029033465882
29.5089825210691,41.8336410515062
29.5089825210691,41.8643787564242
29.5089825210691,41.8951164613422
29.5089825210691,41.9258541662603
29.5089825210691,41.9565918711783
29.5089825210691,41.9873295760963
29.5089825210691,42.0180672810143
29.5089825210691,42.0488049859323
29.5089825210691,42.0795426908504
29.5089825210691,42.1102803957684
29.5089825210691,42.1410181006864
29.5089825210691,42.1717558056044
29.5089825210691,42.2024935105225
29.5089825210691,42.2332312154405
29.5089825210691,42.2639689203585
29.5089825210691,42.2947066252765
29.5089825210691,42.3254443301946
29.5089825210691,42.3561820351126
29.5089825210691,42.3869197400306
29.5089825210691,42.4176574449486
29.5089825210691,42.4483951498667
29.5089825210691,42.4791328547847
29.5089825210691,42.5098705597027
29.5089825210691,42.5406082646207
29.5089825210691,42.5713459695388
29.5089825210691,42.6020836744568
29.5089825210691,42.6328213793748
29.5089825210691,42.6635590842928
29.5089825210691,42.6942967892109
29.5089825210691,42.7250344941289
29.5089825210691,42.7557721990469
29.5089825210691,42.7865099039649
29.5089825210691,42.817247608883
29.5089825210691,42.847985313801
29.5089825210691,42.878723018719
29.5089825210691,42.909460723637
29.5089825210691,42.9401984285551
29.5089825210691,42.9709361334731
29.5089825210691,43.0016738383911
29.5089825210691,43.0324115433091
29.5089825210691,43.0631492482272
29.5089825210691,43.0938869531452
29.5089825210691,43.1246246580632
29.5089825210691,43.1553623629812
29.5089825210691,43.1861000678993
29.5089825210691,43.2168377728173
29.5089825210691,43.2475754777353
29.5089825210691,43.2783131826533
29.5089825210691,43.3090508875714
29.5089825210691,43.3397885924894
29.5089825210691,43.3705262974074
29.5089825210691,43.4012640023254
29.5089825210691,43.4320017072435
29.5089825210691,43.4627394121615
29.5089825210691,43.4934771170795
29.5089825210691,43.5242148219975
29.5089825210691,43.5549525269156
29.5089825210691,43.5856902318336
29.5089825210691,43.6164279367516
29.5089825210691,43.6471656416696
29.5089825210691,43.6779033465877
29.5089825210691,43.7086410515057
29.5089825210691,43.7393787564237
29.5089825210691,43.7701164613417
29.5089825210691,43.8008541662598
29.5089825210691,43.8315918711778
29.5089825210691,43.8623295760958
29.5089825210691,43.8930672810138
29.5089825210691,43.9238049859319
29.5089825210691,43.9545426908499
29.5089825210691,43.9852803957679
29.5089825210691,44.0160181006859
29.5089825210691,44.046755805604
29.5089825210691,44.077493510522
29.5089825210691,44.10823121544
29.5089825210691,44.138968920358
29.5089825210691,44.169706625276
29.5089825210691,44.2004443301941
29.5089825210691,44.2311820351121
29.5089825210691,44.2619197400301
29.5089825210691,44.2926574449481
29.5089825210691,44.3233951498662
29.5089825210691,44.3541328547842
29.5089825210691,44.3848705597022
29.5089825210691,44.4156082646202
29.5089825210691,44.4463459695383
29.5089825210691,44.4770836744563
29.5089825210691,44.5078213793743
29.5089825210691,44.5385590842923
29.5089825210691,44.5692967892104
29.5089825210691,44.6000344941284
29.5089825210691,44.6307721990464
29.5089825210691,44.6615099039644
29.5089825210691,44.6922476088825
29.5089825210691,44.7229853138005
29.5089825210691,44.7537230187185
29.5089825210691,44.7844607236365
29.5089825210691,44.8151984285546
29.5089825210691,44.8459361334726
29.5089825210691,44.8766738383906
29.5089825210691,44.9074115433086
29.5089825210691,44.9381492482267
29.5089825210691,44.9688869531447
29.5089825210691,44.9996246580627
29.5089825210691,45.0303623629807
29.5089825210691,45.0611000678988
29.5089825210691,45.0918377728168
29.5089825210691,45.1225754777348
29.5089825210691,45.1533131826528
29.5089825210691,45.1840508875709
29.5089825210691,45.2147885924889
29.5089825210691,45.2455262974069
29.5089825210691,45.2762640023249
29.5089825210691,45.307001707243
29.5089825210691,45.337739412161
29.5089825210691,45.368477117079
29.5089825210691,45.399214821997
29.5089825210691,45.4299525269151
29.5089825210691,45.4606902318331
29.5089825210691,45.4914279367511
29.5089825210691,45.5221656416691
29.5089825210691,45.5529033465872
29.5089825210691,45.5836410515052
29.5089825210691,45.6143787564232
29.5089825210691,45.6451164613412
29.5089825210691,45.6758541662593
29.5089825210691,45.7065918711773
29.5089825210691,45.7373295760953
29.5089825210691,45.7680672810133
29.5089825210691,45.7988049859314
29.5089825210691,45.8295426908494
29.5089825210691,45.8602803957674
29.5089825210691,45.8910181006854
29.5089825210691,45.9217558056035
29.5089825210691,45.9524935105215
29.5089825210691,45.9832312154395
29.5089825210691,46.0139689203575
29.5089825210691,46.0447066252756
29.5089825210691,46.0754443301936
29.5089825210691,46.1061820351116
29.5089825210691,46.1369197400296
29.5089825210691,46.1676574449477
29.5089825210691,46.1983951498657
29.5089825210691,46.2291328547837
29.5089825210691,46.2598705597017
29.5089825210691,46.2906082646197
29.5089825210691,46.3213459695378
29.5089825210691,46.3520836744558
29.5089825210691,46.3828213793738
29.5089825210691,46.4135590842918
29.5089825210691,46.4442967892099
29.5089825210691,46.4750344941279
29.5089825210691,46.5057721990459
29.5089825210691,46.5365099039639
29.5089825210691,46.567247608882
29.5089825210691,46.5979853138
29.5089825210691,46.628723018718
29.5089825210691,46.659460723636
29.5089825210691,46.6901984285541
29.5089825210691,46.7209361334721
29.5089825210691,46.7516738383901
29.5089825210691,46.7824115433081
29.5089825210691,46.8131492482262
29.5089825210691,46.8438869531442
29.5089825210691,46.8746246580622
29.5089825210691,46.9053623629802
29.5089825210691,46.9361000678983
29.5089825210691,46.9668377728163
29.5089825210691,46.9975754777343
29.5089825210691,47.0283131826523
29.5089825210691,47.0590508875704
29.5089825210691,47.0897885924884
29.5089825210691,47.1205262974064
29.5089825210691,47.1512640023244
29.5089825210691,47.1820017072425
29.5089825210691,47.2127394121605
29.5089825210691,47.2434771170785
29.5089825210691,47.2742148219965
29.5089825210691,47.3049525269146
29.5089825210691,47.3356902318326
29.5089825210691,47.3664279367506
29.5089825210691,47.3971656416686
29.5089825210691,47.4279033465867
29.5089825210691,47.4586410515047
29.5089825210691,47.4893787564227
29.5089825210691,47.5201164613407
29.5089825210691,47.5508541662588
29.5089825210691,47.5815918711768
29.5089825210691,47.6123295760948
29.5089825210691,47.6430672810128
29.5089825210691,47.6738049859309
29.5089825210691,47.7045426908489
29.5089825210691,47.7352803957669
29.5089825210691,47.7660181006849
29.5089825210691,47.796755805603
29.5089825210691,47.827493510521
29.5089825210691,47.858231215439
29.5089825210691,47.888968920357
29.5089825210691,47.9197066252751
29.5089825210691,47.9504443301931
29.5089825210691,47.9811820351111
29.5089825210691,48.0119197400291
29.5089825210691,48.0426574449472
29.5089825210691,48.0733951498652
29.5089825210691,48.1041328547832
29.5089825210691,48.1348705597012
29.5089825210691,48.1656082646193
29.5089825210691,48.1963459695373
29.5089825210691,48.2270836744553
29.5089825210691,48.2578213793733
29.5089825210691,48.2885590842914
29.5089825210691,48.3192967892094
29.5089825210691,48.3500344941274
29.5089825210691,48.3807721990454
29.5089825210691,48.4115099039634
29.5089825210691,48.4422476088815
29.5089825210691,48.4729853137995
29.5089825210691,48.5037230187175
29.5089825210691,48.5344607236355
29.5089825210691,48.5651984285536
29.5089825210691,48.5959361334716
29.5089825210691,48.6266738383896
29.5089825210691,48.6574115433076
29.5089825210691,48.6881492482257
29.5089825210691,48.7188869531437
29.5089825210691,48.7496246580617
29.5089825210691,48.7803623629797
29.5089825210691,48.8111000678978
29.5089825210691,48.8418377728158
29.5089825210691,48.8725754777338
29.5089825210691,48.9033131826518
29.5089825210691,48.9340508875699
29.5089825210691,48.9647885924879
29.5089825210691,48.9955262974059
29.5089825210691,49.0262640023239
29.5089825210691,49.057001707242
29.5089825210691,49.08773941216
29.5089825210691,49.118477117078
29.5089825210691,49.149214821996
29.5089825210691,49.1799525269141
29.5089825210691,49.2106902318321
29.5089825210691,49.2414279367501
29.5089825210691,49.2721656416681
29.5089825210691,49.3029033465862
29.5089825210691,49.3336410515042
29.5089825210691,49.3643787564222
29.5089825210691,49.3951164613402
29.5089825210691,49.4258541662583
29.5089825210691,49.4565918711763
29.5089825210691,49.4873295760943
29.5089825210691,49.5180672810123
29.5089825210691,49.5488049859304
29.5089825210691,49.5795426908484
29.5089825210691,49.6102803957664
29.5089825210691,49.6410181006844
29.5089825210691,49.6717558056025
29.5089825210691,49.7024935105205
29.5089825210691,49.7332312154385
29.5089825210691,49.7639689203565
29.5089825210691,49.7947066252746
29.5089825210691,49.8254443301926
29.5089825210691,49.8561820351106
29.5089825210691,49.8869197400286
29.5089825210691,49.9176574449467
29.5089825210691,49.9483951498647
29.5089825210691,49.9791328547827
29.5089825210691,50.0098705597007
29.5089825210691,50.0406082646188
29.5089825210691,50.0713459695368
29.5089825210691,50.1020836744548
29.5089825210691,50.1328213793728
29.5089825210691,50.1635590842909
29.5089825210691,50.1942967892089
29.5089825210691,50.2250344941269
29.5089825210691,50.2557721990449
29.5089825210691,50.286509903963
29.5089825210691,50.317247608881
29.5089825210691,50.347985313799
29.5089825210691,50.378723018717
29.5089825210691,50.409460723635
29.5089825210691,50.4401984285531
29.5089825210691,50.4709361334711
29.5089825210691,50.5016738383891
29.5089825210691,50.5324115433071
29.5089825210691,50.5631492482252
29.5089825210691,50.5938869531432
29.5089825210691,50.6246246580612
29.5089825210691,50.6553623629792
29.5089825210691,50.6861000678973
29.5089825210691,50.7168377728153
29.5089825210691,50.7475754777333
29.5089825210691,50.7783131826513
29.5089825210691,50.8090508875694
29.5089825210691,50.8397885924874
29.5089825210691,50.8705262974054
29.5089825210691,50.9012640023234
29.5089825210691,50.9320017072415
29.5089825210691,50.9627394121595
29.5089825210691,50.9934771170775
29.5089825210691,51.0242148219955
29.5089825210691,51.0549525269136
29.5089825210691,51.0856902318316
29.5089825210691,51.1164279367496
29.5089825210691,51.1471656416676
29.5089825210691,51.1779033465857
29.5089825210691,51.2086410515037
29.5089825210691,51.2393787564217
29.5089825210691,51.2701164613397
29.5089825210691,51.3008541662578
29.5089825210691,51.3315918711758
29.5089825210691,51.3623295760938
29.5089825210691,51.3930672810118
29.5089825210691,51.4238049859299
29.5089825210691,51.4545426908479
29.5089825210691,51.4852803957659
29.5089825210691,51.5160181006839
29.5089825210691,51.546755805602
29.5089825210691,51.57749351052
29.5089825210691,51.608231215438
29.5089825210691,51.638968920356
29.5089825210691,51.6697066252741
29.5089825210691,51.7004443301921
29.5089825210691,51.7311820351101
29.5089825210691,51.7619197400281
29.5089825210691,51.7926574449462
29.5089825210691,51.8233951498642
29.5089825210691,51.8541328547822
29.5089825210691,51.8848705597002
29.5089825210691,51.9156082646183
29.5089825210691,51.9463459695363
29.5089825210691,51.9770836744543
29.5089825210691,52.0078213793723
29.5089825210691,52.0385590842904
29.5089825210691,52.0692967892084
29.5089825210691,52.1000344941264
29.5089825210691,52.1307721990444
29.5089825210691,52.1615099039625
29.5089825210691,52.1922476088805
29.5089825210691,52.2229853137985
29.5089825210691,52.2537230187165
29.5089825210691,52.2844607236346
29.5089825210691,52.3151984285526
29.5089825210691,52.3459361334706
29.5089825210691,52.3766738383886
29.5089825210691,52.4074115433067
29.5089825210691,52.4381492482247
29.5089825210691,52.4688869531427
29.5089825210691,52.4996246580607
29.5089825210691,52.5303623629787
29.5089825210691,52.5611000678968
29.5089825210691,52.5918377728148
29.5089825210691,52.6225754777328
29.5089825210691,52.6533131826508
29.5089825210691,52.6840508875689
29.5089825210691,52.7147885924869
29.5089825210691,52.7455262974049
29.5089825210691,52.7762640023229
29.5089825210691,52.807001707241
29.5089825210691,52.837739412159
29.5089825210691,52.868477117077
29.5089825210691,52.899214821995
29.5089825210691,52.9299525269131
29.5089825210691,52.9606902318311
29.5089825210691,52.9914279367491
29.5089825210691,53.0221656416671
29.5089825210691,53.0529033465852
29.5089825210691,53.0836410515032
29.5089825210691,53.1143787564212
29.5089825210691,53.1451164613392
29.5089825210691,53.1758541662573
29.5089825210691,53.2065918711753
29.5089825210691,53.2373295760933
29.5089825210691,53.2680672810113
29.5089825210691,53.2988049859294
29.5089825210691,53.3295426908474
29.5089825210691,53.3602803957654
29.5089825210691,53.3910181006834
29.5089825210691,53.4217558056015
29.5089825210691,53.4524935105195
29.5089825210691,53.4832312154375
29.5089825210691,53.5139689203555
29.5089825210691,53.5447066252736
29.5089825210691,53.5754443301916
29.5089825210691,53.6061820351096
29.5089825210691,53.6369197400276
29.5089825210691,53.6676574449457
29.5089825210691,53.6983951498637
29.5089825210691,53.7291328547817
29.5089825210691,53.7598705596997
29.5089825210691,53.7906082646178
29.5089825210691,53.8213459695358
29.5089825210691,53.8520836744538
29.5089825210691,53.8828213793718
29.5089825210691,53.9135590842899
29.5089825210691,53.9442967892079
29.5089825210691,53.9750344941259
29.5089825210691,54.0057721990439
29.5089825210691,54.036509903962
29.5089825210691,54.06724760888
29.5089825210691,54.097985313798
29.5089825210691,54.128723018716
29.5089825210691,54.1594607236341
29.5089825210691,54.1901984285521
29.5089825210691,54.2209361334701
29.5089825210691,54.2516738383881
29.5089825210691,54.2824115433062
29.5089825210691,54.3131492482242
29.5089825210691,54.3438869531422
29.5089825210691,54.3746246580602
29.5089825210691,54.4053623629783
29.5089825210691,54.4361000678963
29.5089825210691,54.4668377728143
29.5089825210691,54.4975754777323
29.5089825210691,54.5283131826504
29.5089825210691,54.5590508875684
29.5089825210691,54.5897885924864
29.5089825210691,54.6205262974044
29.5089825210691,54.6512640023224
29.5089825210691,54.6820017072405
29.5089825210691,54.7127394121585
29.5089825210691,54.7434771170765
29.5089825210691,54.7742148219945
29.5089825210691,54.8049525269126
29.5089825210691,54.8356902318306
29.5089825210691,54.8664279367486
29.5089825210691,54.8971656416666
29.5089825210691,54.9279033465847
29.5089825210691,54.9586410515027
29.5089825210691,54.9893787564207
29.5089825210691,55.0201164613387
29.5089825210691,55.0508541662568
29.5089825210691,55.0815918711748
29.5089825210691,55.1123295760928
29.5089825210691,55.1430672810108
29.5089825210691,55.1738049859289
29.5089825210691,55.2045426908469
29.5089825210691,55.2352803957649
29.5089825210691,55.2660181006829
29.5089825210691,55.296755805601
29.5089825210691,55.327493510519
29.5089825210691,55.358231215437
29.5089825210691,55.388968920355
29.5089825210691,55.4197066252731
29.5089825210691,55.4504443301911
29.5089825210691,55.4811820351091
29.5089825210691,55.5119197400271
29.5089825210691,55.5426574449452
29.5089825210691,55.5733951498632
29.5089825210691,55.6041328547812
29.5089825210691,55.6348705596992
29.5089825210691,55.6656082646173
29.5089825210691,55.6963459695353
29.5089825210691,55.7270836744533
29.5089825210691,55.7578213793713
29.5089825210691,55.7885590842894
29.5089825210691,55.8192967892074
29.5089825210691,55.8500344941254
29.5089825210691,55.8807721990434
29.5089825210691,55.9115099039615
29.5089825210691,55.9422476088795
29.5089825210691,55.9729853137975
29.5089825210691,56.0037230187155
29.5089825210691,56.0344607236336
29.5089825210691,56.0651984285516
29.5089825210691,56.0959361334696
29.5089825210691,56.1266738383876
29.5089825210691,56.1574115433057
29.5089825210691,56.1881492482237
29.5089825210691,56.2188869531417
29.5089825210691,56.2496246580597
29.5089825210691,56.2803623629778
29.5089825210691,56.3111000678958
29.5089825210691,56.3418377728138
29.5089825210691,56.3725754777318
29.5089825210691,56.4033131826499
29.5089825210691,56.4340508875679
29.5089825210691,56.4647885924859
29.5089825210691,56.4955262974039
29.5089825210691,56.526264002322
29.5089825210691,56.55700170724
29.5089825210691,56.587739412158
29.5089825210691,56.618477117076
29.5089825210691,56.6492148219941
29.5089825210691,56.6799525269121
29.5089825210691,56.7106902318301
29.5089825210691,56.7414279367481
29.5089825210691,56.7721656416661
29.5089825210691,56.8029033465842
29.5089825210691,56.8336410515022
29.5089825210691,56.8643787564202
29.5089825210691,56.8951164613382
29.5089825210691,56.9258541662563
29.5089825210691,56.9565918711743
29.5089825210691,56.9873295760923
29.5089825210691,57.0180672810103
29.5089825210691,57.0488049859284
29.5089825210691,57.0795426908464
29.5089825210691,57.1102803957644
29.5089825210691,57.1410181006824
29.5089825210691,57.1717558056005
29.5089825210691,57.2024935105185
29.5089825210691,57.2332312154365
29.5089825210691,57.2639689203545
29.5089825210691,57.2947066252726
29.5089825210691,57.3254443301906
29.5089825210691,57.3561820351086
29.5089825210691,57.3869197400266
29.5089825210691,57.4176574449447
29.5089825210691,57.4483951498627
29.5089825210691,57.4791328547807
29.5089825210691,57.5098705596987
29.5089825210691,57.5406082646168
29.5089825210691,57.5713459695348
29.5089825210691,57.6020836744528
29.5089825210691,57.6328213793708
29.5089825210691,57.6635590842889
29.5089825210691,57.6942967892069
29.5089825210691,57.7250344941249
29.5089825210691,57.7557721990429
29.5089825210691,57.786509903961
29.5089825210691,57.817247608879
29.5089825210691,57.847985313797
29.5089825210691,57.878723018715
29.5089825210691,57.9094607236331
29.5089825210691,57.9401984285511
29.5089825210691,57.9709361334691
29.5089825210691,58.0016738383871
29.5089825210691,58.0324115433052
29.5089825210691,58.0631492482232
29.5089825210691,58.0938869531412
29.5089825210691,58.1246246580592
29.5089825210691,58.1553623629773
29.5089825210691,58.1861000678953
29.5089825210691,58.2168377728133
29.5089825210691,58.2475754777313
29.5089825210691,58.2783131826494
29.5089825210691,58.3090508875674
29.5089825210691,58.3397885924854
29.5089825210691,58.3705262974034
29.5089825210691,58.4012640023215
29.5089825210691,58.4320017072395
29.5089825210691,58.4627394121575
29.5089825210691,58.4934771170755
29.5089825210691,58.5242148219936
29.5089825210691,58.5549525269116
29.5089825210691,58.5856902318296
29.5089825210691,58.6164279367476
29.5089825210691,58.6471656416657
29.5089825210691,58.6779033465837
29.5089825210691,58.7086410515017
29.5089825210691,58.7393787564197
29.5089825210691,58.7701164613378
29.5089825210691,58.8008541662558
29.5089825210691,58.8315918711738
29.5089825210691,58.8623295760918
29.5089825210691,58.8930672810098
29.5089825210691,58.9238049859279
29.5089825210691,58.9545426908459
29.5089825210691,58.9852803957639
29.5089825210691,59.0160181006819
29.5089825210691,59.0467558056
29.5089825210691,59.077493510518
29.5089825210691,59.108231215436
29.5089825210691,59.138968920354
29.5089825210691,59.1697066252721
29.5089825210691,59.2004443301901
29.5089825210691,59.2311820351081
29.5089825210691,59.2619197400261
29.5089825210691,59.2926574449442
29.5089825210691,59.3233951498622
29.5089825210691,59.3541328547802
29.5089825210691,59.3848705596982
29.5089825210691,59.4156082646163
29.5089825210691,59.4463459695343
29.5089825210691,59.4770836744523
29.5089825210691,59.5078213793703
29.5089825210691,59.5385590842884
29.5089825210691,59.5692967892064
29.5089825210691,59.6000344941244
29.5089825210691,59.6307721990424
29.5089825210691,59.6615099039605
29.5089825210691,59.6922476088785
29.5089825210691,59.7229853137965
29.5089825210691,59.7537230187145
29.5089825210691,59.7844607236326
29.5089825210691,59.8151984285506
29.5089825210691,59.8459361334686
29.5089825210691,59.8766738383866
29.5089825210691,59.9074115433047
29.5089825210691,59.9381492482227
29.5089825210691,59.9688869531407
29.5089825210691,59.9996246580587
29.5089825210691,60.0303623629768
29.5089825210691,60.0611000678948
29.5089825210691,60.0918377728128
29.5089825210691,60.1225754777308
29.5089825210691,60.1533131826489
29.5089825210691,60.1840508875669
29.5089825210691,60.2147885924849
29.5089825210691,60.2455262974029
29.5089825210691,60.276264002321
29.5089825210691,60.307001707239
29.5089825210691,60.337739412157
29.5089825210691,60.368477117075
29.5089825210691,60.3992148219931
29.5089825210691,60.4299525269111
29.5089825210691,60.4606902318291
29.5089825210691,60.4914279367471
29.5089825210691,60.5221656416652
29.5089825210691,60.5529033465832
29.5089825210691,60.5836410515012
29.5089825210691,60.6143787564192
29.5089825210691,60.6451164613373
29.5089825210691,60.6758541662553
29.5089825210691,60.7065918711733
29.5089825210691,60.7373295760913
29.5089825210691,60.7680672810094
29.5089825210691,60.7988049859274
29.5089825210691,60.8295426908454
29.5089825210691,60.8602803957634
29.5089825210691,60.8910181006814
29.5089825210691,60.9217558055995
29.5089825210691,60.9524935105175
29.5089825210691,60.9832312154355
29.5089825210691,61.0139689203535
29.5089825210691,61.0447066252716
29.5089825210691,61.0754443301896
29.5089825210691,61.1061820351076
29.5089825210691,61.1369197400256
29.5089825210691,61.1676574449437
29.5089825210691,61.1983951498617
29.5089825210691,61.2291328547797
29.5089825210691,61.2598705596977
29.5089825210691,61.2906082646158
29.5089825210691,61.3213459695338
29.5089825210691,61.3520836744518
29.5089825210691,61.3828213793698
29.5089825210691,61.4135590842879
29.5089825210691,61.4442967892059
29.5089825210691,61.4750344941239
29.5089825210691,61.5057721990419
29.5089825210691,61.53650990396
29.5089825210691,61.567247608878
29.5089825210691,61.597985313796
29.5089825210691,61.628723018714
29.5089825210691,61.6594607236321
29.5089825210691,61.6901984285501
29.5089825210691,61.7209361334681
29.5089825210691,61.7516738383861
29.5089825210691,61.7824115433042
29.5089825210691,61.8131492482222
29.5089825210691,61.8438869531402
29.5089825210691,61.8746246580582
29.5089825210691,61.9053623629763
29.5089825210691,61.9361000678943
29.5089825210691,61.9668377728123
29.5089825210691,61.9975754777303
29.5089825210691,62.0283131826484
29.5089825210691,62.0590508875664
29.5089825210691,62.0897885924844
29.5089825210691,62.1205262974024
29.5089825210691,62.1512640023205
29.5089825210691,62.1820017072385
29.5089825210691,62.2127394121565
29.5089825210691,62.2434771170745
29.5089825210691,62.2742148219926
29.5089825210691,62.3049525269106
29.5089825210691,62.3356902318286
29.5089825210691,62.3664279367466
29.5089825210691,62.3971656416647
29.5089825210691,62.4279033465827
29.5089825210691,62.4586410515007
29.5089825210691,62.4893787564187
29.5089825210691,62.5201164613368
29.5089825210691,62.5508541662548
29.5089825210691,62.5815918711728
29.5089825210691,62.6123295760908
29.5089825210691,62.6430672810089
29.5089825210691,62.6738049859269
29.5089825210691,62.7045426908449
29.5089825210691,62.7352803957629
29.5089825210691,62.766018100681
29.5089825210691,62.796755805599
29.5089825210691,62.827493510517
29.5089825210691,62.858231215435
29.5089825210691,62.8889689203531
29.5089825210691,62.9197066252711
29.5089825210691,62.9504443301891
29.5089825210691,62.9811820351071
29.5089825210691,63.0119197400251
29.5089825210691,63.0426574449432
29.5089825210691,63.0733951498612
29.5089825210691,63.1041328547792
29.5089825210691,63.1348705596972
29.5089825210691,63.1656082646153
29.5089825210691,63.1963459695333
29.5089825210691,63.2270836744513
29.5089825210691,63.2578213793693
29.5089825210691,63.2885590842874
29.5089825210691,63.3192967892054
29.5089825210691,63.3500344941234
29.5089825210691,63.3807721990414
29.5089825210691,63.4115099039595
29.5089825210691,63.4422476088775
29.5089825210691,63.4729853137955
29.5089825210691,63.5037230187135
29.5089825210691,63.5344607236316
29.5089825210691,63.5651984285496
29.5089825210691,63.5959361334676
29.5089825210691,63.6266738383856
29.5089825210691,63.6574115433037
29.5089825210691,63.6881492482217
29.5089825210691,63.7188869531397
29.5089825210691,63.7496246580577
29.5089825210691,63.7803623629758
29.5089825210691,63.8111000678938
29.5089825210691,63.8418377728118
29.5089825210691,63.8725754777298
29.5089825210691,63.9033131826479
29.5089825210691,63.9340508875659
29.5089825210691,63.9647885924839
29.5089825210691,63.9955262974019
29.5089825210691,64.02626400232
29.5089825210691,64.057001707238
29.5089825210691,64.087739412156
29.5089825210691,64.118477117074
29.5089825210691,64.1492148219921
29.5089825210691,64.1799525269101
29.5089825210691,64.2106902318281
29.5089825210691,64.2414279367461
29.5089825210691,64.2721656416642
29.5089825210691,64.3029033465822
29.5089825210691,64.3336410515002
29.5089825210691,64.3643787564182
29.5089825210691,64.3951164613363
29.5089825210691,64.4258541662543
29.5089825210691,64.4565918711723
29.5089825210691,64.4873295760903
29.5089825210691,64.5180672810084
29.5089825210691,64.5488049859264
29.5089825210691,64.5795426908444
29.5089825210691,64.6102803957624
29.5089825210691,64.6410181006805
29.5089825210691,64.6717558055985
29.5089825210691,64.7024935105165
29.5089825210691,64.7332312154345
29.5089825210691,64.7639689203526
29.5089825210691,64.7947066252706
29.5089825210691,64.8254443301886
29.5089825210691,64.8561820351066
29.5089825210691,64.8869197400247
29.5089825210691,64.9176574449427
29.5089825210691,64.9483951498607
29.5089825210691,64.9791328547787
29.5089825210691,65.0098705596968
29.5089825210691,65.0406082646148
29.5089825210691,65.0713459695328
29.5089825210691,65.1020836744508
29.5089825210691,65.1328213793688
29.5089825210691,65.1635590842869
29.5089825210691,65.1942967892049
29.5089825210691,65.2250344941229
29.5089825210691,65.2557721990409
29.5089825210691,65.286509903959
29.5089825210691,65.317247608877
29.5089825210691,65.347985313795
29.5089825210691,65.378723018713
29.5089825210691,65.4094607236311
29.5089825210691,65.4401984285491
29.5089825210691,65.4709361334671
29.5089825210691,65.5016738383851
29.5089825210691,65.5324115433032
29.5089825210691,65.5631492482212
29.5089825210691,65.5938869531392
29.5089825210691,65.6246246580572
29.5089825210691,65.6553623629753
29.5089825210691,65.6861000678933
29.5089825210691,65.7168377728113
29.5089825210691,65.7475754777293
29.5089825210691,65.7783131826474
29.5089825210691,65.8090508875654
29.5089825210691,65.8397885924834
29.5089825210691,65.8705262974014
29.5089825210691,65.9012640023195
29.5089825210691,65.9320017072375
29.5089825210691,65.9627394121555
29.5089825210691,65.9934771170735
29.5089825210691,66.0242148219916
29.5089825210691,66.0549525269096
29.5089825210691,66.0856902318276
29.5089825210691,66.1164279367456
29.5089825210691,66.1471656416637
29.5089825210691,66.1779033465817
29.5089825210691,66.2086410514997
29.5089825210691,66.2393787564177
29.5089825210691,66.2701164613358
29.5089825210691,66.3008541662538
29.5089825210691,66.3315918711718
29.5089825210691,66.3623295760898
29.5089825210691,66.3930672810079
29.5089825210691,66.4238049859259
29.5089825210691,66.4545426908439
29.5089825210691,66.4852803957619
29.5089825210691,66.51601810068
29.5089825210691,66.546755805598
29.5089825210691,66.577493510516
29.5089825210691,66.608231215434
29.5089825210691,66.6389689203521
29.5089825210691,66.6697066252701
29.5089825210691,66.7004443301881
29.5089825210691,66.7311820351061
29.5089825210691,66.7619197400242
29.5089825210691,66.7926574449422
29.5089825210691,66.8233951498602
29.5089825210691,66.8541328547782
29.5089825210691,66.8848705596963
29.5089825210691,66.9156082646143
29.5089825210691,66.9463459695323
29.5089825210691,66.9770836744503
29.5089825210691,67.0078213793684
29.5089825210691,67.0385590842864
29.5089825210691,67.0692967892044
29.5089825210691,67.1000344941224
29.5089825210691,67.1307721990405
29.5089825210691,67.1615099039585
29.5089825210691,67.1922476088765
29.5089825210691,67.2229853137945
29.5089825210691,67.2537230187125
29.5089825210691,67.2844607236306
29.5089825210691,67.3151984285486
29.5089825210691,67.3459361334666
29.5089825210691,67.3766738383846
29.5089825210691,67.4074115433027
29.5089825210691,67.4381492482207
29.5089825210691,67.4688869531387
29.5089825210691,67.4996246580567
29.5089825210691,67.5303623629748
29.5089825210691,67.5611000678928
29.5089825210691,67.5918377728108
29.5089825210691,67.6225754777288
29.5089825210691,67.6533131826469
29.5089825210691,67.6840508875649
29.5089825210691,67.7147885924829
29.5089825210691,67.7455262974009
29.5089825210691,67.776264002319
29.5089825210691,67.807001707237
29.5089825210691,67.837739412155
29.5089825210691,67.868477117073
29.5089825210691,67.8992148219911
29.5089825210691,67.9299525269091
29.5089825210691,67.9606902318271
29.5089825210691,67.9914279367451
29.5089825210691,68.0221656416632
29.5089825210691,68.0529033465812
29.5089825210691,68.0836410514992
29.5089825210691,68.1143787564172
29.5089825210691,68.1451164613353
29.5089825210691,68.1758541662533
29.5089825210691,68.2065918711713
29.5089825210691,68.2373295760893
29.5089825210691,68.2680672810074
29.5089825210691,68.2988049859254
29.5089825210691,68.3295426908434
29.5089825210691,68.3602803957614
29.5089825210691,68.3910181006795
29.5089825210691,68.4217558055975
29.5089825210691,68.4524935105155
29.5089825210691,68.4832312154335
29.5089825210691,68.5139689203516
29.5089825210691,68.5447066252696
29.5089825210691,68.5754443301876
29.5089825210691,68.6061820351056
29.5089825210691,68.6369197400237
29.5089825210691,68.6676574449417
29.5089825210691,68.6983951498597
29.5089825210691,68.7291328547777
29.5089825210691,68.7598705596958
29.5089825210691,68.7906082646138
29.5089825210691,68.8213459695318
29.5089825210691,68.8520836744498
29.5089825210691,68.8828213793679
29.5089825210691,68.9135590842859
29.5089825210691,68.9442967892039
29.5089825210691,68.9750344941219
29.5089825210691,69.00577219904
29.5089825210691,69.036509903958
29.5089825210691,69.067247608876
29.5089825210691,69.097985313794
29.5089825210691,69.1287230187121
29.5089825210691,69.1594607236301
29.5089825210691,69.1901984285481
29.5089825210691,69.2209361334661
29.5089825210691,69.2516738383841
29.5089825210691,69.2824115433022
29.5089825210691,69.3131492482202
29.5089825210691,69.3438869531382
29.5089825210691,69.3746246580562
29.5089825210691,69.4053623629743
29.5089825210691,69.4361000678923
29.5089825210691,69.4668377728103
29.5089825210691,69.4975754777283
29.5089825210691,69.5283131826464
29.5089825210691,69.5590508875644
29.5089825210691,69.5897885924824
29.5089825210691,69.6205262974004
29.5089825210691,69.6512640023185
29.5089825210691,69.6820017072365
29.5089825210691,69.7127394121545
29.5089825210691,69.7434771170725
29.5089825210691,69.7742148219906
29.5089825210691,69.8049525269086
29.5089825210691,69.8356902318266
29.5089825210691,69.8664279367446
29.5089825210691,69.8971656416627
29.5089825210691,69.9279033465807
29.5089825210691,69.9586410514987
29.5089825210691,69.9893787564167
29.5089825210691,70.0201164613348
29.5089825210691,70.0508541662528
29.5089825210691,70.0815918711708
29.5089825210691,70.1123295760888
29.5089825210691,70.1430672810069
29.5089825210691,70.1738049859249
29.5089825210691,70.2045426908429
29.5089825210691,70.2352803957609
29.5089825210691,70.266018100679
29.5089825210691,70.296755805597
29.5089825210691,70.327493510515
29.5089825210691,70.358231215433
29.5089825210691,70.3889689203511
29.5089825210691,70.4197066252691
29.5089825210691,70.4504443301871
29.5089825210691,70.4811820351051
29.5089825210691,70.5119197400232
29.5089825210691,70.5426574449412
29.5089825210691,70.5733951498592
29.5089825210691,70.6041328547772
29.5089825210691,70.6348705596953
29.5089825210691,70.6656082646133
29.5089825210691,70.6963459695313
29.5089825210691,70.7270836744493
29.5089825210691,70.7578213793674
29.5089825210691,70.7885590842854
29.5089825210691,70.8192967892034
29.5089825210691,70.8500344941214
29.5089825210691,70.8807721990395
29.5089825210691,70.9115099039575
29.5089825210691,70.9422476088755
29.5089825210691,70.9729853137935
29.5089825210691,71.0037230187116
29.5089825210691,71.0344607236296
29.5089825210691,71.0651984285476
29.5089825210691,71.0959361334656
29.5089825210691,71.1266738383837
29.5089825210691,71.1574115433017
29.5089825210691,71.1881492482197
29.5089825210691,71.2188869531377
29.5089825210691,71.2496246580558
29.5089825210691,71.2803623629738
29.5089825210691,71.3111000678918
29.5089825210691,71.3418377728098
29.5089825210691,71.3725754777278
29.5089825210691,71.4033131826459
29.5089825210691,71.4340508875639
29.5089825210691,71.4647885924819
29.5089825210691,71.4955262973999
29.5089825210691,71.526264002318
29.5089825210691,71.557001707236
29.5089825210691,71.587739412154
29.5089825210691,71.618477117072
29.5089825210691,71.6492148219901
29.5089825210691,71.6799525269081
29.5089825210691,71.7106902318261
29.5089825210691,71.7414279367441
29.5089825210691,71.7721656416622
29.5089825210691,71.8029033465802
29.5089825210691,71.8336410514982
29.5089825210691,71.8643787564162
29.5089825210691,71.8951164613343
29.5089825210691,71.9258541662523
29.5089825210691,71.9565918711703
29.5089825210691,71.9873295760883
29.5089825210691,72.0180672810064
29.5089825210691,72.0488049859244
29.5089825210691,72.0795426908424
29.5089825210691,72.1102803957604
29.5089825210691,72.1410181006785
29.5089825210691,72.1717558055965
29.5089825210691,72.2024935105145
29.5089825210691,72.2332312154325
29.5089825210691,72.2639689203506
29.5089825210691,72.2947066252686
29.5089825210691,72.3254443301866
29.5089825210691,72.3561820351046
29.5089825210691,72.3869197400227
29.5089825210691,72.4176574449407
29.5089825210691,72.4483951498587
29.5089825210691,72.4791328547767
29.5089825210691,72.5098705596948
29.5089825210691,72.5406082646128
29.5089825210691,72.5713459695308
29.5089825210691,72.6020836744488
29.5089825210691,72.6328213793669
29.5089825210691,72.6635590842849
29.5089825210691,72.6942967892029
29.5089825210691,72.7250344941209
29.5089825210691,72.755772199039
29.5089825210691,72.786509903957
29.5089825210691,72.817247608875
29.5089825210691,72.847985313793
29.5089825210691,72.8787230187111
29.5089825210691,72.9094607236291
29.5089825210691,72.9401984285471
29.5089825210691,72.9709361334651
29.5089825210691,73.0016738383832
29.5089825210691,73.0324115433012
29.5089825210691,73.0631492482192
29.5089825210691,73.0938869531372
29.5089825210691,73.1246246580553
29.5089825210691,73.1553623629733
29.5089825210691,73.1861000678913
29.5089825210691,73.2168377728093
29.5089825210691,73.2475754777274
29.5089825210691,73.2783131826454
29.5089825210691,73.3090508875634
29.5089825210691,73.3397885924814
29.5089825210691,73.3705262973995
29.5089825210691,73.4012640023175
29.5089825210691,73.4320017072355
29.5089825210691,73.4627394121535
29.5089825210691,73.4934771170715
29.5089825210691,73.5242148219896
29.5089825210691,73.5549525269076
29.5089825210691,73.5856902318256
29.5089825210691,73.6164279367436
29.5089825210691,73.6471656416617
29.5089825210691,73.6779033465797
29.5089825210691,73.7086410514977
29.5089825210691,73.7393787564157
29.5089825210691,73.7701164613338
29.5089825210691,73.8008541662518
29.5089825210691,73.8315918711698
29.5089825210691,73.8623295760878
29.5089825210691,73.8930672810059
29.5089825210691,73.9238049859239
29.5089825210691,73.9545426908419
29.5089825210691,73.9852803957599
29.5089825210691,74.016018100678
29.5089825210691,74.046755805596
29.5089825210691,74.077493510514
29.5089825210691,74.108231215432
29.5089825210691,74.1389689203501
29.5089825210691,74.1697066252681
29.5089825210691,74.2004443301861
29.5089825210691,74.2311820351041
29.5089825210691,74.2619197400222
29.5089825210691,74.2926574449402
29.5089825210691,74.3233951498582
29.5089825210691,74.3541328547762
29.5089825210691,74.3848705596943
29.5089825210691,74.4156082646123
29.5089825210691,74.4463459695303
29.5089825210691,74.4770836744483
29.5089825210691,74.5078213793664
29.5089825210691,74.5385590842844
29.5089825210691,74.5692967892024
29.5089825210691,74.6000344941204
29.5089825210691,74.6307721990385
29.5089825210691,74.6615099039565
29.5089825210691,74.6922476088745
29.5089825210691,74.7229853137925
29.5089825210691,74.7537230187106
29.5089825210691,74.7844607236286
29.5089825210691,74.8151984285466
29.5089825210691,74.8459361334646
29.5089825210691,74.8766738383827
29.5089825210691,74.9074115433007
29.5089825210691,74.9381492482187
29.5089825210691,74.9688869531367
29.5089825210691,74.9996246580548
29.5089825210691,75.0303623629728
29.5089825210691,75.0611000678908
29.5089825210691,75.0918377728088
29.5089825210691,75.1225754777269
29.5089825210691,75.1533131826449
29.5089825210691,75.1840508875629
29.5089825210691,75.2147885924809
29.5089825210691,75.245526297399
29.5089825210691,75.276264002317
29.5089825210691,75.307001707235
29.5089825210691,75.337739412153
29.5089825210691,75.3684771170711
29.5089825210691,75.3992148219891
29.5089825210691,75.4299525269071
29.5089825210691,75.4606902318251
29.5089825210691,75.4914279367432
29.5089825210691,75.5221656416612
29.5089825210691,75.5529033465792
29.5089825210691,75.5836410514972
29.5089825210691,75.6143787564152
29.5089825210691,75.6451164613333
29.5089825210691,75.6758541662513
29.5089825210691,75.7065918711693
29.5089825210691,75.7373295760873
29.5089825210691,75.7680672810054
29.5089825210691,75.7988049859234
29.5089825210691,75.8295426908414
29.5089825210691,75.8602803957594
29.5089825210691,75.8910181006775
29.5089825210691,75.9217558055955
29.5089825210691,75.9524935105135
29.5089825210691,75.9832312154315
29.5089825210691,76.0139689203496
29.5089825210691,76.0447066252676
29.5089825210691,76.0754443301856
29.5089825210691,76.1061820351036
29.5089825210691,76.1369197400217
29.5089825210691,76.1676574449397
29.5089825210691,76.1983951498577
29.5089825210691,76.2291328547757
29.5089825210691,76.2598705596938
29.5089825210691,76.2906082646118
29.5089825210691,76.3213459695298
29.5089825210691,76.3520836744478
29.5089825210691,76.3828213793659
29.5089825210691,76.4135590842839
29.5089825210691,76.4442967892019
29.5089825210691,76.4750344941199
29.5089825210691,76.505772199038
29.5089825210691,76.536509903956
29.5089825210691,76.567247608874
29.5089825210691,76.597985313792
29.5089825210691,76.6287230187101
29.5089825210691,76.6594607236281
29.5089825210691,76.6901984285461
29.5089825210691,76.7209361334641
29.5089825210691,76.7516738383822
29.5089825210691,76.7824115433002
29.5089825210691,76.8131492482182
29.5089825210691,76.8438869531362
29.5089825210691,76.8746246580543
29.5089825210691,76.9053623629723
29.5089825210691,76.9361000678903
29.5089825210691,76.9668377728083
29.5089825210691,76.9975754777264
29.5089825210691,77.0283131826444
29.5089825210691,77.0590508875624
29.5089825210691,77.0897885924804
29.5089825210691,77.1205262973985
29.5089825210691,77.1512640023165
29.5089825210691,77.1820017072345
29.5089825210691,77.2127394121525
29.5089825210691,77.2434771170706
29.5089825210691,77.2742148219886
29.5089825210691,77.3049525269066
29.5089825210691,77.3356902318246
29.5089825210691,77.3664279367427
29.5089825210691,77.3971656416607
29.5089825210691,77.4279033465787
29.5089825210691,77.4586410514967
29.5089825210691,77.4893787564148
29.5089825210691,77.5201164613328
29.5089825210691,77.5508541662508
29.5089825210691,77.5815918711688
29.5089825210691,77.6123295760869
29.5089825210691,77.6430672810049
29.5089825210691,77.6738049859229
29.5089825210691,77.7045426908409
29.5089825210691,77.7352803957589
29.5089825210691,77.766018100677
29.5089825210691,77.796755805595
29.5089825210691,77.827493510513
29.5089825210691,77.858231215431
29.5089825210691,77.8889689203491
29.5089825210691,77.9197066252671
29.5089825210691,77.9504443301851
29.5089825210691,77.9811820351031
29.5089825210691,78.0119197400212
29.5089825210691,78.0426574449392
29.5089825210691,78.0733951498572
29.5089825210691,78.1041328547752
29.5089825210691,78.1348705596933
29.5089825210691,78.1656082646113
29.5089825210691,78.1963459695293
29.5089825210691,78.2270836744473
29.5089825210691,78.2578213793654
29.5089825210691,78.2885590842834
29.5089825210691,78.3192967892014
29.5089825210691,78.3500344941194
29.5089825210691,78.3807721990375
29.5089825210691,78.4115099039555
29.5089825210691,78.4422476088735
29.5089825210691,78.4729853137915
29.5089825210691,78.5037230187096
29.5089825210691,78.5344607236276
29.5089825210691,78.5651984285456
29.5089825210691,78.5959361334636
29.5089825210691,78.6266738383817
29.5089825210691,78.6574115432997
29.5089825210691,78.6881492482177
29.5089825210691,78.7188869531357
29.5089825210691,78.7496246580538
29.5089825210691,78.7803623629718
29.5089825210691,78.8111000678898
29.5089825210691,78.8418377728078
29.5089825210691,78.8725754777259
29.5089825210691,78.9033131826439
29.5089825210691,78.9340508875619
29.5089825210691,78.9647885924799
29.5089825210691,78.995526297398
29.5089825210691,79.026264002316
29.5089825210691,79.057001707234
29.5089825210691,79.087739412152
29.5089825210691,79.1184771170701
29.5089825210691,79.1492148219881
29.5089825210691,79.1799525269061
29.5089825210691,79.2106902318241
29.5089825210691,79.2414279367422
29.5089825210691,79.2721656416602
29.5089825210691,79.3029033465782
29.5089825210691,79.3336410514962
29.5089825210691,79.3643787564143
29.5089825210691,79.3951164613323
29.5089825210691,79.4258541662503
29.5089825210691,79.4565918711683
29.5089825210691,79.4873295760864
29.5089825210691,79.5180672810044
29.5089825210691,79.5488049859224
29.5089825210691,79.5795426908404
29.5089825210691,79.6102803957585
29.5089825210691,79.6410181006765
29.5089825210691,79.6717558055945
29.5089825210691,79.7024935105125
29.5089825210691,79.7332312154305
29.5089825210691,79.7639689203486
29.5089825210691,79.7947066252666
29.5089825210691,79.8254443301846
29.5089825210691,79.8561820351026
29.5089825210691,79.8869197400207
29.5089825210691,79.9176574449387
29.5089825210691,79.9483951498567
29.5089825210691,79.9791328547747
29.5089825210691,80.0098705596928
29.5089825210691,80.0406082646108
29.5089825210691,80.0713459695288
29.5089825210691,80.1020836744468
29.5089825210691,80.1328213793649
29.5089825210691,80.1635590842829
29.5089825210691,80.1942967892009
29.5089825210691,80.2250344941189
29.5089825210691,80.255772199037
29.5089825210691,80.286509903955
29.5089825210691,80.317247608873
29.5089825210691,80.347985313791
29.5089825210691,80.3787230187091
29.5089825210691,80.4094607236271
29.5089825210691,80.4401984285451
29.5089825210691,80.4709361334631
29.5089825210691,80.5016738383812
29.5089825210691,80.5324115432992
29.5089825210691,80.5631492482172
29.5089825210691,80.5938869531352
29.5089825210691,80.6246246580533
29.5089825210691,80.6553623629713
29.5089825210691,80.6861000678893
29.5089825210691,80.7168377728073
29.5089825210691,80.7475754777254
29.5089825210691,80.7783131826434
29.5089825210691,80.8090508875614
29.5089825210691,80.8397885924794
29.5089825210691,80.8705262973975
29.5089825210691,80.9012640023155
29.5089825210691,80.9320017072335
29.5089825210691,80.9627394121515
29.5089825210691,80.9934771170696
29.5089825210691,81.0242148219876
29.5089825210691,81.0549525269056
29.5089825210691,81.0856902318236
29.5089825210691,81.1164279367417
29.5089825210691,81.1471656416597
29.5089825210691,81.1779033465777
29.5089825210691,81.2086410514957
29.5089825210691,81.2393787564138
29.5089825210691,81.2701164613318
29.5089825210691,81.3008541662498
29.5089825210691,81.3315918711678
29.5089825210691,81.3623295760859
29.5089825210691,81.3930672810039
29.5089825210691,81.4238049859219
29.5089825210691,81.4545426908399
29.5089825210691,81.485280395758
29.5089825210691,81.516018100676
29.5089825210691,81.546755805594
29.5089825210691,81.577493510512
29.5089825210691,81.6082312154301
29.5089825210691,81.6389689203481
29.5089825210691,81.6697066252661
29.5089825210691,81.7004443301841
29.5089825210691,81.7311820351022
29.5089825210691,81.7619197400202
29.5089825210691,81.7926574449382
29.5089825210691,81.8233951498562
29.5089825210691,81.8541328547742
29.5089825210691,81.8848705596923
29.5089825210691,81.9156082646103
29.5089825210691,81.9463459695283
29.5089825210691,81.9770836744463
29.5089825210691,82.0078213793644
29.5089825210691,82.0385590842824
29.5089825210691,82.0692967892004
29.5089825210691,82.1000344941184
29.5089825210691,82.1307721990365
29.5089825210691,82.1615099039545
29.5089825210691,82.1922476088725
29.5089825210691,82.2229853137905
29.5089825210691,82.2537230187086
29.5089825210691,82.2844607236266
29.5089825210691,82.3151984285446
29.5089825210691,82.3459361334626
29.5089825210691,82.3766738383807
29.5089825210691,82.4074115432987
29.5089825210691,82.4381492482167
29.5089825210691,82.4688869531347
29.5089825210691,82.4996246580528
29.5089825210691,82.5303623629708
29.5089825210691,82.5611000678888
29.5089825210691,82.5918377728068
29.5089825210691,82.6225754777249
29.5089825210691,82.6533131826429
29.5089825210691,82.6840508875609
29.5089825210691,82.7147885924789
29.5089825210691,82.745526297397
29.5089825210691,82.776264002315
29.5089825210691,82.807001707233
29.5089825210691,82.837739412151
29.5089825210691,82.8684771170691
29.5089825210691,82.8992148219871
29.5089825210691,82.9299525269051
29.5089825210691,82.9606902318231
29.5089825210691,82.9914279367412
29.5089825210691,83.0221656416592
29.5089825210691,83.0529033465772
29.5089825210691,83.0836410514952
29.5089825210691,83.1143787564133
29.5089825210691,83.1451164613313
29.5089825210691,83.1758541662493
29.5089825210691,83.2065918711673
29.5089825210691,83.2373295760854
29.5089825210691,83.2680672810034
29.5089825210691,83.2988049859214
29.5089825210691,83.3295426908394
29.5089825210691,83.3602803957575
29.5089825210691,83.3910181006755
29.5089825210691,83.4217558055935
29.5089825210691,83.4524935105115
29.5089825210691,83.4832312154296
29.5089825210691,83.5139689203476
29.5089825210691,83.5447066252656
29.5089825210691,83.5754443301836
29.5089825210691,83.6061820351017
29.5089825210691,83.6369197400197
29.5089825210691,83.6676574449377
29.5089825210691,83.6983951498557
29.5089825210691,83.7291328547738
29.5089825210691,83.7598705596918
29.5089825210691,83.7906082646098
29.5089825210691,83.8213459695278
29.5089825210691,83.8520836744459
29.5089825210691,83.8828213793639
29.5089825210691,83.9135590842819
29.5089825210691,83.9442967891999
29.5089825210691,83.9750344941179
29.5089825210691,84.005772199036
29.5089825210691,84.036509903954
29.5089825210691,84.067247608872
29.5089825210691,84.09798531379
29.5089825210691,84.1287230187081
29.5089825210691,84.1594607236261
29.5089825210691,84.1901984285441
29.5089825210691,84.2209361334621
29.5089825210691,84.2516738383802
29.5089825210691,84.2824115432982
29.5089825210691,84.3131492482162
29.5089825210691,84.3438869531342
29.5089825210691,84.3746246580523
29.5089825210691,84.4053623629703
29.5089825210691,84.4361000678883
29.5089825210691,84.4668377728063
29.5089825210691,84.4975754777244
29.5089825210691,84.5283131826424
29.5089825210691,84.5590508875604
29.5089825210691,84.5897885924784
29.5089825210691,84.6205262973965
29.5089825210691,84.6512640023145
29.5089825210691,84.6820017072325
29.5089825210691,84.7127394121505
29.5089825210691,84.7434771170686
29.5089825210691,84.7742148219866
29.5089825210691,84.8049525269046
29.5089825210691,84.8356902318226
29.5089825210691,84.8664279367407
29.5089825210691,84.8971656416587
29.5089825210691,84.9279033465767
29.5089825210691,84.9586410514947
29.5089825210691,84.9893787564128
29.5089825210691,85.0201164613308
29.5089825210691,85.0508541662488
29.5089825210691,85.0815918711668
29.5089825210691,85.1123295760849
29.5089825210691,85.1430672810029
29.5089825210691,85.1738049859209
29.5089825210691,85.2045426908389
29.5089825210691,85.235280395757
29.5089825210691,85.266018100675
29.5089825210691,85.296755805593
29.5089825210691,85.327493510511
29.5089825210691,85.3582312154291
29.5089825210691,85.3889689203471
29.5089825210691,85.4197066252651
29.5089825210691,85.4504443301831
29.5089825210691,85.4811820351012
29.5089825210691,85.5119197400192
29.5089825210691,85.5426574449372
29.5089825210691,85.5733951498552
29.5089825210691,85.6041328547733
29.5089825210691,85.6348705596913
29.5089825210691,85.6656082646093
29.5089825210691,85.6963459695273
29.5089825210691,85.7270836744454
29.5089825210691,85.7578213793634
29.5089825210691,85.7885590842814
29.5089825210691,85.8192967891994
29.5089825210691,85.8500344941175
29.5089825210691,85.8807721990355
29.5089825210691,85.9115099039535
29.5089825210691,85.9422476088715
29.5089825210691,85.9729853137896
29.5089825210691,86.0037230187076
29.5089825210691,86.0344607236256
29.5089825210691,86.0651984285436
29.5089825210691,86.0959361334616
29.5089825210691,86.1266738383797
29.5089825210691,86.1574115432977
29.5089825210691,86.1881492482157
29.5089825210691,86.2188869531337
29.5089825210691,86.2496246580518
29.5089825210691,86.2803623629698
29.5089825210691,86.3111000678878
29.5089825210691,86.3418377728058
29.5089825210691,86.3725754777239
29.5089825210691,86.4033131826419
29.5089825210691,86.4340508875599
29.5089825210691,86.4647885924779
29.5089825210691,86.495526297396
29.5089825210691,86.526264002314
29.5089825210691,86.557001707232
29.5089825210691,86.58773941215
29.5089825210691,86.6184771170681
29.5089825210691,86.6492148219861
29.5089825210691,86.6799525269041
29.5089825210691,86.7106902318221
29.5089825210691,86.7414279367402
29.5089825210691,86.7721656416582
29.5089825210691,86.8029033465762
29.5089825210691,86.8336410514942
29.5089825210691,86.8643787564123
29.5089825210691,86.8951164613303
29.5089825210691,86.9258541662483
29.5089825210691,86.9565918711663
29.5089825210691,86.9873295760844
29.5089825210691,87.0180672810024
29.5089825210691,87.0488049859204
29.5089825210691,87.0795426908384
29.5089825210691,87.1102803957565
29.5089825210691,87.1410181006745
29.5089825210691,87.1717558055925
29.5089825210691,87.2024935105105
29.5089825210691,87.2332312154286
29.5089825210691,87.2639689203466
29.5089825210691,87.2947066252646
29.5089825210691,87.3254443301826
29.5089825210691,87.3561820351007
29.5089825210691,87.3869197400187
29.5089825210691,87.4176574449367
29.5089825210691,87.4483951498547
29.5089825210691,87.4791328547728
29.5089825210691,87.5098705596908
29.5089825210691,87.5406082646088
29.5089825210691,87.5713459695268
29.5089825210691,87.6020836744449
29.5089825210691,87.6328213793629
29.5089825210691,87.6635590842809
29.5089825210691,87.6942967891989
29.5089825210691,87.725034494117
29.5089825210691,87.755772199035
29.5089825210691,87.786509903953
29.5089825210691,87.817247608871
29.5089825210691,87.8479853137891
29.5089825210691,87.8787230187071
29.5089825210691,87.9094607236251
29.5089825210691,87.9401984285431
29.5089825210691,87.9709361334612
29.5089825210691,88.0016738383792
29.5089825210691,88.0324115432972
29.5089825210691,88.0631492482152
29.5089825210691,88.0938869531333
29.5089825210691,88.1246246580513
29.5089825210691,88.1553623629693
29.5089825210691,88.1861000678873
29.5089825210691,88.2168377728053
29.5089825210691,88.2475754777234
29.5089825210691,88.2783131826414
29.5089825210691,88.3090508875594
29.5089825210691,88.3397885924774
29.5089825210691,88.3705262973955
29.5089825210691,88.4012640023135
29.5089825210691,88.4320017072315
29.5089825210691,88.4627394121495
29.5089825210691,88.4934771170676
29.5089825210691,88.5242148219856
29.5089825210691,88.5549525269036
29.5089825210691,88.5856902318216
29.5089825210691,88.6164279367397
29.5089825210691,88.6471656416577
29.5089825210691,88.6779033465757
29.5089825210691,88.7086410514937
29.5089825210691,88.7393787564118
29.5089825210691,88.7701164613298
29.5089825210691,88.8008541662478
29.5089825210691,88.8315918711658
29.5089825210691,88.8623295760839
29.5089825210691,88.8930672810019
29.5089825210691,88.9238049859199
29.5089825210691,88.9545426908379
29.5089825210691,88.985280395756
29.5089825210691,89.016018100674
29.5089825210691,89.046755805592
29.5089825210691,89.07749351051
29.5089825210691,89.1082312154281
29.5089825210691,89.1389689203461
29.5089825210691,89.1697066252641
29.5089825210691,89.2004443301821
29.5089825210691,89.2311820351002
29.5089825210691,89.2619197400182
29.5089825210691,89.2926574449362
29.5089825210691,89.3233951498542
29.5089825210691,89.3541328547723
29.5089825210691,89.3848705596903
29.5089825210691,89.4156082646083
29.5089825210691,89.4463459695263
29.5089825210691,89.4770836744444
29.5089825210691,89.5078213793624
29.5089825210691,89.5385590842804
29.5089825210691,89.5692967891984
29.5089825210691,89.6000344941165
29.5089825210691,89.6307721990345
29.5089825210691,89.6615099039525
29.5089825210691,89.6922476088705
29.5089825210691,89.7229853137886
29.5089825210691,89.7537230187066
29.5089825210691,89.7844607236246
29.5089825210691,89.8151984285426
29.5089825210691,89.8459361334607
29.5089825210691,89.8766738383787
29.5089825210691,89.9074115432967
29.5089825210691,89.9381492482147
29.5089825210691,89.9688869531328
29.5089825210691,89.9996246580508
29.5089825210691,90.0303623629688
29.5089825210691,90.0611000678868
29.5089825210691,90.0918377728049
29.5089825210691,90.1225754777229
29.5089825210691,90.1533131826409
29.5089825210691,90.1840508875589
29.5089825210691,90.2147885924769
29.5089825210691,90.245526297395
29.5089825210691,90.276264002313
29.5089825210691,90.307001707231
29.5089825210691,90.337739412149
29.5089825210691,90.3684771170671
29.5089825210691,90.3992148219851
29.5089825210691,90.4299525269031
29.5089825210691,90.4606902318211
29.5089825210691,90.4914279367392
29.5089825210691,90.5221656416572
29.5089825210691,90.5529033465752
29.5089825210691,90.5836410514932
29.5089825210691,90.6143787564113
29.5089825210691,90.6451164613293
29.5089825210691,90.6758541662473
29.5089825210691,90.7065918711653
29.5089825210691,90.7373295760834
29.5089825210691,90.7680672810014
29.5089825210691,90.7988049859194
29.5089825210691,90.8295426908374
29.5089825210691,90.8602803957555
29.5089825210691,90.8910181006735
29.5089825210691,90.9217558055915
29.5089825210691,90.9524935105095
29.5089825210691,90.9832312154276
29.5089825210691,91.0139689203456
29.5089825210691,91.0447066252636
29.5089825210691,91.0754443301816
29.5089825210691,91.1061820350997
29.5089825210691,91.1369197400177
29.5089825210691,91.1676574449357
29.5089825210691,91.1983951498537
29.5089825210691,91.2291328547718
29.5089825210691,91.2598705596898
29.5089825210691,91.2906082646078
29.5089825210691,91.3213459695258
29.5089825210691,91.3520836744439
29.5089825210691,91.3828213793619
29.5089825210691,91.4135590842799
29.5089825210691,91.4442967891979
29.5089825210691,91.475034494116
29.5089825210691,91.505772199034
29.5089825210691,91.536509903952
29.5089825210691,91.56724760887
29.5089825210691,91.5979853137881
29.5089825210691,91.6287230187061
29.5089825210691,91.6594607236241
29.5089825210691,91.6901984285421
29.5089825210691,91.7209361334602
29.5089825210691,91.7516738383782
29.5089825210691,91.7824115432962
29.5089825210691,91.8131492482142
29.5089825210691,91.8438869531323
29.5089825210691,91.8746246580503
29.5089825210691,91.9053623629683
29.5089825210691,91.9361000678863
29.5089825210691,91.9668377728044
29.5089825210691,91.9975754777224
29.5089825210691,92.0283131826404
29.5089825210691,92.0590508875584
29.5089825210691,92.0897885924765
29.5089825210691,92.1205262973945
29.5089825210691,92.1512640023125
29.5089825210691,92.1820017072305
29.5089825210691,92.2127394121486
29.5089825210691,92.2434771170666
29.5089825210691,92.2742148219846
29.5089825210691,92.3049525269026
29.5089825210691,92.3356902318206
29.5089825210691,92.3664279367387
29.5089825210691,92.3971656416567
29.5089825210691,92.4279033465747
29.5089825210691,92.4586410514927
29.5089825210691,92.4893787564108
29.5089825210691,92.5201164613288
29.5089825210691,92.5508541662468
29.5089825210691,92.5815918711648
29.5089825210691,92.6123295760829
29.5089825210691,92.6430672810009
29.5089825210691,92.6738049859189
29.5089825210691,92.7045426908369
29.5089825210691,92.735280395755
29.5089825210691,92.766018100673
29.5089825210691,92.796755805591
29.5089825210691,92.827493510509
29.5089825210691,92.8582312154271
29.5089825210691,92.8889689203451
29.5089825210691,92.9197066252631
29.5089825210691,92.9504443301811
29.5089825210691,92.9811820350992
29.5089825210691,93.0119197400172
29.5089825210691,93.0426574449352
29.5089825210691,93.0733951498532
29.5089825210691,93.1041328547713
29.5089825210691,93.1348705596893
29.5089825210691,93.1656082646073
29.5089825210691,93.1963459695253
29.5089825210691,93.2270836744434
29.5089825210691,93.2578213793614
29.5089825210691,93.2885590842794
29.5089825210691,93.3192967891974
29.5089825210691,93.3500344941155
29.5089825210691,93.3807721990335
29.5089825210691,93.4115099039515
29.5089825210691,93.4422476088695
29.5089825210691,93.4729853137876
29.5089825210691,93.5037230187056
29.5089825210691,93.5344607236236
29.5089825210691,93.5651984285416
29.5089825210691,93.5959361334597
29.5089825210691,93.6266738383777
29.5089825210691,93.6574115432957
29.5089825210691,93.6881492482137
29.5089825210691,93.7188869531318
29.5089825210691,93.7496246580498
29.5089825210691,93.7803623629678
29.5089825210691,93.8111000678858
29.5089825210691,93.8418377728039
29.5089825210691,93.8725754777219
29.5089825210691,93.9033131826399
29.5089825210691,93.9340508875579
29.5089825210691,93.964788592476
29.5089825210691,93.995526297394
29.5089825210691,94.026264002312
29.5089825210691,94.05700170723
29.5089825210691,94.0877394121481
29.5089825210691,94.1184771170661
29.5089825210691,94.1492148219841
29.5089825210691,94.1799525269021
29.5089825210691,94.2106902318202
29.5089825210691,94.2414279367382
29.5089825210691,94.2721656416562
29.5089825210691,94.3029033465742
29.5089825210691,94.3336410514923
29.5089825210691,94.3643787564103
29.5089825210691,94.3951164613283
29.5089825210691,94.4258541662463
29.5089825210691,94.4565918711643
29.5089825210691,94.4873295760824
29.5089825210691,94.5180672810004
29.5089825210691,94.5488049859184
29.5089825210691,94.5795426908364
29.5089825210691,94.6102803957545
29.5089825210691,94.6410181006725
29.5089825210691,94.6717558055905
29.5089825210691,94.7024935105085
29.5089825210691,94.7332312154266
29.5089825210691,94.7639689203446
29.5089825210691,94.7947066252626
29.5089825210691,94.8254443301806
29.5089825210691,94.8561820350987
29.5089825210691,94.8869197400167
29.5089825210691,94.9176574449347
29.5089825210691,94.9483951498527
29.5089825210691,94.9791328547708
29.5089825210691,95.0098705596888
29.5089825210691,95.0406082646068
29.5089825210691,95.0713459695248
29.5089825210691,95.1020836744429
29.5089825210691,95.1328213793609
29.5089825210691,95.1635590842789
29.5089825210691,95.1942967891969
29.5089825210691,95.225034494115
29.5089825210691,95.255772199033
29.5089825210691,95.286509903951
29.5089825210691,95.317247608869
29.5089825210691,95.3479853137871
29.5089825210691,95.3787230187051
29.5089825210691,95.4094607236231
29.5089825210691,95.4401984285411
29.5089825210691,95.4709361334592
29.5089825210691,95.5016738383772
29.5089825210691,95.5324115432952
29.5089825210691,95.5631492482132
29.5089825210691,95.5938869531313
29.5089825210691,95.6246246580493
29.5089825210691,95.6553623629673
29.5089825210691,95.6861000678853
29.5089825210691,95.7168377728034
29.5089825210691,95.7475754777214
29.5089825210691,95.7783131826394
29.5089825210691,95.8090508875574
29.5089825210691,95.8397885924755
29.5089825210691,95.8705262973935
29.5089825210691,95.9012640023115
29.5089825210691,95.9320017072295
29.5089825210691,95.9627394121476
29.5089825210691,95.9934771170656
29.5089825210691,96.0242148219836
29.5089825210691,96.0549525269016
29.5089825210691,96.0856902318197
29.5089825210691,96.1164279367377
29.5089825210691,96.1471656416557
29.5089825210691,96.1779033465737
29.5089825210691,96.2086410514918
29.5089825210691,96.2393787564098
29.5089825210691,96.2701164613278
29.5089825210691,96.3008541662458
29.5089825210691,96.3315918711639
29.5089825210691,96.3623295760819
29.5089825210691,96.3930672809999
29.5089825210691,96.4238049859179
29.5089825210691,96.454542690836
29.5089825210691,96.485280395754
29.5089825210691,96.516018100672
29.5089825210691,96.54675580559
29.5089825210691,96.577493510508
29.5089825210691,96.6082312154261
29.5089825210691,96.6389689203441
29.5089825210691,96.6697066252621
29.5089825210691,96.7004443301801
29.5089825210691,96.7311820350982
29.5089825210691,96.7619197400162
29.5089825210691,96.7926574449342
29.5089825210691,96.8233951498522
29.5089825210691,96.8541328547703
29.5089825210691,96.8848705596883
29.5089825210691,96.9156082646063
29.5089825210691,96.9463459695243
29.5089825210691,96.9770836744424
29.5089825210691,97.0078213793604
29.5089825210691,97.0385590842784
29.5089825210691,97.0692967891964
29.5089825210691,97.1000344941145
29.5089825210691,97.1307721990325
29.5089825210691,97.1615099039505
29.5089825210691,97.1922476088685
29.5089825210691,97.2229853137866
29.5089825210691,97.2537230187046
29.5089825210691,97.2844607236226
29.5089825210691,97.3151984285406
29.5089825210691,97.3459361334587
29.5089825210691,97.3766738383767
29.5089825210691,97.4074115432947
29.5089825210691,97.4381492482127
29.5089825210691,97.4688869531308
29.5089825210691,97.4996246580488
29.5089825210691,97.5303623629668
29.5089825210691,97.5611000678848
29.5089825210691,97.5918377728029
29.5089825210691,97.6225754777209
29.5089825210691,97.6533131826389
29.5089825210691,97.6840508875569
29.5089825210691,97.714788592475
29.5089825210691,97.745526297393
29.5089825210691,97.776264002311
29.5089825210691,97.807001707229
29.5089825210691,97.8377394121471
29.5089825210691,97.8684771170651
29.5089825210691,97.8992148219831
29.5089825210691,97.9299525269011
29.5089825210691,97.9606902318192
29.5089825210691,97.9914279367372
29.5089825210691,98.0221656416552
29.5089825210691,98.0529033465732
29.5089825210691,98.0836410514913
29.5089825210691,98.1143787564093
29.5089825210691,98.1451164613273
29.5089825210691,98.1758541662453
29.5089825210691,98.2065918711634
29.5089825210691,98.2373295760814
29.5089825210691,98.2680672809994
29.5089825210691,98.2988049859174
29.5089825210691,98.3295426908355
29.5089825210691,98.3602803957535
29.5089825210691,98.3910181006715
29.5089825210691,98.4217558055895
29.5089825210691,98.4524935105076
29.5089825210691,98.4832312154256
29.5089825210691,98.5139689203436
29.5089825210691,98.5447066252616
29.5089825210691,98.5754443301796
29.5089825210691,98.6061820350977
29.5089825210691,98.6369197400157
29.5089825210691,98.6676574449337
29.5089825210691,98.6983951498517
29.5089825210691,98.7291328547698
29.5089825210691,98.7598705596878
29.5089825210691,98.7906082646058
29.5089825210691,98.8213459695238
29.5089825210691,98.8520836744419
29.5089825210691,98.8828213793599
29.5089825210691,98.9135590842779
29.5089825210691,98.9442967891959
29.5089825210691,98.975034494114
29.5089825210691,99.005772199032
29.5089825210691,99.03650990395
29.5089825210691,99.067247608868
29.5089825210691,99.0979853137861
29.5089825210691,99.1287230187041
29.5089825210691,99.1594607236221
29.5089825210691,99.1901984285401
29.5089825210691,99.2209361334582
29.5089825210691,99.2516738383762
29.5089825210691,99.2824115432942
29.5089825210691,99.3131492482122
29.5089825210691,99.3438869531303
29.5089825210691,99.3746246580483
29.5089825210691,99.4053623629663
29.5089825210691,99.4361000678843
29.5089825210691,99.4668377728024
29.5089825210691,99.4975754777204
29.5089825210691,99.5283131826384
29.5089825210691,99.5590508875564
29.5089825210691,99.5897885924745
29.5089825210691,99.6205262973925
29.5089825210691,99.6512640023105
29.5089825210691,99.6820017072285
29.5089825210691,99.7127394121466
29.5089825210691,99.7434771170646
29.5089825210691,99.7742148219826
29.5089825210691,99.8049525269006
29.5089825210691,99.8356902318187
29.5089825210691,99.8664279367367
29.5089825210691,99.8971656416547
29.5089825210691,99.9279033465727
29.5089825210691,99.9586410514908
29.5089825210691,99.9893787564088
