0,0
0,0.0307377049180251
0,0.0614754024880369
2.3622395525832e-31,0.0922130903504068
-6.74669684923335e-23,0.122950770695328
-5.84577072342328e-22,0.153688442046777
-7.81861399614561e-21,0.184426106429018
5.73242833778141e-20,0.215163765202129
3.11777993717516e-19,0.245901419647979
-2.90290554111357e-19,0.276639070053592
-5.07614625605886e-18,0.307376717055326
-1.31538511332704e-17,0.338114361068123
4.0886904786403e-19,0.368851995499537
9.514902749953e-17,0.39958961468508
3.00766793355014e-16,0.43032723164101
4.24641833678787e-16,0.461064854329843
-1.68909560068462e-16,0.491802487068166
-2.43104315804202e-15,0.52254011771815
-6.6176379475238e-15,0.553277745330933
-1.0235425149295e-14,0.584015362119256
-5.95496924064699e-15,0.614752972325416
1.78624416002379e-14,0.645490583850634
7.04701188937686e-14,0.67622819039849
1.43913312651278e-13,0.706965790101566
1.93509685695921e-13,0.737703386133805
1.25609959816173e-13,0.768440987392912
-1.87415223680471e-13,0.799178590613437
-8.44250848735436e-13,0.829916194019753
-1.79674727604548e-12,0.860653798045914
-2.70178460832822e-12,0.891391402971347
-2.81248143869564e-12,0.922128964631989
-1.01960594185527e-12,0.952866500975362
3.83523332890549e-12,0.983604030678168
1.23024994671813e-11,1.01434157098635
2.33795873412388e-11,1.04507913583967
3.35311813001691e-11,1.07581668213725
3.61473714638377e-11,1.10655423961288
2.20640441835162e-11,1.13729183724452
-1.82567883159644e-11,1.16802945408714
-9.05955885318695e-11,1.19876707897137
-1.91230887154394e-10,1.22950470118017
-3.00810978645301e-10,1.26024232351271
-3.80031475266066e-10,1.29097993479008
-3.70019854112188e-10,1.32171750795398
-2.00400498179166e-10,1.35245505490298
1.92902354288449e-10,1.38319255797327
8.4026204532866e-10,1.41392956073925
1.70452729982474e-09,1.44466711744059
2.64816021395579e-09,1.47540467281027
3.4120595964233e-09,1.50614223161649
3.61924191709717e-09,1.53687952223722
2.81594964801008e-09,1.56761709989605
5.58810256429082e-10,1.59835468653807
2.18479867492976e-09,1.6290922929562
3.13436990145997e-09,1.65982992291102
3.34673978056904e-09,1.69056753566303
2.79108336112428e-09,1.72130516009688
1.42717806364345e-09,1.75204278863671
-8.04834777920976e-10,1.78278042471604
3.36815295631559e-10,1.813518066157
-9.30973112028042e-11,1.84425562765599
-2.45537518275695e-09,1.87499320594546
-6.84571524913277e-09,1.90573078950371
-1.29268452385722e-08,1.93646836709729
-1.97743552829313e-08,1.96720592282683
-2.57820509635991e-08,1.99794349371662
-2.86735265474051e-08,2.02868106266296
-2.56618756871836e-08,2.05941862927942
-1.37892558712735e-08,2.09015619355044
9.54059396835604e-09,2.12089376140264
4.58539060688957e-08,2.15163131754006
9.47812921557928e-08,2.18236889409339
1.53225461354816e-07,2.21310646754845
2.1468363755352e-07,2.2438440440544
2.68926725753034e-07,2.27458162659229
3.02251830108952e-07,2.30531921228425
2.98500969632757e-07,2.33605679147182
2.40968250318667e-07,2.36679437620322
1.15199741277383e-07,2.3975319697865
-8.7468770937443e-08,2.42826956071656
-3.65971729073374e-07,2.45900715192855
-7.05686541170938e-07,2.4897447427349
-1.07538079581569e-06,2.52048233085144
-1.4256779010096e-06,2.55121991431288
-1.68977472371825e-06,2.58195748749731
-1.78701814799821e-06,2.61269507302665
-1.62970289728605e-06,2.6434326506468
-1.13308526188796e-06,2.67417022631605
-2.281601136937e-07,2.7049078050976
1.12375391524809e-06,2.73564538057297
2.91606992675239e-06,2.76638295017894
5.08350886068079e-06,2.79712052151134
7.4923984856997e-06,2.82785809315153
9.93704689746623e-06,2.85859565926508
1.21444818947533e-05,2.88933322290936
1.37895445622071e-05,2.92007078301786
1.12779374438734e-05,2.95080834842087
1.29862928443128e-05,2.9815459010697
1.35281133458653e-05,3.01228346848504
1.25876186166517e-05,3.04302102045109
9.94609033971262e-06,3.07375856436108
5.54027980208889e-06,3.10449611014345
-4.74447177876182e-07,3.13523363780654
-7.66159761359679e-06,3.1659711563522
-1.52437222399611e-05,3.19670867671444
-2.20379144817998e-05,3.22744619712337
-2.63709561346185e-05,3.25818370686127
-2.59560538830091e-05,3.28892121784269
-1.77159138194307e-05,3.31965873912636
2.45469907963458e-06,3.35039625437988
3.9983533470803e-05,3.38113377193807
0.00010195677642974,3.41187129407478
0.000197467881614823,3.44260880549937
0.000337971037127881,3.47334631540563
0.000537697169808009,3.50408381670274
0.000814218475362761,3.5348213231943
0.00118922790948109,3.56555881383764
0.0016895881730603,3.59629628323963
0.00234867280223777,3.62703374452948
0.00320797999032893,3.65777120511989
0.00431901528249773,3.68850865706991
0.00574547100343734,3.71924610106813
0.00756571666842942,3.74998354040477
0.00987558516028361,3.78072098656354
0.0127914992423719,3.81145842677026
0.016454006818459,3.84219586171327
0.0210315419266445,3.87293329706268
0.026723797084641,3.9036707370233
0.0337641923058297,3.93440816719226
0.042421407191643,3.96514560371005
0.0529999407670484,3.99588304831077
0.0658389966707795,4.02662050409344
0.0813091374618847,4.05735795040541
0.0675778817409398,4.08809539033821
0.0844086224508546,4.11883281807964
0.104740583514898,4.1495702606267
0.128951546699382,4.1803076977258
0.107398254346128,4.21104513619484
0.132983495880412,4.24178256785715
0.163002877105891,4.27252000785565
0.197843927457346,4.3032574391438
0.237854631543171,4.33399486287667
0.283355506669633,4.36473227696953
0.334647155846911,4.39546968515994
0.392013419711473,4.42620709166556
0.455722933552176,4.45694449458504
0.526031730593409,4.48768189200899
0.603187570518314,4.51841929729648
0.687435059422201,4.54915671493581
0.779019865341467,4.57989412228269
0.878190189924159,4.6106315150657
0.985195102759748,4.64136890945941
1.10028029950614,4.67210632805238
1.22368217095984,4.70284377881087
1.35562178272981,4.73358122189875
1.49629871247995,4.7643186639334
1.36821494279568,4.79505611021378
1.51654606518243,4.82579352406475
1.68197007682006,4.85653091730317
1.86186644558323,4.88726832750428
2.05390703893416,4.91800576055558
2.25614359588058,4.94874319376102
2.46697544864367,4.97948061048721
2.68519104931857,5.0102180142121
2.90994554528451,5.04095540926067
2.69906994036971,5.07169279709463
2.92806664873032,5.10243023073642
3.1699107842932,5.13316761216989
3.42160697004749,5.16390499517878
3.68079912950281,5.19464238407493
3.94585442619381,5.2253797787879
4.21566777009797,5.25611718336444
4.48948167933072,5.28685459581634
4.22340425389399,5.31759200722771
4.49778952439457,5.34832953962238
4.77775707285653,5.37906691398065
4.50624562537574,5.40980427953462
4.78728908678619,5.44054178572839
5.07472680945017,5.47127911470866
5.36714286023135,5.50201643153545
5.66352762444695,5.53275373637413
5.96307685878388,5.56349102731873
6.26511067910015,5.59422830231289
6.56903463051999,5.62496556273586
6.87431536184301,5.65570280646515
7.18045967071126,5.68644002839485
7.48699046234461,5.71717722727103
7.79344673416548,5.74791440486894
8.099402016233,5.77865156295748
8.40445822741084,5.80938869741059
8.70823253760697,5.84012580793596
8.40765751090914,5.87086298187972
8.7107844461052,5.90160012811291
9.01496017122769,5.93233717469027
9.31912522671113,5.96307417623978
9.62233655977222,5.99381112670952
9.92375455750999,6.02454803102014
10.2226777799214,6.055284895505
10.5185478038186,6.08602172103042
10.8109267333826,6.11675850716468
11.0994806787745,6.14749526089438
11.3839662291368,6.17823198813619
11.6642069998472,6.20896869333618
11.9400689863689,6.23970537439085
12.2114791121807,6.27044202190333
12.4784724767235,6.30117863801807
12.7412453847546,6.33191522407779
13.0001638232675,6.36265176261841
13.2557120986835,6.39338825124527
13.5084340378948,6.42412469157959
13.758888363185,6.45486108561683
14.0076214502906,6.48559743570633
14.2551589175307,6.5163337445356
14.5019983847574,6.5470700151142
14.7486039123128,6.57780625076709
14.9953915388053,6.60854245514309
15.2427123727877,6.63927861886633
15.4908609265744,6.67001472460689
15.7400962137263,6.70075077855214
15.9906539531348,6.73148678771366
16.2427492010009,6.76222275953212
16.4965719644349,6.79295870156653
16.7522822772537,6.82369462125548
17.0100090525435,6.85443052574752
17.2698569912164,6.88516642179027
17.5318997237877,6.9159023156662
17.7961426116174,6.94663821316514
18.0625177402401,6.97737411958736
18.3309155192993,7.0081100397705
18.6012123004621,7.03884597479865
18.8732867333759,7.06958188437199
19.1470278872546,7.10031777302674
19.4223392641041,7.13105364597014
19.699141336473,7.16178950908223
19.9773729844704,7.19252531329888
20.2569894267073,7.22326103887474
20.537957919813,7.2539966820067
20.5178282693177,7.2847322351707
20.8000264110545,7.31546787953897
21.0834110197611,7.34620349752746
21.3680513524638,7.37693904228253
21.6539149651724,7.40767450786883
21.9409659510464,7.43840990040564
22.2291735711768,7.46914522406709
21.9466768299744,7.4998804790282
22.2349502150891,7.53061566991412
22.5271525923296,7.56135080197163
22.2419129824302,7.59208585914704
22.5351967579671,7.62282082749173
22.833789458004,7.65355576364246
22.5426771200128,7.684290599339
22.842604548049,7.71502538302626
22.5515081727831,7.74576005356109
22.8535282192318,7.77649471994182
23.1629941936362,7.80722906035903
22.861808992482,7.83796339618456
23.173102847521,7.86869804231616
23.4910224913009,7.89943220594265
23.8133175016832,7.93016645249653
23.4987825922928,7.96090088319137
23.8218832399148,7.99163529911593
24.1498456682648,8.02236968310293
23.82958765478,8.05310382919144
24.1582876156869,8.08383778947172
24.4918335518618,8.11457175414194
24.1658340669465,8.14530556479718
24.5002372554297,8.17603926905338
24.1743066476564,8.20677295801158
23.8569139957079,8.23750658481204
24.1873036706983,8.26824044431307
23.8671254131226,8.2989741382689
24.2011758325889,8.32970783272346
24.5451798516305,8.36044157295065
24.2106314515033,8.39117543853174
24.5573171020312,8.4219093265845
24.2204578924104,8.45264317754294
24.5700818824277,8.48337698135846
24.9280975376207,8.51411065131681
25.2914840197661,8.54484423074052
24.9365988238863,8.57557782646275
24.5903997802948,8.60631196109603
24.9494033884575,8.63704594043999
24.600902195491,8.66777968453643
24.2624194916778,8.69851372196249
24.6164006183347,8.72924777750405
24.2743195352779,8.75998161133651
24.632571202948,8.79071579298851
25.0032383397781,8.8214497706829
24.6431483707208,8.8521837926865
25.0168215889218,8.88291907821044
24.6544697379893,8.91365319201364
24.3028045889365,8.94438873812093
24.6704534281893,8.9751244120936
24.3155122855958,9.00585832677697
24.6874991436301,9.03659411968895
25.0729180367434,9.06732807103085
24.6990445814937,9.0980620029681
25.0875877944382,9.12879850500678
25.4868661758583,9.15953268253415
25.0977965276264,9.19026701871374
25.4996367865251,9.22100493226744
25.1085508423707,9.25173973562323
24.7274936748304,9.28247791472909
25.1231635820333,9.31321605902911
24.739654788221,9.34395110587865
25.1385614985568,9.37468929213388
25.5498117951733,9.40542422926655
25.1510836901767,9.43615912389418
24.7635955251073,9.46689743693114
25.1675333107956,9.49763566640616
25.585223444884,9.52836998911645
26.0134190373137,9.55910425613311
25.5958331293183,9.58983854230508
25.1883732234178,9.62057724559101
25.6109311820333,9.65131584282013
25.2005966537734,9.68204983562311
24.8015561846024,9.71278854159876
25.2170307904161,9.74352713716926
24.8150171284896,9.77426112865119
25.2347180780744,9.80499987686715
24.8284427145297,9.8357343639582
25.2525500573859,9.86647291344097
24.8421172800528,9.89720705801696
24.4440995266075,9.9279453890301
24.8613967401566,9.95868356286814
24.4589872675689,9.98941668651274
24.882252135259,10.0201546909603
24.4738429417312,10.0508868607844
24.0787122816525,10.0816247935226
24.4950713838936,10.1123626353845
24.0946868606745,10.1430943731286
24.5178594068048,10.1738321633463
24.1105348352269,10.2045642642447
24.5402907781961,10.2353020277743
24.9889510947788,10.2660351415993
24.5549864979003,10.2967680023073
24.1340638818247,10.3275057718642
24.5755518490836,10.3582435097371
24.149780281793,10.3889742184563
24.5968460787832,10.4197119353917
25.0616041336229,10.4504412939186
24.6109310176576,10.4811700994314
25.079917619991,10.511907812809
24.6249375957348,10.5426356160275
25.0976381064675,10.5733733068918
25.5845119613073,10.6041007441815
25.1111990805531,10.6348275906044
24.649688196624,10.6655652658334
25.1284557002684,10.6963029503589
25.6220182261113,10.7270321420172
26.1279291753846,10.7577609726551
25.6336970336927,10.7884892450044
25.1497796968352,10.819226907715
25.6494436456977,10.8499645728257
25.1625811561012,10.8806877069056
25.6653245410289,10.9114253653644
26.1806219051556,10.9421463935382
25.6770243388776,10.9728663876821
25.1839686868748,11.0036040421793
25.6929130553677,11.0343417037613
25.1969919654771,11.0650608817069
24.7128408327558,11.0957985435194
25.2139807120404,11.1265362111464
24.727219993843,11.1572575652806
25.232104308208,11.1879952315984
25.752319389347,11.2187179924364
25.2452514198739,11.2494397856608
24.7499736724844,11.2801774509742
25.2629499273176,11.3109151226049
24.7643521272208,11.3416303220988
24.2788167995697,11.3723679940697
24.7833798760803,11.4031056678619
24.294648671803,11.4338204579951
24.8036902003222,11.4645581312633
25.3303765033235,11.4952723515416
24.8182005336212,11.5259860734829
24.3188563331758,11.556723748544
24.8379433708994,11.5874614226482
24.3346716844102,11.6181780301205
23.8454677832365,11.6489157054362
24.3555791404444,11.6796533713562
23.8625452097583,11.7103644857525
24.377797938109,11.741102157327
24.9125953694729,11.7718118372478
24.3936231628829,11.8025206833279
23.8884399379833,11.8332583615512
24.4151017862873,11.8639960331167
23.9054863967399,11.8947131461799
24.4373777121588,11.9254508194242
24.9882028298939,11.9561699917788
24.4530165931852,11.9868877313018
23.9316101035147,12.0176254124039
24.4745589202314,12.0483630838019
23.9484926961613,12.0790822596841
23.437173182419,12.1098199329047
23.9707360448773,12.1405575910124
23.45544767637,12.1712817334651
23.9942026895706,12.2020194010268
24.5532771705743,12.2327503432524
25.1307427727706,12.2634798112557
25.7233097784115,12.2942085741476
25.1440150575129,12.3249355257739
24.5764766262609,12.3556731941584
25.1625107977021,12.386410872708
24.5916802704769,12.4171436058251
25.1810546366993,12.4478812899803
25.7852280864328,12.4786094402375
25.1948385833409,12.5093378677101
24.6162667921785,12.5400755390075
25.2131112687329,12.5708132204334
24.6313669379855,12.6015365276826
24.0627881644161,12.6322742098606
24.6506451086076,12.6630118904145
24.0794472859419,12.6937369817513
24.6710227356767,12.7244746640112
25.2794722759404,12.7552060345056
24.6863479820249,12.785936131258
24.1064014633424,12.8166738105992
24.7066022189984,12.8474114895451
24.1233745101637,12.8781491705875
23.5545686062712,12.908886849137
24.1445009358198,12.9396245294456
23.5730091616912,12.9703622149561
24.1666523477273,13.0010998947476
23.5914825037582,13.0318375198227
23.0318564628003,13.0625751969464
23.6143656848245,13.0933128782853
23.05161420009,13.1240505639951
23.6385297595478,13.1547882436855
23.0715786390085,13.1855258608952
23.6634158048715,13.2162635377779
24.276331373182,13.2470011551746
23.682223755003,13.2777387809498
23.1035899644351,13.3084764506548
23.7062355788721,13.3392141239158
23.1234830379555,13.369951805727
23.7306626650176,13.4006894789494
24.3583178912586,13.4314271576475
23.7493347508921,13.4621648289673
23.1558012322067,13.4929024977894
23.7730574947681,13.5236401684059
23.1757595186195,13.5543778442039
23.79715002061,13.5851155158142
24.4385217512289,13.6158531890523
23.815774505795,13.6465908598993
23.2084828172727,13.6773285308849
23.8393701364294,13.7080662019244
23.2284415556611,13.738803874021
23.8632834737932,13.7695415469922
24.517828315767,13.8002792191187
23.8818732160571,13.8310168936738
23.2613162839725,13.8617545700557
23.9054719899269,13.8924922455398
23.2813614566957,13.9232299176916
23.0362536281799,13.9539675942581
23.6680922875016,13.9847052677706
23.0536968364007,14.0154429382017
23.689086761124,14.0461806058023
23.0716568947307,14.0769182750113
23.7106107448142,14.1076559480065
24.367003196511,14.13839362063
23.7273478467873,14.1691312987603
23.1021031439711,14.199868966728
23.7489031658524,14.2306066475413
23.1210658397046,14.2613443219357
23.7714199597166,14.292082004535
24.4398252127067,14.3228196798603
23.7889716941638,14.3535573641453
23.1529142048636,14.3842950327116
23.8115623436257,14.4150327164207
23.172229718935,14.4457703938301
23.8345549354124,14.4765080789436
24.5153042219809,14.5072457582226
23.8523456074294,14.5379834435754
23.2041854967526,14.568721113949
23.875047786683,14.5994587977984
23.2236981302347,14.6301964768548
23.8982717919594,14.6609341620134
24.5913315977728,14.6916718426601
23.9160779247992,14.7224095281091
23.2555697051141,14.7531471996771
23.939020301732,14.7838848825793
23.275117291878,14.8146225617396
23.962379785935,14.8453602461676
24.6680902576319,14.8760979262674
23.9800923133334,14.9068355569814
23.3067597481812,14.9375732286047
24.0030018148858,14.9683109104687
23.3261350972761,14.9990485385978
22.6649730408623,15.0297862223379
23.3497096918507,15.0605239028684
22.6859382000605,15.0912614991532
23.3740660144801,15.1219991810738
22.7070833520255,15.1527368474158
23.3989955950687,15.1834745312412
24.1108671815804,15.2142121366024
23.418438677604,15.2449497474335
22.7419898914991,15.2756874230691
23.4426408501314,15.306425107301
22.763239134966,15.3371626981468
23.4677326326447,15.3679003837596
24.1922417775583,15.3986380346401
23.4869807558257,15.4293757201136
24.2163047542408,15.4601133937306
23.5060751855488,15.4908510756681
24.2397140982063,15.5215887526984
23.5253689665728,15.5523264328275
23.9402677297695,15.5830641132577
24.6760950256647,15.6138017932253
23.9547832469133,15.644539456643
24.6936255056761,15.6752771237854
23.9707398588543,15.7060147131792
24.712187508294,15.7367523837653
25.465237580093,15.7674899696236
24.7262115638709,15.798227556387
23.9992146560639,15.8289652246078
24.7451387348526,15.8597028484887
24.0160088399983,15.890440466566
24.7645608051706,15.9211781436354
25.525706010669,15.9519157250928
24.7791411045529,15.9826533258376
24.044749032786,16.0133909980074
24.7987321078759,16.0441286789894
24.0618415020224,16.0748662711138
24.8187636610507,16.1056039512456
25.5885976819695,16.1363415328597
24.8332886523125,16.1670791377225
25.6054135310666,16.1978167530925
24.8479222652319,16.2285543638298
25.6223347152641,16.259292040075
24.8628901721709,16.2900296006676
24.1147894042338,16.3207672789741
24.8820565049731,16.3515049589916
24.1316851729924,16.3822425258346
24.901921425023,16.4129802052215
24.1488457479315,16.4437178049123
24.9220549313618,16.4744554844113
25.7077940084605,16.5051930900268
24.9365712667874,16.5359307190047
24.1775472937595,16.5666683953047
24.9558143853924,16.5974060539174
24.194721475478,16.6281436679239
24.9756156762034,16.6588813511875
25.7687164060701,16.6896189524833
24.9901178707631,16.7203565644549
24.2238458931987,16.7510942412579
25.0094643893183,16.781831889688
24.2411380387522,16.8125694642603
25.0292339779286,16.8433071478188
25.8294334463555,16.8740447237274
25.0435133428049,16.9047823144636
25.8455776847375,16.9355199916712
25.0578401469117,16.9662576111575
25.8616423627487,16.996995290711
25.0724403455701,17.0277329165148
24.2953830614721,17.0584705975808
25.0913818818325,17.0892082827587
24.3124700953905,17.1199459004711
25.1108939894639,17.1506835845919
24.3298904346061,17.1814212007719
25.1306791848718,17.2121588846262
25.9432486189424,17.2428965007124
25.1456255185617,17.2736341003647
24.3598379184693,17.3043717778619
25.164610437867,17.3351094617587
24.3772027933275,17.3658470638942
25.1843911117764,17.3965847473777
26.0033677871543,17.427322344228
25.1987469043965,17.4580599478642
24.4065217778229,17.4887976258918
25.2179892349462,17.5195353089501
24.4239549559467,17.5502729042363
25.2377004171675,17.5810105871534
26.0630430421732,17.6117482679465
25.2517664647462,17.6424858709964
26.0786645394606,17.6732235494234
25.2659227877719,17.7039612125446
26.0943044512139,17.7346988930273
25.2803225419957,17.7654365697495
24.4784860667491,17.796174251513
25.2989862320348,17.8269118910309
24.4957151427647,17.8576495645713
25.31833395759,17.8883872476409
24.5132336766601,17.9191249237512
25.3379576708193,17.9498626065625
26.173848781177,17.9806002846381
25.3522318176898,18.0113379594315
24.542922838379,18.0420756393136
25.3712752193911,18.0728133218514
24.5603740599171,18.1035509978354
25.3907848070402,18.1342886807458
26.2322374229703,18.1650263577758
25.4046746846809,18.1957639773759
26.2474044243701,18.2265016579177
25.4186969285305,18.2572393333411
26.2627094699059,18.2879770154273
25.432712341825,18.3187146918555
24.6148565761287,18.3494523747598
25.4512556452175,18.3801900576316
24.6320296126906,18.4109277280676
25.4703151626943,18.4416654111886
24.6494528138764,18.4724030837085
25.4723073664586,18.503140766703
26.2961980529611,18.533878440631
25.4789723031887,18.5646160949245
26.3025476855775,18.595353771729
25.4865134601298,18.6260914360309
26.3102003804495,18.6568291155021
27.1347899405074,18.6875667827625
26.316255944674,18.7183044490675
27.1394012054754,18.7490421190826
27.9613753194613,18.7797797895969
27.1428089805289,18.8105174505705
27.9622841805655,18.8412551066542
27.1466352864722,18.8719927728104
27.9641737628158,18.9027304354814
28.7794244230081,18.9334681058454
27.9662510964607,18.9642057523978
28.7787685433022,18.9949434100291
29.5874203025893,19.025681058531
28.7792083155424,19.0564186911913
29.584257417841,19.0871563459433
30.3837322600712,19.1178939858162
29.5841439688124,19.1486316186581
28.7859214990304,19.1793692760681
29.5830179470009,19.2101069491423
28.7867201322942,19.2408446066778
29.5827023552408,19.2715822813218
30.3752358034028,19.3023199400767
29.5820295441406,19.3330575747781
30.3712444483374,19.3637952370342
31.1553479908867,19.3945328772005
30.3699423354801,19.4252705147318
31.1496506375216,19.4560081780084
30.3684180512386,19.4867458209975
31.1451943764332,19.5174834903308
31.9164338803554,19.5482211385749
31.1447206000608,19.5789587794287
30.37315878695,19.6096964499984
31.1424829455542,19.640434127122
30.3727393008009,19.6711717883617
29.606178152796,19.7019094663838
30.3749158838889,19.7326471422146
29.6090546822117,19.7633848143782
30.3779533165317,19.7941224899983
31.1472534734812,19.8248601623025
30.3774932826842,19.8555978189464
31.1463517137858,19.8863354937155
30.3777435458657,19.9170731513773
31.146082320195,19.947810829094
31.9112575328915,19.9785484861072
31.1452606868713,20.0092861345676
30.3809873398901,20.0400238082004
31.1462250050805,20.0707614882091
31.9091397810809,20.1014991475799
32.6658691486278,20.1322367988707
31.9083027254707,20.1629744384697
31.1507882818485,20.1937121030581
31.9068299683396,20.2244497814947
31.1508765182913,20.2551874397857
30.3980717595486,20.2859251192773
31.1544647650163,20.3166627985328
30.401598890477,20.3474004639529
29.6546317634587,20.3781381440428
30.4089705838749,20.4088758229147
29.6619785647095,20.4396134896235
30.4169641381411,20.4703511691627
31.1749848629276,20.5010888371488
30.4210588189284,20.5318264955891
29.6733971774584,20.5625641747996
30.4292077759625,20.5933018598818
29.6812590339761,20.6240395282767
28.9425448288215,20.6547772136941
29.6931463595551,20.6855148978701
28.9545702063256,20.7162525617337
29.7058631847815,20.7469902481854
30.4639156950907,20.7777279130006
29.7145300257241,20.8084655780197
28.9747580292502,20.8392032583649
29.7273204369336,20.8699409465574
28.9873431781773,20.9006786116145
29.7407384892873,20.931416298528
30.5010409412775,20.9621539648648
29.7493565594196,20.9928916136948
30.5103440673862,21.0236292914148
29.7579596156664,21.0543669425213
30.5195517439872,21.0851046220595
31.2841513443962,21.1158422750503
30.5243376812196,21.146579916297
29.7709319275376,21.177317596192
30.5331035562292,21.2080552778157
29.7795459743842,21.2387929345849
30.5421413764195,21.2695306163058
31.3077526727,21.3002682736708
30.5480716338273,21.3310059173198
29.7951980958344,21.3617435984679
30.5575989710437,21.3924812808031
29.8043674764719,21.4232189398449
30.5674656475497,21.4539566217375
31.334040788232,21.4846942813592
30.5725962009659,21.5154319177673
31.3393255796451,21.5461695881353
30.577735819598,21.5769072286246
31.3445421095167,21.607644902894
32.1110419191285,21.6383825470402
31.3465027320467,21.6691201829964
30.5858009894188,21.6998578378512
31.3513576074931,21.7305955173146
30.591164481637,21.7613331689818
31.3566800457596,21.7920708492178
32.1221669186306,21.8228085029129
31.3589950521293,21.853546145157
30.5999836598205,21.8842838044665
31.3642421984693,21.9150214836019
30.6058067817057,21.945759143567
31.3700174697815,21.976496823059
30.6114957853995,22.0072344831326
31.3757652324122,22.0379721626092
30.6169763274566,22.0687098227731
31.3812381834567,22.099447502519
30.6230814269729,22.1301851632109
29.8716826266518,22.1609228426303
30.6324759852191,22.1916605167225
29.881267507075,22.2223981826877
30.6421999524928,22.2531358585625
29.8912559182104,22.2838735220654
30.6523955362642,22.3146111984959
29.9014601008056,22.3453488575711
30.6629282635567,22.3760865355716
31.4283420615017,22.406824195436
30.6686457001451,22.4375618461295
31.4339038058519,22.4682995071324
30.674576710082,22.4990371606324
31.4396727746968,22.5297748258798
30.680672209828,22.5605124808137
31.4456162667566,22.5912501485248
30.6868952913175,22.6219878046632
31.4516777719375,22.6527254663179
30.6932889200325,22.6834631248381
31.4578586941732,22.7142007893801
32.2230163622364,22.7449384495136
31.460948978583,22.7756760952319
32.2253287138537,22.8064137411625
32.9872393403856,22.8371513925373
32.2259909512403,22.8678890296569
32.9860852119899,22.8986266703911
33.7409127387348,22.9293643101528
32.9856633146862,22.9601019360536
32.2307407955076,22.990839578481
32.985237949165,23.0215772315309
32.2317617484884,23.0523148772951
32.9852435604822,23.0830525338472
33.7347860165921,23.113790183332
32.9847414533603,23.1445278164809
32.2360440411513,23.1752654639524
32.9858341180645,23.206003121858
32.2381991249306,23.2367407695353
31.7086189971623,23.2674784302504
32.4473684430061,23.2982160775274
31.7132913615652,23.3289537094679
32.4501849718143,23.359691355594
31.7181032265486,23.3904289865584
32.4539047483461,23.4211666361493
33.1885650634379,23.4519042534112
32.4569530290828,23.4826418629843
31.7287645303381,23.5133795036842
32.4612901422148,23.544117153939
31.7340850030704,23.5748547834364
32.4661898212613,23.6055924375164
31.7391992515103,23.6363300716825
32.4709928432238,23.6670677264705
31.7448887280982,23.697805362121
32.4764646160171,23.7285430191858
33.2083141964893,23.759280656444
32.4788811267872,23.790018278764
33.2097154972419,23.8207559269362
32.4815636040275,23.8514935486695
33.2115018843309,23.8822312010735
32.4845100267831,23.9129688153228
33.213550858785,23.9437064649577
33.9403899869623,23.9744440832995
33.2148472619603,24.0051816918693
33.9399296054916,24.0359193423532
34.6604793322745,24.0666569524067
33.9401720664166,24.0973945600204
34.657431878899,24.1281322155444
35.3680033189368,24.1588698251942
34.6572440042732,24.1896074332803
33.945563636776,24.2203450943414
34.6552972897133,24.2510827055595
33.94525044722,24.2818203370317
34.6538888785918,24.3125580006351
35.3577162361113,24.3432956281003
34.6517399269734,24.3740332469478
35.3528376162971,24.4047709072629
34.6500388181079,24.4355085319833
33.9472906698952,24.4662461949556
34.6492615897818,24.4969838605673
33.9474884756862,24.5277214909489
34.6487262214092,24.5584591561725
35.346245514115,24.5891967835215
34.647491502981,24.6199344012105
33.949122833234,24.6506720601294
34.6475023737786,24.6814096843746
35.3427814146214,24.7121473121866
34.6463636407135,24.7428849300679
33.9504510858526,24.7736225913381
34.6467503683073,24.8043602576359
33.9513513892081,24.8350978838924
34.6471564953816,24.8658355507146
33.9527892121787,24.8965731738844
33.2617959077668,24.9273108396835
33.9565666877428,24.9580485133719
33.2662780767545,24.9887861555436
33.9606731910337,25.0195238288237
33.271318124132,25.0502614654573
32.5881293458533,25.0809991362556
33.2787477422321,25.1117368139447
32.5963950831391,25.1424744634086
33.2865198352467,25.1732121400215
32.6051418409345,25.2039497884049
33.2948889435982,25.2346874635779
32.6142669901273,25.265425111138
33.3036256109357,25.2961627806747
33.9965355996536,25.3269004269672
33.3090570373185,25.3576380503413
34.0017090142801,25.3883757091545
34.6950860882048,25.4191133283927
34.0036195234941,25.4498509349538
34.6966154141993,25.4805885951218
35.3874269442625,25.511326203225
34.6966644155425,25.5420638073468
34.0070961570705,25.5728014725916
34.6983297673479,25.6035390267203
34.0093242384343,25.6342766390759
34.7001814550979,25.6650143066636
35.3891682027993,25.6957519132725
34.6994339320095,25.7264895124937
35.3874069781948,25.7572271790353
36.0707672439591,25.787964780584
36.7467055188624,25.8187023814758
36.0699867658589,25.8494399896938
35.3917577764663,25.8801776613948
36.0675351239986,25.9109153362569
36.7378316010765,25.9416529574306
37.399628956226,25.9723905729309
36.7370467113751,26.0031281926677
36.0728369884087,26.0338658677724
35.4081081666176,26.0646035468097
36.0726791942643,26.0953412232861
35.4085273113648,26.1260788644713
34.7464542996092,26.1568165396321
35.4112310434951,26.1875542218165
34.7498839243691,26.2182918704917
34.0933221582675,26.2490295513344
34.7558147540155,26.279767239743
35.4200834828577,26.3105048854627
34.7594895755934,26.3412425228723
34.1039070303389,26.3719802000368
34.7656990213031,26.4027178785523
34.1109792745199,26.433455526574
33.4639572214803,26.4641932055098
34.1205932941483,26.4949308935701
33.474318442635,26.5256685323195
34.1306835842141,26.5564062189568
34.7919936496975,26.587143864103
34.1383820738138,26.6178814969155
33.4929213697535,26.6486191696587
34.1486994411902,26.6793568433616
33.5041644702402,26.7100944868833
32.8695326500804,26.7408321618866
33.5176051586713,26.7715698463015
32.8829320713538,26.8023074791063
33.5312545782895,26.8330451620198
32.8966627850037,26.8637827965361
33.5452424188519,26.8945204787704
34.2017994135761,26.925258113317
33.5562895121925,26.9559957360069
34.212700737463,26.9867334085208
34.8743346384402,27.0174710383955
34.2199248679598,27.0482086480216
34.8813953804312,27.0789463216276
35.5450754102744,27.1096839266188
34.8852503768115,27.1404215224608
34.2301455481001,27.1711592004264
34.8915127784357,27.2018968775036
34.2372633767649,27.2326344817207
33.5906063963846,27.2633721595137
34.2469292710291,27.2941098398701
34.9077981828938,27.3248474629703
34.2542800047943,27.3555850674121
33.6083904705133,27.3863227443166
34.2642108636959,27.4170604241921
33.6191227848799,27.4477980475524
34.2747053096786,27.4785357270451
34.9351904491286,27.5092733458887
34.2820983771898,27.5400109493654
34.9425396733248,27.5707486259179
35.6052204434636,27.6014862257601
34.9469264473386,27.6322238226613
34.293502490033,27.6629615003822
34.9539022772778,27.693699177996
34.3008926286153,27.7244367800894
33.655404701864,27.7551744579453
34.3109229544717,27.7859121358771
33.6659400519596,27.8166497559788
34.3212696604098,27.8473874337511
34.9814589492377,27.8781250459357
34.3290542462438,27.9088626466674
33.6844532990974,27.939600320535
34.3395645756473,27.9703379944296
33.6956041930197,28.001075606205
33.0619312632273,28.0318132816203
33.7093758702412,28.0625509584148
33.0757114212562,28.0932885970581
33.7233775480396,28.1240262749445
33.0898928581047,28.1547639144973
32.4678696219982,28.1855015919216
33.1062310689975,28.216239278487
32.4831533109214,28.246976912408
33.1224379127862,28.277714597302
32.4985240248907,28.3084522343239
33.1386733708541,28.3391899189055
32.5137524333677,28.3699275551098
33.1547661423313,28.4006652361521
32.5291140145316,28.4314028730999
33.1708808444067,28.4621405541412
33.8225775909581,28.4928781894576
33.1840576677412,28.5236158025412
33.8359418783802,28.5543534766813
33.1977694168408,28.585091084638
32.5708766998003,28.6158287610769
33.2138595851738,28.6465664409623
32.5862093760994,28.6773040715786
33.2299480589376,28.7080417514704
32.601282070993,28.7387793744211
33.2457442108857,28.76951705164
32.6167620183175,28.800254673215
31.9997523906221,28.8309923513723
32.6342198439341,28.8617300343471
32.0158683894305,28.8924676729587
32.6514990857458,28.9232053551532
32.0320403044303,28.9539429937006
32.6687827000136,28.9846806755547
32.0483059017346,29.0154183142464
32.6861833450113,29.0461559939519
33.3353464313287,29.0768936299561
32.7006360369969,29.1076312398153
33.3503100387335,29.1383688364156
32.7155675600086,29.1691064443296
32.0926428269016,29.1998441222363
32.7327341814615,29.2305818024032
32.108723156541,29.2613194311623
32.7498502623158,29.2920571111841
32.1250316743842,29.3227947358113
32.7673803118279,29.3535324143331
33.420550890884,29.38427003049
32.7810715075202,29.4150076291011
33.4347630944544,29.4457453060047
32.7948173271184,29.4764829083475
33.4487712512609,29.507220587213
32.8086964057204,29.5379581921197
33.4628008799605,29.5686958715133
32.8226137971485,29.5994334730004
33.4769234270984,29.6301711519396
34.1388864277374,29.6609087548336
33.487177387616,29.6916463488553
34.1492842390189,29.722384029488
33.4979584263659,29.7531216249296
32.8562407038025,29.7838593066967
33.5113342674552,29.8145969886841
32.8695123399284,29.8453345973819
33.5246267086129,29.8760722788471
32.8830917159035,29.9068098873138
33.5383455264164,29.9375475685198
34.2007824556122,29.9682851717912
33.5482891017005,29.9990227674379
34.2107818250854,30.0297604473439
34.8776534189599,30.0604980464597
34.2180261829881,30.091235645144
33.5650177571118,30.1219733288644
34.2277178705413,30.1527109744119
33.5748548618267,30.1834485806018
34.2375586271261,30.21418626258
34.904445187072,30.2449238678758
34.2435246318374,30.2756614675966
34.910411920108,30.3063991504389
34.2501937638931,30.3371367539287
33.5962474373732,30.3678744378394
34.2591413180602,30.3986121216514
33.6055857965494,30.429349736278
34.2684207611322,30.4600874194965
34.9351211055728,30.4908250307615
34.2814732297971,30.5215626341717
34.9476771594428,30.5523002466836
34.2879234100764,30.5830378559494
33.6340825521387,30.613775539813
34.2964196411368,30.6445132276676
33.6428185050859,30.6752508407471
34.3049142755113,30.7059885283926
33.6520699569051,30.7367261476338
33.0077037431246,30.7674638350263
33.6636493156216,30.79820143885
33.0195648223056,30.8289390649424
33.6753493896563,30.8596767514667
33.0317885803724,30.8904143766936
33.6874209933145,30.9211520631536
34.3492184174489,30.9518896821066
35.0149556652761,30.9826272834971
35.6822349062284,31.0133648943883
35.0184851407056,31.0441025090016
35.6851645232606,31.0748401997521
35.0215745094394,31.1055778232119
35.6876251720207,31.1363155154135
36.352249993944,31.167053143612
35.6887335140294,31.1977907715276
36.3518802560736,31.2285284617288
37.0112831923626,31.2592660980877
36.3519990516575,31.2900037306388
37.0087536575903,31.3207414198751
37.6598556227436,31.3514790623018
37.0089255916715,31.3822166967352
36.3568529820741,31.4129543865644
37.0075065357608,31.4436920799343
36.3571648287605,31.4744297116643
35.707761766793,31.5051674090792
36.3588393329322,31.5359051045563
35.7102770618894,31.5666427384652
35.0648740757446,31.5973804331275
35.7147224531328,31.6281181276266
35.0700029003324,31.6588557577713
34.4307033606087,31.6895934516761
35.077224453464,31.7203311484975
34.4385410468925,31.7510687787766
35.0849622545988,31.7818064747155
35.7344579222923,31.8125441164144
35.0896652869678,31.8432817491755
35.7390551466058,31.8740194409688
36.3891656174904,31.9047570712588
35.7418883647654,31.935494690194
35.0976225277707,31.9662323839704
35.7466686977581,31.9969700776266
36.3965052067188,32.0277077025915
35.7485371746523,32.0584453162333
36.3981880863723,32.0891830107674
37.0461354567735,32.1199206233364
36.3979529503081,32.1506582305792
37.0450088257868,32.181395926974
37.6880522522055,32.2121335360038
37.0446468271313,32.2428711471069
36.400466169244,32.2736088437967
37.0443329380657,32.3043465412827
36.401212381042,32.3350841596377
35.759500604065,32.3658218567322
36.403570964496,32.3965595531362
35.7618091105028,32.4272971756848
36.4056572206316,32.458034871549
37.0483326827069,32.4887724926771
36.4066106088595,32.519510103306
35.766123449164,32.550247799258
36.4091021100326,32.580985495639
35.7688278710641,32.6117231145899
35.1319374870998,32.6424608107261
35.773445459331,32.673198508309
35.1369426198437,32.7039361212755
35.7781348804065,32.7346738184507
36.4203887187748,32.7654114374369
35.780586433895,32.7961490508335
36.4226019172421,32.8268867465324
37.063547900252,32.8576243555357
36.4236790053039,32.8883619568328
35.7851006841053,32.919099653331
36.4262719060843,32.9498373499666
35.7881120487162,32.980574963129
35.1533874152153,33.0113126595939
35.7929265908804,33.0420503570294
35.1588986491373,33.0727879778267
34.5305487083267,33.1035256747228
35.1663649596929,33.1342633729202
34.538623757425,33.1650009958352
35.1741029074327,33.195738693329
35.8129951091936,33.2264763225717
35.1795054035265,33.2572139468261
35.8183259103015,33.2879516422355
35.1855592908578,33.3186892624172
34.5586225369382,33.3494269585059
35.1936004409849,33.3801646556838
34.5672646951223,33.4109022908306
35.2020099865452,33.4416399875352
35.8404400619587,33.4723776200381
35.2075675136885,33.503115228311
35.8459275873536,33.5338529240877
35.2132821784274,33.564590532084
35.8514484022333,33.5953282283808
36.4909575847031,33.6260658316527
35.8540359830348,33.6568034243335
36.4934617221342,33.6875410542323
35.8574801384141,33.7182786491567
35.2249992452613,33.7490163468854
35.8627906385144,33.7797540440892
35.2308199360995,33.8104916440723
35.868549232224,33.8412293409473
36.5076060890061,33.8719669429471
35.8711195229034,33.9027045346694
36.5101829500716,33.9334422128603
35.8744137060568,33.964179806714
35.2419180119662,33.9949175041142
35.8794813182901,34.0256552011672
35.2473487286664,34.0563928054957
35.8848900098976,34.0871305023847
36.523619225522,34.1178681029457
35.887327398436,34.1486056946013
36.5259919139917,34.1793433916526
37.1635465373599,34.2100809847254
36.5262128244984,34.240818574842
35.8899771378948,34.271556273313
36.5278704035792,34.3022939715081
37.1643563299989,34.3330315722195
36.5280665965113,34.3637691681921
35.8926491539367,34.3945068669046
36.529509129653,34.4252445652271
35.8953943966927,34.455982173607
35.2641761183341,34.4867198715494
35.8997310476188,34.5174575699818
36.5360393161336,34.5481951805837
35.9024893990504,34.5789327896709
35.5830588452224,34.6096704870104
36.2037132828557,34.6404080918846
35.5854493138649,34.6711456910541
36.2044712745704,34.7018833892701
36.8213853636741,34.7326209913727
36.2061097897085,34.7633585936578
36.8211736436776,34.7940962919558
36.2083577165176,34.8248339001991
35.5969226098542,34.8555715990427
36.2110463357066,34.886309296815
35.6005576806625,34.9170469077278
34.9932154028987,34.9477846067988
35.6056260828033,34.9785223067929
34.9984240792297,35.0092599163255
35.6106555122971,35.0399976159751
36.2243157986955,35.0707352313479
35.6139913107628,35.1014728450113
36.2274551769224,35.1322105454112
35.6182062022622,35.162948160611
35.0125220378232,35.1936858612496
35.6238879518594,35.2244235611624
36.2371002271525,35.2551611784698
35.6280242272626,35.2858987886611
36.2410813233099,35.3166364888541
36.854261207607,35.3473740948114
36.2432214606145,35.3781116949262
36.8558325934487,35.4088493962199
37.4667410527004,35.4395869986117
36.8574979692236,35.4703246024614
36.2488938871101,35.5010623028749
36.8594612319441,35.5317999155356
37.4686640434993,35.5625375281512
36.8611873982643,35.5932751367113
36.2548908678799,35.6240128379258
35.6511834341076,35.6547505392343
36.259202443506,35.6854882400964
35.6558960866615,35.7162258406984
35.0568943870036,35.7469635413212
35.6621682632517,35.7777012427309
36.2699285844702,35.8084388454565
35.6667878119597,35.839176464781
36.2744574649322,35.8699141653121
36.8829596353458,35.9006517843407
36.2768299832043,35.9313893967902
36.8851246511904,35.9621270976902
37.4923450984552,35.9928647097492
36.8866783733526,36.023602317448
36.281876354486,36.0543400193244
36.8890547628681,36.0850777208637
37.4952722182115,36.1158153349513
38.0987668295728,36.1465529412303
37.4963799249362,36.1772905471518
36.8947406852573,36.2080282490904
36.294623703989,36.2387659511834
36.8982572037102,36.2695036527311
36.2985710524233,36.3002412600785
35.7024268264802,36.3309789614433
36.3041302347834,36.361716663021
36.9075687399326,36.3924542608506
36.3072207861614,36.4231918791662
36.9107468228908,36.4539295802835
37.5140496953218,36.4846671972937
36.9118257854989,36.5154048051835
37.5148140749636,36.5461425067732
38.1156184545582,36.57688011353
37.5155159344597,36.6076177172681
36.9154390647414,36.6383554197034
37.5166440533769,36.6690931217804
38.115958913985,36.6998307330581
37.5165997937651,36.7305683387765
36.9173066239796,36.7613060412578
37.51742163349,36.792043743444
38.1155746197352,36.822781351821
38.7101036188795,36.8535189593243
38.1160205050841,36.8842565648101
37.5226271097617,36.9149942674768
36.93119451563,36.9457319699984
36.3433794767353,36.9764696720976
35.7603803563641,37.0072073743125
36.350963468044,37.0379450755262
35.7680218791714,37.0686826470861
35.1919016966735,37.099420348441
35.7775642480531,37.1301580510208
35.2016350003488,37.1608956383679
34.6337999922514,37.1916333406435
35.2131418945293,37.222371043526
34.6448397191167,37.25310864485
35.2246021083652,37.2838463478376
34.6563868637726,37.3145839583037
34.0971320794065,37.3453216609737
34.6694153623429,37.3760593639968
34.1094161920336,37.4067969787801
34.6823838315661,37.437534681645
34.1218616487916,37.4682723042658
34.6955677868725,37.4990100065514
35.277720922263,37.5297476310643
34.7066419612942,37.560485246585
35.289162708104,37.5912229475548
35.8782129547509,37.621960563791
36.4719854701696,37.6526981772782
35.8856816393624,37.6834357886195
35.305409351386,37.7141734903229
35.8951507175211,37.7449111920682
36.4894016939066,37.7756488114653
35.9024268004687,37.8063864100414
35.3211325634604,37.8371241121609
35.9116400216864,37.86786181419
35.3298809785233,37.8985994328723
35.9206263090888,37.9293371348976
36.5155629452169,37.9600747479554
35.9264159852832,37.9908123404733
36.5216123446212,38.0215500426329
37.1188237307422,38.0522876359529
36.5251399893214,38.0830252217844
35.9344848238553,38.1137629246624
36.5302424911384,38.1445006271995
35.9403184318267,38.1752382256532
35.3552138100123,38.2059759281501
35.9477656655222,38.2367136305164
36.543641498061,38.2674512400213
35.9531582669205,38.2981888403851
36.5491719182239,38.3289265425921
37.1467821903858,38.3596641413145
36.5520327711881,38.3904017328555
37.1497454084187,38.4211394353982
37.7470658086934,38.4518770285771
37.15125944274,38.4826146203565
36.5565040731291,38.5133523230349
37.1538058822733,38.5440900259152
36.559796879365,38.5748276276458
35.9684536229204,38.6055653304634
36.5643938871912,38.6363030330553
37.1615033978644,38.6670406386602
36.5670772232066,38.6977782413075
35.975153322806,38.728515943892
36.5712342397761,38.7592536464361
35.9802069486205,38.7899912525752
35.3934908982689,38.8207289550638
35.986722247033,38.851466657773
36.5827297150556,38.8822042621155
35.9911429261021,38.912941880734
36.5872810913214,38.9436795829423
37.1845031412255,38.9744172013251
36.5898756952534,39.0051548057068
35.9975328618914,39.0358925082248
36.5938810277883,39.0666302107582
36.0023668685238,39.0973678273288
35.4149844169644,39.1281055298459
36.0088205131448,39.1588432325327
36.6052018477883,39.1895808423358
36.0129985442495,39.2203184575861
36.6094481146669,39.2510561597039
37.2067337893258,39.2817937750677
36.6117180949928,39.3125313769364
37.2089188749463,39.3432690437946
37.8051815539774,39.3740066460751
37.2100273553424,39.4047442453665
36.6155351534128,39.435481948483
37.2119483561789,39.4662196513502
37.8073738434427,39.4969572596242
38.4002779257791,39.5276948622702
37.8086722331071,39.5584324650926
37.2184197725403,39.5891701680314
36.6306455555365,39.6199078714835
36.0468063522659,39.6506455745808
36.637337269495,39.6813832775548
37.2302050452978,39.7121208493385
36.6416251547541,39.7428584533346
36.0564721296538,39.7735961559137
36.6474818955841,39.8043338583932
36.0622388278965,39.8350714580979
35.4820909312178,39.8658091605987
36.0698081512245,39.8965468634456
35.4896626934287,39.9272844595957
34.9162301096443,39.9580221623434
35.4992574514562,39.9887598651063
34.9256703846066,40.0194974634027
35.508920721545,40.0502351660712
36.0973514401737,40.080972773677
35.5163739465982,40.1117103920493
36.1049338002068,40.1424480940575
36.6969188742023,40.1731857196265
36.1104501042999,40.203923335406
35.5285945442094,40.2346610376775
36.117637464607,40.2653987401342
35.5360693711643,40.2961363635994
34.9607160686325,40.3268740660981
35.5452073944577,40.3576117688672
36.1344693659437,40.3883493810502
35.5525608937639,40.4190870128073
36.1419552213376,40.4498247151984
36.7345123617867,40.4805623347767
36.1467042210059,40.5112999356429
36.7395023802556,40.5420376381518
37.3334777917865,40.5727752400451
36.7421324003228,40.603512832134
36.1529055712287,40.6342505352038
36.7461815337492,40.6649882381184
37.3401401192305,40.6957258440017
37.9332768830907,40.7264634392687
37.342064414416,40.7572010337544
36.7526383966249,40.7879387369266
36.1656893427501,40.8186764404497
36.7576231399448,40.8494141437029
37.3507738208867,40.880151749699
36.7608259594713,40.9108893480218
36.1732107559682,40.9416270512996
36.7654148895742,40.9723647544595
37.3586752702887,41.0031023636547
37.9513987622343,41.0338399625197
37.3606860714917,41.0645775573171
36.7716504319426,41.0953152608661
36.1851449762474,41.1260529643033
36.7765821601558,41.1567906675904
37.3693102316995,41.1875282687938
36.7799302402177,41.2182658691316
36.1929874629397,41.2490035723572
36.7847553605059,41.2797412755372
36.1979190533278,41.3104788823486
35.6149882444213,41.3412165854879
36.2043424709219,41.3719542888531
36.7963346597382,41.4026918906664
36.2084878163903,41.4334295123445
36.8007441178726,41.4641672153444
37.3939136332856,41.4949048356441
36.8029992151188,41.5256424392604
36.2140243879786,41.556380142435
36.8067627268124,41.5871178456529
37.4000191912735,41.6178554600104
36.80856213243,41.6485930628326
36.348984743067,41.6793307661097
36.9335826242399,41.7100683688507
37.5166821589725,41.7408059665729
38.0973180110517,41.7715435666034
37.5194276123462,41.8022811769363
36.9431119002463,41.8330188803958
36.3692540273337,41.8637565837017
35.798740443972,41.8944942875449
36.3753129835252,41.9252319911403
35.8048975733855,41.9559695802721
35.2392361182981,41.9867072838109
35.8124258660775,42.0174449874712
35.246650419839,42.0481825761138
35.8201070253507,42.0789202796578
36.3972965992978,42.1096578784008
35.8258743713845,42.1403954984448
35.2591456743409,42.1711332018497
35.833305800496,42.201870905237
35.2662652491493,42.2326085184804
35.8406800483651,42.2633462218873
36.4185484505768,42.2940838387861
35.8468356042636,42.324821458636
35.2795572273017,42.3555591619982
35.8543405467586,42.3862968654269
36.4326239160031,42.4170344844036
35.8594921113295,42.447772098015
36.4380412212402,42.4785098013888
37.0184242048478,42.5092474132278
36.4414597755451,42.5399850144692
35.8670535155576,42.5707227181155
36.4461893929078,42.601460421692
37.026759428899,42.6321980369119
37.6074927633125,42.662935637575
37.0296804218811,42.6936732356072
36.4542103969976,42.7244109395471
35.8815198433068,42.755148643456
36.459899157711,42.785886347223
37.0402240956973,42.816623961417
36.4634065052842,42.8473615634915
35.8892805940044,42.8780992672456
36.4683274594813,42.9088369336923
35.8945572432274,42.9395745482789
35.3247042434743,42.9703122519426
35.901007732965,43.001049955716
36.4801936353632,43.0317875525569
35.9055282545654,43.0625251730158
36.4849843721051,43.0932628765598
37.0658544652218,43.1240004959418
36.4878645841791,43.1547380984675
35.9120523077247,43.1854758021656
36.4920515340446,43.2162135058701
37.0730824048261,43.2469511266999
37.6539064762092,43.2776887299269
37.0755579115907,43.3084263290724
36.4994665712674,43.3391640330527
35.9265868330539,43.3699017369731
35.3577818298513,43.4006394407915
35.933694853087,43.4313771446463
36.5127909102696,43.462114739955
37.0936605318871,43.4928523591822
36.5168047903487,43.5235899611945
35.9430695392372,43.5543276648892
35.3734228495662,43.5850653685919
35.9500135282049,43.6158030723679
36.5296614842689,43.6465406739979
35.9549375434041,43.6772782896754
35.3841002228468,43.7080159932709
35.9614657223102,43.7387536969995
35.3905648777021,43.7694913065675
34.8248149938465,43.8002290102814
35.3985383833658,43.8309667139675
35.9762640712838,43.861704309564
35.4048083694212,43.892441929915
35.9826800578341,43.9231796333628
36.562822113259,43.9539172669243
35.9870929101874,43.9846548716977
36.5670360571376,44.0153925751745
37.1476972375289,44.0461301819496
36.5699736122616,44.0768677758837
37.150238502145,44.1076054796489
37.7300477825645,44.1383430730258
37.1521155356056,44.1690806644687
37.731294320827,44.1998183683111
37.1546742702401,44.2305559627683
36.5794144469892,44.261293666658
37.1577687851747,44.2920313707145
37.7362166058394,44.3227689730882
37.1602402380134,44.3535065684159
36.5857473752834,44.384244272581
37.1635942108095,44.4149819765933
36.5898050310541,44.4457195816411
36.0187876708031,44.476457285624
36.5949540427625,44.5071949895915
36.0239904822079,44.5379325847006
36.6003527438329,44.5686702886126
37.178538258119,44.599407889599
36.6035462571175,44.6301454926032
37.1822084546336,44.6608831964035
36.6075317213813,44.691620800667
36.035215306402,44.7223585045596
36.6127012999126,44.7530962084679
36.040047613647,44.7838338167492
36.6179185863786,44.8145715206085
37.1974238772835,44.8453091320617
36.6204778639977,44.8760467337074
37.2005255878638,44.9067844375577
36.6238476326825,44.9375220394586
36.0490638234939,44.9682597433917
36.6283735895528,44.9989974473491
36.0533771489917,45.0297350567726
36.6330248525975,45.0604727606914
37.2138249230795,45.0912103718801
36.63502085468,45.121947965376
37.2162071539245,45.1526856692439
36.6375506826432,45.1834232640178
36.0606468533607,45.2141609679362
36.6415946941478,45.2448986718318
36.0636776317858,45.2756362711492
36.6451168864447,45.3063739750452
36.0666867371073,45.3371115828074
36.6484121386748,45.3678492867119
36.0700464412424,45.3985868999055
35.4943247516211,45.4293246037762
36.0750240639442,45.4600623076614
35.4985387648295,45.4907999175314
36.0796929536834,45.5215376214054
35.5024685959239,45.5522752396939
36.0839153083608,45.583012943583
35.5065329724731,45.6137505652067
36.0881717292697,45.6444882691071
35.5107870001108,45.6752258931392
36.0926380635741,45.7059635969648
36.6756776939244,45.7367012229055
37.2586273065346,45.7674388337624
37.840049017007,45.7981764296341
37.2583733827651,45.8289140228963
37.8393373389524,45.8596517267712
38.4172543239495,45.8903893226431
37.8387268021655,45.9211269218819
37.2588746872587,45.9518646256067
37.8380327495139,45.9826023296055
37.2582696308967,46.0133399346414
37.8371755525503,46.0440776388985
38.41325196616,46.0748152438159
37.8362396531966,46.1055528465563
38.4114306861962,46.1362905506478
38.9826771150338,46.1670281552262
38.4095513775485,46.1977657609983
38.9791019102753,46.2285034650546
38.4079476856029,46.2592410777457
37.8350461075224,46.2899787818002
38.406132735785,46.3207164862938
37.8334398267698,46.3514541023034
38.4040711551377,46.3821918067405
37.8320881428793,46.4129294267801
38.4022177112816,46.4436671311755
38.9689343415108,46.4744047469041
39.5310249135424,46.505142356991
40.0871439969185,46.5358799686365
39.5292376818964,46.5666175878149
40.0821865178803,46.5973552405594
39.5272953103615,46.6280928693491
38.9702442217168,46.6588305735287
39.5244708445913,46.6895682778698
38.9684753820825,46.720305902064
38.4111820216856,46.7510436065843
38.9670820720427,46.7817813110693
38.4100234451819,46.8125189220261
38.9655799812658,46.8432566264846
39.5183132055298,46.8739942418239
38.9638575104521,46.9047318667203
38.4081750608667,46.935469571222
38.9624820134005,46.9662072756816
38.4070601702935,46.9969448951704
38.961060896991,47.0276825996291
38.4064181078082,47.0584202225848
37.851457839256,47.0891579270419
38.4063792754531,47.1198956315256
37.8515600523113,47.1506332483996
38.4062683665519,47.1813709528556
37.8519381169951,47.2121085759991
38.4063885334058,47.2428462804462
38.9592777589529,47.2735839072586
39.5095776658582,47.3043215282768
40.056237590911,47.335059138652
39.5077232111888,47.3657967458182
40.0530058529924,47.3965344502734
40.5938839311694,47.4272720599638
40.0524987555137,47.4580096721525
40.5912528492173,47.4887473082005
40.050975173151,47.5194849359352
39.5089821677734,47.5502226283063
40.0489806723058,47.5809603325898
40.5856520731195,47.6116979528626
41.1178618675146,47.642435579575
40.5844776053746,47.6731731994863
40.0499452704178,47.7039108928079
39.5144956329504,47.7346485971955
40.0493303832861,47.7653863017224
39.5145332610423,47.7961239049373
38.9798431685482,47.8268616095985
39.5152779707337,47.8575993142893
38.9810271380613,47.8883369076097
38.4480053570981,47.9190746122963
38.9831937777142,47.9498123169791
38.4501508471511,47.9805499116479
38.9853299204904,48.0112876163179
39.5204745537849,48.0420252215838
38.9859617771627,48.0727628486446
39.5211868529512,48.103500553295
38.9870308811025,48.1342381829765
38.4536435673534,48.1649758876487
38.9889167369001,48.1957135923128
38.4554995456515,48.2264512062829
38.9907785664292,48.2571889109391
39.525824913728,48.2879265285154
38.9911199534966,48.3186641588395
39.5262707980914,48.3494018634819
38.9919825844535,48.3801394954856
38.4581821995899,48.4108772001538
38.9935707111162,48.4416149048243
38.4597645349302,48.472352519421
38.9951692939723,48.503090224085
39.5301394036636,48.5338278414383
38.9952200882673,48.5645654635953
39.5302589354476,48.5953031682442
38.9958782925024,48.6260407915224
38.4618152072023,48.656778496194
38.9971844386115,48.6875162008701
38.4631808799533,48.7182538151825
38.9986137582815,48.7489915198486
39.5334643765199,48.7797291375446
38.9985076923823,48.8104667514607
39.5334014712117,48.8412044561185
40.0666188635485,48.8719420707824
40.5971210294753,48.9026796712293
40.0661190352322,48.9334172703357
39.5349154765579,48.9641549750577
39.0035939340083,48.9948926798163
39.5360016249201,49.0256303845462
39.0049123903671,49.0563679950421
38.4748025211141,49.0871056997556
39.0070596478953,49.1178434044731
38.4771925366621,49.1485810058374
37.9495748474972,49.1793187105417
38.480917903809,49.2100564152887
37.952804008253,49.2407940204747
38.484305325237,49.2715317251983
39.0168080212087,49.3022693394694
38.4865166123514,49.3330069701219
37.9583503147954,49.3637446747978
38.4902495517225,49.3944823174513
37.9613580908315,49.4252199402644
38.4934261769096,49.4559576449445
39.0262777103965,49.4866952689833
38.4948140659519,49.5174328800498
39.0278885300219,49.5481705847807
39.5605586061625,49.578908191324
39.0279450509726,49.6096457917038
39.5606710992783,49.6403834964285
40.0917867174094,49.6711210983959
39.559872764244,49.7018586959011
39.0272194853352,49.7325964005994
39.5596247442796,49.7633341053488
40.0902959939316,49.7940717138397
40.6182500504248,49.8248093106508
40.0895314186154,49.8555469043408
39.5602820911034,49.886284609066
39.0307783839336,49.9170223138056
39.5609475711451,49.9477600186154
39.0317912483399,49.9784976263572
38.5032839933405,50.0092353311566
39.0335908282001,50.0399730359395
38.5053843557298,50.0707106354043
37.9788781216353,50.1014483401764
38.5084952251465,50.1321860449571
37.9817877462978,50.1629236468578
38.5115588465747,50.1936613516279
39.0420673867555,50.2243989634391
38.5129363825323,50.2551365941121
39.0436952709755,50.2858742988468
38.5147591306436,50.3166119318575
37.987025250124,50.3473496366769
38.5173850994066,50.3780873415088
37.9894765573326,50.4088249612339
38.5199564902168,50.4395626660579
39.050834305282,50.4703002894072
38.5209124709823,50.5010379147894
39.0520015182439,50.531775619471
38.5223832276738,50.5625132448356
37.9936172231719,50.5932509496495
38.5245419440356,50.6239886544324
37.9957223391953,50.6547262751666
38.5267454510738,50.6854639799703
39.0578965194493,50.7162016035451
38.5274202159413,50.746939220003
39.0587721464769,50.777676924809
38.5286664584704,50.8084145409669
37.9991865407691,50.8391522457784
38.5305188564009,50.8698899506234
38.0010192938632,50.9006275718162
38.5324217271516,50.9313652766539
39.0637326789913,50.9621029011227
38.5328411653368,50.9928405055179
39.0643012678758,51.0235782103662
38.533880317395,51.0543158173542
38.00393293112,51.0850535222053
38.5354836340701,51.1157912270435
38.0055487461038,51.1465288493403
38.5371188894419,51.1772665541741
39.0684328592218,51.2080041733395
38.5373830004012,51.2387417705228
39.0688159168879,51.269479475363
38.5383314012632,51.3002170760454
38.0082151936976,51.3309547808899
38.5398299700625,51.361692485729
39.0711157868318,51.3924301088175
38.5403595458935,51.4231677103106
39.0716280722234,51.4539054151487
39.6016230455386,51.4846430165308
39.0708645269718,51.5153806077989
39.6007048888108,51.5461183126525
40.1282585056322,51.5768559049048
39.5993745294629,51.6075934949149
40.1263183094018,51.6383311997666
40.6500790425472,51.6690687941877
40.1246354418613,51.6998063935195
39.5975993125978,51.7305440983549
40.1228154825055,51.7612818032073
39.596564920582,51.7920194112744
39.0694042669471,51.8227571161472
39.5959098482798,51.8534948210041
40.1205105795036,51.8842324272919
39.5945013650275,51.9149700343794
39.0676658184021,51.945707739241
39.5938040303114,51.9764454440974
39.0671660277847,52.0071830543594
38.5403817584285,52.0379207592132
39.0674898067398,52.0686584640715
38.5407683188307,52.099396068068
38.0146173420813,52.1301337729212
38.542139850361,52.1608714777943
38.0157871717654,52.1916090836314
38.5433081806601,52.2223467884966
39.0704105656085,52.2530844031958
38.5432094690901,52.2838220358091
39.0703908048105,52.3145597406563
38.5437083319151,52.3452973742865
38.0172584811595,52.3760350791366
38.5447273451087,52.4067727840025
39.0717443015379,52.4375104028808
38.544835386145,52.4682480393433
39.0718609407424,52.4989857441937
39.5975717661943,52.5297233748408
39.0708034757467,52.5604609829078
39.596402412478,52.5911986877624
40.1197426316899,52.6219362953181
39.5949194864374,52.6526738945133
39.0688856904632,52.683411599382
39.5937594183404,52.7141493042467
40.1164164215998,52.744886915808
39.5925873216142,52.775624517078
39.0676710137518,52.8063622219486
39.5917045772736,52.8370999268121
39.0671132695303,52.8678375394867
38.5422007676816,52.898575244348
39.0672013950068,52.9293129492123
39.5909918015024,52.9600505554389
39.0665563304458,52.9907881670698
38.5418199962505,53.0215258719276
39.0666536688963,53.052263576792
38.5419788230817,53.0830011904881
38.0176560397475,53.1137388953493
38.5429992223743,53.1444766002227
38.0186552956464,53.1752142121113
38.5439715919263,53.2059519169803
39.0687443052103,53.2366895355936
38.5437132507559,53.2674271688512
39.0685223103948,53.2981648737071
39.5919051907541,53.3289025083252
39.0673731700687,53.3596401197641
39.5906267095489,53.3903778246251
40.1115775506091,53.4211154354962
39.5892862814645,53.4518530353802
39.0657792320249,53.4825907402543
39.5881655615247,53.5133284451247
39.0653964481153,53.5440660567408
38.542267025511,53.5748037616097
39.0654973532826,53.6055414664779
39.5875051254187,53.6362790766491
39.0650517883697,53.6670166830927
38.5424028459628,53.6977543879566
39.0653384880241,53.7284920928249
38.5425261184161,53.7592297083171
39.0654381516824,53.7899674131833
39.587104475394,53.8207050322574
39.0644894839575,53.8514426403889
39.5860665475575,53.8821803452539
40.1055033537336,53.9129179523404
39.584915807051,53.9436555468125
39.063223829941,53.974393251687
39.5839903918195,54.0051309565594
39.062849707743,54.0358685650395
38.5413899168083,54.0666062699111
39.0629711479652,54.0973439747854
38.5419682560963,54.1280815843738
38.0214582493705,54.1588192892459
38.5431675212832,54.1895569941224
38.0227757355988,54.220294601173
37.5036922255521,54.2510323060469
38.0250878267986,54.2817700109307
37.5056833838811,54.3125076252383
38.0271379870628,54.3432453301184
37.508034986748,54.3739829510379
36.9908056042738,54.4047206559153
37.5111974449362,54.4354583608046
36.9936117612154,54.4661959809261
37.5141564521402,54.4969336858095
36.996512016187,54.5276713021044
37.5171571214072,54.5584090069851
38.0388498671501,54.589146621371
37.5189318046096,54.6198842319937
38.0407418792686,54.6506219368645
37.5211502155649,54.6813595492906
37.0031272994254,54.7120972541649
37.5239212088499,54.7428349590433
37.0058674968238,54.7735725723162
37.5267312381963,54.8043102771918
38.0485142099433,54.8350478886149
37.5409813204073,54.8657854975059
38.0622890122812,54.8965231102259
37.5430469583797,54.9272607067775
37.0249841513803,54.9579984116568
37.5454916222544,54.9887361165355
37.0276238387549,55.0194737246827
37.5482005969213,55.0502114295615
38.0694600125965,55.0809490343438
37.5496472625383,55.1116866240526
38.0710158922029,55.1424243289363
37.551671877879,55.1731619202608
37.0334826037157,55.2038996251469
37.5541257147787,55.2346373300291
37.0359830003089,55.2653749399652
37.5566256059774,55.2961126448457
38.0778770579408,55.3268502534089
37.5579695298353,55.3575878433
38.0793384812184,55.3883255481834
37.5598354246458,55.4190631399673
37.0413769213076,55.449800844854
37.5621636390097,55.4805385497396
37.0437563001212,55.5112761626222
37.5645904434148,55.5420138675061
38.0859275491683,55.5727514799202
37.5657962135651,55.60348907203
38.0872312315662,55.6342267769156
37.5676014993073,55.6649643715104
37.0489070710988,55.6957020763994
37.5698387272879,55.7264397812868
37.0512041823232,55.7571773965517
37.5721769908156,55.7879151014375
38.0935715353976,55.8186527167526
37.5772177624674,55.8493903113268
38.098404427032,55.8801279132133
37.5789720498938,55.9108654947066
37.0603651212748,55.9416031995924
37.5811009994363,55.9723409044866
37.0625414262541,56.0030784940635
37.5833381136094,56.033816198959
38.1044266914503,56.0645537862146
37.584342225626,56.0952913657646
38.1055039396768,56.1260290706569
37.5859937599117,56.1567666554171
37.0672251038211,56.187504360312
37.5880032641625,56.2182420652072
37.0692925080758,56.2489796642937
37.5901137864932,56.2797173691874
38.1111441312879,56.310454963128
37.5910173227167,56.3411925454008
38.112101925913,56.3719302502976
37.5926236833011,56.4026678361014
37.0738588732837,56.4334055409994
37.5945658582903,56.4641432458943
38.1154546723058,56.4948808484436
37.5957939493872,56.5256184370713
38.1166651876125,56.5563561419672
38.636962008963,56.5870937328051
38.1168072934818,56.6178313185775
38.6369607079128,56.6485690234782
39.1557187743023,56.6793066154682
38.6365950275882,56.710044207722
38.1169664543131,56.7407819126166
38.6364645635233,56.7715196172634
38.117640077657,56.8022572253939
37.5988801524452,56.8329949302864
38.118624954333,56.8637326351836
38.6378335587224,56.8944702587857
38.118613358234,56.9252078670031
38.6377529047452,56.9559455718995
39.1555395374505,56.9866831829535
38.6370795549219,57.0174207862128
39.1545362720662,57.0481584911091
39.6698938011586,57.0788960980755
39.1537773856682,57.109633703485
38.6366797594836,57.1403714083827
39.1528891249034,57.1711091132794
39.6671880223094,57.2018467308864
39.1520019247439,57.2325843420533
38.6359054515351,57.2633220469525
39.1512710097055,57.2940597518576
39.6648469608029,57.3247973754143
39.1508071925495,57.355534989222
38.6359867238171,57.3862726941266
39.1504029419052,57.417010399036
38.63604812437,57.4477480187323
38.1216864873742,57.4784857236411
38.6366391424069,57.5092234285471
38.122443486325,57.5399610418662
37.6088815683282,57.5706987467715
38.1239352413355,57.6014364516776
37.6102594660641,57.6321740666611
38.125313479147,57.6629117715662
38.6401907918091,57.6936493944307
38.1255645514184,57.7243870324661
38.6405108815038,57.7551247373691
39.1545042066823,57.7858623752043
38.6399043082729,57.8165999974382
39.1538146048877,57.8473377023441
39.6659809258425,57.8780753248654
39.1530904073357,57.9088129339327
38.6393553899315,57.9395506388418
39.1524923813417,57.97028834375
39.6639832171137,58.0010259670012
39.1514503957777,58.0317635746177
38.6381753486747,58.0625012795276
39.1508138807847,58.0932389844358
38.6381595509253,58.1239766062979
38.1252747514341,58.1547143112058
38.6384975234217,58.1854520161132
39.1508493150026,58.2161896266046
38.6383796447131,58.2469272493956
38.1258608673738,58.2776649543021
38.6388457064408,58.3084026592077
38.126373922418,58.3391402772586
37.6144318706399,58.369877982164
38.1276252528142,58.4006156870697
37.6156325593689,58.4313533038226
37.1092184473914,58.4620910087277
37.6223324751359,58.4928286611416
37.1106531872584,58.5235662782306
37.6238901624125,58.5543039831335
38.1372715190655,58.585041612592
37.6245144084924,58.615779237341
38.1379596044197,58.6465169422462
38.6508644816374,58.6772545630843
38.1379732234057,58.7079921652992
38.6507178817483,58.7387298702079
39.1621533101916,58.7694674690873
38.6503825949654,58.8002050626934
38.1382994893933,58.8309427675993
38.6502315614622,58.8616804725098
38.1385666630743,58.8924180740647
38.6502703522962,58.9231557789747
39.1609573575319,58.9538933773123
38.6500058889637,58.9846309647635
39.1604187037892,59.0153686696736
39.669346869074,59.0461062581561
39.1598485836963,59.0768438463717
39.6683441524601,59.1075815512795
40.1748870002596,59.138319143653
39.6682176416429,59.1690567395375
39.1608230338098,59.1997944444447
39.6679528951327,59.2305321493536
40.1735270863942,59.2612697510469
40.6766649197704,59.2920073501151
40.173002626718,59.3227449508471
39.6691000910422,59.3534826557561
39.1654696666279,59.3842203606655
38.6625373846384,59.4149580655795
39.1672872790429,59.4456957704916
38.6643593847504,59.4764333849801
38.162667272448,59.5071710898914
38.6669174735196,59.5379087948019
38.1653079433168,59.5686464151151
37.6657103141739,59.599384120025
38.168884354518,59.6301218249366
37.6688783086837,59.6608594497152
38.172355027848,59.6915971546258
38.6771411966541,59.7223347802468
38.1741937355323,59.7530724121721
38.6794359436618,59.7838101170801
38.176427329992,59.8145477500839
37.6746465441589,59.8452854549925
38.1792540622067,59.876023159902
37.6772854957417,59.9067607850271
37.1774920075523,59.9374984899362
37.681024601596,59.968236194846
37.1805775485719,59.9989738169265
37.6843948508717,60.0297115218357
37.1840103038996,60.0604491407227
36.6862218891943,60.0911868456318
37.1884109310531,60.1219245505414
36.6898457412117,60.1526621733045
37.1924282053838,60.1833998782136
36.6935080914112,60.2141374967202
37.1963274875067,60.2448752016291
36.697426773031,60.2756128173563
36.2013280008347,60.3063505222645
36.7021163804851,60.3370882271732
36.2054720200578,60.367825842626
36.7066613367686,60.3985635475345
36.209459510729,60.4293011636202
36.7109553468659,60.4600388685286
36.2135786985075,60.4907764851222
36.715287303126,60.5215141900305
36.2178062267557,60.5522518048279
36.719759704041,60.5829895097353
37.223854153729,60.6137271218164
37.7294287038477,60.6444647209008
38.2357596948205,60.6752023181797
37.7305249708761,60.7059399201694
38.2370758699314,60.7366776250776
37.7320564633033,60.7674152316281
37.2278300231628,60.7981529365372
37.7340779451007,60.828890641447
37.2297833034165,60.8596282465057
37.7361296220625,60.8903659514153
38.2428120635651,60.9211035568731
37.7368213550821,60.951841161845
38.2436361355925,60.9825788667558
37.7381751136712,61.0133164747212
37.2333430425333,61.0440541796326
37.7398983514962,61.0747918845431
37.2350988278558,61.1055294921946
37.7417699222862,61.1362671971046
38.2485918260022,61.1670048050862
37.7423199320477,61.1977424014089
38.2492184498529,61.2284801063195
37.7428465784429,61.2592177079584
38.2497635052876,61.2899554128696
38.7559574517672,61.3206930145924
39.2607660114057,61.3514305975769
39.7634650647749,61.3821681743075
39.2596695014567,61.4129057541479
39.7616262881146,61.4436434590592
40.2609433718181,61.4743810453084
39.7603093941826,61.5051186380714
39.2583516318016,61.5358563429822
39.7586997931764,61.5665940478915
39.2574502461517,61.5973316483565
38.7554595655251,61.6280693532674
39.2568184181159,61.6588070581821
38.7553199791455,61.6895446678147
38.2537069639916,61.7202823727288
38.7555817331487,61.751020077642
38.2542976002991,61.7817576978462
37.7535144886116,61.8124954027591
38.2553658343095,61.8432331076723
37.7545972424756,61.8739707304915
38.2564531235495,61.9047084354044
38.7581176902448,61.9354460629609
38.2565421343859,61.9661836941348
38.7582440634699,61.996921399047
38.2570309338892,62.0276590317656
37.7561981015422,62.0583967366781
38.258066854413,62.0891344415911
37.7569161917526,62.1198720683619
38.2589481338347,62.1506097732747
37.7576056660071,62.1813473988773
38.2597042946474,62.21208510379
37.7583052056065,62.2428227291124
38.2604314056362,62.273560434025
38.7620444445385,62.3042980594179
39.2625328701586,62.3350356818233
39.7612445104297,62.3657732829983
39.2611227267466,62.3965108780807
39.759430029504,62.4272485829951
40.255298294655,62.4579861806223
39.7574237435125,62.4887237770078
40.2526581097361,62.5194613370877
40.7448816009013,62.5501989374474
40.2503243553499,62.5809365430075
40.7416575440163,62.6116742479206
41.2295049783464,62.6424118594118
40.7390946745902,62.6731494742773
40.2467054574302,62.7038871791908
40.7361960916049,62.73462485785
40.244628409434,62.7653624802496
39.751667164118,62.7961001851636
40.2428050513441,62.8268378900797
40.731659132128,62.8575754938923
40.2403997288144,62.888313112526
39.7477321011852,62.919050817442
40.2384066094075,62.9497885223578
40.7267398513614,62.9805261285282
40.2364583153948,63.0112637468309
39.7448102206811,63.042001451747
40.2347193320084,63.0727391566628
39.7434030923987,63.1034767665243
39.251353018159,63.1342144714399
39.7424855792519,63.1649521763554
39.2505897144019,63.1956897767804
38.7585002749611,63.2264274816957
39.2504966862348,63.2571651866108
38.7583033471876,63.2879027848294
39.2502736164603,63.3186404897444
39.7412294664595,63.3493780967027
39.2491108803543,63.3801157248029
39.7400879554061,63.4108534297174
40.2293574340811,63.4415910582063
39.7381628575941,63.4723286817272
40.2273065889992,63.5030663866423
40.7140610040942,63.5338040105664
40.2251723471735,63.5645416170212
39.7348211990343,63.5952793219371
40.2232348826035,63.6260170268528
40.7093567648716,63.6567546490197
41.1925448816328,63.6874922528244
40.7072230921665,63.7182298522177
40.2207259802397,63.7489675571339
39.7332059466664,63.7797052620504
40.2195117696577,63.8104429669666
40.7039802034935,63.8411805700591
40.218233057211,63.8719181728997
39.7315284730602,63.9026558778159
40.2172521381079,63.9333935827318
39.7307793398737,63.964131186251
39.2440030696209,63.9948688911668
39.7306154372405,64.0256065960828
40.2161994754453,64.0563441904904
39.729667227594,64.0870818086272
39.2426911701368,64.1178195135429
39.7293766084875,64.1485572184586
40.2149149702136,64.1792948236399
39.7280307278401,64.2100324504164
40.2136094251547,64.2407701553319
40.6972676291164,64.2715077830572
40.211654762616,64.3022453870215
39.7247925708482,64.3329830919375
40.210120047931,64.3637207968535
40.6934434603431,64.3944584160993
40.2080644826502,64.425196021588
39.7214364677316,64.4559337265042
40.2064429712154,64.4866714314203
40.6894217320394,64.5174090447718
40.2042060581352,64.5481466538905
40.6869739604194,64.5788843588068
41.1670699066617,64.6096219684702
40.6846266501071,64.6403595620002
40.2005496440305,64.6710972669169
40.6823936938778,64.7018349718335
41.1617345410308,64.7325725788574
40.6799610043051,64.7633101695866
40.1966394168832,64.7940478745034
40.6777929233811,64.82478557942
41.1565157425921,64.8555231891658
40.6753765361844,64.886260781014
40.1927268888515,64.9169984859307
40.6732585767999,64.9477361908472
41.1514127901003,64.9784737997249
40.6711908993512,65.0092113935927
40.1895513745169,65.0399490985093
39.707157792919,65.0706868034258
40.1884928333045,65.1014245083422
40.6682190456234,65.1321621018219
41.1457142802674,65.1628997195387
40.666427144516,65.1936373172846
40.1862581982356,65.2243750222011
39.7054768305578,65.2551127271177
39.2247704365576,65.2858504320343
39.705688424328,65.3165881369511
39.2250965470543,65.3473257235235
38.7449288831577,65.37806342844
39.2260810113487,65.4088011333571
38.7456795882685,65.4395387220873
39.227108015828,65.4702764270041
39.7083604412461,65.5010140294276
39.2269991183595,65.5317516329525
38.7460009440505,65.5624893378687
39.2278074313145,65.5932270427852
38.7463962877132,65.6239646483645
39.228330668689,65.6547023532809
39.709794819708,65.6854399580966
39.2279249178421,65.7161775594921
38.7459609051183,65.7469152644082
39.2280897569228,65.7776529693246
38.7458855397422,65.8083905736447
38.263946110498,65.839128278561
38.7464769458421,65.8698659824303
38.264589238636,65.9006035916908
37.7833654195351,65.931341296607
38.2658067571409,65.9620789988123
37.7843307286226,65.9928166111162
38.2669130387981,66.0235543160324
38.7496444430978,66.0542919303048
38.2671809257771,66.0850295320685
38.749978424471,66.1157672369852
38.2680880376798,66.1465048374489
37.7869107809064,66.1772425423658
38.2693713938493,66.2079802472825
38.7520728573072,66.2387178547695
38.2698380647297,66.2694554496995
38.7525921131053,66.3001931546163
38.2708481149083,66.3309307487827
37.7896995850309,66.3616684536996
38.2721684851149,66.3924061586163
37.7912392223543,66.4231437585993
37.3114716043325,66.4538814635159
37.79322313489,66.4846191684326
37.3132624395275,66.515356774865
37.7951381393771,66.5460944797816
38.2777275483262,66.5768320810296
37.7962069422819,66.6075696677737
38.2789489695614,66.6383073726902
37.7977654993397,66.6690449593054
37.3174945977451,66.699782664222
37.7996165582491,66.7305203691387
37.3193565517749,66.7612579639438
37.8015821540931,66.7919956688604
38.2844413207763,66.8227332623305
37.8025530560945,66.8534708415437
38.285531368319,66.8842085464601
37.8036704246894,66.914946128319
38.2867021548114,66.9456838332355
38.76973951795,66.9764214163028
39.2522751366154,67.0071589953455
39.7337771527105,67.0378965780472
39.2513471618371,67.0686341488483
39.732717777011,67.099371853765
39.2509714400498,67.1301094247532
38.7687934827394,67.1608471296698
39.2507820199937,67.1915848345869
39.7318101612334,67.2223224196719
39.2502924696121,67.2530599890573
38.768389617939,67.2837976939744
39.2500848147956,67.3145353988918
39.730824314173,67.3452729872227
39.249702843539,67.3760105590347
38.7682581803107,67.4067482639522
39.2495965250043,67.4374859688696
39.7300448943705,67.46822356142
40.2090763672053,67.4989611360284
39.7288550246587,67.5296987006025
40.2076534470479,67.56043640552
40.6845000819424,67.5911739739311
40.2065942928615,67.6219115431026
39.7276287856997,67.65264924802
40.2054578831008,67.6833869529375
39.7270179316241,67.7141245348627
39.2481188942322,67.7448622397804
39.7267035937686,67.775599944698
40.2042050508539,67.8063375468767
39.7256504128161,67.8370751311478
40.2031165135803,67.8678128360654
40.6789049625741,67.898550424067
40.2018106417895,67.9292880060841
39.7237533431658,67.9600257110018
40.2007331045963,67.9907634159196
39.7231825824486,68.0215010137809
39.245146885969,68.0522387186986
39.7229664376863,68.0829764236162
40.1997761673267,68.1137140381392
39.7222483698981,68.1444516368405
39.2443975644142,68.1751893417581
39.722118158115,68.2059270466756
39.2440471005328,68.2366646665287
39.7218393138646,68.2674023714464
40.1985586151382,68.2981399932727
39.7207129448455,68.328877597402
40.1974210732609,68.3596153023197
40.6724084758774,68.3903529091523
40.1963996521946,68.4210905028987
39.7194305869855,68.4518282078164
40.1954800991591,68.4825659127342
39.718858671433,68.5133035204909
39.2418664035562,68.5440412254088
39.7186628008965,68.5747789303266
39.2419003446494,68.6055165471306
38.7652859960042,68.6362542520483
39.2424811202492,68.666991956966
39.7192784568656,68.697729571041
39.2423041504125,68.7284671905797
39.7191594694084,68.7592048954973
40.1949907085728,68.7899425165182
39.7182855681474,68.820680118042
40.1940620350655,68.8514178229597
40.6681951004331,68.8821554225021
40.1925596223516,68.912893009822
40.6664838958752,68.9436307147398
41.1381785492366,68.9743683038259
40.6644943033425,69.0051058862932
40.1894744298717,69.035843591211
40.6626707641376,69.0665812961289
40.1877114777883,69.09731889417
40.6607903607542,69.128056599088
41.1316965156873,69.158794199677
40.6589129473863,69.1895317882097
40.1849079587154,69.2202694931277
40.6573047920197,69.2510071980457
40.1833776461538,69.2817448052274
40.6557091000169,69.3124825101454
41.1260000533022,69.3432201170462
40.6535183851216,69.3739577079502
41.1235686121156,69.4046954128682
41.5910296230762,69.4354330063698
41.1210048344892,69.4661705957537
41.5879876480616,69.4969083006717
42.0518948105013,69.5276458946116
41.5851645098305,69.5583834906677
41.1165119750156,69.5891211955856
41.5823228544929,69.6198589005037
41.1143641093629,69.6505965057155
40.6449518170004,69.6813342106336
41.1124636860456,69.7120719155516
41.5778144402001,69.7428095159161
41.1099856301749,69.7735471193754
41.5751663676251,69.8042848242934
42.0375877455831,69.8350224311291
41.572250523136,69.8657600281996
42.0342584385533,69.8964977331177
42.4929884303663,69.9272353325956
42.0312400331622,69.9579729318577
41.5674058461293,69.9887106367757
42.0281550185587,70.0194483416937
41.5649139843807,70.0501859509089
41.1001320244772,70.080923655827
41.5627196691721,70.111661360745
41.0981438635449,70.1423989609274
40.632622689714,70.1731366658454
41.096775139738,70.2038743707633
40.6311053989972,70.2346119642515
41.0952295597611,70.2653496691694
41.5575400459746,70.2960872708728
41.0929437146269,70.3268248963813
41.5552062056349,70.3575626012991
41.0911966264223,70.3883002282252
40.6260368786495,70.4190379331431
41.0897282722359,70.4497756380609
41.5516341948977,70.4805132482242
42.0111893141778,70.5112508797526
42.4678185587729,70.5419884874915
42.0081919457656,70.5727260869386
42.4643080851997,70.6034637918566
42.9170346693495,70.6342013939583
42.4610199269717,70.6649389980755
42.917513653077,70.6956767029935
43.3464216071394,70.7264143344741
42.9114427847356,70.7571519519341
42.4729009241448,70.7878896568521
42.8982401442508,70.8186273617701
43.31472508989,70.8493649648199
42.8918536674506,70.8801025766179
42.4649177834165,70.9108402815359
42.883678188235,70.941577986454
42.4589400010063,70.9723155916024
42.0307305376589,71.0030532965205
42.4523048314545,71.0337910014385
42.0254971980111,71.0645285972618
41.5959344125513,71.0952663021797
42.0202355432799,71.1260040070976
41.59142571527,71.156741602274
42.015127615684,71.1874793071918
42.4347662900605,71.2182169115083
42.0104449552787,71.248954537036
42.429440880894,71.2796922419539
42.0066576363434,71.3104298697526
41.5812827870786,71.3411675746705
42.0026711223699,71.3719052795884
41.5779258507194,71.4026428910176
41.1512350960106,71.4333805959355
41.5747611802272,71.4641183008533
41.1482253221192,71.4948559075399
41.5715890448215,71.5255936124577
41.9922482368766,71.5563312258358
41.5681552057479,71.5870688449182
41.9885859763225,71.617806549836
41.5653587819647,71.6485441694105
41.1402703849238,71.6792818743284
41.5626263981474,71.7100195792462
41.1377427107097,71.7407571930629
41.559990561615,71.7714948979807
41.9798156961596,71.8022325120195
41.5568786064049,71.8329701299786
41.9765538222778,71.8637078348965
41.554370879805,71.8944454540268
41.1305097574978,71.9251831589447
41.5519793422304,71.9559208638625
41.1282779807137,71.9866584776601
41.5496798196787,72.017396182578
41.9688647479815,72.0481337967982
41.546873895294,72.0788714028486
41.9659231648071,72.1096091077664
41.5446616689888,72.1403467163207
41.1218625863806,72.1710844212386
41.5425652669,72.2018221261565
41.1198616971053,72.232559739649
41.5405654591318,72.2632974445668
41.9592192081338,72.2940350582339
41.5379549699987,72.3247726574424
41.9564898648444,72.3555103623603
42.372476291316,72.3862479646618
41.9535023129815,72.4169855604626
42.3692500903317,72.4477232093016
42.78204550758,72.4784608098865
42.3663012730283,72.5091984025687
41.9485350082255,72.5399361074868
42.3633918978479,72.5706738124049
41.9462236948514,72.6014114214562
41.5274913565858,72.6321491263743
41.9440967444376,72.6628868312923
42.3586024772536,72.6936244454621
41.9419484494216,72.7243620521353
41.5238724999329,72.7550997570534
41.9400172677732,72.7858374619714
41.5221912819311,72.8165750789261
41.1034968223187,72.8473127838441
41.5210345508368,72.8780504887621
41.9371438557407,72.9087881022152
41.5192781218601,72.939525713188
41.9354032533251,72.9702634181059
42.3495674467626,73.0010010306826
41.9330362889034,73.0317386340413
42.3470815986747,73.0624763389593
42.7586845379056,73.0932139470085
42.3444959510715,73.1239515438406
41.9285710132623,73.1546892487587
42.3420862200701,73.1854269536768
42.7532653264441,73.2161645693502
42.3394815637317,73.2469021694154
41.9240365944673,73.2776398743335
42.3371757581991,73.308377579214
41.9224124980433,73.3391151941182
41.5064405244926,73.3698528990363
41.9209759422228,73.4005906039543
42.333884066073,73.431328214352
41.9189122371414,73.4620658277163
42.3317969841724,73.4928035326344
42.7425209320825,73.5235411484801
42.329368975286,73.5542787511294
42.7399058367946,73.5850164560475
43.1477920198587,73.6157540603723
42.737633234784,73.646491653768
42.3257317424557,73.677229358686
42.735252974968,73.707967063604
43.1423719212749,73.7387046752806
42.7326526024784,73.7694422706814
43.1394491211543,73.8001799755994
43.5434333598233,73.8309175759249
43.136764189547,73.861655168931
43.5402258462621,73.8923928738491
43.9406294022408,73.9231304746022
43.5378889085294,73.9538680686693
43.1332969555187,73.9846057735874
43.5353206152087,74.0153434785056
43.9347710009145,74.046081090905
43.5328727397148,74.0768186908375
43.129346427065,74.1075563957557
43.530573074356,74.1382941006739
43.1277509056065,74.1690317180346
42.7238244298808,74.1997694229528
43.1263760454137,74.2305071278709
43.5272271794914,74.2612447321095
43.9258969331628,74.2919823519296
43.5252561041854,74.3227199554506
43.1233601291001,74.3534576603688
43.523597426818,74.384195365287
43.1219414300623,74.4149329851114
42.719511976917,74.4456706900296
43.1210849047274,74.4764083949476
42.7186762694707,74.5071460033437
43.1202790023533,74.5378837082618
43.5205039664209,74.5686213211731
43.1186283017051,74.5993589494172
43.5188637868133,74.6300966543353
43.917146820188,74.6608342845937
43.5167560044879,74.6915718958365
43.1149985410821,74.7223096007547
43.5150994781861,74.7530473056728
43.113889946192,74.783784929006
42.7117550444819,74.8145226339241
43.1130285636349,74.8452603388422
43.5129357380932,74.875997945373
43.1115341661412,74.9067355725721
43.5114608347306,74.9374732774902
43.9094286113336,74.9682109035001
44.3048656843484,74.9989485114691
44.697164742717,75.0296861119024
44.302138302029,75.0604237121432
43.9051190485445,75.0911613453882
44.2993421425893,75.1218990503065
44.6906918968258,75.1526366619161
44.296718698506,75.1833742688255
43.9008304401568,75.2141119737438
44.2941696587012,75.244849678662
44.6848086630881,75.2755872953217
44.2913767571893,75.3063249063939
43.896089656379,75.3370626113122
44.2888589813924,75.3678003162305
44.6789835353993,75.3985379267094
44.2864323028943,75.4292755399298
43.8921402705572,75.4600132448481
44.284202786356,75.4907509497663
44.6737950127843,75.5214885595232
44.2815006849228,75.5522261742176
43.8874812857948,75.5829638791358
44.2791814653117,75.613701584054
44.6683885217347,75.6444391955104
44.2763861291778,75.6751768120535
43.8827389428715,75.7059145169717
44.2741419473725,75.7366522218899
43.8805741974399,75.7673898340143
43.4856633381415,75.7981275389324
43.8788901656671,75.8288652438505
43.4838096910356,75.8596028383276
43.8770968605487,75.8903405432457
44.268350921965,75.9210781462133
43.8745517859247,75.9518157685622
44.2657359353029,75.9825534734803
44.6542824658341,76.013291097979
44.2628000936326,76.0440287090567
43.869432582893,76.074766413975
44.2601989074328,76.1055041188931
43.8673118808148,76.1362417425465
43.47304331328,76.1669794474647
43.865538675635,76.1977171523828
44.2560460594521,76.2284547519334
43.8630978298085,76.2591923679231
44.2535179113764,76.2899300728413
44.6413687963133,76.3206676894568
44.2505666783113,76.3514052950109
44.6382010899598,76.3821429999291
45.0227395870184,76.4128806085223
44.6351838059273,76.4436182116168
44.2455356039336,76.4743559165351
44.6322848106361,76.5050936214534
45.0161601344174,76.5358312339764
44.6290281601025,76.5665688392149
45.0126059328385,76.5973065441332
45.3927627432458,76.6280441546006
45.0090176356731,76.6587817568007
44.6229389518612,76.689519461719
45.0056193298483,76.7202571666372
44.6200317560564,76.7509947822712
44.2325348469979,76.7817324871895
44.6174432917331,76.8124701921077
44.9997383373474,76.8432077897718
44.6142933030883,76.8739454006985
44.9964147622767,76.9046831056168
45.3753428546986,76.9354207148576
44.9928692207179,76.9661583172712
44.6081308652882,76.9968960221894
44.9896077178251,77.0276336934509
45.3679850957008,77.0583713033155
44.9866899476424,77.0891089068868
44.6037663546363,77.119846611805
44.2196742459561,77.1505843167232
43.8348006249765,77.1813220216413
44.2186485105133,77.2120597265595
43.8338260941802,77.2427973015523
43.448680006598,77.2735350064704
43.8335044425438,77.3042727113884
43.4481731858476,77.3350102848735
43.0630858699043,77.3657479897915
43.4486135598707,77.3964856947094
43.0630300785439,77.427223275174
43.4487171198257,77.4579609800918
43.8338408866607,77.4886985744016
43.4478419416082,77.519436198745
43.8330764121307,77.5501739036629
44.217109078299,77.5809115311221
43.8315883671907,77.6116491455044
44.2156309709625,77.6423868504225
44.5979093908031,77.6731244652404
44.2136421185464,77.7038620660899
43.8282451455736,77.7345997710081
44.2121159999748,77.7653374759262
43.8267845838121,77.7960750900375
44.2106179642054,77.8268127949557
44.5926728230456,77.8575504052599
44.2084079566909,77.8882880041113
44.5903904154588,77.9190257090295
44.9700430192981,77.9497633093243
44.5876899564026,77.9805009092957
44.2036773510229,78.0112386142139
44.5853699786492,78.041976319132
44.2018905046778,78.0727139216432
43.8171936632529,78.1034516265614
44.2004028965871,78.1341893314795
43.8160014181999,78.1649269383395
43.430939132937,78.1956646432576
43.815189955786,78.2264023481757
43.4300973851895,78.2571399497668
43.8143984354918,78.2878776546848
44.1974711649948,78.3186152669212
43.8127943217038,78.3493528616964
44.195878284563,78.3800905666145
43.8115433590217,78.4108281638827
43.4263987934644,78.4415658688007
43.8106217851349,78.4723035737187
43.4254555876451,78.5030411839368
43.809712942529,78.5337788888547
44.1926538204557,78.5645164954905
43.8080564535189,78.595254087243
44.1909741467684,78.625991792161
43.8066358171931,78.6567293868829
43.4216218454288,78.687467091801
43.8057770654619,78.7182047967189
43.4204852325061,78.7489424025298
43.8047232718034,78.7796801074478
43.4193849591968,78.8104177123272
43.803638550382,78.8411554172451
44.1864781432552,78.8718930201439
44.5674376728402,78.9026306110181
44.946043825344,78.9333682026865
44.564883091053,78.9641057999167
44.9432116068512,78.9948435048348
45.3187759120228,79.0255811092182
44.9403363237344,79.056318691946
44.5599796704302,79.0870562942684
44.9376207415662,79.1177939991858
44.5576614022585,79.1485316075921
44.1762152609032,79.1792693125102
44.5556441249601,79.2100069465748
44.1743927058963,79.240744552596
43.7921120230612,79.2714822575141
44.1729749884657,79.3022199624322
43.7907112083999,79.3329575737783
44.1715469933245,79.3636952786963
44.5507540885884,79.3944328882497
44.9278655347769,79.4251704894003
45.3024059727899,79.4559080934478
44.925393845131,79.4866457034328
44.5466228834809,79.5173834083509
44.9230460534678,79.5481211132689
44.544438984225,79.5788587222062
44.9207796598297,79.6095964271242
45.2947461007112,79.6403340370311
44.9179792184314,79.6710716431355
45.2917485674443,79.7018093480535
44.915589809882,79.7325469571082
44.5377881556268,79.7632846620262
44.9134105574512,79.7940223669442
44.5356889994324,79.8247599781156
44.9112558709237,79.8554976830336
45.2845516648324,79.8862352952814
44.9085014177878,79.9169729041973
45.281630886679,79.9477106091153
45.6519302803857,79.978448217752
45.2784266397512,80.0091858072589
45.6484097329047,80.0399235121769
46.0150984541439,80.0706611052578
45.6452532809101,80.1013986767216
45.2731209995627,80.1321363816397
45.6420635038044,80.1628740865577
45.2704803532048,80.1936116906791
44.897146634312,80.2243493955972
45.2681121283796,80.2550871005152
44.8951188624507,80.2858247037665
44.5209000893805,80.3165624086846
44.8934715718876,80.3473001136026
45.2641637043076,80.378037721696
44.8912338011164,80.4087753248372
45.2618378492502,80.4395130297553
45.6300227508249,80.4702506318022
45.2589897034952,80.5009882258638
44.8861903322417,80.5317259307819
45.2565247091473,80.5624636356999
44.8843041442102,80.5932012373576
44.5107822678261,80.6239389422756
44.8826759494622,80.6546766471936
44.5093859686053,80.6854142521668
44.1354077935658,80.7161519570848
44.5085257891527,80.7468896620027
44.1343138313829,80.7776272712189
44.5075511718708,80.8083649761369
44.8794212622799,80.8391025860277
44.5060465123178,80.8698401925371
44.131807535863,80.900577897455
44.5050090930721,80.9313156023729
44.130820475524,80.9620532115772
44.5040236085651,80.9927909164951
44.8758327428316,81.0235285250429
44.5022130673789,81.0542661305451
44.8740033988552,81.0850038354631
44.5008268033488,81.1157414393914
44.1266533042925,81.1464791443094
44.4997296775452,81.1772168492274
44.125597488465,81.2079544556045
44.4986341714646,81.2386921605224
44.8702311378042,81.2694297671628
44.4968447150416,81.3001673684564
44.8684411998261,81.3309050733744
44.4954117190043,81.3616426728506
44.1214110298083,81.3923803777686
44.4942819538867,81.4231180826866
44.1202821362288,81.4538556874523
44.4932023713847,81.4845933923703
44.8646621983963,81.5153309962674
44.4913783561593,81.5460685919816
44.8628022283115,81.5768062968996
45.2322365418314,81.6075438906909
44.8605135453524,81.6382814779954
45.229804454928,81.6690191829135
45.5966619967568,81.6997567712042
45.2272176629541,81.7304943507263
44.8560456927719,81.7612320556444
45.2248435375905,81.7919697605625
44.8542693123744,81.8227073445227
44.4824186051206,81.8534450494408
44.8527087154866,81.8841827543588
44.4811971239245,81.914920339414
44.1088978860188,81.9456580443321
44.4803084109419,81.9763957492501
44.1080515721514,82.0071333433308
44.4794775444319,82.0378710482487
44.8496472754205,82.0686086424337
44.4779123633968,82.0993462266971
44.8480878526401,82.1300839316151
44.4766810582829,82.1608215143759
44.104447107992,82.1915592192939
44.475774779935,82.2222969242118
44.103527284412,82.2530345165429
44.4749205775915,82.2837722214609
44.8450277856648,82.3145098140432
44.4733059816719,82.3452473960268
44.8434028151088,82.3759851009448
44.4720714911742,82.4067226818624
44.0998356291067,82.4374603867804
44.4711230933786,82.4681980916984
44.0989210056752,82.4989356833246
44.4701111160093,82.5296733882426
44.8401843090047,82.5604110531528
44.4691091562083,82.5911486363929
44.8393256775324,82.6218863413109
44.4684883410177,82.6526239248138
44.0975549087949,82.6833616297317
44.4689489463723,82.7140993346496
44.0972209298605,82.7448369218183
44.4689964673736,82.7755746267362
44.0967409008233,82.8063122139288
44.4687009047653,82.8370499188467
44.8393641982986,82.8677875064035
45.2079629707302,82.8985250906777
45.5737043211999,82.9292626689689
45.2047548627229,82.9600002414383
45.5700518785555,82.9907379463563
45.9316979591348,83.0214755222645
45.5659854763303,83.0522130864164
45.1976625480693,83.0829507913345
45.5621007814074,83.1136884962508
45.1941003232519,83.1444260692015
44.8239244995891,83.1751637741196
45.1909065201844,83.2059014790376
44.8208647302,83.2366390605939
44.4488044857921,83.2673767655119
44.8182306484843,83.2981144699377
44.4461827334012,83.3288520490596
44.8155028957024,83.3595897539776
45.1822088098557,83.3903273346025
44.812353563033,83.4210649174661
45.1788229017991,83.4518026223841
45.5421420530361,83.4825402006927
45.1747838317837,83.5132777762709
45.5378870442345,83.5440154811889
45.1711076331571,83.5747530594324
44.8020030072621,83.6054907643504
45.1676705180541,83.6362284692684
44.7986097170814,83.6669660569758
45.1641701470358,83.6977037618938
44.7954261042763,83.7284413518673
44.4249127856811,83.7591790567853
44.7926962353394,83.7899167617033
44.4221028997546,83.8206543615682
44.7898310926064,83.8513920664861
44.4192798398438,83.8821296673621
44.7869275969189,83.9128673722801
44.4165766052314,83.9436049749005
44.7840966326382,83.9743426798184
45.1489900422027,84.0050802846149
45.5107211800756,84.035817868745
45.8687648350864,84.066555444375
45.5063055430677,84.0972930187076
45.863973459341,84.1280307236256
46.2175292433293,84.1587683041796
45.8592769548228,84.1895058779192
46.2122866192128,84.2202435828372
46.5608273184678,84.2509811647635
46.2081804412627,84.2817187464353
45.8523732356304,84.3124564513533
46.2036441633947,84.3431941562714
45.8483542660977,84.373931746078
45.4905280166284,84.404669450996
45.8446321463889,84.435407155914
45.487064151535,84.4661447472058
45.1274676529265,84.4968824521238
45.4840394969465,84.5276201570418
45.1245079246496,84.55835775496
45.4809823759986,84.5890954598781
45.8346660919994,84.6198330603253
45.4773076854787,84.6505706475564
45.8308773761102,84.6813083524744
45.4741069507953,84.7120459440509
45.1152409822831,84.7427836489689
45.4711308450915,84.7735213538869
45.112339761783,84.8042589537793
45.468136463479,84.8349966586973
45.8211870634529,84.8657342541013
45.4645409956829,84.8964718370234
45.8174740452927,84.9272095419414
46.1671303600452,84.9579471274537
45.8134189312014,84.9886847115221
46.1628374010348,85.0194224164401
46.5085339449226,85.050160001909
46.1587932015728,85.080897586597
45.8063048654,85.111635291515
46.1548326424202,85.142372996433
45.8028610218187,85.173110581314
45.4486779962681,85.203848286232
45.7996989431542,85.23458599115
46.1478422137668,85.2653235762612
45.7962955252961,85.2960611564796
45.4426202736209,85.3267988613976
45.7932222023603,85.3575365652025
45.43966095027,85.3882741492689
45.7901584220913,85.4190118541869
46.1378360221577,85.449749436318
45.7866271004183,85.4804870132777
46.1341496067042,85.5112247181956
46.4783709517463,85.5419622960817
46.1301598634655,85.572699878557
46.4741024911779,85.603437583475
46.1266495015189,85.6341751678783
45.7767890306058,85.6649128727963
46.1232788353074,85.6956505777143
46.4666961743228,85.7263881564874
46.1195877400596,85.757125737846
46.4627697139032,85.787863442764
46.8024278618253,85.8186010232201
46.4586987100712,85.8493386135899
46.797984449211,85.8800763185079
47.1333365944462,85.9108139068803
46.7937408769217,85.9415514733437
46.4512875529077,85.972289156541
46.7895514658225,86.003026861459
46.447748461746,86.0337644465146
46.1035570431369,86.0645021514326
46.444411279589,86.0952398563506
46.1006320007874,86.1259774360597
45.7550042279843,86.1567151409777
46.0980364401365,86.1874528458957
45.7526191482556,86.2181904274023
45.4059346616734,86.2489281323203
45.7507180439835,86.2796658372382
45.4039512860057,86.3104034341456
45.7487347835024,86.3411411390635
46.0914957310924,86.3718787332377
45.7460476866198,86.402616308926
46.0887656802945,86.4333540138439
46.4289171154398,86.4640915928051
46.0855347805049,86.4948291662998
46.4255714138469,86.5255668712177
46.7625727903747,86.5563044470072
46.4220993754474,86.5870420270867
46.0793266267423,86.6177797320047
46.4188752778843,86.6485174369227
46.0761612537257,86.6792550134379
45.7315719844295,86.7099927183559
46.0734484353445,86.7407304232739
45.7292649576824,86.7714680068023
45.3836961396524,86.8022057117203
45.7272849618896,86.8329434166382
45.3817734394856,86.8636810148045
45.7253116330678,86.8944187197224
46.0668744359383,86.925156312367
45.7227068000417,86.9558938876949
46.0642253300477,86.9866315926129
45.7205076934468,87.0173691706771
45.3753497329553,87.0481068755951
45.7185593256931,87.0788445805131
45.373433940981,87.1095821667212
45.7166015894666,87.1403198716391
46.0577988218421,87.1710574533662
45.7140383836161,87.201795024973
46.0551788278948,87.2325327298909
45.7118511771625,87.2632703040633
45.367092020996,87.2940080089813
45.7099242859388,87.3247457138992
45.3651973091886,87.3554832916131
45.7079887886558,87.3862209947669
46.0488230086228,87.416958567882
45.7055057003196,87.4476961345738
46.0462774488711,87.4784338360608
45.7034653167784,87.5091714034317
45.3593526261833,87.5399091030889
45.7017288586649,87.5706467998188
45.3574706080155,87.6013843693002
45.6998763157724,87.6321220634371
45.3556061142449,87.6628596317595
45.6979837750133,87.693597323446
45.3537711757448,87.7243348895955
45.6960973382911,87.7550725789682
46.0364895840964,87.78581014224
45.6936505483501,87.8165477024034
46.0339887954715,87.8472853915797
45.6916621461523,87.8780229541344
45.3479636055207,87.9087606420805
45.6898833073126,87.9394983270241
45.3461618428098,87.9702358895413
45.6880793653853,88.0009735722521
45.3446234864003,88.0317111328415
45.0003129450373,88.0624488134521
45.3434297492898,88.0931864911142
44.9990274819543,88.1239240615787
45.3421938537322,88.1546617363958
44.9977166397344,88.1853993069112
45.3408936859516,88.2161369791948
44.9964502636746,88.2468745470752
45.3396212418349,88.2776122170581
45.6813319735228,88.308349780988
45.3377316765728,88.3390873323278
45.6794350865813,88.3698249990983
45.3362753254829,88.4005625546718
44.9921330849198,88.4313002238657
45.3350548426938,88.462037890046
44.9908506388893,88.4927754535128
45.3338187355849,88.5235131174163
44.9897755878474,88.5542506777275
45.3327251366993,88.5849883395702
45.6742744030796,88.6157258946542
46.0139996585356,88.6464634418166
46.3514729721877,88.6772009941999
46.0113728786067,88.7079385607698
46.348659245101,88.7386762337533
46.0092705161439,88.7694138024314
45.6683317685768,88.8001514765979
46.007254610997,88.8308891476709
46.3441224162941,88.8616267055727
46.0049415351033,88.8923642734279
46.3416583378301,88.9231019477147
46.6759298765161,88.953839514636
46.3388338880427,88.9845770647884
46.6728885906266,89.0153147148861
47.0040790346211,89.0460522755431
46.6697748777741,89.0767898199805
47.0006225746638,89.1075275032222
47.3282744978436,89.1382650576564
46.9980736464664,89.1690026036519
46.6657163740227,89.1997402917333
46.9952284841913,89.2304779778387
47.3219707660511,89.2612155451035
46.9927543037152,89.2919530951804
46.6619884441566,89.3226907846028
46.3299068340474,89.3534284725075
46.6602856487554,89.3841661591537
46.3284427763572,89.4149037338521
45.9957108154519,89.4456414199767
46.327346790807,89.476379104971
45.9947817152817,89.5071166770932
45.6617590983395,89.5378543605914
45.9943501798427,89.5685920430814
46.3260138854473,89.5993296198518
45.9931611452734,89.6300671873925
46.3249139385843,89.660804866813
46.6551433107886,89.6915424349037
46.3229916383806,89.7222800043039
46.6532143447938,89.7530176817176
46.9813602987687,89.7837552505786
46.6514363299902,89.8144928277528
46.3200677032104,89.8452305045853
46.6497868441515,89.8759681797682
46.9776031850521,89.9067057456901
46.6481205287464,89.9374433065691
46.3177095408828,89.9681809809042
45.9865934145303,89.9989186536472
46.3170112696735,90.0296563252279
46.6462309962346,90.0603938862989
46.9737565662207,90.0911314495331
46.6448335780832,90.1218690061683
46.3149067498312,90.1526066758457
46.6438822086925,90.1833443437058
46.9712766518494,90.214081906494
46.6420056511388,90.2448194447569
46.9693639042996,90.2755571116044
47.2945460345142,90.306294656191
46.9670451744914,90.3370321826362
46.6379504573665,90.3677698504035
46.9650795932457,90.3985074820664
46.6362587733423,90.4292450456021
46.3061583648038,90.4599827102664
46.6348724972496,90.4907203734536
46.9618734047355,90.5214579354427
47.2866720337689,90.5521954954224
46.9594987103375,90.5829330319099
47.2841582728167,90.6136706956702
47.6061714138601,90.6444082369196
47.2814542092845,90.6751457648633
46.9549026429719,90.7058834312297
47.2790012810105,90.736621095456
46.952543092484,90.7673586545113
47.2765272940311,90.7980963184228
47.5979909637879,90.8288338783019
47.273723959507,90.8595714177016
47.5949145524944,90.8903090834978
47.913176991379,90.9210466289026
47.5919094423185,90.9517841637369
47.2685436879598,90.9825218327564
47.589009852588,91.0132594998275
47.2662438876415,91.0439970609418
46.9417502489605,91.074734728049
47.2640960061871,91.1054723939361
47.5842291990015,91.1362099648344
47.2614605964334,91.1669475218242
47.58145441504,91.1976851881744
47.8987790637851,91.2284227476456
47.5785198686167,91.2591602893095
47.8955535027628,91.2898979575023
48.2095614352558,91.3206355037747
47.8924838561814,91.3513730421837
47.5732229228506,91.3821107134432
47.8894481976967,91.4128483830087
47.5707402728624,91.4435859427877
47.2502361515991,91.474323612474
47.5684073058891,91.5050612811557
47.8842639028904,91.5357988540927
47.5656579628557,91.5665364091726
47.8813622408115,91.5972740778019
48.1943199320831,91.6280116351729
47.8783767020526,91.6587491772589
47.5603849655949,91.6894868467145
47.8755562670123,91.7202245142941
47.5580258692717,91.7509620825792
47.2388295547392,91.7816997491185
47.5558562920101,91.8124374142674
47.8707195625542,91.8431749790351
47.5532670040992,91.8739125384806
47.8680407372721,91.9046501503116
48.1802368015797,91.9353877106134
47.8652044636428,91.9661252517638
47.5482136944471,91.9968629156757
47.8625572390431,92.0276005776485
48.174384319206,92.0583381441502
47.8596909653563,92.0890756880212
47.5430436287395,92.1198133500964
47.8570485372095,92.1505510103218
48.1685619487371,92.1812885740881
47.8545097826476,92.212026121726
47.5385889457057,92.2427637817832
47.8521010372479,92.2735014400189
47.5361875496543,92.3042390018788
47.2187547162229,92.3349766586006
47.5341591005306,92.3657143140592
47.216662403569,92.3964518684405
46.8980235601706,92.4271895215467
47.2150101148604,92.4579271737942
47.5303022775029,92.4886647280938
47.2130519411522,92.5194022790474
47.5282632631052,92.5501399270171
47.8414687315267,92.5808774780879
47.5258987730277,92.6116150359731
47.8389990294112,92.642352682429
48.1497733920322,92.6730902394385
47.8362736195232,92.7038277801277
48.1468829602472,92.7345654277655
48.4548396679029,92.7653029687708
48.7597822066073,92.7960404995096
49.0613405608573,92.8267780331158
48.7576105220699,92.8575155794287
48.4526685715195,92.8882532418866
48.146806768106,92.9189909012591
47.8403045426419,92.949728558381
47.5334154837378,92.9804662141845
47.8398428765694,93.0112038695529
48.1453340874213,93.0419414460331
47.8386642725398,93.0726790185264
48.1441639370403,93.103416673197
48.4481979607601,93.1341542489661
48.1424549873048,93.1648918029438
47.8356702304313,93.1956294570871
48.141132804025,93.2263671090526
47.8345558083681,93.257104679946
47.5271640926029,93.2878423296135
47.8337571010831,93.3185799777638
48.139216440403,93.3493175430688
47.8323070841221,93.3800551123669
48.1377705201408,93.4107927565942
48.4416451343374,93.4415303230363
48.1360263923866,93.4722678731105
47.8291753334676,93.5030055162377
48.1345447390291,93.5337431569222
48.4383080763224,93.5644807197247
48.1327173350053,93.5952182657185
47.8259000894403,93.6259559049879
48.1311547953055,93.6566934904764
47.8246615722205,93.6874310490304
47.5172575637769,93.7181686831433
47.8236494323247,93.7489063157064
48.1288122864791,93.7796438697041
47.8221603662219,93.8103814276597
48.1273239278801,93.8411190557964
48.4308786133999,93.8718566114609
48.1254689329735,93.9025941451972
48.4289477312053,93.9333317727366
48.7304902597498,93.9640693066446
48.4268977430656,93.9948068316046
48.1218367731932,94.025544461939
48.4250107102647,94.0562820888102
48.7263038111659,94.0870196297365
48.4229266279685,94.1177571574826
48.1181002551156,94.1484947862499
48.4210358155114,94.1792324117915
48.7221179463373,94.2099699575254
48.4192181273117,94.2407074870777
48.1149533899671,94.2714451137831
48.417537561555,94.302182737289
48.7183812471649,94.3329202849548
48.4156140682716,94.3636578150125
48.1115158552219,94.3943954392955
48.4139090854221,94.4251330604701
48.7145708945395,94.4558706090874
48.4120029043047,94.4866081404702
48.1081084863877,94.5173457620347
48.4103183028345,94.548083380551
48.7108166289844,94.5788209282554
48.4085584719085,94.6095584604784
48.1050354844007,94.6402960791026
47.8003902507845,94.671033694732
48.1037508173022,94.7017713087024
47.7990968544156,94.7325088587822
47.4937063019499,94.7632464687528
47.7981273912158,94.7939840779819
48.1014632946283,94.8247216258047
47.7968591973459,94.8554591721662
47.4916117003677,94.8861967747652
47.7959632572239,94.9169343762644
47.4907186731352,94.9476719210328
47.795053326789,94.978409518183
48.0983351039834,95.0091470617011
47.7938361497244,95.0398846065545
47.4885662045064,95.0706221988962
47.7928534902269,95.101359789609
48.0960784729935,95.1320973286362
47.7916164328723,95.1628348705695
47.4863755450118,95.1935724571428
47.7906039963131,95.2243100418949
48.0937625334582,95.2550475766299
47.7893412743702,95.2857851154509
47.4841739017451,95.3165226967006
47.7883275063691,95.3472602759116
48.0914070664231,95.3779978064794
48.3931567003108,95.4087353421955
48.0904372828825,95.4394728617114
47.787283323861,95.470210442717
47.4837284911095,95.5009480198881
47.7869178118854,95.5316855953704
48.0894288552333,95.5624231244398
47.7860668493375,95.5931606461207
47.4823027647915,95.6238982183119
47.7855606442033,95.6546357882907
47.4819606725802,95.6853733134948
47.1781363029765,95.7161108799146
47.4818790215687,95.746848445964
47.1781706663224,95.777585967916
46.874545379544,95.808323529052
47.178500074793,95.8390610916285
46.8747686339408,95.8697986151374
46.5715602120077,95.9005361718402
46.8754646771972,95.9312737311512
46.57200621874,95.9620112583797
46.876055473257,95.9927488114542
47.1802279807956,96.0234863338742
46.8760851354926,96.0542238473425
47.1803500593351,96.084961390328
47.4843922212328,96.1156989018343
47.1800647500401,96.1464364149824
47.4841486069389,96.1771739553073
47.7877188842127,96.2079114679082
47.4840000013254,96.2386489765769
47.1800687217248,96.2693865205208
47.4839801578621,96.30012406085
47.1802512214463,96.3308615731569
46.8767315009878,96.3615991113585
47.1807086260049,96.3923366484951
46.8769941515779,96.4230741542063
47.1810724323051,96.4538116871834
46.8775564021111,96.4845491910614
46.5744865866724,96.5152867204654
46.8783690921004,96.5460242506487
46.5750445644834,96.576761752673
46.8790501520331,96.6074992777307
46.5756455997282,96.6382367770163
46.879754417401,96.6689742978165
47.1840602330004,96.6997117953611
46.8799103039687,96.7304492950587
47.1842924229812,96.7611868124027
46.8804634956631,96.7919243104216
46.5769412189876,96.8226618267334
46.8811918347091,96.8533993420598
46.5775401064761,96.8841368348433
46.8818782026616,96.9148743465911
47.1864054192396,96.9456118379645
47.4908143723928,96.9763493334835
47.7947979938359,97.007086808915
47.4903011348543,97.0378242803164
47.7942834813028,97.0685618126417
48.0975019425656,97.099299291999
47.7933878261614,97.130036775899
48.0965735442523,97.160774327227
48.3986975584804,97.1915118200486
48.0954979254058,97.2222493233911
47.7915667004877,97.2529868952921
48.0945803730738,97.2837244591445
48.3965587261574,97.3144619668183
48.0934567488134,97.345199476008
47.7896301489017,97.3759370288117
48.0925134706967,97.406674599707
47.7891176110273,97.4374121162333
47.4853196367792,97.4681496877292
47.7887002050636,97.4988872548691
47.4852381385874,97.5296247843164
47.1817233340743,97.560362349611
47.4853007468542,97.591099912632
47.181960960142,97.6218374326832
46.8789205439269,97.6525749921048
47.1824440299194,97.6833125512595
46.8793318897718,97.7140500667722
47.1829742871628,97.7447876210101
47.4866685317421,97.7755251350376
47.1829358203816,97.8062626520071
47.4867040864677,97.837000200711
47.1832136045952,97.8677377153377
46.8798927796746,97.8984752616381
47.183742341885,97.9292128065401
46.8802794282548,97.959950314918
47.1842420228536,97.9906878556006
47.4881964109191,98.0214253628497
47.18415296427,98.0521628716655
47.4881522550237,98.0829004091667
47.1843902104679,98.1136379160039
46.8808695330301,98.1443754518741
47.1848975727053,98.1751129856815
46.8811329611877,98.2058504887985
47.1852759653193,98.2365880188029
46.8814203202431,98.2673255199706
47.1856552717075,98.2980630465476
46.8817659510027,98.328800546843
47.186072262853,98.3595380702773
47.4903101736363,98.3902755703584
47.794196086699,98.4210130601851
48.0974449464293,98.4517505381884
47.7934704065217,98.4824880186292
48.0966946733792,98.5132255643658
47.7931413843611,98.5439630522748
47.4892518770655,98.5747006015932
47.792901768623,98.6054381444572
47.488951659703,98.6361756428823
47.7926417390881,98.666913185807
47.4888831597138,98.6976506843349
47.1851882547251,98.7283882269178
47.4890717760511,98.7591257659885
47.1852137947445,98.7898632789426
47.4891669913788,98.8206008152435
47.1852757735143,98.8513383261431
47.4893131958315,98.8820758598102
47.1854289560329,98.9128133699246
47.4895262580199,98.9435509010879
47.7933688358082,98.9742884112509
48.096665813414,99.0050259036571
48.39912556219,99.0357633899742
48.0957198106263,99.0665008829851
48.3981327799267,99.0972384402527
48.0950023115466,99.1279759412339
47.7913443144155,99.1587135023329
48.0944075238408,99.1894510567724
47.7907204839117,99.2201885655033
48.0937967661448,99.2509261203159
47.7902639813362,99.2816636292988
48.0933023171644,99.3124011840118
48.3955550441264,99.3431386912719
48.0923754528389,99.3738761921715
48.3946061597509,99.4046137545443
48.091998870652,99.435351259191
47.788980837648,99.4660888228156
48.0916621477003,99.496826381137
47.788754112652,99.5275638960197
48.0914049834844,99.5583014530064
48.3934370602918,99.5890389653323
48.0907151485032,99.6197764663393
48.3927162986929,99.6505140277374
48.0903595918562,99.6812515314926
47.7876842390828,99.7119890931475
48.0901529526065,99.7427266502724
47.787434092473,99.773464170762
48.089921872946,99.8042017257465
47.7874944947826,99.8349392454406
47.4851071274214,99.8656767981991
47.7877277987473,99.8964143488001
47.485204989386,99.9271518670463
47.7879624599629,99.9578894134803
47.4853687505404,99.9886269302022
