0,0
0,0.0307377049180251
0,0.0614754024880369
8.24082983667449e-30,0.0922130903504068
-5.93604584659565e-22,0.122950770695328
4.09057910575092e-21,0.153688442046777
-5.72108586728647e-20,0.184426106429018
-1.34880996217678e-19,0.215163765202129
1.27104130946402e-18,0.245901419647979
5.81297607409403e-18,0.276639070053592
2.29316926061081e-18,0.307376717055326
-4.86970714887814e-17,0.338114361068123
-1.75711208814302e-16,0.368851995499537
-2.36796756767783e-16,0.39958961468508
2.78784702773049e-16,0.43032723164101
2.10687630518986e-15,0.461064854329843
5.1723269154579e-15,0.491802487068166
6.58516594432379e-15,0.52254011771815
-9.88062406399349e-16,0.553277745330933
-2.7461134620488e-14,0.584015362119256
-7.64002196642497e-14,0.614752972325416
-1.28461249032887e-13,0.645490583850634
-1.24076761242472e-13,0.67622819039849
3.7940908753702e-14,0.706965790101566
4.63206522903248e-13,0.737703386133805
1.16973689430297e-12,0.768440987392912
1.95069279557828e-12,0.799178590613437
2.24591768986643e-12,0.829916194019753
1.1254838556818e-12,0.860653798045914
-2.48530710597088e-12,0.891391402971347
-9.24160381826508e-12,0.922128964631989
-1.84938180974544e-11,0.952866500975362
-2.73007676623186e-11,0.983604030678168
-2.98005971422155e-11,1.01434157098635
-1.75847296814424e-11,1.04507913583967
1.82759289470914e-11,1.07581668213725
8.32020728064246e-11,1.10655423961288
1.73384585179384e-10,1.13729183724452
2.69644665069102e-10,1.16802945408714
3.33198468652874e-10,1.19876707897137
3.0642118458818e-10,1.22950470118017
1.21751194746275e-10,1.26024232351271
-2.79214323428695e-10,1.29097993479008
-9.16822148499305e-10,1.32171750795398
-1.73869732295373e-09,1.35245505490298
-2.58759738772453e-09,1.38319255797327
-3.18396015241314e-09,1.41392956073925
-3.13708346608141e-09,1.44466711744059
-1.99806818362689e-09,1.47540467281027
6.38359096573509e-10,1.50614223161649
4.98618139985022e-09,1.53687952223722
1.08912417651022e-08,1.56761709989605
1.76587558316608e-08,1.59835468653807
6.58734237416691e-09,1.6290922929562
-9.89857603642538e-09,1.65982992291102
-3.28696456499067e-08,1.69056753566303
-6.30557659707922e-08,1.72130516009688
-9.83966094399398e-08,1.75204278863671
-1.39676082311499e-07,1.78278042471604
-1.04653114568995e-07,1.813518066157
-7.79448865752835e-08,1.84425562765599
-6.09365855416645e-08,1.87499320594546
-5.47182899709836e-08,1.90573078950371
-6.03109285186618e-08,1.93646836709729
-7.86504149472934e-08,1.96720592282683
-1.10288374244779e-07,1.99794349371662
-1.5483446691035e-07,2.02868106266296
-2.10232286152837e-07,2.05941862927942
-2.72018040896462e-07,2.09015619355044
-3.3275133562251e-07,2.12089376140264
-3.81825523032053e-07,2.15163131754006
-4.0585455289333e-07,2.18236889409339
-3.89792410702132e-07,2.21310646754845
-3.18862641159625e-07,2.2438440440544
-1.81264321803879e-07,2.27458162659229
2.85202053242509e-08,2.30531921228425
3.06147320694962e-07,2.33605679147182
6.34047177858306e-07,2.36679437620322
9.78880639342021e-07,2.3975319697865
4.87496376050727e-07,2.42826956071656
8.94556170336855e-07,2.45900715192855
1.15901884009176e-06,2.4897447427349
1.219643457803e-06,2.52048233085144
1.01352763397901e-06,2.55121991431288
4.80334452902484e-07,2.58195748749731
-4.30203542275115e-07,2.61269507302665
-1.74780598173244e-06,2.6434326506468
-3.46917251496969e-06,2.67417022631605
-5.54513491042589e-06,2.7049078050976
-7.86956144035005e-06,2.73564538057297
-1.02724599936077e-05,2.76638295017894
-1.2519816086214e-05,2.79712052151134
-1.4322525519205e-05,2.82785809315153
-1.53562802392702e-05,2.85859565926508
-1.29550786041011e-05,2.88933322290936
-1.39920670825564e-05,2.92007078301786
-1.17018860530354e-05,2.95080834842087
-1.24823365666691e-05,2.9815459010697
-1.14582878861624e-05,3.01228346848504
-8.4810890292356e-06,3.04302102045109
-3.59091476375025e-06,3.07375856436108
2.93755374887397e-06,3.10449611014345
1.05500712965772e-05,3.13523363780654
1.83662275857523e-05,3.1659711563522
2.51195924799637e-05,3.19670867671444
2.90686347173532e-05,3.22744619712337
2.78640952631677e-05,3.25818370686127
1.8364051884479e-05,3.28892121784269
-3.60222374652266e-06,3.31965873912636
-4.35117867119137e-05,3.35039625437988
-1.0550408610093e-05,3.38113377193807
-7.75810244173261e-05,3.41187129407478
-0.000193704832653884,3.44260880549937
-0.000371100875414983,3.47334631540563
-0.00062140119624218,3.50408381670274
-0.000957929002467827,3.5348213231943
-0.00139691241087353,3.56555881383764
-0.00195846951030116,3.59629628323963
-0.00266772651016038,3.62703374452948
-0.00355620035650506,3.65777120511989
-0.00466348625857588,3.68850865706991
-0.00603925149542486,3.71924610106813
-0.00774553973882992,3.74998354040477
-0.00985939811237086,3.78072098656354
-0.00792169071832835,3.81145842677026
-0.010572503667199,3.84219586171327
-0.0140482791495172,3.87293329706268
-0.0184624568070802,3.9036707370233
-0.0239373823342397,3.93440816719226
-0.0306093633769942,3.96514560371005
-0.0386347327751077,3.99588304831077
-0.0481961039368225,4.02662050409344
-0.0595070082471027,4.05735795040541
-0.049495344954716,4.08809539033821
-0.0619035583083756,4.11883281807964
-0.0770129446365133,4.1495702606267
-0.0950911718300022,4.1803076977258
-0.0790427338100181,4.21104513619484
-0.098137628825205,4.24178256785715
-0.120640463063154,4.27252000785565
-0.146887881236539,4.3032574391438
-0.177200028270226,4.33399486287667
-0.211898742785741,4.36473227696953
-0.251318373928876,4.39546968515994
-0.295812521390769,4.42620709166556
-0.345757575034611,4.45694449458504
-0.401552646756901,4.48768189200899
-0.463615374738734,4.51841929729648
-0.532373592881046,4.54915671493581
-0.608253462360047,4.57989412228269
-0.691665100174313,4.6106315150657
-0.782987674305211,4.64136890945941
-0.882556383211,4.67210632805238
-0.990653423699464,4.70284377881087
-1.10750453360658,4.73358122189875
-1.00204703159341,4.7643186639334
-0.907819887788082,4.79505611021378
-1.03151855058178,4.82579352406475
-1.17805122742585,4.85653091730317
-1.34194754607769,4.88726832750428
-1.51894209193534,4.91800576055558
-1.70560679787417,4.94874319376102
-1.89928883423079,4.97948061048721
-2.09827469822468,5.0102180142121
-2.30173553103573,5.04095540926067
-2.10934757231274,5.07169279709463
-2.31427811059882,5.10243023073642
-2.52811050731178,5.13316761216989
-2.74924763051071,5.16390499517878
-2.97639735811148,5.19464238407493
-3.20865775754708,5.2253797787879
-3.44542596504482,5.25611718336444
-3.68625992167395,5.28685459581634
-3.45368746482496,5.31759200722771
-3.69584846350029,5.34832953962238
-3.94457573652182,5.37906691398065
-3.70469641929959,5.40980427953462
-3.95542453304961,5.44054178572839
-4.21340633114888,5.47127911470866
-4.47683386964538,5.50201643153545
-4.74452597940968,5.53275373637413
-5.0156730025565,5.56349102731873
-5.28971480798572,5.59422830231289
-5.56625106166083,5.62496556273586
-5.84498917074618,5.65570280646515
-6.12571409503993,5.68644002839485
-6.4082586148381,5.71717722727103
-6.6924761231247,5.74791440486894
-6.97823594233945,5.77865156295748
-7.26544011504162,5.80938869741059
-6.99380868402178,5.84012580793596
-6.73284314013864,5.87086298187972
-7.01239811772774,5.90160012811291
-7.30633865904267,5.93233717469027
-7.61104642020762,5.96307417623978
-7.92304729459108,5.99381112670952
-8.23905829300259,6.02454803102014
-8.55658535550288,6.055284895505
-8.8738184094469,6.08602172103042
-9.1893687675286,6.11675850716468
-9.5021142069086,6.14749526089438
-9.81107983120268,6.17823198813619
-10.1154616684491,6.20896869333618
-10.4147213279155,6.23970537439085
-10.7085000079316,6.27044202190333
-10.9965536184877,6.30117863801807
-11.2789043445787,6.33191522407779
-11.5559018757811,6.36265176261841
-11.8281083923103,6.39338825124527
-12.0961845373277,6.42412469157959
-12.360818125133,6.45486108561683
-12.6226816222013,6.48559743570633
-12.8824046550084,6.5163337445356
-13.1405517503713,6.5470700151142
-13.39761126315,6.57780625076709
-13.6539989415418,6.60854245514309
-13.9100739237847,6.63927861886633
-14.1661599876415,6.67001472460689
-14.4225414209125,6.70075077855214
-14.6794376971081,6.73148678771366
-14.9370197131323,6.76222275953212
-15.1954380343103,6.79295870156653
-15.4548340986544,6.82369462125548
-15.7153409551853,6.85443052574752
-15.9770785526658,6.88516642179027
-16.2401567646393,6.9159023156662
-16.5046883559207,6.94663821316514
-16.7707959589378,6.97737411958736
-17.0385949601413,7.0081100397705
-17.3081732754126,7.03884597479865
-17.5795890137119,7.06958188437199
-17.8528754539175,7.10031777302674
-18.1280463601499,7.13105364597014
-18.4051008735818,7.16178950908223
-18.6840298060071,7.19252531329888
-18.9648215067069,7.22326103887474
-19.2474629690169,7.2539966820067
-19.2657051303833,7.2847322351707
-19.5505035801306,7.31546787953897
-19.8368076762953,7.34620349752746
-20.1246728608546,7.37693904228253
-20.414017195016,7.40767450786883
-20.7047459908825,7.43840990040564
-20.9967249060817,7.46914522406709
-20.7105563625414,7.4998804790282
-21.002876670612,7.53061566991412
-21.2990707678142,7.56135080197163
-21.0102355544127,7.59208585914704
-21.307484261244,7.62282082749173
-21.6098988936901,7.65355576364246
-21.3157881802893,7.684290599339
-21.619192335811,7.71502538302626
-21.326733828124,7.74576005356109
-21.6316834907161,7.77649471994182
-21.9445731590539,7.80722906035903
-21.6409244989103,7.83796339618456
-21.9552697818865,7.86869804231616
-22.276023467985,7.89943220594265
-22.6006681104592,7.93016645249653
-22.286571786194,7.96090088319137
-22.6105392994678,7.99163529911593
-22.9398981842928,8.02236968310293
-22.6200785676013,8.05310382919144
-22.9493330972496,8.08383778947172
-23.2836213617415,8.11457175414194
-22.9581685399273,8.14530556479718
-23.292397506825,8.17603926905338
-22.9687711438269,8.20677295801158
-22.6542515412812,8.23750658481204
-22.9831796889497,8.26824044431307
-22.6666634640215,8.2989741382689
-22.998228401217,8.32970783272346
-23.3408821596247,8.36044157295065
-23.0094921680732,8.39117543853174
-23.3542589242402,8.4219093265845
-23.0210221368166,8.45264317754294
-23.36805638494,8.48337698135846
-23.7243618514108,8.51411065131681
-24.0862626981188,8.54484423074052
-23.735543226942,8.57557782646275
-23.3945556466788,8.60631196109603
-23.7500973221443,8.63704594043999
-23.4069576736798,8.66777968453643
-23.0744269996536,8.69851372196249
-23.4232641242309,8.72924777750405
-23.0878473752466,8.75998161133651
-23.4403040582021,8.79071579298851
-23.8067183467578,8.8214497706829
-23.4519519378007,8.8521837926865
-23.8211892435347,8.88291907821044
-23.4653514450927,8.91365319201364
-23.1208591197694,8.94438873812093
-23.4825425503001,8.9751244120936
-23.1353405180456,9.00585832677697
-23.5015294680117,9.03659411968895
-23.8831078386004,9.06732807103085
-23.5147396443433,9.0980620029681
-23.8987707954753,9.12879850500678
-24.2945300847351,9.15953268253415
-23.9097685599467,9.19026701871374
-24.3079007072597,9.22100493226744
-23.9226972016092,9.25173973562323
-23.5481325870639,9.28247791472909
-23.9384842568445,9.31321605902911
-23.5622010207708,9.34395110587865
-23.9555264108729,9.37468929213388
-24.3626199729352,9.40542422926655
-23.9717031954042,9.43615912389418
-23.5942545829739,9.46689743693114
-23.9912158328414,9.49763566640616
-24.4048240611171,9.52836998911645
-24.8299475943658,9.55910425613311
-24.4188178433227,9.58983854230508
-24.0192460034221,9.62057724559101
-24.4357482571502,9.65131584282013
-24.0339087404061,9.68204983562311
-23.6442560705765,9.71278854159876
-24.0524166204649,9.74352713716926
-23.6598435596875,9.77426112865119
-24.0739021674985,9.80499987686715
-23.6750543953894,9.8357343639582
-24.0953025142722,9.86647291344097
-23.6915289940548,9.89720705801696
-23.3009862598862,9.9279453890301
-23.7134991019334,9.95868356286814
-23.3181631350761,9.98941668651274
-23.7390780791217,10.0201546909603
-23.3360382859,10.0508868607844
-22.9470596344068,10.0816247935226
-23.3612236094782,10.1123626353845
-22.9651755674915,10.1430943731286
-23.3895660574061,10.1738321633463
-22.9839418279558,10.2045642642447
-23.4182004750333,10.2353020277743
-23.8737460299939,10.2660351415993
-23.4365702467766,10.2967680023073
-23.0128708466479,10.3275057718642
-23.4587603306807,10.3582435097371
-23.031047388285,10.3889742184563
-23.4838623749086,10.4197119353917
-23.9564395511678,10.4504412939186
-23.4985936716267,10.4811700994314
-23.9752090542709,10.511907812809
-23.5148566534811,10.5426356160275
-23.9936585304834,10.5733733068918
-24.4869968928762,10.6041007441815
-24.0109722159872,10.6348275906044
-23.5489602793163,10.6655652658334
-24.0314223173233,10.6963029503589
-24.530668787306,10.7270321420172
-25.0422195236874,10.7577609726551
-24.5455278604121,10.7884892450044
-24.0601001744707,10.819226907715
-24.5629185773612,10.8499645728257
-24.0753559057035,10.8806877069056
-24.5804852720592,10.9114253653644
-25.0990540919998,10.9421463935382
-24.5956219202078,10.9728663876821
-24.1041000149057,11.0036040421793
-24.6132874850807,11.0343417037613
-24.1204605752483,11.0650608817069
-23.6406582703223,11.0957985435194
-24.1399672838952,11.1265362111464
-23.6581348728068,11.1572575652806
-24.1628980887346,11.1879952315984
-24.6856729386002,11.2187179924364
-24.1806967377921,11.2494397856608
-23.6889885506928,11.2801774509742
-24.2014393785839,11.3109151226049
-23.7072750229714,11.3416303220988
-23.2274628536705,11.3723679940697
-23.7305462489718,11.4031056678619
-23.2467385744733,11.4338204579951
-23.7577349849683,11.4645581312633
-24.2907587068153,11.4952723515416
-23.7761246530539,11.5259860734829
-23.2755338655193,11.556723748544
-23.7992474552295,11.5874614226482
-23.2949995253949,11.6181780301205
-22.8059449230698,11.6489157054362
-23.3203790226909,11.6796533713562
-22.8263740860755,11.7103644857525
-23.350147693167,11.741102157327
-23.8978949132986,11.7718118372478
-23.3696113218082,11.8025206833279
-22.8558962845733,11.8332583615512
-23.3939859318098,11.8639960331167
-22.8762204277404,11.8947131461799
-23.4218322231913,11.9254508194242
-23.9891979718485,11.9561699917788
-23.4436451187348,11.9868877313018
-22.9132409080121,12.0176254124039
-23.4677926255094,12.0483630838019
-22.934095036856,12.0790822596841
-22.4161999693735,12.1098199329047
-22.9608262929041,12.1405575910124
-22.4378671396738,12.1712817334651
-22.991652473399,12.2020194010268
-23.5703010774513,12.2327503432524
-24.1675553955205,12.2634798112557
-24.7781000228977,12.2942085741476
-24.1844782524478,12.3249355257739
-23.6030507768474,12.3556731941584
-24.2037138413503,12.386410872708
-23.6207020419151,12.4171436058251
-24.2239099850422,12.4478812899803
-24.8419076382972,12.4786094402375
-24.2424952018257,12.5093378677101
-23.6557164537462,12.5400755390075
-24.2622590594614,12.5708132204334
-23.6744069389771,12.6015365276826
-23.1008339048414,12.6322742098606
-23.6961859817031,12.6630118904145
-23.1208360419767,12.6937369817513
-23.7211638144549,12.7244746640112
-24.3407963941717,12.7552060345056
-23.741365206806,12.785936131258
-23.1563419287401,12.8166738105992
-23.7647646404361,12.8474114895451
-23.1783616949166,12.8781491705875
-22.6074397173964,12.908886849137
-23.2036758239635,12.9396245294456
-22.6292840698634,12.9703622149561
-23.2322718659154,13.0010998947476
-22.6520406166203,13.0318375198227
-22.08836022427,13.0625751969464
-22.6810943269794,13.0933128782853
-22.1107524169216,13.1240505639951
-22.7115025513254,13.1547882436855
-22.1339418571665,13.1855258608952
-22.7439846125104,13.2162635377779
-23.379379577676,13.2470011551746
-22.768246098238,13.2777387809498
-22.1726857682717,13.3084764506548
-22.7954966350992,13.3392141239158
-22.1955612208359,13.369951805727
-22.8260193578855,13.4006894789494
-23.4800799051108,13.4314271576475
-22.8510211894504,13.4621648289673
-22.2373277272493,13.4929024977894
-22.8765780903743,13.5236401684059
-22.26011966201,13.5543778442039
-22.9056233650632,13.5851155158142
-23.5737484482692,13.6158531890523
-22.9310393760648,13.6465908598993
-22.3037664907185,13.6773285308849
-22.9565317340375,13.7080662019244
-22.3275642349163,13.738803874021
-22.9863785724591,13.7695415469922
-23.668145389189,13.8002792191187
-23.0122410335301,13.8310168936738
-22.3717351912776,13.8617545700557
-23.0377408286863,13.8924922455398
-22.3963503938991,13.9232299176916
-21.9729397850324,13.9539675942581
-22.6266436694273,13.9847052677706
-21.9937652988064,14.0154429382017
-22.653994950562,14.0461806058023
-22.015978168581,14.0769182750113
-22.684299966968,14.1076559480065
-23.3747483221342,14.13839362063
-22.7076686647956,14.1691312987603
-22.0546814521693,14.199868966728
-22.7318806906205,14.2306066475413
-22.0764771891914,14.2613443219357
-22.7592289832087,14.292082004535
-23.4625709258971,14.3228196798603
-22.7842858554328,14.3535573641453
-22.120567605513,14.3842950327116
-22.808917621855,14.4150327164207
-22.1430226714278,14.4457703938301
-22.836949294644,14.4765080789436
-23.5517461270606,14.5072457582226
-22.8618130298825,14.5379834435754
-22.1862789575623,14.568721113949
-22.8860502708374,14.5994587977984
-22.2093400469538,14.6301964768548
-22.9142748749796,14.6609341620134
-23.6401574082187,14.6916718426601
-22.9397001672068,14.7224095281091
-22.2536833975908,14.7531471996771
-22.9642124430157,14.7838848825793
-22.2775116826274,14.8146225617396
-22.9930098532971,14.8453602461676
-23.729740491023,14.8760979262674
-23.0183915525512,14.9068355569814
-22.3214327617853,14.9375732286047
-23.0429612259251,14.9683109104687
-22.3455251933654,14.9990485385978
-21.6634072062409,15.0297862223379
-22.3722580574771,15.0605239028684
-21.6865201434494,15.0912614991532
-22.4013466398378,15.1219991810738
-21.7104954859416,15.1527368474158
-22.432586288118,15.1834745312412
-23.1776186925764,15.2142121366024
-22.4585586331963,15.2449497474335
-21.7542812389987,15.2756874230691
-22.4841064152482,15.306425107301
-21.7774925458792,15.3371626981468
-22.5124754505001,15.3679003837596
-23.268641283909,15.3986380346401
-22.5312100205014,15.4293757201136
-23.2932250455606,15.4601133937306
-22.5514867601009,15.4908510756681
-23.3173321630462,15.5215887526984
-22.5724316433269,15.5523264328275
-22.9020420123887,15.5830641132577
-23.6682865827941,15.6138017932253
-22.9166451464205,15.644539456643
-23.6861185089696,15.6752771237854
-22.9340389817892,15.7060147131792
-23.7059180854739,15.7367523837653
-24.4891906077517,15.7674899696236
-23.7258027997447,15.798227556387
-22.9730888633081,15.8289652246078
-23.7473229677997,15.8597028484887
-22.9922059875507,15.890440466566
-23.7702742205169,15.9211781436354
-24.5617820014843,15.9519157250928
-23.7901200402666,15.9826533258376
-23.0297522911538,16.0133909980074
-23.8124566098723,16.0441286789894
-23.0495350080917,16.0748662711138
-23.8361086658347,16.1056039512456
-24.6365652267369,16.1363415328597
-23.8499260139604,16.1670791377225
-24.6538052845025,16.1978167530925
-23.8657555219107,16.2285543638298
-24.6716126922703,16.259292040075
-23.8831215591694,16.2900296006676
-23.1044737865836,16.3207672789741
-23.9034982406602,16.3515049589916
-23.1223948066441,16.3822425258346
-23.924947568955,16.4129802052215
-23.1415707529518,16.4437178049123
-23.9472079463051,16.4744554844113
-24.7647605813727,16.5051930900268
-23.9672082210092,16.5359307190047
-23.1797723816797,16.5666683953047
-23.9885416857801,16.5974060539174
-23.1994489140339,16.6281436679239
-24.0115380367551,16.6588813511875
-24.8361224277967,16.6896189524833
-24.0330326195924,16.7203565644549
-23.2404024221372,16.7510942412579
-24.0554348887295,16.781831889688
-23.2606920745637,16.8125694642603
-24.0794208281502,16.8433071478188
-24.9111503990468,16.8740447237274
-24.0934013446701,16.9047823144636
-24.9279117052411,16.9355199916712
-24.1088463369775,16.9662576111575
-24.9449362602403,16.996995290711
-24.1262958095577,17.0277329165148
-23.3178141644369,17.0584705975808
-24.1466622137768,17.0892082827587
-23.3362168355092,17.1199459004711
-24.1680733209132,17.1506835845919
-23.3559091976946,17.1814212007719
-24.1903511944498,17.2121588846262
-25.0360278087838,17.2428965007124
-24.2102312280254,17.2736341003647
-23.3939285744703,17.3043717778619
-24.2313597822509,17.3351094617587
-23.4136365315155,17.3658470638942
-24.2539497919297,17.3965847473777
-25.105712940117,17.427322344228
-24.2753849563529,17.4580599478642
-23.455074130426,17.4887976258918
-24.2974975864359,17.5195353089501
-23.4756319669117,17.5502729042363
-24.3212225310934,17.5810105871534
-25.1789381769095,17.6117482679465
-24.3348729598255,17.6424858709964
-25.1948933594223,17.6732235494234
-24.3501145416615,17.7039612125446
-25.2113308185366,17.7346988930273
-24.3673811199491,17.7654365697495
-23.5332288584433,17.796174251513
-24.387403449721,17.8269118910309
-23.5514673847078,17.8576495645713
-24.408262878566,17.8883872476409
-23.5711674897547,17.9191249237512
-24.4300261042065,17.9498626065625
-25.2991045049443,17.9806002846381
-24.4500222806159,18.0113379594315
-23.6105831726726,18.0420756393136
-24.4715702102747,18.0728133218514
-23.6307828341466,18.1035509978354
-24.4944024965416,18.1342886807458
-25.3688874288042,18.1650263577758
-24.5074775911706,18.1957639773759
-25.3836047342336,18.2265016579177
-24.5225079636458,18.2572393333411
-25.3993243699889,18.2879770154273
-24.5395624663139,18.3187146918555
-23.6893955001909,18.3494523747598
-24.5595296926593,18.3801900576316
-23.7076042853054,18.4109277280676
-24.5801503563736,18.4416654111886
-23.7271874986596,18.4724030837085
-24.5083863194399,18.503140766703
-25.3480055541101,18.533878440631
-24.5164275464893,18.5646160949245
-25.3554642012819,18.595353771729
-24.5287001780764,18.6260914360309
-25.3663388237325,18.6568291155021
-26.2064053345005,18.6875667827625
-25.3797044689234,18.7183044490675
-26.2184656174087,18.7490421190826
-27.0588009497854,18.7797797895969
-26.2238216344066,18.8105174505705
-27.0625288959387,18.8412551066542
-26.2306766105944,18.8719927728104
-27.0680061019124,18.9027304354814
-27.9032528560134,18.9334681058454
-27.0734442579206,18.9642057523978
-27.9062985283932,18.9949434100291
-28.7347191504011,19.025681058531
-27.9106839816762,19.0564186911913
-28.7345818802625,19.0871563459433
-29.5515432801086,19.1178939858162
-28.7378880159392,19.1486316186581
-27.9239904223546,19.1793692760681
-28.7388263344152,19.2101069491423
-27.929360788387,19.2408446066778
-28.7411576947077,19.2715822813218
-29.5489905887819,19.3023199400767
-28.74307772336,19.3330575747781
-29.5482552246085,19.3637952370342
-30.348005218985,19.3945328772005
-29.5452020084867,19.4252705147318
-30.3414193364511,19.4560081780084
-29.5434521351227,19.4867458209975
-30.3360523986143,19.5174834903308
-31.1185881752234,19.5482211385749
-30.3375197237254,19.5789587794287
-29.5541142957738,19.6096964499984
-30.3354474727288,19.640434127122
-29.5575131026485,19.6711717883617
-28.7811763820149,19.7019094663838
-29.5622748814548,19.7326471422146
-28.787176765548,19.7633848143782
-29.5682680306869,19.7941224899983
-30.3475882222488,19.8248601623025
-29.565841991794,19.8555978189464
-30.3447194444362,19.8863354937155
-29.5657285754884,19.9170731513773
-30.3430395197177,19.947810829094
-31.1133673398925,19.9785484861072
-30.3460779836448,20.0092861345676
-29.5795497172882,20.0400238082004
-30.3487530978045,20.0707614882091
-31.113621670051,20.1014991475799
-31.8694842176346,20.1322367988707
-31.1140047439232,20.1629744384697
-30.3570031752274,20.1937121030581
-31.1124886982729,20.2244497814947
-30.3627380605878,20.2551874397857
-29.6164897659937,20.2859251192773
-30.3702986644059,20.3166627985328
-29.6253534027485,20.3474004639529
-28.8862775248742,20.3781381440428
-29.637453239159,20.4088758229147
-28.8983755439093,20.4396134896235
-29.6503146502249,20.4703511691627
-30.4058290429473,20.5010888371488
-29.6614919427823,20.5318264955891
-28.9247989310428,20.5625641747996
-29.6762083156065,20.5933018598818
-28.940087326027,20.6240395282767
-28.2134973579027,20.6547772136941
-28.9583423839626,20.6855148978701
-28.2304150807795,20.7162525617337
-28.9772159510235,20.7469902481854
-29.7328049474908,20.7777279130006
-28.9931250982619,20.8084655780197
-28.2629089729597,20.8392032583649
-29.0119350811053,20.8699409465574
-28.280778583576,20.9006786116145
-29.0314690476134,20.931416298528
-29.7909269176871,20.9621539648648
-29.0437243291602,20.9928916136948
-29.8034587131565,21.0236292914148
-29.0571965022646,21.0543669425213
-29.8166489048894,21.0851046220595
-30.5791801927924,21.1158422750503
-29.8292568816705,21.146579916297
-29.0863602162186,21.177317596192
-29.8438023923295,21.2080552778157
-29.1012574288213,21.2387929345849
-29.8590250526414,21.2695306163058
-30.6210328787164,21.3002682736708
-29.8725983793426,21.3310059173198
-29.1320354236734,21.3617435984679
-29.8887996885334,21.3924812808031
-29.1482882710667,21.4232189398449
-29.9056626419459,21.4539566217375
-30.6683407923572,21.4846942813592
-29.9144747286226,21.5154319177673
-30.676814957563,21.5461695881353
-29.9245292595586,21.5769072286246
-30.6858689278968,21.607644902894
-31.4470783222854,21.6383825470402
-30.694945922865,21.6691201829964
-29.9474371431299,21.6998578378512
-30.7056303963052,21.7305955173146
-29.9591036623432,21.7613331689818
-30.7169710357643,21.7920708492178
-31.4761141877241,21.8228085029129
-30.7276486845284,21.853546145157
-29.9842125937268,21.8842838044665
-30.7399331470113,21.9150214836019
-29.9970329660236,21.945759143567
-30.7527792913248,21.976496823059
-30.0069519197778,22.0072344831326
-30.7636786957781,22.0379721626092
-30.0153127849466,22.0687098227731
-30.7727881242851,22.099447502519
-30.0295944100858,22.1301851632109
-29.2936044171765,22.1609228426303
-30.0455322877186,22.1916605167225
-29.3072034736985,22.2223981826877
-30.0605125518227,22.2531358585625
-29.3222500326894,22.2838735220654
-30.0761352855159,22.3146111984959
-29.3382241184172,22.3453488575711
-30.0925536516618,22.3760865355716
-30.8527501054878,22.406824195436
-30.100065755991,22.4375618461295
-30.8604721324995,22.4682995071324
-30.1082544041203,22.4990371606324
-30.8681706604207,22.5297748258798
-30.1174775717052,22.5605124808137
-30.8765713399068,22.5912501485248
-30.1277710436625,22.6219878046632
-30.8859557173001,22.6527254663179
-30.1392523605604,22.6834631248381
-30.8966000354198,22.7142007893801
-31.6555612899098,22.7449384495136
-30.903971636709,22.7756760952319
-31.6615661860675,22.8064137411625
-32.4170362371047,22.8371513925373
-31.6677078609541,22.8678890296569
-32.4203215475206,22.8986266703911
-33.1682945758293,22.9293643101528
-32.4262775572236,22.9601019360536
-31.6855864276195,22.990839578481
-32.4313036945751,23.0215772315309
-31.6930139430275,23.0523148772951
-32.4373603467876,23.0830525338472
-33.1792891537576,23.113790183332
-32.4459205563348,23.1445278164809
-31.7155318351507,23.1752654639524
-32.4544321569286,23.206003121858
-31.7271935931192,23.2367407695353
-31.1082522023136,23.2674784302504
-31.8384089685233,23.2982160775274
-31.1185826189051,23.3289537094679
-31.8493908339881,23.359691355594
-31.1309938125075,23.3904289865584
-31.8613899091881,23.4211666361493
-32.5940265888197,23.4519042534112
-31.8743045326507,23.4826418629843
-31.1597893552548,23.5133795036842
-31.8875640595922,23.544117153939
-31.1731708688335,23.5748547834364
-31.9014525082046,23.6055924375164
-31.182813093603,23.6363300716825
-31.9126458144634,23.6670677264705
-31.1969972456254,23.697805362121
-31.9266974268011,23.7285430191858
-32.659729070203,23.759280656444
-31.9316523921716,23.790018278764
-32.6645404842417,23.8207559269362
-31.9380236893082,23.8514935486695
-32.6699010833672,23.8822312010735
-31.9455876520198,23.9129688153228
-32.6760658227975,23.9437064649577
-33.4051135092974,23.9744440832995
-32.6827018612229,24.0051816918693
-33.4090878071069,24.0359193423532
-34.1316675316766,24.0666569524067
-33.4151895528614,24.0973945600204
-34.1336740537353,24.1281322155444
-34.8463673483336,24.1588698251942
-34.1374626583118,24.1896074332803
-33.4283580863414,24.2203450943414
-34.1395298609342,24.2510827055595
-33.4336605648419,24.2818203370317
-34.1430201747573,24.3125580006351
-34.8484307841596,24.3432956281003
-34.1404046722561,24.3740332469478
-34.8442737447951,24.4047709072629
-34.1438444101762,24.4355085319833
-33.4441791841284,24.4662461949556
-34.147237307538,24.4969838605673
-33.4479715366859,24.5277214909489
-34.1506549112851,24.5584591561725
-34.8501613806497,24.5891967835215
-34.154066326591,24.6199344012105
-33.4588782068113,24.6506720601294
-34.1578921833288,24.6814096843746
-34.8544517325525,24.7121473121866
-34.1606598517909,24.7428849300679
-33.4678834817853,24.7736225913381
-34.1646290687399,24.8043602576359
-33.4711949691005,24.8350978838924
-34.1680398733581,24.8658355507146
-33.4789123687864,24.8965731738844
-32.7944584887898,24.9273108396835
-33.4880665256428,24.9580485133719
-32.8029048270547,24.9887861555436
-33.4969661502361,25.0195238288237
-32.8135577190771,25.0502614654573
-32.1370125498808,25.0809991362556
-32.8261269311778,25.1117368139447
-32.1473743949913,25.1424744634086
-32.8376844972513,25.1732121400215
-32.1588519280526,25.2039497884049
-32.8496281132627,25.2346874635779
-32.1711617511805,25.265425111138
-32.8622709161265,25.2961627806747
-33.5581729811032,25.3269004269672
-32.8690519189696,25.3576380503413
-33.5649110433288,25.3883757091545
-34.2612434798537,25.4191133283927
-33.5669088089883,25.4498509349538
-34.2626843884142,25.4805885951218
-34.9552656701339,25.511326203225
-34.2660379525503,25.5420638073468
-33.5780821818333,25.5728014725916
-34.269842762525,25.6035390267203
-33.5825684098796,25.6342766390759
-34.2737624046894,25.6650143066636
-34.9631308870544,25.6957519132725
-34.2723837942393,25.7264895124937
-34.9611880508111,25.7572271790353
-35.644437996861,25.787964780584
-36.3190642319081,25.8187023814758
-35.6455332076184,25.8494399896938
-34.9697989558822,25.8801776613948
-35.6446120516603,25.9109153362569
-36.3136855170087,25.9416529574306
-36.973464485891,25.9723905729309
-36.3125783118819,26.0031281926677
-35.6529967689845,26.0338658677724
-34.9931827670094,26.0646035468097
-35.6554938037035,26.0953412232861
-34.9980100743608,26.1260788644713
-34.343718560849,26.1568165396321
-35.004605318947,26.1875542218165
-34.3533730788215,26.2182918704917
-33.7085529134677,26.2490295513344
-34.3647366548698,26.279767239743
-35.0251429480229,26.3105048854627
-34.3739748057779,26.3412425228723
-33.7293018564669,26.3719802000368
-34.3850497290295,26.4027178785523
-33.7423460205079,26.433455526574
-33.1071447013234,26.4641932055098
-33.7565151950352,26.4949308935701
-33.1198403844089,26.5256685323195
-33.7707026699906,26.5564062189568
-34.4287311358474,26.587143864103
-33.7823063420504,26.6178814969155
-33.1431202542729,26.6486191696587
-33.7954094518811,26.6793568433616
-33.1575081394079,26.7100944868833
-32.5274999720755,26.7408321618866
-33.1727176559165,26.7715698463015
-32.5401609850874,26.8023074791063
-33.1875156622908,26.8330451620198
-32.5539403771545,26.8637827965361
-33.2027494187432,26.8945204787704
-33.8605288362965,26.925258113317
-33.2128555436847,26.9559957360069
-33.8718128957856,26.9867334085208
-34.5355446899479,27.0174710383955
-33.8781567399915,27.0482086480216
-34.5418898961195,27.0789463216276
-35.2065754837653,27.1096839266188
-34.5453326147174,27.1404215224608
-33.8878593205702,27.1711592004264
-34.5510793680609,27.2018968775036
-33.8978268868394,27.2326344817207
-33.2511581662979,27.2633721595137
-33.9089651989231,27.2941098398701
-34.5716592986321,27.3248474629703
-33.9186501806125,27.3555850674121
-33.2721615899039,27.3863227443166
-33.9298474792304,27.4170604241921
-33.2835615017807,27.4477980475524
-33.9416908999431,27.4785357270451
-34.6047856266427,27.5092733458887
-33.9500676336935,27.5400109493654
-34.612806768683,27.5707486259179
-35.277153834801,27.6014862257601
-34.6208306312217,27.6322238226613
-33.9696297395108,27.6629615003822
-34.6302329497817,27.693699177996
-33.9820234434437,27.7244367800894
-33.3406062074268,27.7551744579453
-33.9952875910358,27.7859121358771
-33.352624988071,27.8166497559788
-34.0085185549332,27.8473874337511
-34.6703994998399,27.8781250459357
-34.0203395342189,27.9088626466674
-33.376913738952,27.939600320535
-34.033358810586,27.9703379944296
-33.391300371418,28.001075606205
-32.7568595504272,28.0318132816203
-33.4064324793941,28.0625509584148
-32.7696328706901,28.0932885970581
-33.4212809203353,28.1240262749445
-32.7841916736312,28.1547639144973
-32.1555216451385,28.1855015919216
-32.7996347393205,28.216239278487
-32.1680483302273,28.246976912408
-32.8144070023667,28.277714597302
-32.1812067472456,28.3084522343239
-32.8292534117394,28.3391899189055
-32.1928473448535,28.3699275551098
-32.843008180874,28.4006652361521
-32.2056868045672,28.4314028730999
-32.8572111418302,28.4621405541412
-33.5176823612749,28.4928781894576
-32.8668370474828,28.5236158025412
-33.5286708169654,28.5543534766813
-32.8802006899426,28.585091084638
-32.2397377547283,28.6158287610769
-32.8944116381625,28.6465664409623
-32.2525302336698,28.6773040715786
-32.9087484207683,28.7080417514704
-32.2636180595994,28.7387793744211
-32.9219328934739,28.76951705164
-32.2784945947696,28.800254673215
-31.6432698002128,28.8309923513723
-32.2937832209951,28.8617300343471
-31.6556195150511,28.8924676729587
-32.3082010135232,28.9232053551532
-31.6684882705039,28.9539429937006
-32.3225466410143,28.9846806755547
-31.6817864023913,29.0154183142464
-32.3371018908834,29.0461559939519
-33.0019743573268,29.0768936299561
-32.3473104404448,29.1076312398153
-33.0138344236928,29.1383688364156
-32.3616342310854,29.1691064443296
-31.7173475115589,29.1998441222363
-32.3765097919589,29.2305818024032
-31.7303161002477,29.2613194311623
-32.3912555231733,29.2920571111841
-31.744837019178,29.3227947358113
-32.4069683589009,29.3535324143331
-33.0785712676105,29.38427003049
-32.4166347235877,29.4150076291011
-33.0901393379817,29.4457453060047
-32.4265244441888,29.4764829083475
-33.1010579747404,29.507220587213
-32.4371743645686,29.5379581921197
-33.1122697774605,29.5686958715133
-32.4482723823882,29.5994334730004
-33.1239153994575,29.6301711519396
-33.8044279940897,29.6609087548336
-33.130174848734,29.6916463488553
-33.8108145281007,29.722384029488
-33.1401543016795,29.7531216249296
-32.4753547092063,29.7838593066967
-33.1511658031703,29.8145969886841
-32.4850208942327,29.8453345973819
-33.1615399269228,29.8760722788471
-32.4961779350097,29.9068098873138
-33.1729759666782,29.9375475685198
-33.8544466479256,29.9682851717912
-33.1792036088469,29.9990227674379
-33.8607916743361,30.0297604473439
-34.5433796946214,30.0604980464597
-33.8678578889265,30.091235645144
-33.1965622058258,30.1219733288644
-33.8758977431819,30.1527109744119
-33.2053274952028,30.1834485806018
-33.8843806507486,30.21418626258
-34.5654614619618,30.2449238678758
-33.8873019850609,30.2756614675966
-34.5682837674732,30.3063991504389
-33.8948379490216,30.3371367539287
-33.2258546638809,30.3678744378394
-33.9032795798367,30.3986121216514
-33.2351294251971,30.429349736278
-33.9123127374877,30.4600874194965
-34.5919610363365,30.4908250307615
-33.9176474064471,30.5215626341717
-34.5972994869606,30.5523002466836
-33.9244309848289,30.5830378559494
-33.2557772687183,30.613775539813
-33.9324344694214,30.6445132276676
-33.2633007338094,30.6752508407471
-33.9399898323072,30.7059885283926
-33.2736383442191,30.7367261476338
-32.6132343155556,30.7674638350263
-33.2849037571541,30.79820143885
-32.6229156994905,30.8289390649424
-33.295694119525,30.8596767514667
-32.6337866121628,30.8904143766936
-33.3069657306206,30.9211520631536
-33.984960736563,30.9518896821066
-34.6646674215265,30.9826272834971
-35.3430591273194,31.0133648943883
-34.664161056935,31.0441025090016
-35.341907374411,31.0748401997521
-34.6628040128176,31.1055778232119
-35.3399960536688,31.1363155154135
-36.0124101831106,31.167053143612
-35.3362236989145,31.1977907715276
-36.0072192887776,31.2285284617288
-36.6711137315993,31.2592660980877
-36.0023914227557,31.2900037306388
-36.6637466610789,31.3207414198751
-37.3162390234262,31.3514790623018
-36.6600285017486,31.3822166967352
-35.9997548589576,31.4129543865644
-36.654530857692,31.4436920799343
-35.9992204371604,31.4744297116643
-35.3427957393471,31.5051674090792
-35.9987847595692,31.5359051045563
-35.3462248193855,31.5666427384652
-34.6962122804334,31.5973804331275
-35.3507319682172,31.6281181276266
-34.7033903970639,31.6588557577713
-34.061460525843,31.6895934516761
-34.7121504173682,31.7203311484975
-34.0709566412476,31.7510687787766
-34.7213717352705,31.7818064747155
-35.3749117181593,31.8125441164144
-34.7259239766757,31.8432817491755
-35.3793704144126,31.8740194409688
-36.032526833981,31.9047570712588
-35.384054726397,31.935494690194
-34.7384534058586,31.9662323839704
-35.3897107346902,31.9969700776266
-36.0413174812653,32.0277077025915
-35.3904288361099,32.0584453162333
-36.0419747552858,32.0891830107674
-36.6905050787582,32.1199206233364
-36.0392874549479,32.1506582305792
-36.6871837471279,32.181395926974
-37.3293138879021,32.2121335360038
-36.6854663785889,32.2428711471069
-36.0392099258844,32.2736088437967
-36.683240800715,32.3043465412827
-36.0404723745487,32.3350841596377
-35.3984764563913,32.3658218567322
-36.0425242031637,32.3965595531362
-35.3997910971133,32.4272971756848
-36.0437882322291,32.458034871549
-36.6856580147004,32.4887724926771
-36.0467847229848,32.519510103306
-35.4089294150564,32.550247799258
-36.0500569867403,32.580985495639
-35.4124706321508,32.6117231145899
-34.7783809120167,32.6424608107261
-35.4179451533524,32.673198508309
-34.7843209217413,32.7039361212755
-35.4235761628709,32.7346738184507
-36.063825867966,32.7654114374369
-35.4255190206225,32.7961490508335
-36.0655987337407,32.8268867465324
-36.7039014613331,32.8576243555357
-36.0678696730845,32.8883619568328
-35.4328458340499,32.919099653331
-36.0706313082501,32.9498373499666
-35.4370838228551,32.980574963129
-34.807262724926,33.0113126595939
-35.4428482854888,33.0420503570294
-34.8147013395575,33.0727879778267
-34.1922586512824,33.1035256747228
-34.8235921306838,33.1342633729202
-34.2010100177161,33.1650009958352
-34.8325504630318,33.195738693329
-35.4678883708302,33.2264763225717
-34.8376863685593,33.2572139468261
-35.473201427254,33.2879516422355
-34.8457276159618,33.3186892624172
-34.2238832433939,33.3494269585059
-34.8549392458943,33.3801646556838
-34.23339503668,33.4109022908306
-34.8645938356703,33.4416399875352
-35.4998685423914,33.4723776200381
-34.8700801599033,33.503115228311
-35.5054462561116,33.5338529240877
-34.8763700306779,33.564590532084
-35.5113195616102,33.5953282283808
-36.1473157749254,33.6260658316527
-35.5128822838001,33.6568034243335
-36.1489060397789,33.6875410542323
-35.51830829411,33.7182786491567
-34.8918014859755,33.7490163468854
-35.5250676656646,33.7797540440892
-34.8998262715483,33.8104916440723
-35.5326031050299,33.8412293409473
-36.1673115450256,33.8719669429471
-35.5352058585993,33.9027045346694
-36.1700409696961,33.9334422128603
-35.5411060585709,33.964179806714
-34.9162697882085,33.9949175041142
-35.5481957189999,34.0256552011672
-34.923970469584,34.0563928054957
-35.5555836585357,34.0871305023847
-36.1891304076793,34.1178681029457
-35.5583536343702,34.1486056946013
-36.1919401894245,34.1793433916526
-36.8243028674986,34.2100809847254
-36.1908960910608,34.240818574842
-35.5577549760887,34.271556273313
-36.1917612089255,34.3022939715081
-36.8236324366716,34.3330315722195
-36.1901690844923,34.3637691681921
-35.5562851576136,34.3945068669046
-36.1900796161271,34.4252445652271
-35.559890280036,34.455982173607
-34.9320527636312,34.4867198715494
-35.564143542889,34.5174575699818
-36.1966710568624,34.5481951805837
-35.5674291698636,34.5789327896709
-35.0738846781512,34.6096704870104
-35.6987129904817,34.6404080918846
-35.0765027602506,34.6711456910541
-35.7005970375881,34.7018833892701
-36.3234229475103,34.7326209913727
-35.7008645902857,34.7633585936578
-36.3229962524974,34.7940962919558
-35.7040957457437,34.8248339001991
-35.0869865058892,34.8555715990427
-35.7077858359158,34.886309296815
-35.0926366714492,34.9170469077278
-34.481164503252,34.9477846067988
-35.0993715548259,34.9785223067929
-34.4873987272707,35.0092599163255
-35.1058161252637,35.0399976159751
-35.7262908787796,35.0707352313479
-35.1089065566656,35.1014728450113
-35.7295380205649,35.1322105454112
-35.1155025274462,35.162948160611
-34.5058122386585,35.1936858612496
-35.1231737669139,35.2244235611624
-35.7432610754301,35.2551611784698
-35.1287026973649,35.2858987886611
-35.7485363793205,35.3166364888541
-36.3688524698521,35.3473740948114
-35.7501347971511,35.3781116949262
-36.3701720004401,35.4088493962199
-36.9881470844535,35.4395869986117
-36.3711278864868,35.4703246024614
-35.7542714501003,35.5010623028749
-36.3726176619045,35.5317999155356
-36.9891521771157,35.5625375281512
-36.375149818386,35.5932751367113
-35.7630122033611,35.6240128379258
-35.1537420447511,35.6547505392343
-35.7685207750228,35.6854882400964
-35.1599086830391,35.7162258406984
-34.5557303212825,35.7469635413212
-35.1674315494261,35.7777012427309
-35.7822357503533,35.8084388454565
-35.1727371519914,35.839176464781
-35.7874578598778,35.8699141653121
-36.4029908833882,35.9006517843407
-35.789212887192,35.9313893967902
-36.4046710532807,35.9621270976902
-37.0185197743113,35.9928647097492
-36.4060064886648,36.023602317448
-35.7939668645104,36.0543400193244
-36.4079670897953,36.0850777208637
-37.0206475338166,36.1158153349513
-37.6300409909583,36.1465529412303
-37.0219938816192,36.1772905471518
-36.4167262131515,36.2080282490904
-35.8134873561539,36.2387659511834
-36.4220007256624,36.2695036527311
-35.8211698635465,36.3002412600785
-35.2251781668262,36.3309789614433
-35.830150398153,36.361716663021
-36.4384518460366,36.3924542608506
-35.8342913681355,36.4231918791662
-36.4430334506703,36.4539295802835
-37.0519378927642,36.4846671972937
-36.443739441832,36.5154048051835
-37.0526287087835,36.5461425067732
-37.6590226258405,36.57688011353
-37.0535457806004,36.6076177172681
-36.4478825886826,36.6383554197034
-37.0547234964385,36.6690931217804
-37.6594493199974,36.6998307330581
-37.0535070570603,36.7305683387765
-36.4469504133135,36.7613060412578
-37.0535453690743,36.792043743444
-37.6575959789485,36.822781351821
-38.2573395975012,36.8535189593243
-37.6588208097781,36.8842565648101
-37.0653370230174,36.9149942674768
-36.4786444580364,36.9457319699984
-35.9002336078966,36.9764696720976
-35.327357670804,37.0072073743125
-35.9145396692415,37.0379450755262
-35.3397048634892,37.0686826470861
-34.7716404465134,37.099420348441
-35.3540686588922,37.1301580510208
-34.7836309459364,37.1608956383679
-34.2208284893033,37.1916333406435
-34.797654389633,37.222371043526
-34.2324775633402,37.25310864485
-34.8112232903797,37.2838463478376
-34.2453176711729,37.3145839583037
-33.6873038051479,37.3453216609737
-34.2590181911886,37.3760593639968
-33.6991111452498,37.4067969787801
-34.2724580615459,37.437534681645
-33.7111944814006,37.4682723042658
-34.2857212247096,37.4990100065514
-34.8694771882533,37.5297476310643
-34.2956385784202,37.560485246585
-34.8812910183763,37.5912229475548
-35.4739419815623,37.621960563791
-36.07136445226,37.6526981772782
-35.4832345028709,37.6834357886195
-34.9002270217958,37.7141734903229
-35.493566982155,37.7449111920682
-36.0916928221424,37.7756488114653
-35.5034382674167,37.8063864100414
-34.9203645774434,37.8371241121609
-35.5142770004335,37.86786181419
-34.9296783537851,37.8985994328723
-35.5245971400786,37.9293371348976
-36.1241788255829,37.9600747479554
-35.5302930569067,37.9908123404733
-36.130439213943,38.0215500426329
-36.7323357004922,38.0522876359529
-36.1334104532001,38.0830252217844
-35.5369953500793,38.1137629246624
-36.1380740585799,38.1445006271995
-35.544787201347,38.1752382256532
-34.9562978701669,38.2059759281501
-35.5535811219814,38.2367136305164
-36.1546322783316,38.2674512400213
-35.5603253365348,38.2981888403851
-36.161377654891,38.3289265425921
-36.7640529348951,38.3596641413145
-36.1636357772979,38.3904017328555
-36.7664891502298,38.4211394353982
-37.3683488698374,38.4518770285771
-36.7669621561452,38.4826146203565
-36.1657775299854,38.5133523230349
-36.7684590221286,38.5440900259152
-36.1696629986477,38.5748276276458
-35.573319358935,38.6055653304634
-36.1743832883827,38.6363030330553
-36.7763178301713,38.6670406386602
-36.1763865055047,38.6977782413075
-35.5784860194505,38.728515943892
-36.1800567957523,38.7592536464361
-35.5853712284596,38.7899912525752
-34.9954250570226,38.8207289550638
-35.5932421093495,38.851466657773
-36.1942785590723,38.8822042621155
-35.5974732789032,38.912941880734
-36.19883547095,38.9436795829423
-36.8009479501628,38.9744172013251
-36.2007265723483,39.0051548057068
-35.6022019438034,39.0358925082248
-36.2041043161913,39.0666302107582
-35.6089471117904,39.0973678273288
-35.0189891013393,39.1281055298459
-35.6171837813259,39.1588432325327
-36.2185504762286,39.1895808423358
-35.6214751533683,39.2203184575861
-36.223102477999,39.2510561597039
-36.8254044702054,39.2817937750677
-36.2245615927516,39.3125313769364
-36.826862510451,39.3432690437946
-37.4276281226687,39.3740066460751
-36.8267842778171,39.4047442453665
-36.225692776715,39.435481948483
-36.8275527671422,39.4662196513502
-37.4276064052809,39.4969572596242
-38.0242790561536,39.5276948622702
-37.4292410275217,39.5584324650926
-36.8394897774543,39.5891701680314
-36.2563323111548,39.6199078714835
-35.6806217409551,39.6506455745808
-36.2695339183639,39.6813832775548
-36.8640395465823,39.7121208493385
-36.2790647786805,39.7428584533346
-35.698737583215,39.7735961559137
-36.2901555777387,39.8043338583932
-35.7080014871453,39.8350714580979
-35.1313722243376,39.8658091605987
-35.7195368864082,39.8965468634456
-35.1409388975476,39.9272844595957
-34.5684609723115,39.9580221623434
-35.1527065377188,39.9887598651063
-34.5781117797152,40.0194974634027
-35.163791434032,40.0502351660712
-35.7556585251128,40.080972773677
-35.1712206258135,40.1117103920493
-35.7640296709062,40.1424480940575
-36.3603677117516,40.1731857196265
-35.7698297405372,40.203923335406
-35.1833149121069,40.2346610376775
-35.7772649628159,40.2653987401342
-35.1912230712375,40.2961363635994
-34.6099010618941,40.3268740660981
-35.2001480200651,40.3576117688672
-35.7949637865601,40.3883493810502
-35.2072103159355,40.4190870128073
-35.8021794112084,40.4498247151984
-36.3997486087655,40.4805623347767
-35.8059945492659,40.5112999356429
-36.4037157833526,40.5420376381518
-37.0017807168597,40.5727752400451
-36.4049970093547,40.603512832134
-35.8093811677312,40.6342505352038
-36.4076344358231,40.6649882381184
-37.0056091536237,40.6957258440017
-37.601785252318,40.7264634392687
-37.0077689554551,40.7572010337544
-36.4177775457057,40.7879387369266
-35.8306068197212,40.8186764404497
-36.4244689880487,40.8494141437029
-37.0199842606624,40.880151749699
-36.4292331848774,40.9108893480218
-35.8410889071753,40.9416270512996
-36.4349386746118,40.9723647544595
-37.0301497017675,41.0031023636547
-37.6247659297587,41.0338399625197
-37.0337440266605,41.0645775573171
-36.4473305132845,41.0953152608661
-35.8643944668854,41.1260529643033
-36.4553604729048,41.1567906675904
-37.0488244902676,41.1875282687938
-36.4614624099299,41.2182658691316
-35.877408833055,41.2490035723572
-36.4687701527736,41.2797412755372
-35.8855529060187,41.3104788823486
-35.3068346798553,41.3412165854879
-35.8948238931932,41.3719542888531
-36.487004363212,41.4026918906664
-35.8998984709982,41.4334295123445
-36.4927080271874,41.4641672153444
-37.0868919878716,41.4949048356441
-36.4950554458316,41.5256424392604
-35.9052059361621,41.556380142435
-36.4990813706356,41.5871178456529
-37.0935019248278,41.6178554600104
-36.5002291033512,41.6485930628326
-35.9535174407429,41.6793307661097
-36.545376405587,41.7100683688507
-37.1364245005631,41.7408059665729
-37.725393067901,41.7715435666034
-37.1391841308313,41.8022811769363
-36.5573224999641,41.8330188803958
-35.9808653789322,41.8637565837017
-35.4083540496456,41.8944942875449
-35.9907339906108,41.9252319911403
-35.4178757190818,41.9559695802721
-34.8499052918103,41.9867072838109
-35.428560055622,42.0174449874712
-34.8582075514218,42.0481825761138
-35.4387105309196,42.0789202796578
-36.0243112440325,42.1096578784008
-35.4460461777725,42.1403954984448
-34.8720766517743,42.1711332018497
-35.4548115040038,42.201870905237
-34.8793439846484,42.2326085184804
-35.4630150226319,42.2633462218873
-36.0504990073571,42.2940838387861
-35.4705935683659,42.324821458636
-34.8946329471623,42.3555591619982
-35.4787465436732,42.3862968654269
-36.066712491352,42.4170344844036
-35.4836112072494,42.447772098015
-36.0720560242079,42.4785098013888
-36.6621097143525,42.5092474132278
-36.0747697577396,42.5399850144692
-35.4896486324461,42.5707227181155
-36.0789046805772,42.601460421692
-36.6691023409969,42.6321980369119
-37.2588123098672,42.662935637575
-36.6727325944944,42.6936732356072
-36.0912117003154,42.7244109395471
-35.5128370180636,42.755148643456
-36.0987734421841,42.785886347223
-36.687281290926,42.816623961417
-36.1029042590229,42.8473615634915
-35.521531236572,42.8780992672456
-36.1086958262623,42.9088369336923
-35.5286691214822,42.9395745482789
-34.952472017699,42.9703122519426
-35.5366034258218,43.001049955716
-36.1243571965168,43.0317875525569
-35.5410493503012,43.0625251730158
-36.1294123112985,43.0932628765598
-36.7191280642517,43.1240004959418
-36.1316724200677,43.1547380984675
-35.5460531788566,43.1854758021656
-36.1353318138318,43.2162135058701
-36.7252411214851,43.2469511266999
-37.3143924990609,43.2776887299269
-36.7286271156258,43.3084263290724
-36.1480317006141,43.3391640330527
-35.5737604260022,43.3699017369731
-35.0035117803036,43.4006394407915
-35.58438492253,43.4313771446463
-36.1703041597403,43.462114739955
-36.7588593748145,43.4928523591822
-36.1770133097399,43.5235899611945
-35.6007799752192,43.5543276648892
-35.0285629557729,43.5850653685919
-35.6107369291263,43.6158030723679
-36.1975538584718,43.6465406739979
-35.6174378658178,43.6772782896754
-35.0414173064267,43.7080159932709
-35.625960021833,43.7387536969995
-35.0491624369422,43.7694913065675
-34.4767365607929,43.8002290102814
-35.0580936754318,43.8309667139675
-35.6442199519432,43.861704309564
-35.0648486204534,43.892441929915
-35.6512823139637,43.9231796333628
-36.2398898404088,43.9539172669243
-35.6558457175069,43.9846548716977
-36.2440319966651,44.0153925751745
-36.8329502528674,44.0461301819496
-36.2465953005864,44.0768677758837
-36.8352354421934,44.1076054796489
-37.4233229838075,44.1383430730258
-36.8357841026626,44.1690806644687
-37.423814666815,44.1998183683111
-36.8384073446532,44.2305559627683
-36.2538717465323,44.261293666658
-36.8414038988157,44.2920313707145
-37.4287568900126,44.3227689730882
-36.8430844432509,44.3535065684159
-36.258078350032,44.384244272581
-36.8458268479369,44.4149819765933
-36.2623969611109,44.4457195816411
-35.6809773710556,44.476457285624
-36.2673497039392,44.5071949895915
-35.6859064597475,44.5379325847006
-36.2724418256763,44.5686702886126
-36.8601662445465,44.599407889599
-36.274076500931,44.6301454926032
-36.8623047392821,44.6608831964035
-36.2777833933343,44.691620800667
-35.6947998486396,44.7223585045596
-36.281998136587,44.7530962084679
-35.69887343292,44.7838338167492
-36.2862241525076,44.8145715206085
-36.874189075781,44.8453091320617
-36.2871698669545,44.8760467337074
-36.8755037658846,44.9067844375577
-36.2902680144919,44.9375220394586
-35.7063485920851,44.9682597433917
-36.293816267398,44.9989974473491
-35.7101408099912,45.0297350567726
-36.2976103418259,45.0604727606914
-36.8853024893787,45.0912103718801
-36.2983290881904,45.121947965376
-36.8861344227177,45.1526856692439
-36.3002422695543,45.1834232640178
-35.7153314956384,45.2141609679362
-36.3028660955342,45.2448986718318
-35.7171515890316,45.2756362711492
-36.3049966459163,45.3063739750452
-35.7190760827216,45.3371115828074
-36.3068635104311,45.3678492867119
-35.7219504942718,45.3985868999055
-35.1389899355766,45.4293246037762
-35.725594899591,45.4600623076614
-35.1420284194384,45.4907999175314
-35.7289491304591,45.5215376214054
-35.1448165430731,45.5522752396939
-35.7318489453518,45.583012943583
-35.1480693507115,45.6137505652067
-35.7349491743179,45.6444882691071
-35.1520220003073,45.6752258931392
-35.7386020723861,45.7059635969648
-36.3257143240671,45.7367012229055
-36.9118971209301,45.7674388337624
-37.4957604374271,45.7981764296341
-36.9102260261297,45.8289140228963
-37.4935350601051,45.8596517267712
-38.0731286583652,45.8903893226431
-37.4913964248759,45.9211269218819
-36.9078184583397,45.9518646256067
-37.4891784132643,45.9826023296055
-36.905947017589,46.0133399346414
-37.4869365057254,46.0440776388985
-38.0644237133419,46.0748152438159
-37.4856529872312,46.1055528465563
-38.061848393547,46.1362905506478
-38.6338246989448,46.1670281552262
-38.0585430494383,46.1977657609983
-38.629170136885,46.2285034650546
-38.0568358121791,46.2592410777457
-37.4824384764946,46.2899787818002
-38.054590932376,46.3207164862938
-37.4801309178301,46.3514541023034
-38.051919243991,46.3821918067405
-37.4785827522534,46.4129294267801
-38.0497323555463,46.4436671311755
-38.6173411241111,46.4744047469041
-39.1802231649427,46.505142356991
-39.7371367726292,46.5358799686365
-39.1767024962111,46.5666175878149
-39.7311241603048,46.5973552405594
-39.1743319518174,46.6280928693491
-38.6149824478958,46.6588305735287
-39.1709205931246,46.6895682778698
-38.6133924536404,46.720305902064
-38.0544949518107,46.7510436065843
-38.6119723649493,46.7817813110693
-38.0530387076213,46.8125189220261
-38.610242078466,46.8432566264846
-39.1645797241299,46.8739942418239
-38.6087977903266,46.9047318667203
-38.051734883958,46.935469571222
-38.6075046488873,46.9662072756816
-38.0503030511429,46.9969448951704
-38.6058779044831,47.0276825996291
-38.0504733242616,47.0584202225848
-37.4948838170546,47.0891579270419
-38.0509234676852,47.1198956315256
-37.4950690429455,47.1506332483996
-38.0509771895631,47.1813709528556
-37.4961149335796,47.2121085759991
-38.0516840477246,47.2428462804462
-38.6059421999596,47.2735839072586
-39.1577036506479,47.3043215282768
-39.7057953979934,47.335059138652
-39.1547010749066,47.3657967458182
-39.7017978987315,47.3965344502734
-40.2441945346651,47.4272720599638
-39.6988321037547,47.4580096721525
-40.2395773814535,47.4887473082005
-39.6973175905499,47.5194849359352
-39.1529376582883,47.5502226283063
-39.6949383796452,47.5809603325898
-40.2333890099883,47.6116979528626
-40.767050781611,47.642435579575
-40.2332222964763,47.6731731994863
-39.6999475929015,47.7039108928079
-39.1663063498656,47.7346485971955
-39.7010382108152,47.7653863017224
-39.168854666931,47.7961239049373
-38.6376827412736,47.8268616095985
-39.1718242632866,47.8575993142893
-38.6418531176919,47.8883369076097
-38.1143521095445,47.9190746122963
-38.6467372741909,47.9498123169791
-38.1185888873771,47.9805499116479
-38.6511098324167,48.0112876163179
-39.1847367349685,48.0420252215838
-38.6526787954879,48.0727628486446
-39.1866253895936,48.103500553295
-38.6555727850354,48.1342381829765
-38.1259394762368,48.1649758876487
-38.6590435602915,48.1957135923128
-38.1291331854586,48.2264512062829
-38.662401973522,48.2571889109391
-39.1961304446005,48.2879265285154
-38.6631318749754,48.3186641588395
-39.1971726415507,48.3494018634819
-38.6654179714764,48.3801394954856
-38.1346187151171,48.4108772001538
-38.6680810656847,48.4416149048243
-38.1372181753158,48.472352519421
-38.6707339475745,48.503090224085
-39.2043344862021,48.5338278414383
-38.670977040669,48.5645654635953
-39.2048450371512,48.5953031682442
-38.6731101962997,48.6260407915224
-38.1421776654018,48.656778496194
-38.6754578910521,48.6875162008701
-38.1447748442916,48.7182538151825
-38.6780180648069,48.7489915198486
-39.2112127009387,48.7797291375446
-38.6781340051392,48.8104667514607
-39.2115460242202,48.8412044561185
-39.7434643350121,48.8719420707824
-40.2726991644921,48.9026796712293
-39.7444877355155,48.9334172703357
-39.2187585986022,48.9641549750577
-38.6941199411683,48.9948926798163
-39.222240323317,49.0256303845462
-38.6991260778296,49.0563679950421
-38.1786294389422,49.0871056997556
-38.7046475296228,49.1178434044731
-38.1847311599006,49.1485810058374
-37.6686505191445,49.1793187105417
-38.1918624869663,49.2100564152887
-37.674438561889,49.2407940204747
-38.1983108122173,49.2715317251983
-38.724904244643,49.3022693394694
-38.2034805722655,49.3330069701219
-37.6852220787303,49.3637446747978
-38.209834120391,49.3944823174513
-37.6904135027432,49.4252199402644
-38.2154969226848,49.4559576449445
-38.7426700419614,49.4866952689833
-38.2181428088376,49.5174328800498
-38.7457558520039,49.5481705847807
-39.273723454072,49.578908191324
-38.7463537616267,49.6096457917038
-39.2745140142965,49.6403834964285
-39.8014399763511,49.6711210983959
-39.2739625266463,49.7018586959011
-38.7458992427436,49.7325964005994
-39.2740564456038,49.7633341053488
-39.8006812012317,49.7940717138397
-40.3247165190627,49.8248093106508
-39.8010056736074,49.8555469043408
-39.278487059795,49.886284609066
-38.7564878803236,49.9170223138056
-39.2808697489533,49.9477600186154
-38.7601376162739,49.9784976263572
-38.2411199394144,50.0092353311566
-38.7642559593802,50.0399730359395
-38.2464640784967,50.0707106354043
-37.7315634620269,50.1014483401764
-38.2524107985158,50.1321860449571
-37.7367101775716,50.1629236468578
-38.2579964564148,50.1936613516279
-38.7813815074692,50.2243989634391
-38.2607020956351,50.2551365941121
-38.7845149460974,50.2858742988468
-38.2647367634345,50.3166119318575
-37.7471045199473,50.3473496366769
-38.269307324137,50.3780873415088
-37.7512951017115,50.4088249612339
-38.2737582937336,50.4395626660579
-38.7976064542634,50.4703002894072
-38.2756051352638,50.5010379147894
-38.7997706584145,50.531775619471
-38.2788529844765,50.5625132448356
-37.7596036821459,50.5932509496495
-38.282480078793,50.6239886544324
-37.763177638823,50.6547262751666
-38.2861632893193,50.6854639799703
-38.8100784304299,50.7162016035451
-38.2875316642184,50.746939220003
-38.8117316195836,50.777676924809
-38.2905592752502,50.8084145409669
-37.7708489493128,50.8391522457784
-38.2938228530742,50.8698899506234
-37.7741956918672,50.9006275718162
-38.2972270002367,50.9313652766539
-38.8209910968846,50.9621029011227
-38.2983294318923,50.9928405055179
-38.8223658161834,51.0235782103662
-38.3012330123848,51.0543158173542
-37.7814724560019,51.0850535222053
-38.3043142051683,51.1157912270435
-37.7849335292875,51.1465288493403
-38.3077294667164,51.1772665541741
-38.8311696999327,51.2080041733395
-38.3087879180214,51.2387417705228
-38.8324793109266,51.269479475363
-38.3118497230434,51.3002170760454
-37.7926008424408,51.3309547808899
-38.315008875838,51.361692485729
-38.8380524381891,51.3924301088175
-38.3168278323994,51.4231677103106
-38.8398671740509,51.4539054151487
-39.3623248243734,51.4846430165308
-38.839479190756,51.5153806077989
-39.3619695675589,51.5461183126525
-39.8825875717796,51.5768559049048
-39.3605392763375,51.6075934949149
-39.8807430832726,51.6383311997666
-40.3979822210131,51.6690687941877
-39.8785779561355,51.6998063935195
-39.3575024079219,51.7305440983549
-39.8765495600907,51.7612818032073
-39.3569785869369,51.7920194112744
-38.8365825188213,51.8227571161472
-39.3565072978976,51.8534948210041
-39.8746615602956,51.8842324272919
-39.3550663550449,51.9149700343794
-38.8346428349032,51.945707739241
-39.3542947583509,51.9764454440974
-38.8343308811099,52.0071830543594
-38.3142077932941,52.0379207592132
-38.8346568828921,52.0686584640715
-38.314973375837,52.099396068068
-37.796031003329,52.1301337729212
-38.316451976718,52.1608714777943
-37.7974926185365,52.1916090836314
-38.3178821150859,52.2223467884966
-38.8380946916201,52.2530844031958
-38.3177963985426,52.2838220358091
-38.8381833229278,52.3145597406563
-38.3194140241712,52.3452973742865
-37.801285258826,52.3760350791366
-38.3211290810829,52.4067727840025
-38.8408951789091,52.4375104028808
-38.3217669795795,52.4682480393433
-38.8414832990889,52.4989857441937
-39.3601385679882,52.5297233748408
-38.8404609959942,52.5604609829078
-39.3590771314232,52.5911986877624
-39.8755899053513,52.6219362953181
-39.357679365349,52.6526738945133
-38.8385885777521,52.683411599382
-39.3565315831628,52.7141493042467
-39.872373389513,52.744886915808
-39.3562193159439,52.775624517078
-38.8390689237342,52.8063622219486
-39.3556588006278,52.8370999268121
-38.8391570806503,52.8678375394867
-38.3226047643833,52.898575244348
-38.8397228083616,52.9293129492123
-39.3559314913398,52.9600505554389
-38.8395616053127,52.9907881670698
-38.3232090042011,53.0215258719276
-38.8401032818742,53.052263576792
-38.3239802205006,53.0830011904881
-37.8085631901288,53.1137388953493
-38.3254952579692,53.1444766002227
-37.8101448894724,53.1752142121113
-38.3270626044186,53.2059519169803
-38.8438283478405,53.2366895355936
-38.3270122604246,53.2674271688512
-38.8439126802426,53.2981648737071
-39.3596359730488,53.3289025083252
-38.8427552585615,53.3596401197641
-39.3584020544712,53.3903778246251
-39.8718842527179,53.4211154354962
-39.3574189552624,53.4518530353802
-38.8417864356915,53.4825907402543
-39.3564164426158,53.5133284451247
-38.8428441819684,53.5440660567408
-38.3293740344955,53.5748037616097
-38.8439035211373,53.6055414664779
-39.3576932252294,53.6362790766491
-38.8447238621237,53.6670166830927
-38.3319862012199,53.6977543879566
-38.8458645724597,53.7284920928249
-38.3328131774867,53.7592297083171
-38.8467449445043,53.7899674131833
-39.3599271962558,53.8207050322574
-38.8461260274233,53.8514426403889
-39.3593123016327,53.8821803452539
-39.8706942212673,53.9129179523404
-39.3589963435233,53.9436555468125
-38.8464228962352,53.974393251687
-39.358618064682,54.0051309565594
-38.847309158084,54.0358685650395
-38.336162422192,54.0666062699111
-38.8484497284789,54.0973439747854
-38.3385920697903,54.1280815843738
-37.83002463955,54.1588192892459
-38.3413150550653,54.1895569941224
-37.8330399612871,54.220294601173
-37.3270553753687,54.2510323060469
-37.8368536096085,54.2817700109307
-37.3304630216606,54.3125076252383
-37.8405113779647,54.3432453301184
-37.335072013153,54.3739829510379
-36.8321226188745,54.4047206559153
-37.3400105373428,54.4354583608046
-36.8362343881246,54.4661959809261
-37.3446349355622,54.4969336858095
-36.8406554315977,54.5276713021044
-37.3493254973201,54.5584090069851
-37.8600855647391,54.589146621371
-37.3521297362012,54.6198842319937
-37.8632845359231,54.6506219368645
-37.3560430440001,54.6813595492906
-36.8509045516304,54.7120972541649
-37.3602531749296,54.7428349590433
-36.8547943969111,54.7735725723162
-37.3644331740861,54.8043102771918
-37.8757826824292,54.8350478886149
-37.3693392134284,54.8657854975059
-37.8809488537163,54.8965231102259
-37.373410975992,54.9272607067775
-36.8678055427627,54.9579984116568
-37.3775631118288,54.9887361165355
-36.8722880500536,55.0194737246827
-37.3821834757512,55.0502114295615
-37.8937931002214,55.0809490343438
-37.3845584304468,55.1116866240526
-37.8964938923884,55.1424243289363
-37.3886627968587,55.1731619202608
-36.882760577759,55.2038996251469
-37.3929145521965,55.2346373300291
-36.8867792282496,55.2653749399652
-37.3971699099086,55.2961126448457
-37.9091062181572,55.3268502534089
-37.3992535971802,55.3575878433
-37.9115631006105,55.3883255481834
-37.4026769666317,55.4190631399673
-36.8954099723294,55.449800844854
-37.406334006202,55.4805385497396
-36.898999118455,55.5112761626222
-37.4100888846598,55.5420138675061
-37.9223892578086,55.5727514799202
-37.4117967964413,55.60348907203
-37.9244034714954,55.6342267769156
-37.415045970484,55.6649643715104
-36.9070912381167,55.6957020763994
-37.418397800409,55.7264397812868
-36.9104495639156,55.7571773965517
-37.4218991416228,55.7879151014375
-37.9343764151087,55.8186527167526
-37.4242834861706,55.8493903113268
-37.9369729993468,55.8801279132133
-37.4273042805059,55.9108654947066
-36.9188771080794,55.9416031995924
-37.4304292216724,55.9723409044866
-36.9220250075972,56.0030784940635
-37.4337202847248,56.033816198959
-37.9462777298459,56.0645537862146
-37.4350679609126,56.0952913657646
-37.9478967066243,56.1260290706569
-37.4382256064834,56.1567666554171
-36.9298280075356,56.187504360312
-37.4413817464124,56.2182420652072
-36.9331942825876,56.2489796642937
-37.4448160327766,56.2797173691874
-37.9573414950962,56.310454963128
-37.4462078216963,56.3411925454008
-37.9589995733062,56.3719302502976
-37.4496445406242,56.4026678361014
-36.941666188562,56.4334055409994
-37.4530329881486,56.4641432458943
-37.9653721615637,56.4948808484436
-37.4551447453529,56.5256184370713
-37.9675858781708,56.5563561419672
-38.4799690776774,56.5870937328051
-37.9678836090619,56.6178313185775
-38.4803916026093,56.6485690234782
-38.9917800009242,56.6793066154682
-38.4798223842769,56.710044207722
-37.9672867710295,56.7407819126166
-38.4796617396497,56.7715196172634
-37.969139065444,56.8022572253939
-37.4589454340993,56.8329949302864
-37.970786495685,56.8637326351836
-38.482414928281,56.8944702587857
-37.9709052259183,56.9252078670031
-38.4826304439821,56.9559455718995
-38.9932293799091,56.9866831829535
-38.4817200967398,57.0174207862128
-38.9921677193239,57.0481584911091
-39.5006030761615,57.0788960980755
-38.9912918537782,57.109633703485
-38.4808429127732,57.1403714083827
-38.9902664943035,57.1711091132794
-39.4978001129508,57.2018467308864
-38.989521075895,57.2325843420533
-38.4802652907467,57.2633220469525
-38.9887442389298,57.2940597518576
-39.495484434705,57.3247973754143
-38.9893675627552,57.355534989222
-38.4825542033517,57.3862726941266
-38.9894851139075,57.417010399036
-38.483593473556,57.4477480187323
-37.9779681268272,57.4784857236411
-38.4849217150371,57.5092234285471
-37.9796299411578,57.5399610418662
-37.4754195054057,57.5706987467715
-37.9818702829339,57.6014364516776
-37.4776554578795,57.6321740666611
-37.9841134911506,57.6629117715662
-38.4909260916257,57.6936493944307
-37.9847801773818,57.7243870324661
-38.4917990889013,57.7551247373691
-38.998223321237,57.7858623752043
-38.4912413230099,57.8165999974382
-38.9977180552497,57.8473377023441
-39.5026384880929,57.8780753248654
-38.9971759519478,57.9088129339327
-38.4908539631948,57.9395506388418
-38.996648745236,57.97028834375
-39.5009331390384,58.0010259670012
-38.9954593562149,58.0317635746177
-38.4892323431822,58.0625012795276
-38.9948087336441,58.0932389844358
-38.4900453650878,58.1239766062979
-37.9852877374391,58.1547143112058
-38.4908898237108,58.1854520161132
-38.9958851643989,58.2161896266046
-38.4915290801274,58.2469272493956
-37.9874068071282,58.2776649543021
-38.4925975716087,58.3084026592077
-37.9886139253993,58.3391402772586
-37.485476312917,58.369877982164
-37.9905382500766,58.4006156870697
-37.4873612428341,58.4313533038226
-36.9859907052443,58.4620910087277
-37.490548183169,58.4928286611416
-36.9881938738814,58.5235662782306
-37.4929656876156,58.5543039831335
-37.9984000317544,58.585041612592
-37.4940402014312,58.615779237341
-37.9996118454874,58.6465169422462
-38.5050167244012,58.6772545630843
-37.9998914213567,58.7079921652992
-38.5050417976244,58.7387298702079
-39.0093898978364,58.7694674690873
-38.505512630538,58.8002050626934
-38.0020148664622,58.8309427675993
-38.5065351505095,58.8616804725098
-38.0035985727009,58.8924180740647
-38.5082134239857,58.9231557789747
-39.0126535831743,58.9538933773123
-38.5081273242097,58.9846309647635
-39.0128324817605,59.0153686696736
-39.515985156153,59.0461062581561
-39.0112334111119,59.0768438463717
-39.5141559504064,59.1075815512795
-40.0141493742504,59.138319143653
-39.5135355227608,59.1690567395375
-39.0114592867456,59.1997944444447
-39.5121497264322,59.2305321493536
-40.0102401164811,59.2612697510469
-40.5046234951216,59.2920073501151
-40.0089255208541,59.3227449508471
-39.5141249928042,59.3534826557561
-39.021433762237,59.3842203606655
-38.5302319702099,59.4149580655795
-39.0247632232812,59.4456957704916
-38.5337858124957,59.4764333849801
-38.0448197014901,59.5071710898914
-38.5382016127299,59.5379087948019
-38.049168164188,59.5686464151151
-37.5625292718745,59.599384120025
-38.0544090813948,59.6301218249366
-37.566363544604,59.6608594497152
-38.0589538259062,59.6915971546258
-38.5530814400174,59.7223347802468
-38.0607604916354,59.7530724121721
-38.5552681624467,59.7838101170801
-38.0637192027901,59.8145477500839
-37.5736422288924,59.8452854549925
-38.0670185373766,59.876023159902
-37.5765832924336,59.9067607850271
-37.0882687452063,59.9374984899362
-37.5805382161088,59.968236194846
-37.0911587828806,59.9989738169265
-37.5839642184042,60.0297115218357
-37.0946396376526,60.0604491407227
-36.6074885079572,60.0911868456318
-37.0988040806167,60.1219245505414
-36.6105772873327,60.1526621733045
-37.1026035255351,60.1833998782136
-36.6136865089407,60.2141374967202
-37.1060764680762,60.2448752016291
-36.6171783664506,60.2756128173563
-36.1303863614164,60.3063505222645
-36.6211742424858,60.3370882271732
-36.1336123677886,60.367825842626
-36.6250031382091,60.3985635475345
-36.1366535246563,60.4293011636202
-36.6284555983431,60.4600388685286
-36.1399073999884,60.4907764851222
-36.6319484806846,60.5215141900305
-36.1434444713147,60.5522518048279
-36.6357002112819,60.5829895097353
-37.1296585164604,60.6137271218164
-37.6244794089259,60.6444647209008
-38.1193615423283,60.6752023181797
-37.6244900322692,60.7059399201694
-38.1194771838342,60.7366776250776
-37.625313003564,60.7674152316281
-37.1315489948387,60.7981529365372
-37.6263908569281,60.828890641447
-37.1328516166626,60.8596282465057
-37.6276226760163,60.8903659514153
-38.1222099849675,60.9211035568731
-37.6274142161186,60.951841161845
-38.1220304664651,60.9825788667558
-37.6290461407552,61.0133164747212
-37.1365804262965,61.0440541796326
-37.630546280493,61.0747918845431
-37.13846763408,61.1055294921946
-37.6323432178322,61.1362671971046
-38.1262542031454,61.1670048050862
-37.6324422196975,61.1977424014089
-38.1263982559903,61.2284801063195
-37.632435422552,61.2592177079584
-38.126375586627,61.2899554128696
-38.6192889632175,61.3206930145924
-39.1104940291975,61.3514305975769
-39.5992864636848,61.3821681743075
-39.1084151564982,61.4129057541479
-39.5965803556189,61.4436434590592
-40.0817681772044,61.4743810453084
-39.5950013193006,61.5051186380714
-39.1065618965432,61.5358563429822
-39.5928394983685,61.5665940478915
-39.1059732262986,61.5973316483565
-38.6183063188805,61.6280693532674
-39.1052495872582,61.6588070581821
-38.6192164608766,61.6895446678147
-38.1333903896566,61.7202823727288
-38.6201088214461,61.751020077642
-38.1354317776395,61.7817576978462
-37.6518509677619,61.8124954027591
-38.1376921277314,61.8432331076723
-37.654098849165,61.8739707304915
-38.1399644108052,61.9047084354044
-38.626219432281,61.9354460629609
-38.1405504281699,61.9661836941348
-38.6268975914679,61.996921399047
-38.1422727280775,62.0276590317656
-37.6585035979555,62.0583967366781
-38.1442696697742,62.0891344415911
-37.659924452042,62.1198720683619
-38.1459203811406,62.1506097732747
-37.661254805639,62.1813473988773
-38.1473561509447,62.21208510379
-37.6628127271719,62.2428227291124
-38.1489017908113,62.273560434025
-38.634906536938,62.3042980594179
-39.1200798316983,62.3350356818233
-39.6036905211521,62.3657732829983
-39.118384376263,62.3965108780807
-39.6017618116531,62.4272485829951
-40.0827435139394,62.4579861806223
-39.5991668833281,62.4887237770078
-40.0797668613448,62.5194613370877
-40.5572918717422,62.5501989374474
-40.0767522190502,62.5809365430075
-40.5536040379578,62.6116742479206
-41.0268416607038,62.6424118594118
-40.5506782376092,62.6731494742773
-40.0722549878053,62.7038871791908
-40.5473809384428,62.73462485785
-40.0706500348563,62.7653624802496
-39.5924744912128,62.7961001851636
-40.0688629890544,62.8268378900797
-40.5429880020213,62.8575754938923
-40.0663477386986,62.888313112526
-39.5882650921947,62.919050817442
-40.0642492577031,62.9497885223578
-40.5378674051126,62.9805261285282
-40.0633731579088,63.0112637468309
-39.5875799283849,63.042001451747
-40.0621174855572,63.0727391566628
-39.5869936937089,63.1034767665243
-39.1114381118121,63.1342144714399
-39.5867914275834,63.1649521763554
-39.1114800892305,63.1956897767804
-38.6364243593014,63.2264274816957
-39.1121067525646,63.2571651866108
-38.6369660963813,63.2879027848294
-39.1126802151035,63.3186404897444
-39.5878288360179,63.3493780967027
-39.1119096168888,63.3801157248029
-39.587141998086,63.4108534297174
-40.0609720590096,63.4415910582063
-39.5853777673342,63.4723286817272
-40.0591610298231,63.5030663866423
-40.5307405604901,63.5338040105664
-40.0574608966127,63.5645416170212
-39.5828190587845,63.5952793219371
-40.0557979226207,63.6260170268528
-40.526694292644,63.6567546490197
-40.9948472313112,63.6874922528244
-40.5258041093715,63.7182298522177
-40.0570045795897,63.7489675571339
-39.5879141926236,63.7797052620504
-40.0573352494964,63.8104429669666
-40.5256703002857,63.8411805700591
-40.0589266388506,63.8719181728997
-39.5921113021509,63.9026558778159
-40.0601189273589,63.9333935827318
-39.5937634025938,63.964131186251
-39.1282891364911,63.9948688911668
-39.5960242464344,64.0256065960828
-40.0639729647065,64.0563441904904
-39.5968169652758,64.0870818086272
-39.1301976318271,64.1178195135429
-39.5985102394788,64.1485572184586
-40.0667317679059,64.1792948236399
-39.5982430412999,64.2100324504164
-40.0667200762975,64.2407701553319
-40.533991539802,64.2715077830572
-40.0655501229082,64.3022453870215
-39.5962770519682,64.3329830919375
-40.0648784685119,64.3637207968535
-40.532016143841,64.3944584160993
-40.0634532764622,64.425196021588
-39.5939469216492,64.4559337265042
-40.0624943098521,64.4866714314203
-40.5294432576115,64.5174090447718
-40.0605979200361,64.5481466538905
-40.5274599234468,64.5788843588068
-40.9919742953585,64.6096219684702
-40.5259081137499,64.6403595620002
-40.0584253710058,64.6710972669169
-40.5242229153866,64.7018349718335
-40.9878656469564,64.7325725788574
-40.5223875143597,64.7633101695866
-40.0555940337431,64.7940478745034
-40.520740867287,64.82478557942
-40.9837813009787,64.8555231891658
-40.5189941219628,64.886260781014
-40.0529517411681,64.9169984859307
-40.5174382057536,64.9477361908472
-40.9799059731341,64.9784737997249
-40.5168987632298,65.0092113935927
-40.0529082284205,65.0399490985093
-39.5888027942889,65.0706868034258
-40.052956836043,65.1014245083422
-40.516146356001,65.1321621018219
-40.9776772972792,65.1628997195387
-40.5160517492784,65.1936373172846
-40.0552444798865,65.2243750222011
-39.5950759494594,65.2551127271177
-39.1364190195786,65.2858504320343
-39.597795773397,65.3165881369511
-39.1395591964367,65.3473257235235
-38.6831627247287,65.37806342844
-39.1432253983176,65.4088011333571
-38.6861814573366,65.4395387220873
-39.1468711178005,65.4702764270041
-39.6089011536948,65.5010140294276
-39.1490031431004,65.5317516329525
-38.6906924163508,65.5624893378687
-39.1521829052658,65.5932270427852
-38.6930127899663,65.6239646483645
-39.1548902078761,65.6547023532809
-39.6175693419765,65.6854399580966
-39.1560046848389,65.7161775594921
-38.6953635553897,65.7469152644082
-39.1579798907264,65.7776529693246
-38.6966098223291,65.8083905736447
-38.2363586981107,65.839128278561
-38.6988531829926,65.8698659824303
-38.2387151904464,65.9006035916908
-37.7799319754989,65.931341296607
-38.2414804408344,65.9620789988123
-37.7821758768803,65.9928166111162
-38.2440659847787,66.0235543160324
-38.7070939274911,66.0542919303048
-38.2454574848426,66.0850295320685
-38.7087337957529,66.1157672369852
-38.2488605802174,66.1465048374489
-37.790861780633,66.1772425423658
-38.252472866916,66.2079802472825
-38.7156195337705,66.2387178547695
-38.2544756268384,66.2694554496995
-38.7180009750134,66.3001931546163
-38.2582425934656,66.3309307487827
-37.8000885884381,66.3616684536996
-38.2619107019874,66.3924061586163
-37.804246559054,66.4231437585993
-37.3487281667171,66.4538814635159
-37.8087814939816,66.4846191684326
-37.3523790579847,66.515356774865
-37.8130277924834,66.5460944797816
-38.2758333578695,66.5768320810296
-37.8156048456273,66.6075696677737
-38.2789585164499,66.6383073726902
-37.8197060074199,66.6690449593054
-37.3622579042714,66.699782664222
-37.8238156467226,66.7305203691387
-37.3662204881999,66.7612579639438
-37.8281613944342,66.7919956688604
-38.2921059138134,66.8227332623305
-37.8305653461366,66.8534708415437
-38.2949304758847,66.8842085464601
-37.8333789559977,66.914946128319
-38.2978165682218,66.9456838332355
-38.7632067002479,66.9764214163028
-39.2288685379931,67.0071589953455
-39.6941259369156,67.0378965780472
-39.2283633617513,67.0686341488483
-39.6937338759243,67.099371853765
-39.2292279152719,67.1301094247532
-38.7646653625849,67.1608471296698
-39.2299398541804,67.1915848345869
-39.6947401903271,67.2223224196719
-39.2306107842014,67.2530599890573
-38.7665750029719,67.2837976939744
-39.2313827126216,67.3145353988918
-39.6958044506627,67.3452729872227
-39.2325301941842,67.3760105590347
-38.7694626036757,67.4067482639522
-39.2336582450889,67.4374859688696
-39.6976726242799,67.46822356142
-40.1608690704942,67.4989611360284
-39.6970067259934,67.5296987006025
-40.1601190464932,67.56043640552
-40.6216350118308,67.5911739739311
-40.1603027002076,67.6219115431026
-39.6982081075809,67.65264924802
-40.1600052512542,67.6833869529375
-39.6992122564101,67.7141245348627
-39.2385446617837,67.7448622397804
-39.7001955411654,67.775599944698
-40.161456855726,67.8063375468767
-39.6998422038834,67.8370751311478
-40.1612518465249,67.8678128360654
-40.6214675223716,67.898550424067
-40.1608164115158,67.9292880060841
-39.6994739058357,67.9600257110018
-40.1605448470974,67.9907634159196
-39.7004473911727,68.0215010137809
-39.2403871898562,68.0522387186986
-39.7014259625984,68.0829764236162
-40.1620823545822,68.1137140381392
-39.7020988785301,68.1444516368405
-39.2423337257854,68.1751893417581
-39.703248927753,68.2059270466756
-39.2430030603511,68.2366646665287
-39.7041406271618,68.2674023714464
-40.1647969335325,68.2981399932727
-39.7036401250171,68.328877597402
-40.1643668048538,68.3596153023197
-40.6237948619304,68.3903529091523
-40.1650970757137,68.4210905028987
-39.7058781397282,68.4518282078164
-40.1653442523714,68.4825659127342
-39.7069226432412,68.5133035204909
-39.2488796145111,68.5440412254088
-39.7082242576883,68.5747789303266
-39.2508779533235,68.6055165471306
-38.7946522235137,68.6362542520483
-39.2532693713862,68.666991956966
-39.7125445966908,68.697729571041
-39.2545490428629,68.7284671905797
-39.714024740249,68.7592048954973
-40.1732804965435,68.7899425165182
-39.7141145405832,68.820680118042
-40.1734200804362,68.8514178229597
-40.6316276511108,68.8821554225021
-40.1725708586293,68.912893009822
-40.6306157696312,68.9436307147398
-41.0868203673435,68.9743683038259
-40.6288882974971,69.0051058862932
-40.1698238357636,69.035843591211
-40.6275523413963,69.0665812961289
-40.1682562890641,69.09731889417
-40.6259934636284,69.128056599088
-41.0817720384385,69.158794199677
-40.6245335120535,69.1895317882097
-40.1660688946231,69.2202694931277
-40.6232160866665,69.2510071980457
-40.1647853243687,69.2817448052274
-40.6218434039657,69.3124825101454
-41.0769881464679,69.3432201170462
-40.6196303028827,69.3739577079502
-41.0746036600742,69.4046954128682
-41.5270566969009,69.4354330063698
-41.0718762293877,69.4661705957537
-41.5239574082451,69.4969083006717
-41.9729853505396,69.5276458946116
-41.5209654853817,69.5583834906677
-41.0669539206329,69.5891211955856
-41.5180363487982,69.6198589005037
-41.0655109018468,69.6505965057155
-40.6115938259957,69.6813342106336
-41.0639116546909,69.7120719155516
-41.5142148793285,69.7428095159161
-41.0615714441071,69.7735471193754
-41.511699755756,69.8042848242934
-41.9591537836313,69.8350224311291
-41.5087912061139,69.8657600281996
-41.955873182588,69.8964977331177
-42.399718388575,69.9272353325956
-41.9530558285188,69.9579729318577
-41.5043006393517,69.9887106367757
-41.9501040195136,70.0194483416937
-41.5026372430112,70.0501859509089
-41.0537568890994,70.080923655827
-41.5009635436077,70.111661360745
-41.0524000460874,70.1423989609274
-40.6032112617251,70.1731366658454
-41.0515475529414,70.2038743707633
-40.6022197944392,70.2346119642515
-41.0505954817075,70.2653496691694
-41.4974501041817,70.2960872708728
-41.0486173187669,70.3268248963813
-41.4954717905277,70.3575626012991
-41.0483126445495,70.3883002282252
-40.6005080409607,70.4190379331431
-41.0479169328075,70.4497756380609
-41.4940593222559,70.4805132482242
-41.9382839083775,70.5112508797526
-42.3799560118228,70.5419884874915
-41.9356108049998,70.5727260869386
-42.37689809314,70.6034637918566
-42.8149947368303,70.6342013939583
-42.3737951103411,70.6649389980755
-42.7347184287401,70.6956767029935
-43.1077398765324,70.7264143344741
-42.7331404176144,70.7571519519341
-42.3571696072055,70.7878896568521
-42.7313136423203,70.8186273617701
-43.1040915067222,70.8493649648199
-42.7318415387361,70.8801025766179
-42.3595281595251,70.9108402815359
-42.7320923576434,70.941577986454
-42.3604257472962,70.9723155916024
-41.9893340615538,71.0030532965205
-42.3614861319254,71.0337910014385
-41.99085618716,71.0645285972618
-41.6213680972753,71.0952663021797
-41.9926747523049,71.1260040070976
-41.6233285036988,71.156741602274
-41.9947337180503,71.1874793071918
-42.3671233437501,71.2182169115083
-41.9962046875231,71.248954537036
-42.3687281850924,71.2796922419539
-41.9991907670905,71.3104298697526
-41.6311001977466,71.3411675746705
-42.002519013361,71.3719052795884
-41.6346171260187,71.4026428910176
-41.2689869739933,71.4333805959355
-41.6388230991352,71.4641183008533
-41.272392072758,71.4948559075399
-41.6427639249308,71.5255936124577
-42.0152604408662,71.5563312258358
-41.6451719079014,71.5870688449182
-42.0183013870535,71.617806549836
-41.6489562021704,71.6485441694105
-41.281414220716,71.6792818743284
-41.6531548259427,71.7100195792462
-41.2851660542817,71.7407571930629
-41.6573591026821,71.7714948979807
-42.0316702363216,71.8022325120195
-41.6596021505684,71.8329701299786
-42.0345556776502,71.8637078348965
-41.6631720212646,71.8944454540268
-41.293508037019,71.9251831589447
-41.66714457786,71.9559208638625
-41.2969039710139,71.9866584776601
-41.6710030287326,72.017396182578
-42.0470063963303,72.0481337967982
-41.6730315854659,72.0788714028486
-42.0496814814963,72.1096091077664
-41.6765138460231,72.1403467163207
-41.3049100692286,72.1710844212386
-41.6802869065487,72.2018221261565
-41.3083454948178,72.232559739649
-41.6841337879132,72.2632974445668
-42.0617063809624,72.2940350582339
-41.6859887151079,72.3247726574424
-42.064140652299,72.3555103623603
-42.4431751344666,72.3862479646618
-42.0650234320002,72.4169855604626
-42.4443701428847,72.4477232093016
-42.8237896594318,72.4784608098865
-42.4451097028621,72.5091984025687
-42.0665696456853,72.5399361074868
-42.44610476862,72.5706738124049
-42.0682901256314,72.6014114214562
-41.6910251756978,72.6321491263743
-42.0702845245019,72.6628868312923
-42.4501788245943,72.6936244454621
-42.0722856495504,72.7243620521353
-41.6951269403583,72.7550997570534
-42.0745438208566,72.7858374619714
-41.6974175708293,72.8165750789261
-41.3217118561085,72.8473127838441
-41.7004827516476,72.8780504887621
-42.0806433784809,72.9087881022152
-41.702337726873,72.939525713188
-42.082817650602,72.9702634181059
-42.4639506851988,73.0010010306826
-42.0835236921114,73.0317386340413
-42.4648830889432,73.0624763389593
-42.846167962855,73.0932139470085
-42.4652919903852,73.1239515438406
-42.0844194701798,73.1546892487587
-42.4659441938927,73.1854269536768
-42.8472736592746,73.2161645693502
-42.4660151083092,73.2469021694154
-42.0846871518871,73.2776398743335
-42.4664429481376,73.308377579214
-42.0864733862923,73.3391151941182
-41.7070386953002,73.3698528990363
-42.0883423293168,73.4005906039543
-42.4701718233889,73.431328214352
-42.0889652545845,73.4620658277163
-42.4710656981308,73.4928035326344
-42.8530301849999,73.5235411484801
-42.4711729152541,73.5542787511294
-42.8531205581819,73.5850164560475
-43.2341376345941,73.6157540603723
-42.8537549825278,73.646491653768
-42.4732890466104,73.677229358686
-42.8541114932298,73.707967063604
-43.2344911225086,73.7387046752806
-42.8541354776343,73.7694422706814
-43.2344011962851,73.8001799755994
-43.6139284307831,73.8309175759249
-43.2342684389252,73.861655168931
-43.6136668225145,73.8923928738491
-43.9920858674704,73.9231304746022
-43.6142761258571,73.9538680686693
-43.236159322199,73.9846057735874
-43.6148246760733,74.0153434785056
-43.9928783116603,74.046081090905
-43.6145518714618,74.0768186908375
-43.2359581935822,74.1075563957557
-43.6148927219476,74.1382941006739
-43.237395840229,74.1690317180346
-42.8602869389976,74.1997694229528
-43.2390679966528,74.2305071278709
-43.6179121820071,74.2612447321095
-43.9960694369652,74.2919823519296
-43.6177802296259,74.3227199554506
-43.2392673009076,74.3534576603688
-43.6182658365664,74.384195365287
-43.2395651663047,74.4149329851114
-42.8609962118393,74.4456706900296
-43.240609061814,74.4764083949476
-42.8616649454953,74.5071460033437
-43.2415145179597,74.5378837082618
-43.6208895837468,74.5686213211731
-43.2408930235377,74.5993589494172
-43.6204144643229,74.6300966543353
-43.9986181966026,74.6608342845937
-43.61902270595,74.6915718958365
-43.2385031105642,74.7223096007547
-43.6181682876419,74.7530473056728
-43.2391119034141,74.783784929006
-42.8598194326753,74.8145226339241
-43.2396017490436,74.8452603388422
-43.6186907582312,74.875997945373
-43.2391789719837,74.9067355725721
-43.6182437523285,74.9374732774902
-43.9958656536719,74.9682109035001
-44.3713976096845,74.9989485114691
-44.7442075731647,75.0296861119024
-44.3689988320388,75.0604237121432
-43.9919776487908,75.0911613453882
-44.3665797591169,75.1218990503065
-44.7385425374772,75.1526366619161
-44.3649317196771,75.1833742688255
-43.9896302386192,75.2141119737438
-44.3629144747754,75.244849678662
-44.7338076526521,75.2755872953217
-44.360741942076,75.3063249063939
-43.9860567896723,75.3370626113122
-44.3586722587017,75.3678003162305
-44.7289181701065,75.3985379267094
-44.3577436348012,75.4292755399298
-43.9852534428115,75.4600132448481
-44.3564123970225,75.4907509497663
-44.7255647685329,75.5214885595232
-44.3543668293307,75.5522261742176
-43.9818159071,75.5829638791358
-44.3526645820768,75.613701584054
-44.7213855266255,75.6444391955104
-44.3503860238994,75.6751768120535
-43.9779555793976,75.7059145169717
-44.3485720652763,75.7366522218899
-43.97639351924,75.7673898340143
-43.6031632727678,75.7981275389324
-43.9751905819149,75.8288652438505
-43.6017493977003,75.8596028383276
-43.9738454627369,75.8903405432457
-44.3442094062505,75.9210781462133
-43.9717031314247,75.9518157685622
-44.3420289383423,75.9825534734803
-44.7099952259232,76.013291097979
-44.339616301022,76.0440287090567
-43.9675581281907,76.074766413975
-44.337435004866,76.1055041188931
-43.9666689150301,76.1362417425465
-43.5949926716676,76.1669794474647
-43.9657664997854,76.1977171523828
-44.3350111743903,76.2284547519334
-43.9639731613791,76.2591923679231
-44.3331689201207,76.2899300728413
-44.7001714508782,76.3206676894568
-44.3307507334951,76.3514052950109
-44.6975511028765,76.3821429999291
-45.061600800214,76.4128806085223
-44.6956795843246,76.4436182116168
-44.3280563229244,76.4743559165351
-44.6935527890597,76.5050936214534
-45.0566052683073,76.5358312339764
-44.6909497749537,76.5665688392149
-45.0537102530577,76.5973065441332
-45.4134782933353,76.6280441546006
-45.0507278806215,76.6587817568007
-44.6858994441533,76.689519461719
-45.0478521430965,76.7202571666372
-44.6840484849792,76.7509947822712
-44.3187228539485,76.7817324871895
-44.682191883191,76.8124701921077
-45.0434797232773,76.8432077897718
-44.6797197448058,76.8739454006985
-45.0408537524232,76.9046831056168
-45.3992360441407,76.9354207148576
-45.0380380131253,76.9661583172712
-44.6748898694362,76.9968960221894
-45.0353985725718,77.0276336934509
-45.3932373484565,77.0583713033155
-45.0348129206825,77.0891089068868
-44.6771615200345,77.119846611805
-44.3213950596141,77.1505843167232
-43.9670014867382,77.1813220216413
-44.3244397086084,77.2120597265595
-43.9698165016745,77.2427973015523
-43.6170352532607,77.2735350064704
-43.9734513719867,77.3042727113884
-43.6198051209522,77.3350102848735
-43.2684227538857,77.3657479897915
-43.6239401743626,77.3964856947094
-43.2711805866025,77.427223275174
-43.627460653259,77.4579609800918
-43.985219028032,77.4886985744016
-43.6288518228335,77.519436198745
-43.9870436209606,77.5501739036629
-44.3455950273913,77.5809115311221
-43.9874348590992,77.6116491455044
-44.3460909943491,77.6423868504225
-44.7041670541547,77.6731244652404
-44.3457875038245,77.7038620660899
-43.98718850915,77.7345997710081
-44.3459183596571,77.7653374759262
-43.9872870792689,77.7960750900375
-44.3460550001909,77.8268127949557
-44.7040244414874,77.8575504052599
-44.3451188508275,77.8882880041113
-44.7030924972794,77.9190257090295
-45.0596546743484,77.9497633093243
-44.7015816337631,77.9805009092957
-44.3425111753025,78.0112386142139
-44.7004525416365,78.041976319132
-44.3426482310958,78.0727139216432
-43.9844806659171,78.1034516265614
-44.3427062089789,78.1341893314795
-43.9853924007459,78.1649269383395
-43.6283727872362,78.1956646432576
-43.9864868590782,78.2264023481757
-43.6292343168861,78.2571399497668
-43.9875315770802,78.2878776546848
-44.3456657230212,78.3186152669212
-43.9873042410391,78.3493528616964
-44.3455596291869,78.3800905666145
-43.9881359047708,78.4108281638827
-43.6309334755883,78.4415658688007
-43.9890054094812,78.4723035737187
-43.6318386106284,78.5030411839368
-43.9900146570239,78.5337788888547
-44.3480348197119,78.5645164954905
-43.9898280865949,78.595254087243
-44.348030848473,78.625991792161
-43.9900594718564,78.6567293868829
-43.6322169470073,78.687467091801
-43.9907244988034,78.7182047967189
-43.6324230111113,78.7489424025298
-43.9911965622568,78.7796801074478
-43.6326939539428,78.8104177123272
-43.9915294198938,78.8411554172451
-44.3498619818139,78.8718930201439
-44.7072294402715,78.9026306110181
-45.0631529654079,78.9333682026865
-44.7057202614932,78.9641057999167
-45.0614412753561,78.9948435048348
-45.4151910688761,79.0255811092182
-45.0596499048121,79.056318691946
-44.7027348312034,79.0870562942684
-45.0579498387449,79.1177939991858
-44.7016492029127,79.1485316075921
-44.3444298496705,79.1792693125102
-44.7006811148945,79.2100069465748
-44.3438962085433,79.240744552596
-43.9866931040627,79.2714822575141
-44.3436537160528,79.3022199624322
-43.9863843482512,79.3329575737783
-44.3433873569971,79.3636952786963
-44.6994867664192,79.3944328882497
-45.0542142038682,79.4251704894003
-45.4071291683112,79.4559080934478
-45.053533794433,79.4866457034328
-44.6988786539625,79.5173834083509
-45.0525598163264,79.5481211132689
-44.6980318969961,79.5788587222062
-45.0516465229869,79.6095964271242
-45.4036911776318,79.6403340370311
-45.0498938961776,79.6710716431355
-45.4018011504099,79.7018093480535
-45.0494682726372,79.7325469571082
-44.6963045684443,79.7632846620262
-45.04878409469,79.7940223669442
-44.6958063089823,79.8247599781156
-45.0481940629773,79.8554976830336
-45.3992194995442,79.8862352952814
-45.0466928091335,79.9169729041973
-45.3976118654073,79.9477106091153
-45.7465903850327,79.978448217752
-45.3956409127951,80.0091858072589
-45.7443802233092,80.0399235121769
-46.0907433335745,80.0706611052578
-45.7434067567294,80.1013986767216
-45.3946339320645,80.1321363816397
-45.7418281485148,80.1628740865577
-45.394361630503,80.1936116906791
-45.0462069872762,80.2243493955972
-45.3938897623495,80.2550871005152
-45.0467434543793,80.2858247037665
-44.6996154789688,80.3165624086846
-45.0472941397636,80.3473001136026
-45.3944809177696,80.378037721696
-45.0471988728801,80.4087753248372
-45.394388225635,80.4395130297553
-45.7405306981714,80.4702506318022
-45.3934687505698,80.5009882258638
-45.0457525987795,80.5317259307819
-45.3929954167002,80.5624636356999
-45.0469001715459,80.5932012373576
-44.7008048985555,80.6239389422756
-45.047778214414,80.6546766471936
-44.7025413269528,80.6854142521668
-44.3581975869101,80.7161519570848
-44.7045181235731,80.7468896620027
-44.3596560174899,80.7776272712189
-44.7062527863066,80.8083649761369
-45.0532262626943,80.8391025860277
-44.7077956613479,80.8698401925371
-44.3631344857779,80.900577897455
-44.7097281599815,80.9313156023729
-44.3649790979551,80.9620532115772
-44.7117385168515,80.9927909164951
-45.058901913174,81.0235285250429
-44.7122405513836,81.0542661305451
-45.059675065923,81.0850038354631
-44.7140930481611,81.1157414393914
-44.3691225712776,81.1464791443094
-44.7158308773964,81.1772168492274
-44.3709490389917,81.2079544556045
-44.7178392964769,81.2386921605224
-45.0651520948321,81.2694297671628
-44.7183895445756,81.3001673684564
-45.0660102946273,81.3309050733744
-44.7199696349762,81.3616426728506
-44.3744371819255,81.3923803777686
-44.7216099802309,81.4231180826866
-44.3759516580475,81.4538556874523
-44.7233321037838,81.4845933923703
-45.0709840163884,81.5153309962674
-44.7236660815996,81.5460685919816
-45.0716011321829,81.5768062968996
-45.4191309141499,81.6075438906909
-45.0711318881311,81.6382814779954
-45.4187681620212,81.6690191829135
-45.76532799103,81.6997567712042
-45.417940452213,81.7304943507263
-45.0697915179963,81.7612320556444
-45.4173625233495,81.7919697605625
-45.0705531294465,81.8227073445227
-44.723568603938,81.8534450494408
-45.0710899166873,81.8841827543588
-44.7251774530998,81.914920339414
-44.3798729967149,81.9456580443321
-44.7268407949752,81.9763957492501
-44.3814366989773,82.0071333433308
-44.7285675347824,82.0378710482487
-45.0759962863453,82.0686086424337
-44.7289432969807,82.0993462266971
-45.0765959516567,82.1300839316151
-44.7303446492489,82.1608215143759
-44.3845713883595,82.1915592192939
-44.7318095339692,82.2222969242118
-44.3859730558539,82.2530345165429
-44.7333959553904,82.2837722214609
-45.0810334437463,82.3145098140432
-44.7336656824025,82.3452473960268
-45.0815374878182,82.3759851009448
-44.7350916504826,82.4067226818624
-44.3890668698872,82.4374603867804
-44.7364628192076,82.4681980916984
-44.3904064406369,82.4989356833246
-44.7384487384209,82.5296733882426
-45.0871991697437,82.5604110531528
-44.7388976029889,82.5911486363929
-45.0870361034947,82.6218863413109
-44.7387147500148,82.6526239248138
-44.3903048766374,82.6833616297317
-44.7389031974,82.7140993346496
-44.3897566310775,82.7448369218183
-44.738143879765,82.7755746267362
-44.3886662920627,82.8063122139288
-44.7368316258991,82.8370499188467
-45.0827609700801,82.8677875064035
-45.4256525713851,82.8985250906777
-45.7647822950267,82.9292626689689
-45.4214378380266,82.9600002414383
-45.7599538171118,82.9907379463563
-46.0941201471526,83.0214755222645
-45.7557667944094,83.0522130864164
-45.4142801120527,83.0829507913345
-45.751174748129,83.1136884962508
-45.4108397039934,83.1444260692015
-45.0679177759316,83.1751637741196
-45.4071073252929,83.2059014790376
-45.0648893394563,83.2366390605939
-44.7204504286659,83.2673767655119
-45.0618574368618,83.2981144699377
-44.7175948550049,83.3288520490596
-45.0588537313623,83.3595897539776
-45.3974059521902,83.3903273346025
-45.056614639438,83.4210649174661
-45.394463578101,83.4518026223841
-45.7294095697097,83.4825402006927
-45.3907897520358,83.5132777762709
-45.72551540201,83.5440154811889
-45.3887081862422,83.5747530594324
-45.0499845594935,83.6054907643504
-45.3861166059475,83.6362284692684
-45.0473602253486,83.6669660569758
-45.383371392163,83.6977037618938
-45.0454556429411,83.7284413518673
-44.7062274858681,83.7591790567853
-45.0435840506734,83.7899167617033
-44.7042505034337,83.8206543615682
-45.0415524361301,83.8513920664861
-44.7022602091445,83.8821296673621
-45.0394567413067,83.9128673722801
-44.7004059876835,83.9436049749005
-45.0374282478203,83.9743426798184
-45.3723855226687,84.0050802846149
-45.7048375637625,84.035817868745
-46.034352095174,84.066555444375
-45.701450289739,84.0972930187076
-46.0306607489473,84.1280307236256
-46.3565925489318,84.1587683041796
-46.0271267190608,84.1895058779192
-46.3526405916463,84.2202435828372
-46.674664172706,84.2509811647635
-46.350791554857,84.2817187464353
-46.0248180708482,84.3124564513533
-46.3481137905061,84.3431941562714
-46.0229043343042,84.373931746078
-45.6962533476577,84.404669450996
-46.020958341627,84.435407155914
-45.6947264599669,84.4661447472058
-45.367520740099,84.4968824521238
-45.6934048824971,84.5276201570418
-45.3662308684989,84.55835775496
-45.6920350802717,84.5890954598781
-46.0162426045706,84.6198330603253
-45.6900179657392,84.6505706475564
-46.0141529164178,84.6813083524744
-45.6893305098041,84.7120459440509
-45.3636145554313,84.7427836489689
-45.6883607493059,84.7735213538869
-45.3629252752468,84.8042589537793
-45.6875232261795,84.8349966586973
-46.0107791796329,84.8657342541013
-45.6858601768446,84.8964718370234
-46.0090375543127,84.9272095419414
-46.3303284119001,84.9579471274537
-46.0068444860092,84.9886847115221
-46.3279897772689,85.0194224164401
-46.646827256673,85.050160001909
-46.3264218964713,85.080897586597
-46.0044737103463,85.111635291515
-46.3245119141064,85.142372996433
-46.003613722853,85.173110581314
-45.681807831771,85.203848286232
-46.00262551866,85.23458599115
-46.3220463539525,85.2653235762612
-46.0019050763796,85.2960611564796
-45.6810079518562,85.3267988613976
-46.0011464111941,85.3575365652025
-45.680298736015,85.3882741492689
-46.000393427332,85.4190118541869
-46.3192037129269,85.449749436318
-45.9989874186271,85.4804870132777
-46.3177013669477,85.5112247181956
-46.6346279581394,85.5419622960817
-46.3157072607804,85.572699878557
-46.6324892919851,85.603437583475
-46.3150422558595,85.6341751678783
-45.9966060973973,85.6649128727963
-46.3140219041844,85.6956505777143
-46.6299854060544,85.7263881564874
-46.3126517985674,85.757125737846
-46.6284350584961,85.787863442764
-46.9423271957099,85.8186010232201
-46.6264735588796,85.8493386135899
-46.9401303335409,85.8800763185079
-47.2514823890728,85.9108139068803
-46.9379474923105,85.9415514733437
-46.6227650108922,85.972289156541
-46.9357731015442,86.003026861459
-46.6217670584129,86.0337644465146
-46.3066236709999,86.0645021514326
-46.6205308233007,86.0952398563506
-46.3065318779931,86.1259774360597
-45.9921320543344,86.1567151409777
-46.306341202328,86.1874528458957
-45.992386621919,86.2181904274023
-45.6786821327943,86.2489281323203
-45.9930505353396,86.2796658372382
-45.6789540574228,86.3104034341456
-45.9935051961312,86.3411411390635
-46.307659412023,86.3718787332377
-45.9929266413044,86.402616308926
-46.3071729397654,86.4333540138439
-46.620416837636,86.4640915928051
-46.3059984064249,86.4948291662998
-46.6192184435243,86.5255668712177
-46.9309509296179,86.5563044470072
-46.6179843601319,86.5870420270867
-46.303959287587,86.6177797320047
-46.6167694787675,86.6485174369227
-46.3026940384745,86.6792550134379
-45.9878555928911,86.7099927183559
-46.301824468317,86.7407304232739
-45.9877352514763,86.7714680068023
-45.673297147712,86.8022057117203
-45.9876953970735,86.8329434166382
-45.6732262419525,86.8636810148045
-45.9876524221636,86.8944187197224
-46.3014129850456,86.925156312367
-45.986823525808,86.9558938876949
-46.3006036365259,86.9866315926129
-45.9872704315018,87.0173691706771
-45.6738100008059,87.0481068755951
-45.9875694480203,87.0788445805131
-45.6740965672949,87.1095821667212
-45.987915020555,87.1403198716391
-46.3012548634482,87.1710574533662
-45.9873117141121,87.201795024973
-46.3007059204685,87.2325327298909
-45.9877804950358,87.2632703040633
-45.6747619203169,87.2940080089813
-45.9881445626083,87.3247457138992
-45.6752175799961,87.3554832916131
-45.9886441585315,87.3862209947669
-46.301653081855,87.416958567882
-45.98819395107,87.4476961345738
-46.3012397982306,87.4784338360608
-45.988821214759,87.5091714034317
-45.6763873222454,87.5399091030889
-45.9894437811589,87.5706467998188
-45.6765333531746,87.6013843693002
-45.9897402417022,87.6321220634371
-45.676660627639,87.6628596317595
-45.9899523128146,87.693597323446
-45.6769091961998,87.7243348895955
-45.9902006525471,87.7550725789682
-46.3029649731265,87.78581014224
-45.9896370261565,87.8165477024034
-46.3024778170985,87.8472853915797
-45.9901851176918,87.8780229541344
-45.6777219918203,87.9087606420805
-45.9906026527193,87.9394983270241
-45.6779102279815,87.9702358895413
-45.9909091050346,88.0009735722521
-45.6787188806885,88.0317111328415
-45.3669066914201,88.0624488134521
-45.6798349846763,88.0931864911142
-45.3675897939074,88.1239240615787
-45.6807584903313,88.1546617363958
-45.3681581380747,88.1853993069112
-45.6814982736214,88.2161369791948
-45.3688774982735,88.2468745470752
-45.682248617829,88.2776122170581
-45.9955151359067,88.308349780988
-45.682140704808,88.3390873323278
-45.9956047150049,88.3698249990983
-45.6830777325902,88.4005625546718
-45.3707242728127,88.4313002238657
-45.6839973535399,88.462037890046
-45.3712630602092,88.4927754535128
-45.684701267746,88.5235131174163
-45.372142805656,88.5542506777275
-45.6855511485581,88.5849883395702
-45.9988641700305,88.6157258946542
-46.3116916010424,88.6464634418166
-46.6236729087164,88.6772009941999
-46.3107329011178,88.7079385607698
-46.6226922494576,88.7386762337533
-46.3109763937464,88.7694138024314
-45.998857286437,88.8001514765979
-46.3108790593476,88.8308891476709
-46.6221902924705,88.8616267055727
-46.310564177568,88.8923642734279
-46.6217034845811,88.9231019477147
-46.9317528565026,88.953839514636
-46.6206112917781,88.9845770647884
-46.9305529882034,89.0153147148861
-47.2390179045111,89.0460522755431
-46.9291857634381,89.0767898199805
-47.2374205570375,89.1075275032222
-47.543868196232,89.1382650576564
-47.2378352388888,89.1690026036519
-46.931120790292,89.1997402917333
-47.2374594641597,89.2304779778387
-47.5426852946969,89.2612155451035
-47.2380983727077,89.2919530951804
-46.934598035656,89.3226907846028
-46.6317754346471,89.3534284725075
-46.9362773756726,89.3841661591537
-46.6339426083391,89.4149037338521
-46.3327454795476,89.4456414199767
-46.6363875732276,89.476379104971
-46.3355582195525,89.5071166770932
-46.0363649462164,89.5378543605914
-46.3387940667519,89.5685920430814
-46.6426510314449,89.5993296198518
-46.3406107821157,89.6300671873925
-46.6448223397564,89.660804866813
-46.949606763409,89.6915424349037
-46.6453311102688,89.7222800043039
-46.9503647212608,89.7530176817176
-47.2551486101483,89.7837552505786
-46.9523425682073,89.8144928277528
-46.6498246731862,89.8452305045853
-46.9538368717492,89.8759681797682
-47.2579584847769,89.9067057456901
-46.9558115790955,89.9374433065691
-46.6558302089756,89.9681809809042
-46.3576236935528,89.9989186536472
-46.6593994423971,90.0296563252279
-46.9626151597573,90.0603938862989
-47.266481059054,90.0911314495331
-46.9653166896403,90.1218690061683
-46.665521468967,90.1526066758457
-46.9680506873084,90.1833443437058
-47.2714101400881,90.214081906494
-46.9689794324106,90.2448194447569
-47.2725707252982,90.2755571116044
-47.5759826727428,90.306294656191
-47.272764859164,90.3370321826362
-46.9695123367111,90.3677698504035
-47.2733854697152,90.3985074820664
-46.9708286347713,90.4292450456021
-46.6686190114919,90.4599827102664
-46.9721171024091,90.4907203734536
-47.2757391018502,90.5214579354427
-47.5790274016776,90.5521954954224
-47.2757558700166,90.5829330319099
-47.5789737550016,90.6136706956702
-47.8812883911014,90.6444082369196
-47.5784159615101,90.6751457648633
-47.2749370273894,90.7058834312297
-47.5780457828023,90.736621095456
-47.274497590601,90.7673586545113
-47.5775847902376,90.7980963184228
-47.8796305786578,90.8288338783019
-47.5766142980305,90.8595714177016
-47.8785814320322,90.8903090834978
-48.1791878676809,90.9210466289026
-47.8773924112338,90.9517841637369
-47.5746191238773,90.9825218327564
-47.8762791114446,91.0132594998275
-47.5749204967869,91.0439970609418
-47.273165971469,91.074734728049
-47.5748655822151,91.1054723939361
-47.8758360979338,91.1362099648344
-47.5741413121784,91.1669475218242
-47.8750948882324,91.1976851881744
-48.1749004148618,91.2284227476456
-47.8740034894044,91.2591602893095
-48.1736631539349,91.2898979575023
-48.4718356101021,91.3206355037747
-48.1724730502934,91.3513730421837
-47.8720983064649,91.3821107134432
-48.1712492167704,91.4128483830087
-47.8720869893303,91.4435859427877
-47.5724278907433,91.474323612474
-47.8717679766933,91.5050612811557
-48.1702820348881,91.5357988540927
-47.8708873878435,91.5665364091726
-48.1693788836725,91.5972740778019
-48.4666693463863,91.6280116351729
-48.1683315397343,91.6587491772589
-47.8691361293866,91.6894868467145
-48.1673504510183,91.7202245142941
-47.869241616691,91.7509620825792
-47.5707976866643,91.7816997491185
-47.869147693446,91.8124374142674
-48.1668516424893,91.8431749790351
-47.8685228046476,91.8739125384806
-48.1662326678303,91.9046501503116
-48.46291788141,91.9353877106134
-48.1654797371393,91.9661252517638
-47.8673254066535,91.9968629156757
-48.1647573994651,92.0276005776485
-48.4611962000357,92.0583381441502
-48.1638174747245,92.0890756880212
-47.8656870071205,92.1198133500964
-48.1629976320722,92.1505510103218
-48.4592895184398,92.1812885740881
-48.1630933830932,92.212026121726
-47.8664336329054,92.2427637817832
-48.162878335579,92.2735014400189
-47.8661238326256,92.3042390018788
-47.5691725953831,92.3349766586006
-47.8660627762545,92.3657143140592
-47.5689593450219,92.3964518684405
-47.2718996899572,92.4271895215467
-47.5692022366591,92.4579271737942
-47.8662530373553,92.4886647280938
-47.5693685805202,92.5194022790474
-47.8663579845645,92.5501399270171
-48.1629278768937,92.5808774780879
-47.8660786277711,92.6116150359731
-48.162624081772,92.642352682429
-48.4584540576356,92.6730902394385
-48.1618579757617,92.7038277801277
-48.4576511517424,92.7345654277655
-48.7524403414246,92.7653029687708
-49.0459881945468,92.7960404995096
-49.338066849419,92.8267780331158
-49.046493314517,92.8575155794287
-48.7575051158734,92.8882532418866
-48.4732042663941,92.9189909012591
-48.1929473215972,92.949728558381
-47.9155108896227,92.9804662141845
-48.1997834466912,93.0112038695529
-48.4875929897189,93.0419414460331
-48.2032416627844,93.0726790185264
-48.4916019484366,93.103416673197
-48.7815782449604,93.1341542489661
-48.4934088877605,93.1648918029438
-48.2065654706255,93.1956294570871
-48.4961258785589,93.2263671090526
-48.2093381327788,93.257104679946
-47.9239101333015,93.2878423296135
-48.2124918283077,93.3185799777638
-48.5024746324892,93.3493175430688
-48.2139192068197,93.3800551123669
-48.5042805253056,93.4107927565942
-48.7952573814373,93.4415303230363
-48.5053986616675,93.4722678731105
-48.2160434503189,93.5030055162377
-48.5067003046167,93.5337431569222
-48.7977647449542,93.5644807197247
-48.5074332903045,93.5952182657185
-48.2174796796357,93.6259559049879
-48.508462303878,93.6566934904764
-48.2192939781619,93.6874310490304
-47.9308977032725,93.7181686831433
-48.2210889030009,93.7489063157064
-48.5120079070001,93.7796438697041
-48.2220695859145,93.8103814276597
-48.5131883554511,93.8411190557964
-48.8045713743103,93.8718566114609
-48.51362569159,93.9025941451972
-48.8050755210465,93.9333317727366
-49.0963655724797,93.9640693066446
-48.8054059003004,93.9948068316046
-48.5144742125537,94.025544461939
-48.8057468908273,94.0562820888102
-49.0968568587584,94.0870196297365
-48.8059385278321,94.1177571574826
-48.5150366591406,94.1484947862499
-48.8062219339899,94.1792324117915
-49.0972378861788,94.2099699575254
-48.8071169813843,94.2407074870777
-48.5171964959664,94.2714451137831
-48.8078287780188,94.302182737289
-49.0984983909957,94.3329202849548
-48.8082850022313,94.3636578150125
-48.5182902940509,94.3943954392955
-48.8088654112052,94.4251330604701
-49.0994296293816,94.4558706090874
-48.8094404242048,94.4866081404702
-48.5196434538717,94.5173457620347
-48.8100635362288,94.548083380551
-49.1005240851688,94.5788209282554
-48.8109958780065,94.6095584604784
-48.5217639157193,94.6402960791026
-48.233045942366,94.671033694732
-48.5229252238014,94.7017713087024
-48.233859376988,94.7325088587822
-47.9455020521706,94.7632464687528
-48.235108117516,94.7939840779819
-48.5253123521944,94.8247216258047
-48.2363226820894,94.8554591721662
-47.9480220457187,94.8861967747652
-48.2378878967395,94.9169343762644
-47.949196927832,94.9476719210328
-48.2393477423074,94.978409518183
-48.5300907256908,95.0091470617011
-48.2402170305637,95.0398846065545
-47.9509127158624,95.0706221988962
-48.2413334071529,95.101359789609
-48.5322501579463,95.1320973286362
-48.2421638064574,95.1628348705695
-47.9526063955968,95.1935724571428
-48.2432238585171,95.2243100418949
-48.5343086013764,95.2550475766299
-48.243939376508,95.2857851154509
-47.9541050144609,95.3165226967006
-48.2449184444402,95.3472602759116
-48.5361711323129,95.3779978064794
-48.8276361904729,95.4087353421955
-48.5380242863813,95.4394728617114
-48.2504391723392,95.470210442717
-47.9643238824268,95.5009480198881
-48.2535401044948,95.5316855953704
-48.5441726990395,95.5624231244398
-48.2551231919837,95.5931606461207
-47.96722686689,95.6238982183119
-48.2573708521898,95.6546357882907
-47.9694465635567,95.6853733134948
-47.6827645772503,95.7161108799146
-47.9720548871657,95.746848445964
-47.6856195075783,95.777585967916
-47.4007772787909,95.808323529052
-47.688860246023,95.8390610916285
-47.403499525356,95.8697986151374
-47.120330902557,95.9005361718402
-47.4070088091009,95.9312737311512
-47.1229834109526,95.9620112583797
-47.4102272106616,95.9927488114542
-47.699439598363,96.0234863338742
-47.4122274905244,96.0542238473425
-47.7018329700425,96.084961390328
-47.9928641933177,96.1156989018343
-47.7033476438966,96.1464364149824
-47.9946817872898,96.1771739553073
-48.2869349733485,96.2079114679082
-47.9969518950627,96.2386489765769
-47.7079794773842,96.2693865205208
-47.9992122929989,96.30012406085
-47.7105932337292,96.3308615731569
-47.4234450210416,96.3615991113585
-47.7135942403069,96.3923366484951
-47.4255765813791,96.4230741542063
-47.716168411377,96.4538116871834
-47.4285867059166,96.4845491910614
-47.1426811126185,96.5152867204654
-47.4318989715029,96.5460242506487
-47.1451161722341,96.576761752673
-47.4347578464592,96.6074992777307
-47.1476011365557,96.6382367770163
-47.4376048889027,96.6689742978165
-47.7292295372357,96.6997117953611
-47.4393991492914,96.7304492950587
-47.7314452457379,96.7611868124027
-47.4423640694385,96.7919243104216
-47.1546996045365,96.8226618267334
-47.4453283130362,96.8533993420598
-47.1572892601596,96.8841368348433
-47.4483431237984,96.9148743465911
-47.7409844513414,96.9456118379645
-48.0347995878094,96.9763493334835
-48.3294019937515,97.007086808915
-48.0355683372848,97.0378242803164
-48.3303644350452,97.0685618126417
-48.6254221931663,97.099299291999
-48.3305995694652,97.130036775899
-48.6257649943196,97.160774327227
-48.9208209318023,97.1915118200486
-48.6260108841571,97.2222493233911
-48.3312165409387,97.2529868952921
-48.6262687435076,97.2837244591445
-48.9211981370982,97.3144619668183
-48.6264459725157,97.345199476008
-48.3317600287372,97.3759370288117
-48.6267301716001,97.406674599707
-48.3330161056194,97.4374121162333
-48.0397657851681,97.4681496877292
-48.3341605853744,97.4988872548691
-48.0419364717661,97.5296247843164
-47.750773607302,97.560362349611
-48.0441543369535,97.591099912632
-47.7533985517037,97.6218374326832
-47.4641382327475,97.6525749921048
-47.7563188915041,97.6833125512595
-47.4663775616397,97.7140500667722
-47.7590032908416,97.7447876210101
-48.0529474149959,97.7755251350376
-47.7604384448226,97.8062626520071
-48.0546410315757,97.837000200711
-47.762838816403,97.8677377153377
-47.4722669764611,97.8984752616381
-47.765329514662,97.9292128065401
-47.4744766496087,97.959950314918
-47.7678993425931,97.9906878556006
-48.0624962819183,98.0214253628497
-47.7692156279847,98.0521628716655
-48.0640501554612,98.0829004091667
-47.771334262464,98.1136379160039
-47.4797387523142,98.1443754518741
-47.7736669148927,98.1751129856815
-47.4814258147877,98.2058504887985
-47.7756271957316,98.2365880188029
-47.4831244916682,98.2673255199706
-47.7775659471457,98.2980630465476
-47.4850331823067,98.328800546843
-47.7795920534933,98.3595380702773
-48.0750475992503,98.3902755703584
-48.3710603371221,98.4210130601851
-48.6673290301013,98.4517505381884
-48.3712907059021,98.4824880186292
-48.6676882738183,98.5132255643658
-48.3724963498167,98.5439630522748
-48.0776580509432,98.5747006015932
-48.3734948297906,98.6054381444572
-48.0784959712903,98.6361756428823
-48.3744241987737,98.666913185807
-48.0798569301596,98.6976506843349
-47.7860320045818,98.7283882269178
-48.0814648421089,98.7591257659885
-47.7871418813722,98.7898632789426
-48.082746082094,98.8206008152435
-47.7882525222807,98.8513383261431
-48.084029360249,98.8820758598102
-47.7896355041047,98.9128133699246
-48.0854668777785,98.9435509010879
-48.3817646908802,98.9742884112509
-48.6781980978521,99.0050259036571
-48.9745027240475,99.0357633899742
-48.6780643222289,99.0665008829851
-48.9744504936717,99.0972384402527
-48.6784545956718,99.1279759412339
-48.3825062636404,99.1587135023329
-48.6788246977835,99.1894510567724
-48.3827356833809,99.2201885655033
-48.6791115588081,99.2509261203159
-48.3833833517223,99.2816636292988
-48.6796673648286,99.3124011840118
-48.9758311523552,99.3431386912719
-48.679566692157,99.3738761921715
-48.9757335508193,99.4046137545443
-48.6811776135793,99.435351259191
-48.3871245539153,99.4660888228156
-48.6823932136687,99.496826381137
-48.3886019550803,99.5275638960197
-48.6838208308687,99.5583014530064
-48.9793810072376,99.5890389653323
-48.684252918803,99.6197764663393
-48.9798434758256,99.6505140277374
-48.685737158799,99.6812515314926
-48.3922368043608,99.7119890931475
-48.6872211622487,99.7427266502724
-48.3932974171918,99.773464170762
-48.6884987550659,99.8042017257465
-48.3953671913973,99.8349392454406
-48.1031822614834,99.8656767981991
-48.3975087650913,99.8964143488001
-48.1046627411702,99.9271518670463
-48.399241030414,99.9578894134803
-48.1062536383489,99.9886269302022
