0,0
0,0.0307377049180251
0,0.0614754025339815
1.55629129646381e-29,0.0922130910151605
-6.14462735082777e-22,0.122950771599966
4.63537546995656e-21,0.153688443886734
-5.48600834060119e-20,0.184426108826761
-1.34305210648001e-19,0.21516376815494
1.23572726472884e-18,0.245901422690501
5.69380328863224e-18,0.27663907336908
2.13163404536568e-18,0.307376720486156
-4.8641939059265e-17,0.33811434982237
-1.74522933828616e-16,0.368851966257372
-2.30984401703179e-16,0.399589585717824
2.98156336195041e-16,0.430327217790113
2.14795117016e-15,0.461064847677432
5.20508169318742e-15,0.491802466361689
6.46171936750099e-15,0.522540084784922
-1.60129185322912e-15,0.553277709286349
-2.8962115221877e-14,0.584015330530959
-7.86658901660203e-14,0.61475295113364
-1.29652876001241e-13,0.645490565952535
-1.19266614863239e-13,0.676228177004813
5.68509607559998e-14,0.706965782469533
5.03767027195337e-13,0.737703384660045
1.22899562842312e-12,0.76844098729356
1.99916146825827e-12,0.799178587761999
2.21157401757157e-12,0.829916190752025
8.92177137788169e-13,0.86065378373571
-3.04413839261408e-12,0.891391338250441
-1.01747624145522e-11,0.922128874691573
-1.96278364125821e-11,0.952866410292192
-2.80732931775042e-11,0.983603957966888
-2.91557824893322e-11,1.01434147663138
-1.40607795646181e-11,1.04507899638673
2.6122503456587e-11,1.07581654547178
9.5941496247419e-11,1.10655414462067
1.89475307064234e-10,1.13729173194687
2.84086392473914e-10,1.16802930955784
3.36628924442609e-10,1.19876688190787
2.85445794218049e-10,1.22950445624662
6.13675514705075e-11,1.26024204218278
-3.90462534813997e-10,1.29097962902536
-1.07896348139168e-09,1.32171714696376
-1.93074916453546e-09,1.35245473400882
-2.75866833940834e-09,1.38319232603413
-3.24867394742718e-09,1.41392992474197
-2.98002289241775e-09,1.44466746269466
-1.49157231882264e-09,1.47540504421434
1.60008982528929e-09,1.50614260415698
6.43689333771575e-09,1.53688022254761
1.2732030448456e-08,1.56761783653866
1.9598281863581e-08,1.59835541010246
2.54453431925719e-08,1.62909298404987
2.80068596243245e-08,1.65983055410254
2.45530928900545e-08,1.69056813478293
1.2325383272359e-08,1.72130570798368
-1.08075628558637e-08,1.75204328224356
-4.5521323276774e-08,1.78278085722207
-9.01461340802159e-08,1.81351815345001
-1.39878712966915e-07,1.84425549843551
-1.8630785614396e-07,1.87499304966169
-2.17485021908899e-07,1.90573051737347
-2.18744732173862e-07,1.93646789688599
-1.74419359756774e-07,1.96720522179994
-7.04762757200525e-08,1.99794250745207
1.02050873854828e-07,2.02867975739671
3.43151961168899e-07,2.05941692626032
6.3994304878073e-07,2.09015418222037
9.63454979236103e-07,2.12089144177753
1.26686399183572e-06,2.15162873481964
1.48594769758916e-06,2.18236605311331
1.54243840569755e-06,2.21310341192002
1.35071243216354e-06,2.24384058587051
8.27870127167276e-07,2.27457770322716
-9.31908433916126e-08,2.30531487857858
-1.44862854460399e-06,2.33605229219815
-3.22800410832519e-06,2.36678966970433
-5.36007230215895e-06,2.39752696592653
-7.70236977969682e-06,2.42826433468783
-1.00371834150745e-05,2.45900190595348
-1.20765647946506e-05,2.4897394583171
-1.34785005280689e-05,2.52047702491768
-1.38759637912129e-05,2.5512146045592
-1.29194277912312e-05,2.58195218422657
-1.03321072585061e-05,2.61268976122846
-5.97578323878437e-06,2.64342733616332
7.64050464578693e-08,2.67416489804403
7.46572562530231e-06,2.70490245090983
1.54794440394545e-05,2.73563999877969
2.29913329283322e-05,2.76637754541374
2.83976464859801e-05,2.79711508662877
2.95170892576069e-05,2.82785262560153
2.34248801772529e-05,2.85859017222538
6.21104622274562e-06,2.88932772122554
-2.73266402708082e-05,2.92006525958005
-8.40392843751865e-05,2.95080279409423
-0.000172817960967354,2.98154033640915
-0.00030498668269802,3.01227787742873
-0.000494672449543227,3.04301541445434
-0.000759245390075663,3.0737529497981
-0.00112002879176764,3.10449048553281
-0.00160339115414136,3.13522800271655
-0.00224218309388741,3.16596550840526
-0.00307744968235771,3.19670301309773
-0.00416038028940436,3.22744052094042
-0.00555449434949532,3.25817800703107
-0.00733810429323892,3.28891547951079
-0.00960720751076672,3.31965295188032
-0.0124790222112582,3.35039041881004
-0.016096215574938,3.38112787812607
-0.0206315962992029,3.41186534631894
-0.026293238945269,3.44260282784995
-0.0333305739216597,3.47334028831868
-0.0420411662166985,3.50407773556634
-0.0527758940519345,3.53481518535255
-0.0659397605502317,3.56555265105075
-0.0819875573435185,3.59629011163986
-0.101415515347177,3.62702756611203
-0.124750731489796,3.65776502827739
-0.152539742662665,3.68850249941509
-0.185336855548116,3.71923996691697
-0.223692132954217,3.74997743055486
-0.268138678489514,3.78071489595113
-0.319179350976332,3.81145234371331
-0.377273625065947,3.84218978650364
-0.442826605818031,3.87292724359219
-0.51618239084413,3.90366471271541
-0.59762276453208,3.93440218346411
-0.687370763877434,3.96513964507756
-0.785597431496403,3.99587710354041
-0.892430041388527,4.02661456784378
-1.00796048803193,4.05735203660867
-1.13225302375332,4.0880895013191
-1.26535073347379,4.11882696428646
-1.40728072524722,4.14956442805058
-1.55805802329472,4.1803018958619
-1.71768855787986,4.21103936100185
-1.88617118660972,4.24177682235724
-2.06349877744375,4.27251428077141
-2.24965827857563,4.30325173385259
-2.4446294622377,4.33398918562596
-2.64838286116915,4.3647266359494
-2.86087783808292,4.39546408520295
-3.08206222263402,4.426201533376
-3.31187401931904,4.4569389794547
-3.55024436508346,4.4876764222737
-3.79710053516782,4.51841386350725
-4.05236813576741,4.54915130352442
-4.31597177172381,4.57988873843457
-4.58783393302655,4.61062616431028
-4.86787238305938,4.64136358469884
-5.15599699242449,4.67210100403062
-5.4521068750171,4.7028384273081
-5.75608924959963,4.73357584968855
-6.06781991556966,4.76431326706968
-6.38716354073562,4.7950506837388
-6.71397256510436,4.82578809589936
-7.04808481984956,4.85652549039085
-7.3893203219635,4.88726285900394
-7.73747836439784,4.91800020215116
-8.09233692350467,4.94873752054861
-8.45365415307711,4.97947481407825
-8.82117158795622,5.01021207986442
-9.1946189828472,5.04094931849771
-9.57372018682001,5.07168653075759
-9.9581964773844,5.10242371759034
-10.3477658212729,5.13316087871913
-10.7421405636949,5.16389801050235
-11.1410242194164,5.19463511323026
-11.5441070689429,5.22537218728658
-11.951065630811,5.25610923020733
-12.3615653914394,5.28684624318518
-12.7752649186123,5.31758322021025
-13.1918173714983,5.34832016103621
-13.6108707145402,5.37905706587422
-14.0320659493376,5.40979393508586
-14.4550374045903,5.44053076918953
-14.8794201566651,5.47126756303227
-15.3048685340816,5.50200431122733
-15.7310741994166,5.53274101284872
-16.1577751866039,5.56347766721453
-16.5847535647429,5.59421427373449
-17.0118263585061,5.62495082829891
-17.4388362122856,5.65568731829164
-17.865643224179,5.68642374236662
-18.2921218986134,5.71716009976791
-18.7181596860832,5.74789639026642
-19.1436573506162,5.77863261199953
-19.5685256453645,5.80936874532327
-19.9926844305037,5.84010478699355
-20.4160654012282,5.87084073487767
-20.8386134137381,5.90157658709048
-21.2602904502011,5.93231234174289
-21.6810781505934,5.96304798911099
-22.1009821516,5.99378351030903
-22.5200329702964,6.02451890235699
-22.9382917328768,6.05525416248365
-23.3558528415161,6.08598927643566
-23.7728474473121,6.11672422771019
-24.1894441580556,6.14745901392128
-24.6058453958705,6.17819363358223
-25.0222787533007,6.20892808588766
-25.4389855336551,6.23966237058621
-25.8562113634011,6.27039648801785
-26.274197638933,6.30113042932697
-26.6931758491535,6.33186417693383
-27.1133637455447,6.3625977357465
-27.5349646713171,6.39333111131635
-27.9581722897509,6.42406428953559
-28.3831695907986,6.45479725372477
-28.810127349762,6.48553000596655
-29.2392027428677,6.51626254920434
-29.6705392745551,6.54699487987869
-30.1042711734942,6.57772698929226
-30.5405183904043,6.60845887996711
-30.9793826407151,6.63919055578608
-31.4209454911503,6.66992202231076
-31.8652684765481,6.70065328707935
-32.31239398105,6.73138435264566
-32.7623532209085,6.76211510524257
-33.2151670427639,6.79284553706224
-33.6708443781326,6.82357564405656
-34.1293821407199,6.85430542384764
-34.5907673770065,6.88503486146054
-35.0549806314533,6.91576392953903
-35.5219983535989,6.94649262616421
-35.9917936319147,6.97722095212178
-36.4643353161002,7.00794891121073
-36.9395911205205,7.03867651051308
-37.4175328016994,7.06940376064022
-37.8981397036486,7.1001306759616
-38.3813977507363,7.13085727479041
-38.8672973892152,7.16158352468881
-39.3558299444885,7.19230940475345
-39.8469838756477,7.22303493604819
-40.340744764951,7.25376014421449
-40.8370870693621,7.28448505913626
-41.3359747940467,7.31520971453864
-41.8373581110956,7.34593414757497
-42.3411738961073,7.37665839846477
-42.8473545867996,7.40738251007611
-43.3558289718961,7.43810652745881
-43.8665131312663,7.46883049728261
-44.3793049080396,7.49955446734932
-44.8940844867605,7.53027848603497
-45.4107113295818,7.56100260143834
-45.9290134165469,7.59172686021478
-46.4487634106126,7.62245130635943
-46.9696388989206,7.65317598029374
-47.4911890779524,7.68390091812213
-48.0128228657056,7.71462615093387
-48.533803665159,7.74535170443106
-49.0532337009338,7.77607759876454
-49.5700283281447,7.80680384854431
-50.0829071836195,7.83753046321907
-50.5904078763708,7.86825744785223
-51.0908947751928,7.89898480387924
-51.5825243953326,7.92971250027248
-52.0632445781147,7.96044028510171
-52.5310272478201,7.99116805193628
-52.9841185305997,8.02189572810017
-53.4210638949375,8.05262313439194
-53.8406059263454,8.08335028834958
-54.2416551934442,8.11407710604521
-54.6234149337565,8.14480362355263
-54.9854595057442,8.1755298840833
-55.3276678111249,8.20625593936785
-55.6501146142106,8.23698184979063
-55.9529816674063,8.26770768393241
-56.2364998985155,8.2984335196084
-56.5009230973974,8.32915944477881
-56.7465247953588,8.3598855576023
-56.9736075202977,8.39061196557807
-57.1825182055076,8.42133878365151
-57.3736684039283,8.45206613219122
-57.5475585190067,8.48279413715832
-57.7048009314837,8.5135228660526
-57.8461466980897,8.54425154790345
-57.9724741438449,8.57498021224818
-58.0847710296673,8.6057089094061
-58.1841289092656,8.63643770621351
-58.2717255783582,8.66716668067636
-58.3487743633004,8.69789591734313
-58.4164659164077,8.72862550469122
-58.475925500269,8.75935553223545
-58.5281882383649,8.79008608004572
-58.5741878006241,8.82081720388079
-58.614754037239,8.85154892889637
-58.6506162607441,8.88228125363988
-58.6824098861738,8.91301415751534
-58.7106848489454,8.94374760769975
-58.7359147311661,8.97448156327685
-58.7585058892603,9.00521597786186
-58.7788061392005,9.03595080244649
-58.7971126387273,9.06668598847164
-58.8136791018665,9.09742137685116
-58.828721888516,9.12815694769234
-58.842425540834,9.15889261170214
-58.8549474990833,9.18962836823514
-58.866422176953,9.22036422369783
-58.8769646015116,9.25110004898337
-58.8866733541285,9.28183586882432
-58.8956331496894,9.31257170722558
-58.903917044893,9.3433075851113
-58.911588312318,9.37404351929246
-58.9187020412044,9.40477949576288
-58.9253064812356,9.43551549916404
-58.9314441493091,9.46625154214057
-58.9371527534852,9.49698763080346
-58.9424659551529,9.52772376528187
-58.9474139963101,9.55845994441533
-58.9520242139857,9.5891961707327
-58.956321460649,9.61993243842532
-58.960328470485,9.6506686913077
-58.9640661217312,9.68140495123397
-58.9675536734484,9.7121411796445
-58.970808931895,9.74287738611365
-58.973848377995,9.77361359445481
-58.976687266275,9.80434982298319
-58.979339703795,9.83508608494047
-58.9818187189353,9.86582238908881
-58.9841363275291,9.89655874048381
-58.9863036009808,9.92729514138597
-58.9883307381629,9.95803159215163
-58.9902271404581,9.98876809197153
-58.9920014876013,10.0195046394107
-58.9936618111367,10.0502412327644
-58.9952155623515,10.0809778702696
-58.9966696723405,10.1117145502105
-58.9980306031019,10.1424512709556
-58.9993043898754,10.1731880309506
-59.0004966759552,10.2039248286904
-59.0016127417109,10.2346616626861
-59.0026575294715,10.2653985314358
-59.003635665477,10.2961354334085
-59.0045514795718,10.3268723670427
-59.0054090229599,10.3576093307586
-59.0062120842225,10.3883463229828
-59.0069642038642,10.419083342179
-59.0076686877707,10.4498203868822
-59.0083286200317,10.4805574557306
-59.0089468755377,10.5112945474919
-59.0095261326105,10.542031661082
-59.0100688857445,10.5727687955743
-59.0105774582368,10.6035059501984
-59.0110540150222,10.6342431160391
-59.0115005747306,10.6649802909214
-59.011919021147,10.6957174750974
-59.012311113894,10.7264546688996
-59.0126784982033,10.7571918727203
-59.0130227137552,10.7879290869892
-59.0133452026268,10.8186663121508
-59.0136473164246,10.8494035486431
-59.0139303226933,10.88014079688
-59.0141954106957,10.9108780572383
-59.0144436966452,10.9416153300484
-59.0146762284629,10.9723526155895
-59.0148939901189,11.0030899140881
-59.0150979056092,11.0338272257189
-59.0152888426175,11.0645645506082
-59.0154676159034,11.0953018888369
-59.0156349904573,11.126039240445
-59.0157916844537,11.1567766054346
-59.0159383720224,11.1875139837738
-59.0160756858507,11.2182513753984
-59.0162042196205,11.2489887802145
-59.0163245302767,11.2797261980991
-59.0164371401268,11.3104636289018
-59.0165425387724,11.3412010724452
-59.0166411848799,11.3719385285255
-59.0167335078038,11.4026759969139
-59.0168199090848,11.4334134773569
-59.0169007638467,11.4641509695783
-59.0169764221185,11.4948884732802
-59.0170472101139,11.5256259871183
-59.017113431506,11.5563635078779
-59.0171753686862,11.5871010356351
-59.0172332840535,11.617838570413
-59.0172874213361,11.6485761121884
-59.0173380069478,11.6793136608983
-59.0173852513748,11.7100512164447
-59.0174293505786,11.7407887786999
-59.0174704874066,11.771526345705
-59.0175088329756,11.8022639165894
-59.0175445480053,11.8330014915224
-59.0175777840765,11.8637390706469
-59.0176086847857,11.894476654081
-59.0176373867716,11.9252142419193
-59.0176640205938,11.9559518342342
-59.0176887114513,11.9866894310777
-59.0177115797333,12.0174270324828
-59.0177327414051,12.0481646384642
-59.0177523082359,12.0789022490193
-59.0177703878841,12.1096398639673
-59.0177870838616,12.1403774826083
-59.0178024953991,12.1711151049413
-59.0178167172416,12.2018527309423
-59.0178298394036,12.2325903605672
-59.0178419469132,12.2633279937545
-59.0178531195736,12.2940656304277
-59.0178634317679,12.3248032704977
-59.0178729523311,12.3555409138641
-59.0178817445036,12.3862785604177
-59.0178898659816,12.4170162100422
-59.0178973690654,12.4477538626156
-59.0179043009058,12.4784915180127
-59.017910703839,12.5092291761065
-59.0179166157952,12.53996683677
-59.0179220707627,12.5707044998781
-59.0179270992856,12.6014421653088
-59.0179317289715,12.6321798327746
-59.0179359849886,12.6629175021396
-59.0179398905301,12.6936551733413
-59.0179434672322,12.7243928463146
-59.01794673553,12.755130520994
-59.0179497149474,12.785868197315
-59.0179524243142,12.816605875215
-59.0179548819154,12.8473435546344
-59.0179571055751,12.8780812355166
-59.0179591126843,12.9088189178087
-59.0179609201827,12.9395566014612
-59.017962544506,12.9702942864273
-59.0179640015096,13.0010319726629
-59.0179653063809,13.0317696601257
-59.01796647355,13.0625073487745
-59.0179675166072,13.0932450385685
-59.0179684482347,13.1239827294666
-59.0179692801567,13.154720421427
-59.0179700231113,13.1854581144064
-59.0179706868444,13.21619580836
-59.0179712801258,13.2469335032411
-59.0179718107849,13.2776711990015
-59.0179722857625,13.3084088955909
-59.0179727111767,13.3391465929581
-59.0179730923967,13.3698842910508
-59.0179734341219,13.4006219898162
-59.017973740463,13.4313596892018
-59.0179740150201,13.4620973891558
-59.0179742609571,13.4928350896278
-59.0179744810687,13.5235727905691
-59.0179746778404,13.5543104919336
-59.0179748534991,13.5850481936776
-59.0179750100555,13.6157858957609
-59.017975149338,13.6465235981463
-59.0179752730192,13.6772613008002
-59.0179753826358,13.7079990036922
-59.0179754796031,13.7387367067956
-59.0179755652254,13.7694744100865
-59.017975640703,13.8002121135442
-59.0179757071376,13.8309498171506
-59.0179757655359,13.8616875208902
-59.0179758168136,13.8924252247495
-59.0179758617988,13.9231629287166
-59.0179759012356,13.9539006327813
-59.017975935789,13.9846383369349
-59.0179759660497,14.0153760411691
-59.0179759925398,14.0461137454769
-59.0179760157185,14.0768514498518
-59.0179760359889,14.1075891542878
-59.0179760537033,14.1383268587792
-59.0179760691699,14.1690645633207
-59.0179760826584,14.1998022679076
-59.017976094405,14.2305399725351
-59.0179761046172,14.2612776771989
-59.0179761134783,14.292015381895
-59.0179761211501,14.3227530866196
-59.0179761277767,14.3534907913693
-59.0179761334864,14.384228496141
-59.0179761383937,14.4149662009318
-59.0179761426011,14.4457039057394
-59.0179761462,14.4764416105614
-59.0179761492721,14.5071793153961
-59.01797615189,14.5379170202418
-59.0179761541178,14.568654725097
-59.0179761560122,14.5993924299605
-59.0179761576226,14.6301301348314
-59.0179761589922,14.6608678397087
-59.0179761601582,14.6916055445917
-59.0179761611526,14.7223432494798
-59.0179761620025,14.7530809543723
-59.0179761627312,14.7838186592687
-59.0179761633581,14.8145563641687
-59.0179761638997,14.8452940690716
-59.0179761643697,14.876031773977
-59.0179761647795,14.9067694788833
-59.017976165139,14.9375071837905
-59.0179761654561,14.9682448886987
-59.0179761657375,14.9989825936077
-59.0179761659891,15.0297202985173
-59.0179761662157,15.0604580034275
-59.0179761664212,15.0911957083383
-59.0179761666091,15.1219334132496
-59.0179761667824,15.1526711181613
-59.0179761669433,15.1834088230736
-59.0179761670941,15.2141465279863
-59.0179761672362,15.2448842328993
-59.0179761673711,15.2756219378128
-59.0179761675,15.3063596427265
-59.0179761676236,15.3370973476406
-59.0179761677427,15.367835052555
-59.0179761678578,15.3985727574697
-59.0179761679693,15.4293104623845
-59.0179761680773,15.4600481672994
-59.0179761681822,15.4907858722142
-59.0179761682839,15.521523577129
-59.0179761683827,15.5522612820438
-59.0179761684784,15.5829989869587
-59.017976168571,15.6137366918737
-59.0179761686607,15.6444743967889
-59.0179761687472,15.6752121017043
-59.0179761688307,15.7059498066199
-59.0179761689111,15.7366875115357
-59.0179761689883,15.7674252164518
-59.0179761690624,15.7981629213681
-59.0179761691334,15.8289006262846
-59.0179761692013,15.8596383312013
-59.0179761692661,15.8903760361182
-59.017976169328,15.9211137410353
-59.0179761693868,15.9518514459524
-59.0179761694428,15.9825891508697
-59.0179761694959,16.0133268557869
-59.0179761695462,16.0440645607043
-59.0179761695939,16.0748022656217
-59.017976169639,16.1055399705391
-59.0179761696816,16.1362776754566
-59.0179761697218,16.1670153803741
-59.0179761697597,16.1977530852916
-59.0179761697953,16.2284907902092
-59.0179761698288,16.2592284951269
-59.0179761698603,16.2899662000445
-59.0179761698898,16.3207039049622
-59.0179761699174,16.3514416098799
-59.0179761699432,16.3821793147977
-59.0179761699674,16.4129170197155
-59.0179761699899,16.4436547246332
-59.0179761700109,16.4743924295511
-59.0179761700305,16.5051301344689
-59.0179761700487,16.5358678393867
-59.0179761700656,16.5666055443046
-59.0179761700813,16.5973432492225
-59.0179761700958,16.6280809541404
-59.0179761701093,16.6588186590583
-59.0179761701218,16.6895563639762
-59.0179761701333,16.7202940688941
-59.017976170144,16.751031773812
-59.0179761701538,16.78176947873
-59.0179761701629,16.8125071836479
-59.0179761701713,16.8432448885659
-59.017976170179,16.8739825934838
-59.0179761701861,16.9047202984018
-59.0179761701927,16.9354580033198
-59.0179761701987,16.9661957082378
-59.0179761702042,16.9969334131558
-59.0179761702093,17.0276711180737
-59.017976170214,17.0584088229917
-59.0179761702182,17.0891465279097
-59.0179761702221,17.1198842328277
-59.0179761702257,17.1506219377457
-59.017976170229,17.1813596426637
-59.017976170232,17.2120973475817
-59.0179761702347,17.2428350524997
-59.0179761702372,17.2735727574177
-59.0179761702395,17.3043104623357
-59.0179761702416,17.3350481672537
-59.0179761702435,17.3657858721717
-59.0179761702452,17.3965235770897
-59.0179761702468,17.4272612820077
-59.0179761702483,17.4579989869257
-59.0179761702496,17.4887366918437
-59.0179761702508,17.5194743967617
-59.0179761702518,17.5502121016797
-59.0179761702528,17.5809498065978
-59.0179761702537,17.6116875115158
-59.0179761702545,17.6424252164338
-59.0179761702553,17.6731629213518
-59.017976170256,17.7039006262698
-59.0179761702566,17.7346383311878
-59.0179761702571,17.7653760361058
-59.0179761702576,17.7961137410239
-59.0179761702581,17.8268514459419
-59.0179761702585,17.8575891508599
-59.0179761702589,17.8883268557779
-59.0179761702592,17.9190645606959
-59.0179761702596,17.949802265614
-59.0179761702598,17.980539970532
-59.0179761702601,18.01127767545
-59.0179761702603,18.042015380368
-59.0179761702605,18.072753085286
-59.0179761702607,18.1034907902041
-59.0179761702609,18.1342284951221
-59.0179761702611,18.1649662000401
-59.0179761702612,18.1957039049581
-59.0179761702613,18.2264416098762
-59.0179761702615,18.2571793147942
-59.0179761702616,18.2879170197122
-59.0179761702617,18.3186547246302
-59.0179761702618,18.3493924295482
-59.0179761702618,18.3801301344663
-59.0179761702619,18.4108678393843
-59.017976170262,18.4416055443023
-59.017976170262,18.4723432492203
-59.0179761702621,18.5030809541384
-59.0179761702622,18.5338186590564
-59.0179761702622,18.5645563639744
-59.0179761702622,18.5952940688924
-59.0179761702623,18.6260317738105
-59.0179761702623,18.6567694787285
-59.0179761702624,18.6875071836465
-59.0179761702624,18.7182448885645
-59.0179761702624,18.7489825934826
-59.0179761702624,18.7797202984006
-59.0179761702625,18.8104580033186
-59.0179761702625,18.8411957082366
-59.0179761702625,18.8719334131547
-59.0179761702625,18.9026711180727
-59.0179761702625,18.9334088229907
-59.0179761702625,18.9641465279087
-59.0179761702626,18.9948842328268
-59.0179761702626,19.0256219377448
-59.0179761702626,19.0563596426628
-59.0179761702626,19.0870973475808
-59.0179761702626,19.1178350524989
-59.0179761702626,19.1485727574169
-59.0179761702626,19.1793104623349
-59.0179761702626,19.2100481672529
-59.0179761702626,19.240785872171
-59.0179761702626,19.271523577089
-59.0179761702626,19.302261282007
-59.0179761702626,19.332998986925
-59.0179761702627,19.3637366918431
-59.0179761702627,19.3944743967611
-59.0179761702627,19.4252121016791
-59.0179761702627,19.4559498065971
-59.0179761702627,19.4866875115152
-59.0179761702627,19.5174252164332
-59.0179761702627,19.5481629213512
-59.0179761702627,19.5789006262692
-59.0179761702627,19.6096383311873
-59.0179761702627,19.6403760361053
-59.0179761702627,19.6711137410233
-59.0179761702627,19.7018514459413
-59.0179761702627,19.7325891508594
-59.0179761702627,19.7633268557774
-59.0179761702627,19.7940645606954
-59.0179761702627,19.8248022656134
-59.0179761702627,19.8555399705315
-59.0179761702627,19.8862776754495
-59.0179761702627,19.9170153803675
-59.0179761702627,19.9477530852855
-59.0179761702627,19.9784907902036
-59.0179761702627,20.0092284951216
-59.0179761702627,20.0399662000396
-59.0179761702627,20.0707039049576
-59.0179761702627,20.1014416098757
-59.0179761702627,20.1321793147937
-59.0179761702627,20.1629170197117
-59.0179761702627,20.1936547246297
-59.0179761702627,20.2243924295478
-59.0179761702627,20.2551301344658
-59.0179761702627,20.2858678393838
-59.0179761702627,20.3166055443018
-59.0179761702627,20.3473432492199
-59.0179761702627,20.3780809541379
-59.0179761702627,20.4088186590559
-59.0179761702627,20.4395563639739
-59.0179761702627,20.4702940688919
-59.0179761702627,20.50103177381
-59.0179761702627,20.531769478728
-59.0179761702627,20.562507183646
-59.0179761702627,20.593244888564
-59.0179761702627,20.6239825934821
-59.0179761702627,20.6547202984001
-59.0179761702627,20.6854580033181
-59.0179761702627,20.7161957082361
-59.0179761702627,20.7469334131542
-59.0179761702627,20.7776711180722
-59.0179761702627,20.8084088229902
-59.0179761702627,20.8391465279082
-59.0179761702627,20.8698842328263
-59.0179761702627,20.9006219377443
-59.0179761702627,20.9313596426623
-59.0179761702627,20.9620973475803
-59.0179761702627,20.9928350524984
-59.0179761702627,21.0235727574164
-59.0179761702627,21.0543104623344
-59.0179761702627,21.0850481672524
-59.0179761702627,21.1157858721705
-59.0179761702627,21.1465235770885
-59.0179761702627,21.1772612820065
-59.0179761702627,21.2079989869245
-59.0179761702627,21.2387366918426
-59.0179761702627,21.2694743967606
-59.0179761702627,21.3002121016786
-59.0179761702627,21.3309498065966
-59.0179761702627,21.3616875115147
-59.0179761702627,21.3924252164327
-59.0179761702627,21.4231629213507
-59.0179761702627,21.4539006262687
-59.0179761702627,21.4846383311868
-59.0179761702627,21.5153760361048
-59.0179761702627,21.5461137410228
-59.0179761702627,21.5768514459408
-59.0179761702627,21.6075891508589
-59.0179761702627,21.6383268557769
-59.0179761702627,21.6690645606949
-59.0179761702627,21.6998022656129
-59.0179761702627,21.730539970531
-59.0179761702627,21.761277675449
-59.0179761702627,21.792015380367
-59.0179761702627,21.822753085285
-59.0179761702627,21.8534907902031
-59.0179761702627,21.8842284951211
-59.0179761702627,21.9149662000391
-59.0179761702627,21.9457039049571
-59.0179761702627,21.9764416098752
-59.0179761702627,22.0071793147932
-59.0179761702627,22.0379170197112
-59.0179761702627,22.0686547246292
-59.0179761702627,22.0993924295473
-59.0179761702627,22.1301301344653
-59.0179761702627,22.1608678393833
-59.0179761702627,22.1916055443013
-59.0179761702627,22.2223432492194
-59.0179761702627,22.2530809541374
-59.0179761702627,22.2838186590554
-59.0179761702627,22.3145563639734
-59.0179761702627,22.3452940688915
-59.0179761702627,22.3760317738095
-59.0179761702627,22.4067694787275
-59.0179761702627,22.4375071836455
-59.0179761702627,22.4682448885636
-59.0179761702627,22.4989825934816
-59.0179761702627,22.5297202983996
-59.0179761702627,22.5604580033176
-59.0179761702627,22.5911957082356
-59.0179761702627,22.6219334131537
-59.0179761702627,22.6526711180717
-59.0179761702627,22.6834088229897
-59.0179761702627,22.7141465279077
-59.0179761702627,22.7448842328258
-59.0179761702627,22.7756219377438
-59.0179761702627,22.8063596426618
-59.0179761702627,22.8370973475798
-59.0179761702627,22.8678350524979
-59.0179761702627,22.8985727574159
-59.0179761702627,22.9293104623339
-59.0179761702627,22.9600481672519
-59.0179761702627,22.99078587217
-59.0179761702627,23.021523577088
-59.0179761702627,23.052261282006
-59.0179761702627,23.082998986924
-59.0179761702627,23.1137366918421
-59.0179761702627,23.1444743967601
-59.0179761702627,23.1752121016781
-59.0179761702627,23.2059498065961
-59.0179761702627,23.2366875115142
-59.0179761702627,23.2674252164322
-59.0179761702627,23.2981629213502
-59.0179761702627,23.3289006262682
-59.0179761702627,23.3596383311863
-59.0179761702627,23.3903760361043
-59.0179761702627,23.4211137410223
-59.0179761702627,23.4518514459403
-59.0179761702627,23.4825891508584
-59.0179761702627,23.5133268557764
-59.0179761702627,23.5440645606944
-59.0179761702627,23.5748022656124
-59.0179761702627,23.6055399705305
-59.0179761702627,23.6362776754485
-59.0179761702627,23.6670153803665
-59.0179761702627,23.6977530852845
-59.0179761702627,23.7284907902026
-59.0179761702627,23.7592284951206
-59.0179761702627,23.7899662000386
-59.0179761702627,23.8207039049566
-59.0179761702627,23.8514416098747
-59.0179761702627,23.8821793147927
-59.0179761702627,23.9129170197107
-59.0179761702627,23.9436547246287
-59.0179761702627,23.9743924295468
-59.0179761702627,24.0051301344648
-59.0179761702627,24.0358678393828
-59.0179761702627,24.0666055443008
-59.0179761702627,24.0973432492189
-59.0179761702627,24.1280809541369
-59.0179761702627,24.1588186590549
-59.0179761702627,24.1895563639729
-59.0179761702627,24.220294068891
-59.0179761702627,24.251031773809
-59.0179761702627,24.281769478727
-59.0179761702627,24.312507183645
-59.0179761702627,24.3432448885631
-59.0179761702627,24.3739825934811
-59.0179761702627,24.4047202983991
-59.0179761702627,24.4354580033171
-59.0179761702627,24.4661957082352
-59.0179761702627,24.4969334131532
-59.0179761702627,24.5276711180712
-59.0179761702627,24.5584088229892
-59.0179761702627,24.5891465279072
-59.0179761702627,24.6198842328253
-59.0179761702627,24.6506219377433
-59.0179761702627,24.6813596426613
-59.0179761702627,24.7120973475793
-59.0179761702627,24.7428350524974
-59.0179761702627,24.7735727574154
-59.0179761702627,24.8043104623334
-59.0179761702627,24.8350481672514
-59.0179761702627,24.8657858721695
-59.0179761702627,24.8965235770875
-59.0179761702627,24.9272612820055
-59.0179761702627,24.9579989869235
-59.0179761702627,24.9887366918416
-59.0179761702627,25.0194743967596
-59.0179761702627,25.0502121016776
-59.0179761702627,25.0809498065956
-59.0179761702627,25.1116875115137
-59.0179761702627,25.1424252164317
-59.0179761702627,25.1731629213497
-59.0179761702627,25.2039006262677
-59.0179761702627,25.2346383311858
-59.0179761702627,25.2653760361038
-59.0179761702627,25.2961137410218
-59.0179761702627,25.3268514459398
-59.0179761702627,25.3575891508579
-59.0179761702627,25.3883268557759
-59.0179761702627,25.4190645606939
-59.0179761702627,25.4498022656119
-59.0179761702627,25.48053997053
-59.0179761702627,25.511277675448
-59.0179761702627,25.542015380366
-59.0179761702627,25.572753085284
-59.0179761702627,25.6034907902021
-59.0179761702627,25.6342284951201
-59.0179761702627,25.6649662000381
-59.0179761702627,25.6957039049561
-59.0179761702627,25.7264416098742
-59.0179761702627,25.7571793147922
-59.0179761702627,25.7879170197102
-59.0179761702627,25.8186547246282
-59.0179761702627,25.8493924295463
-59.0179761702627,25.8801301344643
-59.0179761702627,25.9108678393823
-59.0179761702627,25.9416055443003
-59.0179761702627,25.9723432492184
-59.0179761702627,26.0030809541364
-59.0179761702627,26.0338186590544
-59.0179761702627,26.0645563639724
-59.0179761702627,26.0952940688905
-59.0179761702627,26.1260317738085
-59.0179761702627,26.1567694787265
-59.0179761702627,26.1875071836445
-59.0179761702627,26.2182448885626
-59.0179761702627,26.2489825934806
-59.0179761702627,26.2797202983986
-59.0179761702627,26.3104580033166
-59.0179761702627,26.3411957082347
-59.0179761702627,26.3719334131527
-59.0179761702627,26.4026711180707
-59.0179761702627,26.4334088229887
-59.0179761702627,26.4641465279068
-59.0179761702627,26.4948842328248
-59.0179761702627,26.5256219377428
-59.0179761702627,26.5563596426608
-59.0179761702627,26.5870973475789
-59.0179761702627,26.6178350524969
-59.0179761702627,26.6485727574149
-59.0179761702627,26.6793104623329
-59.0179761702627,26.7100481672509
-59.0179761702627,26.740785872169
-59.0179761702627,26.771523577087
-59.0179761702627,26.802261282005
-59.0179761702627,26.832998986923
-59.0179761702627,26.8637366918411
-59.0179761702627,26.8944743967591
-59.0179761702627,26.9252121016771
-59.0179761702627,26.9559498065951
-59.0179761702627,26.9866875115132
-59.0179761702627,27.0174252164312
-59.0179761702627,27.0481629213492
-59.0179761702627,27.0789006262672
-59.0179761702627,27.1096383311853
-59.0179761702627,27.1403760361033
-59.0179761702627,27.1711137410213
-59.0179761702627,27.2018514459393
-59.0179761702627,27.2325891508574
-59.0179761702627,27.2633268557754
-59.0179761702627,27.2940645606934
-59.0179761702627,27.3248022656114
-59.0179761702627,27.3555399705295
-59.0179761702627,27.3862776754475
-59.0179761702627,27.4170153803655
-59.0179761702627,27.4477530852835
-59.0179761702627,27.4784907902016
-59.0179761702627,27.5092284951196
-59.0179761702627,27.5399662000376
-59.0179761702627,27.5707039049556
-59.0179761702627,27.6014416098737
-59.0179761702627,27.6321793147917
-59.0179761702627,27.6629170197097
-59.0179761702627,27.6936547246277
-59.0179761702627,27.7243924295458
-59.0179761702627,27.7551301344638
-59.0179761702627,27.7858678393818
-59.0179761702627,27.8166055442998
-59.0179761702627,27.8473432492179
-59.0179761702627,27.8780809541359
-59.0179761702627,27.9088186590539
-59.0179761702627,27.9395563639719
-59.0179761702627,27.97029406889
-59.0179761702627,28.001031773808
-59.0179761702627,28.031769478726
-59.0179761702627,28.062507183644
-59.0179761702627,28.0932448885621
-59.0179761702627,28.1239825934801
-59.0179761702627,28.1547202983981
-59.0179761702627,28.1854580033161
-59.0179761702627,28.2161957082342
-59.0179761702627,28.2469334131522
-59.0179761702627,28.2776711180702
-59.0179761702627,28.3084088229882
-59.0179761702627,28.3391465279063
-59.0179761702627,28.3698842328243
-59.0179761702627,28.4006219377423
-59.0179761702627,28.4313596426603
-59.0179761702627,28.4620973475784
-59.0179761702627,28.4928350524964
-59.0179761702627,28.5235727574144
-59.0179761702627,28.5543104623324
-59.0179761702627,28.5850481672505
-59.0179761702627,28.6157858721685
-59.0179761702627,28.6465235770865
-59.0179761702627,28.6772612820045
-59.0179761702627,28.7079989869226
-59.0179761702627,28.7387366918406
-59.0179761702627,28.7694743967586
-59.0179761702627,28.8002121016766
-59.0179761702627,28.8309498065946
-59.0179761702627,28.8616875115127
-59.0179761702627,28.8924252164307
-59.0179761702627,28.9231629213487
-59.0179761702627,28.9539006262667
-59.0179761702627,28.9846383311848
-59.0179761702627,29.0153760361028
-59.0179761702627,29.0461137410208
-59.0179761702627,29.0768514459388
-59.0179761702627,29.1075891508569
-59.0179761702627,29.1383268557749
-59.0179761702627,29.1690645606929
-59.0179761702627,29.1998022656109
-59.0179761702627,29.230539970529
-59.0179761702627,29.261277675447
-59.0179761702627,29.292015380365
-59.0179761702627,29.322753085283
-59.0179761702627,29.3534907902011
-59.0179761702627,29.3842284951191
-59.0179761702627,29.4149662000371
-59.0179761702627,29.4457039049551
-59.0179761702627,29.4764416098732
-59.0179761702627,29.5071793147912
-59.0179761702627,29.5379170197092
-59.0179761702627,29.5686547246272
-59.0179761702627,29.5993924295453
-59.0179761702627,29.6301301344633
-59.0179761702627,29.6608678393813
-59.0179761702627,29.6916055442993
-59.0179761702627,29.7223432492174
-59.0179761702627,29.7530809541354
-59.0179761702627,29.7838186590534
-59.0179761702627,29.8145563639714
-59.0179761702627,29.8452940688895
-59.0179761702627,29.8760317738075
-59.0179761702627,29.9067694787255
-59.0179761702627,29.9375071836435
-59.0179761702627,29.9682448885616
-59.0179761702627,29.9989825934796
-59.0179761702627,30.0297202983976
-59.0179761702627,30.0604580033156
-59.0179761702627,30.0911957082337
-59.0179761702627,30.1219334131517
-59.0179761702627,30.1526711180697
-59.0179761702627,30.1834088229877
-59.0179761702627,30.2141465279058
-59.0179761702627,30.2448842328238
-59.0179761702627,30.2756219377418
-59.0179761702627,30.3063596426598
-59.0179761702627,30.3370973475779
-59.0179761702627,30.3678350524959
-59.0179761702627,30.3985727574139
-59.0179761702627,30.4293104623319
-59.0179761702627,30.46004816725
-59.0179761702627,30.490785872168
-59.0179761702627,30.521523577086
-59.0179761702627,30.552261282004
-59.0179761702627,30.5829989869221
-59.0179761702627,30.6137366918401
-59.0179761702627,30.6444743967581
-59.0179761702627,30.6752121016761
-59.0179761702627,30.7059498065942
-59.0179761702627,30.7366875115122
-59.0179761702627,30.7674252164302
-59.0179761702627,30.7981629213482
-59.0179761702627,30.8289006262663
-59.0179761702627,30.8596383311843
-59.0179761702627,30.8903760361023
-59.0179761702627,30.9211137410203
-59.0179761702627,30.9518514459383
-59.0179761702627,30.9825891508564
-59.0179761702627,31.0133268557744
-59.0179761702627,31.0440645606924
-59.0179761702627,31.0748022656104
-59.0179761702627,31.1055399705285
-59.0179761702627,31.1362776754465
-59.0179761702627,31.1670153803645
-59.0179761702627,31.1977530852825
-59.0179761702627,31.2284907902006
-59.0179761702627,31.2592284951186
-59.0179761702627,31.2899662000366
-59.0179761702627,31.3207039049546
-59.0179761702627,31.3514416098727
-59.0179761702627,31.3821793147907
-59.0179761702627,31.4129170197087
-59.0179761702627,31.4436547246267
-59.0179761702627,31.4743924295448
-59.0179761702627,31.5051301344628
-59.0179761702627,31.5358678393808
-59.0179761702627,31.5666055442988
-59.0179761702627,31.5973432492169
-59.0179761702627,31.6280809541349
-59.0179761702627,31.6588186590529
-59.0179761702627,31.6895563639709
-59.0179761702627,31.720294068889
-59.0179761702627,31.751031773807
-59.0179761702627,31.781769478725
-59.0179761702627,31.812507183643
-59.0179761702627,31.8432448885611
-59.0179761702627,31.8739825934791
-59.0179761702627,31.9047202983971
-59.0179761702627,31.9354580033151
-59.0179761702627,31.9661957082332
-59.0179761702627,31.9969334131512
-59.0179761702627,32.0276711180692
-59.0179761702627,32.0584088229872
-59.0179761702627,32.0891465279053
-59.0179761702627,32.1198842328233
-59.0179761702627,32.1506219377413
-59.0179761702627,32.1813596426593
-59.0179761702627,32.2120973475774
-59.0179761702627,32.2428350524954
-59.0179761702627,32.2735727574134
-59.0179761702627,32.3043104623314
-59.0179761702627,32.3350481672495
-59.0179761702627,32.3657858721675
-59.0179761702627,32.3965235770855
-59.0179761702627,32.4272612820035
-59.0179761702627,32.4579989869216
-59.0179761702627,32.4887366918396
-59.0179761702627,32.5194743967576
-59.0179761702627,32.5502121016756
-59.0179761702627,32.5809498065937
-59.0179761702627,32.6116875115117
-59.0179761702627,32.6424252164297
-59.0179761702627,32.6731629213477
-59.0179761702627,32.7039006262658
-59.0179761702627,32.7346383311838
-59.0179761702627,32.7653760361018
-59.0179761702627,32.7961137410198
-59.0179761702627,32.8268514459379
-59.0179761702627,32.8575891508559
-59.0179761702627,32.8883268557739
-59.0179761702627,32.9190645606919
-59.0179761702627,32.94980226561
-59.0179761702627,32.980539970528
-59.0179761702627,33.011277675446
-59.0179761702627,33.042015380364
-59.0179761702627,33.0727530852821
-59.0179761702627,33.1034907902001
-59.0179761702627,33.1342284951181
-59.0179761702627,33.1649662000361
-59.0179761702627,33.1957039049542
-59.0179761702627,33.2264416098722
-59.0179761702627,33.2571793147902
-59.0179761702627,33.2879170197082
-59.0179761702627,33.3186547246262
-59.0179761702627,33.3493924295443
-59.0179761702627,33.3801301344623
-59.0179761702627,33.4108678393803
-59.0179761702627,33.4416055442983
-59.0179761702627,33.4723432492164
-59.0179761702627,33.5030809541344
-59.0179761702627,33.5338186590524
-59.0179761702627,33.5645563639704
-59.0179761702627,33.5952940688885
-59.0179761702627,33.6260317738065
-59.0179761702627,33.6567694787245
-59.0179761702627,33.6875071836425
-59.0179761702627,33.7182448885606
-59.0179761702627,33.7489825934786
-59.0179761702627,33.7797202983966
-59.0179761702627,33.8104580033146
-59.0179761702627,33.8411957082327
-59.0179761702627,33.8719334131507
-59.0179761702627,33.9026711180687
-59.0179761702627,33.9334088229867
-59.0179761702627,33.9641465279048
-59.0179761702627,33.9948842328228
-59.0179761702627,34.0256219377408
-59.0179761702627,34.0563596426588
-59.0179761702627,34.0870973475769
-59.0179761702627,34.1178350524949
-59.0179761702627,34.1485727574129
-59.0179761702627,34.1793104623309
-59.0179761702627,34.210048167249
-59.0179761702627,34.240785872167
-59.0179761702627,34.271523577085
-59.0179761702627,34.302261282003
-59.0179761702627,34.3329989869211
-59.0179761702627,34.3637366918391
-59.0179761702627,34.3944743967571
-59.0179761702627,34.4252121016751
-59.0179761702627,34.4559498065932
-59.0179761702627,34.4866875115112
-59.0179761702627,34.5174252164292
-59.0179761702627,34.5481629213472
-59.0179761702627,34.5789006262653
-59.0179761702627,34.6096383311833
-59.0179761702627,34.6403760361013
-59.0179761702627,34.6711137410193
-59.0179761702627,34.7018514459374
-59.0179761702627,34.7325891508554
-59.0179761702627,34.7633268557734
-59.0179761702627,34.7940645606914
-59.0179761702627,34.8248022656095
-59.0179761702627,34.8555399705275
-59.0179761702627,34.8862776754455
-59.0179761702627,34.9170153803635
-59.0179761702627,34.9477530852816
-59.0179761702627,34.9784907901996
-59.0179761702627,35.0092284951176
-59.0179761702627,35.0399662000356
-59.0179761702627,35.0707039049537
-59.0179761702627,35.1014416098717
-59.0179761702627,35.1321793147897
-59.0179761702627,35.1629170197077
-59.0179761702627,35.1936547246258
-59.0179761702627,35.2243924295438
-59.0179761702627,35.2551301344618
-59.0179761702627,35.2858678393798
-59.0179761702627,35.3166055442979
-59.0179761702627,35.3473432492159
-59.0179761702627,35.3780809541339
-59.0179761702627,35.4088186590519
-59.0179761702627,35.4395563639699
-59.0179761702627,35.470294068888
-59.0179761702627,35.501031773806
-59.0179761702627,35.531769478724
-59.0179761702627,35.562507183642
-59.0179761702627,35.5932448885601
-59.0179761702627,35.6239825934781
-59.0179761702627,35.6547202983961
-59.0179761702627,35.6854580033141
-59.0179761702627,35.7161957082322
-59.0179761702627,35.7469334131502
-59.0179761702627,35.7776711180682
-59.0179761702627,35.8084088229862
-59.0179761702627,35.8391465279043
-59.0179761702627,35.8698842328223
-59.0179761702627,35.9006219377403
-59.0179761702627,35.9313596426583
-59.0179761702627,35.9620973475764
-59.0179761702627,35.9928350524944
-59.0179761702627,36.0235727574124
-59.0179761702627,36.0543104623304
-59.0179761702627,36.0850481672485
-59.0179761702627,36.1157858721665
-59.0179761702627,36.1465235770845
-59.0179761702627,36.1772612820025
-59.0179761702627,36.2079989869206
-59.0179761702627,36.2387366918386
-59.0179761702627,36.2694743967566
-59.0179761702627,36.3002121016746
-59.0179761702627,36.3309498065927
-59.0179761702627,36.3616875115107
-59.0179761702627,36.3924252164287
-59.0179761702627,36.4231629213467
-59.0179761702627,36.4539006262648
-59.0179761702627,36.4846383311828
-59.0179761702627,36.5153760361008
-59.0179761702627,36.5461137410188
-59.0179761702627,36.5768514459369
-59.0179761702627,36.6075891508549
-59.0179761702627,36.6383268557729
-59.0179761702627,36.6690645606909
-59.0179761702627,36.699802265609
-59.0179761702627,36.730539970527
-59.0179761702627,36.761277675445
-59.0179761702627,36.792015380363
-59.0179761702627,36.8227530852811
-59.0179761702627,36.8534907901991
-59.0179761702627,36.8842284951171
-59.0179761702627,36.9149662000351
-59.0179761702627,36.9457039049532
-59.0179761702627,36.9764416098712
-59.0179761702627,37.0071793147892
-59.0179761702627,37.0379170197072
-59.0179761702627,37.0686547246253
-59.0179761702627,37.0993924295433
-59.0179761702627,37.1301301344613
-59.0179761702627,37.1608678393793
-59.0179761702627,37.1916055442974
-59.0179761702627,37.2223432492154
-59.0179761702627,37.2530809541334
-59.0179761702627,37.2838186590514
-59.0179761702627,37.3145563639695
-59.0179761702627,37.3452940688875
-59.0179761702627,37.3760317738055
-59.0179761702627,37.4067694787235
-59.0179761702627,37.4375071836416
-59.0179761702627,37.4682448885596
-59.0179761702627,37.4989825934776
-59.0179761702627,37.5297202983956
-59.0179761702627,37.5604580033136
-59.0179761702627,37.5911957082317
-59.0179761702627,37.6219334131497
-59.0179761702627,37.6526711180677
-59.0179761702627,37.6834088229857
-59.0179761702627,37.7141465279038
-59.0179761702627,37.7448842328218
-59.0179761702627,37.7756219377398
-59.0179761702627,37.8063596426578
-59.0179761702627,37.8370973475759
-59.0179761702627,37.8678350524939
-59.0179761702627,37.8985727574119
-59.0179761702627,37.9293104623299
-59.0179761702627,37.960048167248
-59.0179761702627,37.990785872166
-59.0179761702627,38.021523577084
-59.0179761702627,38.052261282002
-59.0179761702627,38.0829989869201
-59.0179761702627,38.1137366918381
-59.0179761702627,38.1444743967561
-59.0179761702627,38.1752121016741
-59.0179761702627,38.2059498065922
-59.0179761702627,38.2366875115102
-59.0179761702627,38.2674252164282
-59.0179761702627,38.2981629213462
-59.0179761702627,38.3289006262643
-59.0179761702627,38.3596383311823
-59.0179761702627,38.3903760361003
-59.0179761702627,38.4211137410183
-59.0179761702627,38.4518514459364
-59.0179761702627,38.4825891508544
-59.0179761702627,38.5133268557724
-59.0179761702627,38.5440645606904
-59.0179761702627,38.5748022656085
-59.0179761702627,38.6055399705265
-59.0179761702627,38.6362776754445
-59.0179761702627,38.6670153803625
-59.0179761702627,38.6977530852806
-59.0179761702627,38.7284907901986
-59.0179761702627,38.7592284951166
-59.0179761702627,38.7899662000346
-59.0179761702627,38.8207039049527
-59.0179761702627,38.8514416098707
-59.0179761702627,38.8821793147887
-59.0179761702627,38.9129170197067
-59.0179761702627,38.9436547246248
-59.0179761702627,38.9743924295428
-59.0179761702627,39.0051301344608
-59.0179761702627,39.0358678393788
-59.0179761702627,39.0666055442969
-59.0179761702627,39.0973432492149
-59.0179761702627,39.1280809541329
-59.0179761702627,39.1588186590509
-59.0179761702627,39.189556363969
-59.0179761702627,39.220294068887
-59.0179761702627,39.251031773805
-59.0179761702627,39.281769478723
-59.0179761702627,39.3125071836411
-59.0179761702627,39.3432448885591
-59.0179761702627,39.3739825934771
-59.0179761702627,39.4047202983951
-59.0179761702627,39.4354580033132
-59.0179761702627,39.4661957082312
-59.0179761702627,39.4969334131492
-59.0179761702627,39.5276711180672
-59.0179761702627,39.5584088229852
-59.0179761702627,39.5891465279033
-59.0179761702627,39.6198842328213
-59.0179761702627,39.6506219377393
-59.0179761702627,39.6813596426573
-59.0179761702627,39.7120973475754
-59.0179761702627,39.7428350524934
-59.0179761702627,39.7735727574114
-59.0179761702627,39.8043104623294
-59.0179761702627,39.8350481672475
-59.0179761702627,39.8657858721655
-59.0179761702627,39.8965235770835
-59.0179761702627,39.9272612820015
-59.0179761702627,39.9579989869196
-59.0179761702627,39.9887366918376
-59.0179761702627,40.0194743967556
-59.0179761702627,40.0502121016736
-59.0179761702627,40.0809498065917
-59.0179761702627,40.1116875115097
-59.0179761702627,40.1424252164277
-59.0179761702627,40.1731629213457
-59.0179761702627,40.2039006262638
-59.0179761702627,40.2346383311818
-59.0179761702627,40.2653760360998
-59.0179761702627,40.2961137410178
-59.0179761702627,40.3268514459359
-59.0179761702627,40.3575891508539
-59.0179761702627,40.3883268557719
-59.0179761702627,40.4190645606899
-59.0179761702627,40.449802265608
-59.0179761702627,40.480539970526
-59.0179761702627,40.511277675444
-59.0179761702627,40.542015380362
-59.0179761702627,40.5727530852801
-59.0179761702627,40.6034907901981
-59.0179761702627,40.6342284951161
-59.0179761702627,40.6649662000341
-59.0179761702627,40.6957039049522
-59.0179761702627,40.7264416098702
-59.0179761702627,40.7571793147882
-59.0179761702627,40.7879170197062
-59.0179761702627,40.8186547246243
-59.0179761702627,40.8493924295423
-59.0179761702627,40.8801301344603
-59.0179761702627,40.9108678393783
-59.0179761702627,40.9416055442964
-59.0179761702627,40.9723432492144
-59.0179761702627,41.0030809541324
-59.0179761702627,41.0338186590504
-59.0179761702627,41.0645563639685
-59.0179761702627,41.0952940688865
-59.0179761702627,41.1260317738045
-59.0179761702627,41.1567694787225
-59.0179761702627,41.1875071836406
-59.0179761702627,41.2182448885586
-59.0179761702627,41.2489825934766
-59.0179761702627,41.2797202983946
-59.0179761702627,41.3104580033127
-59.0179761702627,41.3411957082307
-59.0179761702627,41.3719334131487
-59.0179761702627,41.4026711180667
-59.0179761702627,41.4334088229848
-59.0179761702627,41.4641465279028
-59.0179761702627,41.4948842328208
-59.0179761702627,41.5256219377388
-59.0179761702627,41.5563596426569
-59.0179761702627,41.5870973475749
-59.0179761702627,41.6178350524929
-59.0179761702627,41.6485727574109
-59.0179761702627,41.6793104623289
-59.0179761702627,41.710048167247
-59.0179761702627,41.740785872165
-59.0179761702627,41.771523577083
-59.0179761702627,41.802261282001
-59.0179761702627,41.8329989869191
-59.0179761702627,41.8637366918371
-59.0179761702627,41.8944743967551
-59.0179761702627,41.9252121016731
-59.0179761702627,41.9559498065912
-59.0179761702627,41.9866875115092
-59.0179761702627,42.0174252164272
-59.0179761702627,42.0481629213452
-59.0179761702627,42.0789006262633
-59.0179761702627,42.1096383311813
-59.0179761702627,42.1403760360993
-59.0179761702627,42.1711137410173
-59.0179761702627,42.2018514459354
-59.0179761702627,42.2325891508534
-59.0179761702627,42.2633268557714
-59.0179761702627,42.2940645606894
-59.0179761702627,42.3248022656075
-59.0179761702627,42.3555399705255
-59.0179761702627,42.3862776754435
-59.0179761702627,42.4170153803615
-59.0179761702627,42.4477530852796
-59.0179761702627,42.4784907901976
-59.0179761702627,42.5092284951156
-59.0179761702627,42.5399662000336
-59.0179761702627,42.5707039049517
-59.0179761702627,42.6014416098697
-59.0179761702627,42.6321793147877
-59.0179761702627,42.6629170197057
-59.0179761702627,42.6936547246238
-59.0179761702627,42.7243924295418
-59.0179761702627,42.7551301344598
-59.0179761702627,42.7858678393778
-59.0179761702627,42.8166055442959
-59.0179761702627,42.8473432492139
-59.0179761702627,42.8780809541319
-59.0179761702627,42.9088186590499
-59.0179761702627,42.939556363968
-59.0179761702627,42.970294068886
-59.0179761702627,43.001031773804
-59.0179761702627,43.031769478722
-59.0179761702627,43.0625071836401
-59.0179761702627,43.0932448885581
-59.0179761702627,43.1239825934761
-59.0179761702627,43.1547202983941
-59.0179761702627,43.1854580033122
-59.0179761702627,43.2161957082302
-59.0179761702627,43.2469334131482
-59.0179761702627,43.2776711180662
-59.0179761702627,43.3084088229843
-59.0179761702627,43.3391465279023
-59.0179761702627,43.3698842328203
-59.0179761702627,43.4006219377383
-59.0179761702627,43.4313596426564
-59.0179761702627,43.4620973475744
-59.0179761702627,43.4928350524924
-59.0179761702627,43.5235727574104
-59.0179761702627,43.5543104623285
-59.0179761702627,43.5850481672465
-59.0179761702627,43.6157858721645
-59.0179761702627,43.6465235770825
-59.0179761702627,43.6772612820006
-59.0179761702627,43.7079989869186
-59.0179761702627,43.7387366918366
-59.0179761702627,43.7694743967546
-59.0179761702627,43.8002121016726
-59.0179761702627,43.8309498065907
-59.0179761702627,43.8616875115087
-59.0179761702627,43.8924252164267
-59.0179761702627,43.9231629213447
-59.0179761702627,43.9539006262628
-59.0179761702627,43.9846383311808
-59.0179761702627,44.0153760360988
-59.0179761702627,44.0461137410168
-59.0179761702627,44.0768514459349
-59.0179761702627,44.1075891508529
-59.0179761702627,44.1383268557709
-59.0179761702627,44.1690645606889
-59.0179761702627,44.199802265607
-59.0179761702627,44.230539970525
-59.0179761702627,44.261277675443
-59.0179761702627,44.292015380361
-59.0179761702627,44.3227530852791
-59.0179761702627,44.3534907901971
-59.0179761702627,44.3842284951151
-59.0179761702627,44.4149662000331
-59.0179761702627,44.4457039049512
-59.0179761702627,44.4764416098692
-59.0179761702627,44.5071793147872
-59.0179761702627,44.5379170197052
-59.0179761702627,44.5686547246233
-59.0179761702627,44.5993924295413
-59.0179761702627,44.6301301344593
-59.0179761702627,44.6608678393773
-59.0179761702627,44.6916055442954
-59.0179761702627,44.7223432492134
-59.0179761702627,44.7530809541314
-59.0179761702627,44.7838186590494
-59.0179761702627,44.8145563639675
-59.0179761702627,44.8452940688855
-59.0179761702627,44.8760317738035
-59.0179761702627,44.9067694787215
-59.0179761702627,44.9375071836396
-59.0179761702627,44.9682448885576
-59.0179761702627,44.9989825934756
-59.0179761702627,45.0297202983936
-59.0179761702627,45.0604580033117
-59.0179761702627,45.0911957082297
-59.0179761702627,45.1219334131477
-59.0179761702627,45.1526711180657
-59.0179761702627,45.1834088229838
-59.0179761702627,45.2141465279018
-59.0179761702627,45.2448842328198
-59.0179761702627,45.2756219377378
-59.0179761702627,45.3063596426559
-59.0179761702627,45.3370973475739
-59.0179761702627,45.3678350524919
-59.0179761702627,45.3985727574099
-59.0179761702627,45.429310462328
-59.0179761702627,45.460048167246
-59.0179761702627,45.490785872164
-59.0179761702627,45.521523577082
-59.0179761702627,45.5522612820001
-59.0179761702627,45.5829989869181
-59.0179761702627,45.6137366918361
-59.0179761702627,45.6444743967541
-59.0179761702627,45.6752121016722
-59.0179761702627,45.7059498065902
-59.0179761702627,45.7366875115082
-59.0179761702627,45.7674252164262
-59.0179761702627,45.7981629213443
-59.0179761702627,45.8289006262623
-59.0179761702627,45.8596383311803
-59.0179761702627,45.8903760360983
-59.0179761702627,45.9211137410163
-59.0179761702627,45.9518514459344
-59.0179761702627,45.9825891508524
-59.0179761702627,46.0133268557704
-59.0179761702627,46.0440645606884
-59.0179761702627,46.0748022656065
-59.0179761702627,46.1055399705245
-59.0179761702627,46.1362776754425
-59.0179761702627,46.1670153803605
-59.0179761702627,46.1977530852786
-59.0179761702627,46.2284907901966
-59.0179761702627,46.2592284951146
-59.0179761702627,46.2899662000326
-59.0179761702627,46.3207039049507
-59.0179761702627,46.3514416098687
-59.0179761702627,46.3821793147867
-59.0179761702627,46.4129170197047
-59.0179761702627,46.4436547246228
-59.0179761702627,46.4743924295408
-59.0179761702627,46.5051301344588
-59.0179761702627,46.5358678393768
-59.0179761702627,46.5666055442949
-59.0179761702627,46.5973432492129
-59.0179761702627,46.6280809541309
-59.0179761702627,46.6588186590489
-59.0179761702627,46.689556363967
-59.0179761702627,46.720294068885
-59.0179761702627,46.751031773803
-59.0179761702627,46.781769478721
-59.0179761702627,46.8125071836391
-59.0179761702627,46.8432448885571
-59.0179761702627,46.8739825934751
-59.0179761702627,46.9047202983931
-59.0179761702627,46.9354580033112
-59.0179761702627,46.9661957082292
-59.0179761702627,46.9969334131472
-59.0179761702627,47.0276711180652
-59.0179761702627,47.0584088229833
-59.0179761702627,47.0891465279013
-59.0179761702627,47.1198842328193
-59.0179761702627,47.1506219377373
-59.0179761702627,47.1813596426554
-59.0179761702627,47.2120973475734
-59.0179761702627,47.2428350524914
-59.0179761702627,47.2735727574094
-59.0179761702627,47.3043104623275
-59.0179761702627,47.3350481672455
-59.0179761702627,47.3657858721635
-59.0179761702627,47.3965235770815
-59.0179761702627,47.4272612819996
-59.0179761702627,47.4579989869176
-59.0179761702627,47.4887366918356
-59.0179761702627,47.5194743967536
-59.0179761702627,47.5502121016717
-59.0179761702627,47.5809498065897
-59.0179761702627,47.6116875115077
-59.0179761702627,47.6424252164257
-59.0179761702627,47.6731629213438
-59.0179761702627,47.7039006262618
-59.0179761702627,47.7346383311798
-59.0179761702627,47.7653760360978
-59.0179761702627,47.7961137410159
-59.0179761702627,47.8268514459339
-59.0179761702627,47.8575891508519
-59.0179761702627,47.8883268557699
-59.0179761702627,47.9190645606879
-59.0179761702627,47.949802265606
-59.0179761702627,47.980539970524
-59.0179761702627,48.011277675442
-59.0179761702627,48.04201538036
-59.0179761702627,48.0727530852781
-59.0179761702627,48.1034907901961
-59.0179761702627,48.1342284951141
-59.0179761702627,48.1649662000321
-59.0179761702627,48.1957039049502
-59.0179761702627,48.2264416098682
-59.0179761702627,48.2571793147862
-59.0179761702627,48.2879170197042
-59.0179761702627,48.3186547246223
-59.0179761702627,48.3493924295403
-59.0179761702627,48.3801301344583
-59.0179761702627,48.4108678393763
-59.0179761702627,48.4416055442944
-59.0179761702627,48.4723432492124
-59.0179761702627,48.5030809541304
-59.0179761702627,48.5338186590484
-59.0179761702627,48.5645563639665
-59.0179761702627,48.5952940688845
-59.0179761702627,48.6260317738025
-59.0179761702627,48.6567694787205
-59.0179761702627,48.6875071836386
-59.0179761702627,48.7182448885566
-59.0179761702627,48.7489825934746
-59.0179761702627,48.7797202983926
-59.0179761702627,48.8104580033107
-59.0179761702627,48.8411957082287
-59.0179761702627,48.8719334131467
-59.0179761702627,48.9026711180647
-59.0179761702627,48.9334088229828
-59.0179761702627,48.9641465279008
-59.0179761702627,48.9948842328188
-59.0179761702627,49.0256219377368
-59.0179761702627,49.0563596426549
-59.0179761702627,49.0870973475729
-59.0179761702627,49.1178350524909
-59.0179761702627,49.1485727574089
-59.0179761702627,49.179310462327
-59.0179761702627,49.210048167245
-59.0179761702627,49.240785872163
-59.0179761702627,49.271523577081
-59.0179761702627,49.3022612819991
-59.0179761702627,49.3329989869171
-59.0179761702627,49.3637366918351
-59.0179761702627,49.3944743967531
-59.0179761702627,49.4252121016712
-59.0179761702627,49.4559498065892
-59.0179761702627,49.4866875115072
-59.0179761702627,49.5174252164252
-59.0179761702627,49.5481629213433
-59.0179761702627,49.5789006262613
-59.0179761702627,49.6096383311793
-59.0179761702627,49.6403760360973
-59.0179761702627,49.6711137410154
-59.0179761702627,49.7018514459334
-59.0179761702627,49.7325891508514
-59.0179761702627,49.7633268557694
-59.0179761702627,49.7940645606875
-59.0179761702627,49.8248022656055
-59.0179761702627,49.8555399705235
-59.0179761702627,49.8862776754415
-59.0179761702627,49.9170153803596
-59.0179761702627,49.9477530852776
-59.0179761702627,49.9784907901956
-59.0179761702627,50.0092284951136
-59.0179761702627,50.0399662000316
-59.0179761702627,50.0707039049497
-59.0179761702627,50.1014416098677
-59.0179761702627,50.1321793147857
-59.0179761702627,50.1629170197037
-59.0179761702627,50.1936547246218
-59.0179761702627,50.2243924295398
-59.0179761702627,50.2551301344578
-59.0179761702627,50.2858678393758
-59.0179761702627,50.3166055442939
-59.0179761702627,50.3473432492119
-59.0179761702627,50.3780809541299
-59.0179761702627,50.4088186590479
-59.0179761702627,50.439556363966
-59.0179761702627,50.470294068884
-59.0179761702627,50.501031773802
-59.0179761702627,50.53176947872
-59.0179761702627,50.5625071836381
-59.0179761702627,50.5932448885561
-59.0179761702627,50.6239825934741
-59.0179761702627,50.6547202983921
-59.0179761702627,50.6854580033102
-59.0179761702627,50.7161957082282
-59.0179761702627,50.7469334131462
-59.0179761702627,50.7776711180642
-59.0179761702627,50.8084088229823
-59.0179761702627,50.8391465279003
-59.0179761702627,50.8698842328183
-59.0179761702627,50.9006219377363
-59.0179761702627,50.9313596426544
-59.0179761702627,50.9620973475724
-59.0179761702627,50.9928350524904
-59.0179761702627,51.0235727574084
-59.0179761702627,51.0543104623265
-59.0179761702627,51.0850481672445
-59.0179761702627,51.1157858721625
-59.0179761702627,51.1465235770805
-59.0179761702627,51.1772612819986
-59.0179761702627,51.2079989869166
-59.0179761702627,51.2387366918346
-59.0179761702627,51.2694743967526
-59.0179761702627,51.3002121016707
-59.0179761702627,51.3309498065887
-59.0179761702627,51.3616875115067
-59.0179761702627,51.3924252164247
-59.0179761702627,51.4231629213428
-59.0179761702627,51.4539006262608
-59.0179761702627,51.4846383311788
-59.0179761702627,51.5153760360968
-59.0179761702627,51.5461137410149
-59.0179761702627,51.5768514459329
-59.0179761702627,51.6075891508509
-59.0179761702627,51.6383268557689
-59.0179761702627,51.669064560687
-59.0179761702627,51.699802265605
-59.0179761702627,51.730539970523
-59.0179761702627,51.761277675441
-59.0179761702627,51.7920153803591
-59.0179761702627,51.8227530852771
-59.0179761702627,51.8534907901951
-59.0179761702627,51.8842284951131
-59.0179761702627,51.9149662000312
-59.0179761702627,51.9457039049492
-59.0179761702627,51.9764416098672
-59.0179761702627,52.0071793147852
-59.0179761702627,52.0379170197033
-59.0179761702627,52.0686547246213
-59.0179761702627,52.0993924295393
-59.0179761702627,52.1301301344573
-59.0179761702627,52.1608678393753
-59.0179761702627,52.1916055442934
-59.0179761702627,52.2223432492114
-59.0179761702627,52.2530809541294
-59.0179761702627,52.2838186590474
-59.0179761702627,52.3145563639655
-59.0179761702627,52.3452940688835
-59.0179761702627,52.3760317738015
-59.0179761702627,52.4067694787195
-59.0179761702627,52.4375071836376
-59.0179761702627,52.4682448885556
-59.0179761702627,52.4989825934736
-59.0179761702627,52.5297202983916
-59.0179761702627,52.5604580033097
-59.0179761702627,52.5911957082277
-59.0179761702627,52.6219334131457
-59.0179761702627,52.6526711180637
-59.0179761702627,52.6834088229818
-59.0179761702627,52.7141465278998
-59.0179761702627,52.7448842328178
-59.0179761702627,52.7756219377358
-59.0179761702627,52.8063596426539
-59.0179761702627,52.8370973475719
-59.0179761702627,52.8678350524899
-59.0179761702627,52.8985727574079
-59.0179761702627,52.929310462326
-59.0179761702627,52.960048167244
-59.0179761702627,52.990785872162
-59.0179761702627,53.02152357708
-59.0179761702627,53.0522612819981
-59.0179761702627,53.0829989869161
-59.0179761702627,53.1137366918341
-59.0179761702627,53.1444743967521
-59.0179761702627,53.1752121016702
-59.0179761702627,53.2059498065882
-59.0179761702627,53.2366875115062
-59.0179761702627,53.2674252164242
-59.0179761702627,53.2981629213423
-59.0179761702627,53.3289006262603
-59.0179761702627,53.3596383311783
-59.0179761702627,53.3903760360963
-59.0179761702627,53.4211137410144
-59.0179761702627,53.4518514459324
-59.0179761702627,53.4825891508504
-59.0179761702627,53.5133268557684
-59.0179761702627,53.5440645606865
-59.0179761702627,53.5748022656045
-59.0179761702627,53.6055399705225
-59.0179761702627,53.6362776754405
-59.0179761702627,53.6670153803586
-59.0179761702627,53.6977530852766
-59.0179761702627,53.7284907901946
-59.0179761702627,53.7592284951126
-59.0179761702627,53.7899662000307
-59.0179761702627,53.8207039049487
-59.0179761702627,53.8514416098667
-59.0179761702627,53.8821793147847
-59.0179761702627,53.9129170197028
-59.0179761702627,53.9436547246208
-59.0179761702627,53.9743924295388
-59.0179761702627,54.0051301344568
-59.0179761702627,54.0358678393749
-59.0179761702627,54.0666055442929
-59.0179761702627,54.0973432492109
-59.0179761702627,54.1280809541289
-59.0179761702627,54.158818659047
-59.0179761702627,54.189556363965
-59.0179761702627,54.220294068883
-59.0179761702627,54.251031773801
-59.0179761702627,54.281769478719
-59.0179761702627,54.3125071836371
-59.0179761702627,54.3432448885551
-59.0179761702627,54.3739825934731
-59.0179761702627,54.4047202983911
-59.0179761702627,54.4354580033092
-59.0179761702627,54.4661957082272
-59.0179761702627,54.4969334131452
-59.0179761702627,54.5276711180632
-59.0179761702627,54.5584088229813
-59.0179761702627,54.5891465278993
-59.0179761702627,54.6198842328173
-59.0179761702627,54.6506219377353
-59.0179761702627,54.6813596426534
-59.0179761702627,54.7120973475714
-59.0179761702627,54.7428350524894
-59.0179761702627,54.7735727574074
-59.0179761702627,54.8043104623255
-59.0179761702627,54.8350481672435
-59.0179761702627,54.8657858721615
-59.0179761702627,54.8965235770795
-59.0179761702627,54.9272612819976
-59.0179761702627,54.9579989869156
-59.0179761702627,54.9887366918336
-59.0179761702627,55.0194743967516
-59.0179761702627,55.0502121016697
-59.0179761702627,55.0809498065877
-59.0179761702627,55.1116875115057
-59.0179761702627,55.1424252164237
-59.0179761702627,55.1731629213418
-59.0179761702627,55.2039006262598
-59.0179761702627,55.2346383311778
-59.0179761702627,55.2653760360958
-59.0179761702627,55.2961137410139
-59.0179761702627,55.3268514459319
-59.0179761702627,55.3575891508499
-59.0179761702627,55.3883268557679
-59.0179761702627,55.419064560686
-59.0179761702627,55.449802265604
-59.0179761702627,55.480539970522
-59.0179761702627,55.51127767544
-59.0179761702627,55.5420153803581
-59.0179761702627,55.5727530852761
-59.0179761702627,55.6034907901941
-59.0179761702627,55.6342284951121
-59.0179761702627,55.6649662000302
-59.0179761702627,55.6957039049482
-59.0179761702627,55.7264416098662
-59.0179761702627,55.7571793147842
-59.0179761702627,55.7879170197023
-59.0179761702627,55.8186547246203
-59.0179761702627,55.8493924295383
-59.0179761702627,55.8801301344563
-59.0179761702627,55.9108678393744
-59.0179761702627,55.9416055442924
-59.0179761702627,55.9723432492104
-59.0179761702627,56.0030809541284
-59.0179761702627,56.0338186590465
-59.0179761702627,56.0645563639645
-59.0179761702627,56.0952940688825
-59.0179761702627,56.1260317738005
-59.0179761702627,56.1567694787186
-59.0179761702627,56.1875071836366
-59.0179761702627,56.2182448885546
-59.0179761702627,56.2489825934726
-59.0179761702627,56.2797202983907
-59.0179761702627,56.3104580033087
-59.0179761702627,56.3411957082267
-59.0179761702627,56.3719334131447
-59.0179761702627,56.4026711180627
-59.0179761702627,56.4334088229808
-59.0179761702627,56.4641465278988
-59.0179761702627,56.4948842328168
-59.0179761702627,56.5256219377348
-59.0179761702627,56.5563596426529
-59.0179761702627,56.5870973475709
-59.0179761702627,56.6178350524889
-59.0179761702627,56.6485727574069
-59.0179761702627,56.679310462325
-59.0179761702627,56.710048167243
-59.0179761702627,56.740785872161
-59.0179761702627,56.771523577079
-59.0179761702627,56.8022612819971
-59.0179761702627,56.8329989869151
-59.0179761702627,56.8637366918331
-59.0179761702627,56.8944743967511
-59.0179761702627,56.9252121016692
-59.0179761702627,56.9559498065872
-59.0179761702627,56.9866875115052
-59.0179761702627,57.0174252164232
-59.0179761702627,57.0481629213413
-59.0179761702627,57.0789006262593
-59.0179761702627,57.1096383311773
-59.0179761702627,57.1403760360953
-59.0179761702627,57.1711137410134
-59.0179761702627,57.2018514459314
-59.0179761702627,57.2325891508494
-59.0179761702627,57.2633268557674
-59.0179761702627,57.2940645606855
-59.0179761702627,57.3248022656035
-59.0179761702627,57.3555399705215
-59.0179761702627,57.3862776754395
-59.0179761702627,57.4170153803576
-59.0179761702627,57.4477530852756
-59.0179761702627,57.4784907901936
-59.0179761702627,57.5092284951116
-59.0179761702627,57.5399662000297
-59.0179761702627,57.5707039049477
-59.0179761702627,57.6014416098657
-59.0179761702627,57.6321793147837
-59.0179761702627,57.6629170197018
-59.0179761702627,57.6936547246198
-59.0179761702627,57.7243924295378
-59.0179761702627,57.7551301344558
-59.0179761702627,57.7858678393739
-59.0179761702627,57.8166055442919
-59.0179761702627,57.8473432492099
-59.0179761702627,57.8780809541279
-59.0179761702627,57.908818659046
-59.0179761702627,57.939556363964
-59.0179761702627,57.970294068882
-59.0179761702627,58.0010317738
-59.0179761702627,58.0317694787181
-59.0179761702627,58.0625071836361
-59.0179761702627,58.0932448885541
-59.0179761702627,58.1239825934721
-59.0179761702627,58.1547202983902
-59.0179761702627,58.1854580033082
-59.0179761702627,58.2161957082262
-59.0179761702627,58.2469334131442
-59.0179761702627,58.2776711180623
-59.0179761702627,58.3084088229803
-59.0179761702627,58.3391465278983
-59.0179761702627,58.3698842328163
-59.0179761702627,58.4006219377343
-59.0179761702627,58.4313596426524
-59.0179761702627,58.4620973475704
-59.0179761702627,58.4928350524884
-59.0179761702627,58.5235727574064
-59.0179761702627,58.5543104623245
-59.0179761702627,58.5850481672425
-59.0179761702627,58.6157858721605
-59.0179761702627,58.6465235770785
-59.0179761702627,58.6772612819966
-59.0179761702627,58.7079989869146
-59.0179761702627,58.7387366918326
-59.0179761702627,58.7694743967506
-59.0179761702627,58.8002121016687
-59.0179761702627,58.8309498065867
-59.0179761702627,58.8616875115047
-59.0179761702627,58.8924252164227
-59.0179761702627,58.9231629213408
-59.0179761702627,58.9539006262588
-59.0179761702627,58.9846383311768
-59.0179761702627,59.0153760360948
-59.0179761702627,59.0461137410129
-59.0179761702627,59.0768514459309
-59.0179761702627,59.1075891508489
-59.0179761702627,59.1383268557669
-59.0179761702627,59.169064560685
-59.0179761702627,59.199802265603
-59.0179761702627,59.230539970521
-59.0179761702627,59.261277675439
-59.0179761702627,59.2920153803571
-59.0179761702627,59.3227530852751
-59.0179761702627,59.3534907901931
-59.0179761702627,59.3842284951111
-59.0179761702627,59.4149662000292
-59.0179761702627,59.4457039049472
-59.0179761702627,59.4764416098652
-59.0179761702627,59.5071793147832
-59.0179761702627,59.5379170197013
-59.0179761702627,59.5686547246193
-59.0179761702627,59.5993924295373
-59.0179761702627,59.6301301344553
-59.0179761702627,59.6608678393734
-59.0179761702627,59.6916055442914
-59.0179761702627,59.7223432492094
-59.0179761702627,59.7530809541274
-59.0179761702627,59.7838186590455
-59.0179761702627,59.8145563639635
-59.0179761702627,59.8452940688815
-59.0179761702627,59.8760317737995
-59.0179761702627,59.9067694787176
-59.0179761702627,59.9375071836356
-59.0179761702627,59.9682448885536
-59.0179761702627,59.9989825934716
-59.0179761702627,60.0297202983897
-59.0179761702627,60.0604580033077
-59.0179761702627,60.0911957082257
-59.0179761702627,60.1219334131437
-59.0179761702627,60.1526711180618
-59.0179761702627,60.1834088229798
-59.0179761702627,60.2141465278978
-59.0179761702627,60.2448842328158
-59.0179761702627,60.2756219377339
-59.0179761702627,60.3063596426519
-59.0179761702627,60.3370973475699
-59.0179761702627,60.3678350524879
-59.0179761702627,60.398572757406
-59.0179761702627,60.429310462324
-59.0179761702627,60.460048167242
-59.0179761702627,60.49078587216
-59.0179761702627,60.521523577078
-59.0179761702627,60.5522612819961
-59.0179761702627,60.5829989869141
-59.0179761702627,60.6137366918321
-59.0179761702627,60.6444743967501
-59.0179761702627,60.6752121016682
-59.0179761702627,60.7059498065862
-59.0179761702627,60.7366875115042
-59.0179761702627,60.7674252164222
-59.0179761702627,60.7981629213403
-59.0179761702627,60.8289006262583
-59.0179761702627,60.8596383311763
-59.0179761702627,60.8903760360943
-59.0179761702627,60.9211137410124
-59.0179761702627,60.9518514459304
-59.0179761702627,60.9825891508484
-59.0179761702627,61.0133268557664
-59.0179761702627,61.0440645606845
-59.0179761702627,61.0748022656025
-59.0179761702627,61.1055399705205
-59.0179761702627,61.1362776754385
-59.0179761702627,61.1670153803566
-59.0179761702627,61.1977530852746
-59.0179761702627,61.2284907901926
-59.0179761702627,61.2592284951106
-59.0179761702627,61.2899662000287
-59.0179761702627,61.3207039049467
-59.0179761702627,61.3514416098647
-59.0179761702627,61.3821793147827
-59.0179761702627,61.4129170197008
-59.0179761702627,61.4436547246188
-59.0179761702627,61.4743924295368
-59.0179761702627,61.5051301344548
-59.0179761702627,61.5358678393729
-59.0179761702627,61.5666055442909
-59.0179761702627,61.5973432492089
-59.0179761702627,61.6280809541269
-59.0179761702627,61.658818659045
-59.0179761702627,61.689556363963
-59.0179761702627,61.720294068881
-59.0179761702627,61.751031773799
-59.0179761702627,61.7817694787171
-59.0179761702627,61.8125071836351
-59.0179761702627,61.8432448885531
-59.0179761702627,61.8739825934711
-59.0179761702627,61.9047202983892
-59.0179761702627,61.9354580033072
-59.0179761702627,61.9661957082252
-59.0179761702627,61.9969334131432
-59.0179761702627,62.0276711180613
-59.0179761702627,62.0584088229793
-59.0179761702627,62.0891465278973
-59.0179761702627,62.1198842328153
-59.0179761702627,62.1506219377334
-59.0179761702627,62.1813596426514
-59.0179761702627,62.2120973475694
-59.0179761702627,62.2428350524874
-59.0179761702627,62.2735727574055
-59.0179761702627,62.3043104623235
-59.0179761702627,62.3350481672415
-59.0179761702627,62.3657858721595
-59.0179761702627,62.3965235770776
-59.0179761702627,62.4272612819956
-59.0179761702627,62.4579989869136
-59.0179761702627,62.4887366918316
-59.0179761702627,62.5194743967497
-59.0179761702627,62.5502121016677
-59.0179761702627,62.5809498065857
-59.0179761702627,62.6116875115037
-59.0179761702627,62.6424252164217
-59.0179761702627,62.6731629213398
-59.0179761702627,62.7039006262578
-59.0179761702627,62.7346383311758
-59.0179761702627,62.7653760360938
-59.0179761702627,62.7961137410119
-59.0179761702627,62.8268514459299
-59.0179761702627,62.8575891508479
-59.0179761702627,62.8883268557659
-59.0179761702627,62.919064560684
-59.0179761702627,62.949802265602
-59.0179761702627,62.98053997052
-59.0179761702627,63.011277675438
-59.0179761702627,63.0420153803561
-59.0179761702627,63.0727530852741
-59.0179761702627,63.1034907901921
-59.0179761702627,63.1342284951101
-59.0179761702627,63.1649662000282
-59.0179761702627,63.1957039049462
-59.0179761702627,63.2264416098642
-59.0179761702627,63.2571793147822
-59.0179761702627,63.2879170197003
-59.0179761702627,63.3186547246183
-59.0179761702627,63.3493924295363
-59.0179761702627,63.3801301344543
-59.0179761702627,63.4108678393724
-59.0179761702627,63.4416055442904
-59.0179761702627,63.4723432492084
-59.0179761702627,63.5030809541264
-59.0179761702627,63.5338186590445
-59.0179761702627,63.5645563639625
-59.0179761702627,63.5952940688805
-59.0179761702627,63.6260317737985
-59.0179761702627,63.6567694787166
-59.0179761702627,63.6875071836346
-59.0179761702627,63.7182448885526
-59.0179761702627,63.7489825934706
-59.0179761702627,63.7797202983887
-59.0179761702627,63.8104580033067
-59.0179761702627,63.8411957082247
-59.0179761702627,63.8719334131427
-59.0179761702627,63.9026711180608
-59.0179761702627,63.9334088229788
-59.0179761702627,63.9641465278968
-59.0179761702627,63.9948842328148
-59.0179761702627,64.0256219377329
-59.0179761702627,64.0563596426509
-59.0179761702627,64.0870973475689
-59.0179761702627,64.1178350524869
-59.0179761702627,64.148572757405
-59.0179761702627,64.179310462323
-59.0179761702627,64.210048167241
-59.0179761702627,64.240785872159
-59.0179761702627,64.2715235770771
-59.0179761702627,64.3022612819951
-59.0179761702627,64.3329989869131
-59.0179761702627,64.3637366918311
-59.0179761702627,64.3944743967492
-59.0179761702627,64.4252121016672
-59.0179761702627,64.4559498065852
-59.0179761702627,64.4866875115032
-59.0179761702627,64.5174252164213
-59.0179761702627,64.5481629213393
-59.0179761702627,64.5789006262573
-59.0179761702627,64.6096383311753
-59.0179761702627,64.6403760360934
-59.0179761702627,64.6711137410114
-59.0179761702627,64.7018514459294
-59.0179761702627,64.7325891508474
-59.0179761702627,64.7633268557655
-59.0179761702627,64.7940645606835
-59.0179761702627,64.8248022656015
-59.0179761702627,64.8555399705195
-59.0179761702627,64.8862776754376
-59.0179761702627,64.9170153803556
-59.0179761702627,64.9477530852736
-59.0179761702627,64.9784907901916
-59.0179761702627,65.0092284951097
-59.0179761702627,65.0399662000277
-59.0179761702627,65.0707039049457
-59.0179761702627,65.1014416098637
-59.0179761702627,65.1321793147818
-59.0179761702627,65.1629170196998
-59.0179761702627,65.1936547246178
-59.0179761702627,65.2243924295358
-59.0179761702627,65.2551301344539
-59.0179761702627,65.2858678393719
-59.0179761702627,65.3166055442899
-59.0179761702627,65.3473432492079
-59.0179761702627,65.3780809541259
-59.0179761702627,65.408818659044
-59.0179761702627,65.439556363962
-59.0179761702627,65.47029406888
-59.0179761702627,65.501031773798
-59.0179761702627,65.5317694787161
-59.0179761702627,65.5625071836341
-59.0179761702627,65.5932448885521
-59.0179761702627,65.6239825934701
-59.0179761702627,65.6547202983882
-59.0179761702627,65.6854580033062
-59.0179761702627,65.7161957082242
-59.0179761702627,65.7469334131422
-59.0179761702627,65.7776711180603
-59.0179761702627,65.8084088229783
-59.0179761702627,65.8391465278963
-59.0179761702627,65.8698842328143
-59.0179761702627,65.9006219377324
-59.0179761702627,65.9313596426504
-59.0179761702627,65.9620973475684
-59.0179761702627,65.9928350524864
-59.0179761702627,66.0235727574045
-59.0179761702627,66.0543104623225
-59.0179761702627,66.0850481672405
-59.0179761702627,66.1157858721585
-59.0179761702627,66.1465235770766
-59.0179761702627,66.1772612819946
-59.0179761702627,66.2079989869126
-59.0179761702627,66.2387366918306
-59.0179761702627,66.2694743967487
-59.0179761702627,66.3002121016667
-59.0179761702627,66.3309498065847
-59.0179761702627,66.3616875115027
-59.0179761702627,66.3924252164208
-59.0179761702627,66.4231629213388
-59.0179761702627,66.4539006262568
-59.0179761702627,66.4846383311748
-59.0179761702627,66.5153760360929
-59.0179761702627,66.5461137410109
-59.0179761702627,66.5768514459289
-59.0179761702627,66.6075891508469
-59.0179761702627,66.638326855765
-59.0179761702627,66.669064560683
-59.0179761702627,66.699802265601
-59.0179761702627,66.730539970519
-59.0179761702627,66.7612776754371
-59.0179761702627,66.7920153803551
-59.0179761702627,66.8227530852731
-59.0179761702627,66.8534907901911
-59.0179761702627,66.8842284951092
-59.0179761702627,66.9149662000272
-59.0179761702627,66.9457039049452
-59.0179761702627,66.9764416098632
-59.0179761702627,67.0071793147813
-59.0179761702627,67.0379170196993
-59.0179761702627,67.0686547246173
-59.0179761702627,67.0993924295353
-59.0179761702627,67.1301301344534
-59.0179761702627,67.1608678393714
-59.0179761702627,67.1916055442894
-59.0179761702627,67.2223432492074
-59.0179761702627,67.2530809541255
-59.0179761702627,67.2838186590435
-59.0179761702627,67.3145563639615
-59.0179761702627,67.3452940688795
-59.0179761702627,67.3760317737975
-59.0179761702627,67.4067694787156
-59.0179761702627,67.4375071836336
-59.0179761702627,67.4682448885516
-59.0179761702627,67.4989825934696
-59.0179761702627,67.5297202983877
-59.0179761702627,67.5604580033057
-59.0179761702627,67.5911957082237
-59.0179761702627,67.6219334131417
-59.0179761702627,67.6526711180598
-59.0179761702627,67.6834088229778
-59.0179761702627,67.7141465278958
-59.0179761702627,67.7448842328138
-59.0179761702627,67.7756219377319
-59.0179761702627,67.8063596426499
-59.0179761702627,67.8370973475679
-59.0179761702627,67.8678350524859
-59.0179761702627,67.898572757404
-59.0179761702627,67.929310462322
-59.0179761702627,67.96004816724
-59.0179761702627,67.990785872158
-59.0179761702627,68.0215235770761
-59.0179761702627,68.0522612819941
-59.0179761702627,68.0829989869121
-59.0179761702627,68.1137366918301
-59.0179761702627,68.1444743967482
-59.0179761702627,68.1752121016662
-59.0179761702627,68.2059498065842
-59.0179761702627,68.2366875115022
-59.0179761702627,68.2674252164203
-59.0179761702627,68.2981629213383
-59.0179761702627,68.3289006262563
-59.0179761702627,68.3596383311743
-59.0179761702627,68.3903760360924
-59.0179761702627,68.4211137410104
-59.0179761702627,68.4518514459284
-59.0179761702627,68.4825891508464
-59.0179761702627,68.5133268557645
-59.0179761702627,68.5440645606825
-59.0179761702627,68.5748022656005
-59.0179761702627,68.6055399705185
-59.0179761702627,68.6362776754366
-59.0179761702627,68.6670153803546
-59.0179761702627,68.6977530852726
-59.0179761702627,68.7284907901906
-59.0179761702627,68.7592284951087
-59.0179761702627,68.7899662000267
-59.0179761702627,68.8207039049447
-59.0179761702627,68.8514416098627
-59.0179761702627,68.8821793147808
-59.0179761702627,68.9129170196988
-59.0179761702627,68.9436547246168
-59.0179761702627,68.9743924295348
-59.0179761702627,69.0051301344529
-59.0179761702627,69.0358678393709
-59.0179761702627,69.0666055442889
-59.0179761702627,69.0973432492069
-59.0179761702627,69.128080954125
-59.0179761702627,69.158818659043
-59.0179761702627,69.189556363961
-59.0179761702627,69.220294068879
-59.0179761702627,69.2510317737971
-59.0179761702627,69.2817694787151
-59.0179761702627,69.3125071836331
-59.0179761702627,69.3432448885511
-59.0179761702627,69.3739825934692
-59.0179761702627,69.4047202983872
-59.0179761702627,69.4354580033052
-59.0179761702627,69.4661957082232
-59.0179761702627,69.4969334131412
-59.0179761702627,69.5276711180593
-59.0179761702627,69.5584088229773
-59.0179761702627,69.5891465278953
-59.0179761702627,69.6198842328133
-59.0179761702627,69.6506219377314
-59.0179761702627,69.6813596426494
-59.0179761702627,69.7120973475674
-59.0179761702627,69.7428350524854
-59.0179761702627,69.7735727574035
-59.0179761702627,69.8043104623215
-59.0179761702627,69.8350481672395
-59.0179761702627,69.8657858721575
-59.0179761702627,69.8965235770756
-59.0179761702627,69.9272612819936
-59.0179761702627,69.9579989869116
-59.0179761702627,69.9887366918296
-59.0179761702627,70.0194743967477
-59.0179761702627,70.0502121016657
-59.0179761702627,70.0809498065837
-59.0179761702627,70.1116875115017
-59.0179761702627,70.1424252164198
-59.0179761702627,70.1731629213378
-59.0179761702627,70.2039006262558
-59.0179761702627,70.2346383311738
-59.0179761702627,70.2653760360919
-59.0179761702627,70.2961137410099
-59.0179761702627,70.3268514459279
-59.0179761702627,70.3575891508459
-59.0179761702627,70.388326855764
-59.0179761702627,70.419064560682
-59.0179761702627,70.4498022656
-59.0179761702627,70.480539970518
-59.0179761702627,70.5112776754361
-59.0179761702627,70.5420153803541
-59.0179761702627,70.5727530852721
-59.0179761702627,70.6034907901901
-59.0179761702627,70.6342284951082
-59.0179761702627,70.6649662000262
-59.0179761702627,70.6957039049442
-59.0179761702627,70.7264416098622
-59.0179761702627,70.7571793147803
-59.0179761702627,70.7879170196983
-59.0179761702627,70.8186547246163
-59.0179761702627,70.8493924295343
-59.0179761702627,70.8801301344524
-59.0179761702627,70.9108678393704
-59.0179761702627,70.9416055442884
-59.0179761702627,70.9723432492064
-59.0179761702627,71.0030809541245
-59.0179761702627,71.0338186590425
-59.0179761702627,71.0645563639605
-59.0179761702627,71.0952940688785
-59.0179761702627,71.1260317737966
-59.0179761702627,71.1567694787146
-59.0179761702627,71.1875071836326
-59.0179761702627,71.2182448885506
-59.0179761702627,71.2489825934687
-59.0179761702627,71.2797202983867
-59.0179761702627,71.3104580033047
-59.0179761702627,71.3411957082227
-59.0179761702627,71.3719334131408
-59.0179761702627,71.4026711180588
-59.0179761702627,71.4334088229768
-59.0179761702627,71.4641465278948
-59.0179761702627,71.4948842328129
-59.0179761702627,71.5256219377309
-59.0179761702627,71.5563596426489
-59.0179761702627,71.5870973475669
-59.0179761702627,71.6178350524849
-59.0179761702627,71.648572757403
-59.0179761702627,71.679310462321
-59.0179761702627,71.710048167239
-59.0179761702627,71.740785872157
-59.0179761702627,71.7715235770751
-59.0179761702627,71.8022612819931
-59.0179761702627,71.8329989869111
-59.0179761702627,71.8637366918291
-59.0179761702627,71.8944743967472
-59.0179761702627,71.9252121016652
-59.0179761702627,71.9559498065832
-59.0179761702627,71.9866875115012
-59.0179761702627,72.0174252164193
-59.0179761702627,72.0481629213373
-59.0179761702627,72.0789006262553
-59.0179761702627,72.1096383311733
-59.0179761702627,72.1403760360914
-59.0179761702627,72.1711137410094
-59.0179761702627,72.2018514459274
-59.0179761702627,72.2325891508454
-59.0179761702627,72.2633268557635
-59.0179761702627,72.2940645606815
-59.0179761702627,72.3248022655995
-59.0179761702627,72.3555399705175
-59.0179761702627,72.3862776754356
-59.0179761702627,72.4170153803536
-59.0179761702627,72.4477530852716
-59.0179761702627,72.4784907901896
-59.0179761702627,72.5092284951077
-59.0179761702627,72.5399662000257
-59.0179761702627,72.5707039049437
-59.0179761702627,72.6014416098617
-59.0179761702627,72.6321793147798
-59.0179761702627,72.6629170196978
-59.0179761702627,72.6936547246158
-59.0179761702627,72.7243924295338
-59.0179761702627,72.7551301344519
-59.0179761702627,72.7858678393699
-59.0179761702627,72.8166055442879
-59.0179761702627,72.8473432492059
-59.0179761702627,72.878080954124
-59.0179761702627,72.908818659042
-59.0179761702627,72.93955636396
-59.0179761702627,72.970294068878
-59.0179761702627,73.0010317737961
-59.0179761702627,73.0317694787141
-59.0179761702627,73.0625071836321
-59.0179761702627,73.0932448885501
-59.0179761702627,73.1239825934682
-59.0179761702627,73.1547202983862
-59.0179761702627,73.1854580033042
-59.0179761702627,73.2161957082222
-59.0179761702627,73.2469334131403
-59.0179761702627,73.2776711180583
-59.0179761702627,73.3084088229763
-59.0179761702627,73.3391465278943
-59.0179761702627,73.3698842328124
-59.0179761702627,73.4006219377304
-59.0179761702627,73.4313596426484
-59.0179761702627,73.4620973475664
-59.0179761702627,73.4928350524845
-59.0179761702627,73.5235727574025
-59.0179761702627,73.5543104623205
-59.0179761702627,73.5850481672385
-59.0179761702627,73.6157858721566
-59.0179761702627,73.6465235770746
-59.0179761702627,73.6772612819926
-59.0179761702627,73.7079989869106
-59.0179761702627,73.7387366918286
-59.0179761702627,73.7694743967467
-59.0179761702627,73.8002121016647
-59.0179761702627,73.8309498065827
-59.0179761702627,73.8616875115007
-59.0179761702627,73.8924252164188
-59.0179761702627,73.9231629213368
-59.0179761702627,73.9539006262548
-59.0179761702627,73.9846383311728
-59.0179761702627,74.0153760360909
-59.0179761702627,74.0461137410089
-59.0179761702627,74.0768514459269
-59.0179761702627,74.1075891508449
-59.0179761702627,74.138326855763
-59.0179761702627,74.169064560681
-59.0179761702627,74.199802265599
-59.0179761702627,74.230539970517
-59.0179761702627,74.2612776754351
-59.0179761702627,74.2920153803531
-59.0179761702627,74.3227530852711
-59.0179761702627,74.3534907901891
-59.0179761702627,74.3842284951072
-59.0179761702627,74.4149662000252
-59.0179761702627,74.4457039049432
-59.0179761702627,74.4764416098612
-59.0179761702627,74.5071793147793
-59.0179761702627,74.5379170196973
-59.0179761702627,74.5686547246153
-59.0179761702627,74.5993924295333
-59.0179761702627,74.6301301344514
-59.0179761702627,74.6608678393694
-59.0179761702627,74.6916055442874
-59.0179761702627,74.7223432492054
-59.0179761702627,74.7530809541235
-59.0179761702627,74.7838186590415
-59.0179761702627,74.8145563639595
-59.0179761702627,74.8452940688775
-59.0179761702627,74.8760317737956
-59.0179761702627,74.9067694787136
-59.0179761702627,74.9375071836316
-59.0179761702627,74.9682448885496
-59.0179761702627,74.9989825934677
-59.0179761702627,75.0297202983857
-59.0179761702627,75.0604580033037
-59.0179761702627,75.0911957082217
-59.0179761702627,75.1219334131398
-59.0179761702627,75.1526711180578
-59.0179761702627,75.1834088229758
-59.0179761702627,75.2141465278938
-59.0179761702627,75.2448842328119
-59.0179761702627,75.2756219377299
-59.0179761702627,75.3063596426479
-59.0179761702627,75.3370973475659
-59.0179761702627,75.367835052484
-59.0179761702627,75.398572757402
-59.0179761702627,75.42931046232
-59.0179761702627,75.460048167238
-59.0179761702627,75.4907858721561
-59.0179761702627,75.5215235770741
-59.0179761702627,75.5522612819921
-59.0179761702627,75.5829989869101
-59.0179761702627,75.6137366918282
-59.0179761702627,75.6444743967462
-59.0179761702627,75.6752121016642
-59.0179761702627,75.7059498065822
-59.0179761702627,75.7366875115003
-59.0179761702627,75.7674252164183
-59.0179761702627,75.7981629213363
-59.0179761702627,75.8289006262543
-59.0179761702627,75.8596383311723
-59.0179761702627,75.8903760360904
-59.0179761702627,75.9211137410084
-59.0179761702627,75.9518514459264
-59.0179761702627,75.9825891508444
-59.0179761702627,76.0133268557625
-59.0179761702627,76.0440645606805
-59.0179761702627,76.0748022655985
-59.0179761702627,76.1055399705165
-59.0179761702627,76.1362776754346
-59.0179761702627,76.1670153803526
-59.0179761702627,76.1977530852706
-59.0179761702627,76.2284907901886
-59.0179761702627,76.2592284951067
-59.0179761702627,76.2899662000247
-59.0179761702627,76.3207039049427
-59.0179761702627,76.3514416098607
-59.0179761702627,76.3821793147788
-59.0179761702627,76.4129170196968
-59.0179761702627,76.4436547246148
-59.0179761702627,76.4743924295328
-59.0179761702627,76.5051301344509
-59.0179761702627,76.5358678393689
-59.0179761702627,76.5666055442869
-59.0179761702627,76.5973432492049
-59.0179761702627,76.628080954123
-59.0179761702627,76.658818659041
-59.0179761702627,76.689556363959
-59.0179761702627,76.720294068877
-59.0179761702627,76.7510317737951
-59.0179761702627,76.7817694787131
-59.0179761702627,76.8125071836311
-59.0179761702627,76.8432448885491
-59.0179761702627,76.8739825934672
-59.0179761702627,76.9047202983852
-59.0179761702627,76.9354580033032
-59.0179761702627,76.9661957082212
-59.0179761702627,76.9969334131393
-59.0179761702627,77.0276711180573
-59.0179761702627,77.0584088229753
-59.0179761702627,77.0891465278933
-59.0179761702627,77.1198842328114
-59.0179761702627,77.1506219377294
-59.0179761702627,77.1813596426474
-59.0179761702627,77.2120973475654
-59.0179761702627,77.2428350524835
-59.0179761702627,77.2735727574015
-59.0179761702627,77.3043104623195
-59.0179761702627,77.3350481672375
-59.0179761702627,77.3657858721556
-59.0179761702627,77.3965235770736
-59.0179761702627,77.4272612819916
-59.0179761702627,77.4579989869096
-59.0179761702627,77.4887366918277
-59.0179761702627,77.5194743967457
-59.0179761702627,77.5502121016637
-59.0179761702627,77.5809498065817
-59.0179761702627,77.6116875114998
-59.0179761702627,77.6424252164178
-59.0179761702627,77.6731629213358
-59.0179761702627,77.7039006262538
-59.0179761702627,77.7346383311719
-59.0179761702627,77.7653760360899
-59.0179761702627,77.7961137410079
-59.0179761702627,77.8268514459259
-59.0179761702627,77.8575891508439
-59.0179761702627,77.888326855762
-59.0179761702627,77.91906456068
-59.0179761702627,77.949802265598
-59.0179761702627,77.980539970516
-59.0179761702627,78.0112776754341
-59.0179761702627,78.0420153803521
-59.0179761702627,78.0727530852701
-59.0179761702627,78.1034907901881
-59.0179761702627,78.1342284951062
-59.0179761702627,78.1649662000242
-59.0179761702627,78.1957039049422
-59.0179761702627,78.2264416098602
-59.0179761702627,78.2571793147783
-59.0179761702627,78.2879170196963
-59.0179761702627,78.3186547246143
-59.0179761702627,78.3493924295323
-59.0179761702627,78.3801301344504
-59.0179761702627,78.4108678393684
-59.0179761702627,78.4416055442864
-59.0179761702627,78.4723432492044
-59.0179761702627,78.5030809541225
-59.0179761702627,78.5338186590405
-59.0179761702627,78.5645563639585
-59.0179761702627,78.5952940688765
-59.0179761702627,78.6260317737946
-59.0179761702627,78.6567694787126
-59.0179761702627,78.6875071836306
-59.0179761702627,78.7182448885486
-59.0179761702627,78.7489825934667
-59.0179761702627,78.7797202983847
-59.0179761702627,78.8104580033027
-59.0179761702627,78.8411957082207
-59.0179761702627,78.8719334131388
-59.0179761702627,78.9026711180568
-59.0179761702627,78.9334088229748
-59.0179761702627,78.9641465278928
-59.0179761702627,78.9948842328109
-59.0179761702627,79.0256219377289
-59.0179761702627,79.0563596426469
-59.0179761702627,79.0870973475649
-59.0179761702627,79.117835052483
-59.0179761702627,79.148572757401
-59.0179761702627,79.179310462319
-59.0179761702627,79.210048167237
-59.0179761702627,79.2407858721551
-59.0179761702627,79.2715235770731
-59.0179761702627,79.3022612819911
-59.0179761702627,79.3329989869091
-59.0179761702627,79.3637366918272
-59.0179761702627,79.3944743967452
-59.0179761702627,79.4252121016632
-59.0179761702627,79.4559498065812
-59.0179761702627,79.4866875114993
-59.0179761702627,79.5174252164173
-59.0179761702627,79.5481629213353
-59.0179761702627,79.5789006262533
-59.0179761702627,79.6096383311714
-59.0179761702627,79.6403760360894
-59.0179761702627,79.6711137410074
-59.0179761702627,79.7018514459254
-59.0179761702627,79.7325891508435
-59.0179761702627,79.7633268557615
-59.0179761702627,79.7940645606795
-59.0179761702627,79.8248022655975
-59.0179761702627,79.8555399705156
-59.0179761702627,79.8862776754336
-59.0179761702627,79.9170153803516
-59.0179761702627,79.9477530852696
-59.0179761702627,79.9784907901876
-59.0179761702627,80.0092284951057
-59.0179761702627,80.0399662000237
-59.0179761702627,80.0707039049417
-59.0179761702627,80.1014416098597
-59.0179761702627,80.1321793147778
-59.0179761702627,80.1629170196958
-59.0179761702627,80.1936547246138
-59.0179761702627,80.2243924295318
-59.0179761702627,80.2551301344499
-59.0179761702627,80.2858678393679
-59.0179761702627,80.3166055442859
-59.0179761702627,80.3473432492039
-59.0179761702627,80.378080954122
-59.0179761702627,80.40881865904
-59.0179761702627,80.439556363958
-59.0179761702627,80.470294068876
-59.0179761702627,80.5010317737941
-59.0179761702627,80.5317694787121
-59.0179761702627,80.5625071836301
-59.0179761702627,80.5932448885481
-59.0179761702627,80.6239825934662
-59.0179761702627,80.6547202983842
-59.0179761702627,80.6854580033022
-59.0179761702627,80.7161957082202
-59.0179761702627,80.7469334131383
-59.0179761702627,80.7776711180563
-59.0179761702627,80.8084088229743
-59.0179761702627,80.8391465278923
-59.0179761702627,80.8698842328104
-59.0179761702627,80.9006219377284
-59.0179761702627,80.9313596426464
-59.0179761702627,80.9620973475644
-59.0179761702627,80.9928350524825
-59.0179761702627,81.0235727574005
-59.0179761702627,81.0543104623185
-59.0179761702627,81.0850481672365
-59.0179761702627,81.1157858721546
-59.0179761702627,81.1465235770726
-59.0179761702627,81.1772612819906
-59.0179761702627,81.2079989869086
-59.0179761702627,81.2387366918267
-59.0179761702627,81.2694743967447
-59.0179761702627,81.3002121016627
-59.0179761702627,81.3309498065807
-59.0179761702627,81.3616875114988
-59.0179761702627,81.3924252164168
-59.0179761702627,81.4231629213348
-59.0179761702627,81.4539006262528
-59.0179761702627,81.4846383311709
-59.0179761702627,81.5153760360889
-59.0179761702627,81.5461137410069
-59.0179761702627,81.5768514459249
-59.0179761702627,81.607589150843
-59.0179761702627,81.638326855761
-59.0179761702627,81.669064560679
-59.0179761702627,81.699802265597
-59.0179761702627,81.7305399705151
-59.0179761702627,81.7612776754331
-59.0179761702627,81.7920153803511
-59.0179761702627,81.8227530852691
-59.0179761702627,81.8534907901872
-59.0179761702627,81.8842284951052
-59.0179761702627,81.9149662000232
-59.0179761702627,81.9457039049412
-59.0179761702627,81.9764416098593
-59.0179761702627,82.0071793147773
-59.0179761702627,82.0379170196953
-59.0179761702627,82.0686547246133
-59.0179761702627,82.0993924295313
-59.0179761702627,82.1301301344494
-59.0179761702627,82.1608678393674
-59.0179761702627,82.1916055442854
-59.0179761702627,82.2223432492034
-59.0179761702627,82.2530809541215
-59.0179761702627,82.2838186590395
-59.0179761702627,82.3145563639575
-59.0179761702627,82.3452940688755
-59.0179761702627,82.3760317737936
-59.0179761702627,82.4067694787116
-59.0179761702627,82.4375071836296
-59.0179761702627,82.4682448885476
-59.0179761702627,82.4989825934657
-59.0179761702627,82.5297202983837
-59.0179761702627,82.5604580033017
-59.0179761702627,82.5911957082197
-59.0179761702627,82.6219334131378
-59.0179761702627,82.6526711180558
-59.0179761702627,82.6834088229738
-59.0179761702627,82.7141465278918
-59.0179761702627,82.7448842328099
-59.0179761702627,82.7756219377279
-59.0179761702627,82.8063596426459
-59.0179761702627,82.8370973475639
-59.0179761702627,82.867835052482
-59.0179761702627,82.8985727574
-59.0179761702627,82.929310462318
-59.0179761702627,82.960048167236
-59.0179761702627,82.9907858721541
-59.0179761702627,83.0215235770721
-59.0179761702627,83.0522612819901
-59.0179761702627,83.0829989869081
-59.0179761702627,83.1137366918262
-59.0179761702627,83.1444743967442
-59.0179761702627,83.1752121016622
-59.0179761702627,83.2059498065802
-59.0179761702627,83.2366875114983
-59.0179761702627,83.2674252164163
-59.0179761702627,83.2981629213343
-59.0179761702627,83.3289006262523
-59.0179761702627,83.3596383311704
-59.0179761702627,83.3903760360884
-59.0179761702627,83.4211137410064
-59.0179761702627,83.4518514459244
-59.0179761702627,83.4825891508425
-59.0179761702627,83.5133268557605
-59.0179761702627,83.5440645606785
-59.0179761702627,83.5748022655965
-59.0179761702627,83.6055399705146
-59.0179761702627,83.6362776754326
-59.0179761702627,83.6670153803506
-59.0179761702627,83.6977530852686
-59.0179761702627,83.7284907901867
-59.0179761702627,83.7592284951047
-59.0179761702627,83.7899662000227
-59.0179761702627,83.8207039049407
-59.0179761702627,83.8514416098588
-59.0179761702627,83.8821793147768
-59.0179761702627,83.9129170196948
-59.0179761702627,83.9436547246128
-59.0179761702627,83.9743924295309
-59.0179761702627,84.0051301344489
-59.0179761702627,84.0358678393669
-59.0179761702627,84.0666055442849
-59.0179761702627,84.097343249203
-59.0179761702627,84.128080954121
-59.0179761702627,84.158818659039
-59.0179761702627,84.189556363957
-59.0179761702627,84.220294068875
-59.0179761702627,84.2510317737931
-59.0179761702627,84.2817694787111
-59.0179761702627,84.3125071836291
-59.0179761702627,84.3432448885471
-59.0179761702627,84.3739825934652
-59.0179761702627,84.4047202983832
-59.0179761702627,84.4354580033012
-59.0179761702627,84.4661957082192
-59.0179761702627,84.4969334131373
-59.0179761702627,84.5276711180553
-59.0179761702627,84.5584088229733
-59.0179761702627,84.5891465278913
-59.0179761702627,84.6198842328094
-59.0179761702627,84.6506219377274
-59.0179761702627,84.6813596426454
-59.0179761702627,84.7120973475634
-59.0179761702627,84.7428350524815
-59.0179761702627,84.7735727573995
-59.0179761702627,84.8043104623175
-59.0179761702627,84.8350481672355
-59.0179761702627,84.8657858721536
-59.0179761702627,84.8965235770716
-59.0179761702627,84.9272612819896
-59.0179761702627,84.9579989869076
-59.0179761702627,84.9887366918257
-59.0179761702627,85.0194743967437
-59.0179761702627,85.0502121016617
-59.0179761702627,85.0809498065797
-59.0179761702627,85.1116875114978
-59.0179761702627,85.1424252164158
-59.0179761702627,85.1731629213338
-59.0179761702627,85.2039006262518
-59.0179761702627,85.2346383311699
-59.0179761702627,85.2653760360879
-59.0179761702627,85.2961137410059
-59.0179761702627,85.3268514459239
-59.0179761702627,85.357589150842
-59.0179761702627,85.38832685576
-59.0179761702627,85.419064560678
-59.0179761702627,85.449802265596
-59.0179761702627,85.4805399705141
-59.0179761702627,85.5112776754321
-59.0179761702627,85.5420153803501
-59.0179761702627,85.5727530852681
-59.0179761702627,85.6034907901862
-59.0179761702627,85.6342284951042
-59.0179761702627,85.6649662000222
-59.0179761702627,85.6957039049402
-59.0179761702627,85.7264416098583
-59.0179761702627,85.7571793147763
-59.0179761702627,85.7879170196943
-59.0179761702627,85.8186547246123
-59.0179761702627,85.8493924295304
-59.0179761702627,85.8801301344484
-59.0179761702627,85.9108678393664
-59.0179761702627,85.9416055442844
-59.0179761702627,85.9723432492025
-59.0179761702627,86.0030809541205
-59.0179761702627,86.0338186590385
-59.0179761702627,86.0645563639565
-59.0179761702627,86.0952940688746
-59.0179761702627,86.1260317737926
-59.0179761702627,86.1567694787106
-59.0179761702627,86.1875071836286
-59.0179761702627,86.2182448885466
-59.0179761702627,86.2489825934647
-59.0179761702627,86.2797202983827
-59.0179761702627,86.3104580033007
-59.0179761702627,86.3411957082187
-59.0179761702627,86.3719334131368
-59.0179761702627,86.4026711180548
-59.0179761702627,86.4334088229728
-59.0179761702627,86.4641465278908
-59.0179761702627,86.4948842328089
-59.0179761702627,86.5256219377269
-59.0179761702627,86.5563596426449
-59.0179761702627,86.5870973475629
-59.0179761702627,86.617835052481
-59.0179761702627,86.648572757399
-59.0179761702627,86.679310462317
-59.0179761702627,86.710048167235
-59.0179761702627,86.7407858721531
-59.0179761702627,86.7715235770711
-59.0179761702627,86.8022612819891
-59.0179761702627,86.8329989869071
-59.0179761702627,86.8637366918252
-59.0179761702627,86.8944743967432
-59.0179761702627,86.9252121016612
-59.0179761702627,86.9559498065792
-59.0179761702627,86.9866875114973
-59.0179761702627,87.0174252164153
-59.0179761702627,87.0481629213333
-59.0179761702627,87.0789006262513
-59.0179761702627,87.1096383311694
-59.0179761702627,87.1403760360874
-59.0179761702627,87.1711137410054
-59.0179761702627,87.2018514459234
-59.0179761702627,87.2325891508415
-59.0179761702627,87.2633268557595
-59.0179761702627,87.2940645606775
-59.0179761702627,87.3248022655955
-59.0179761702627,87.3555399705136
-59.0179761702627,87.3862776754316
-59.0179761702627,87.4170153803496
-59.0179761702627,87.4477530852676
-59.0179761702627,87.4784907901857
-59.0179761702627,87.5092284951037
-59.0179761702627,87.5399662000217
-59.0179761702627,87.5707039049397
-59.0179761702627,87.6014416098578
-59.0179761702627,87.6321793147758
-59.0179761702627,87.6629170196938
-59.0179761702627,87.6936547246118
-59.0179761702627,87.7243924295299
-59.0179761702627,87.7551301344479
-59.0179761702627,87.7858678393659
-59.0179761702627,87.8166055442839
-59.0179761702627,87.847343249202
-59.0179761702627,87.87808095412
-59.0179761702627,87.908818659038
-59.0179761702627,87.939556363956
-59.0179761702627,87.9702940688741
-59.0179761702627,88.0010317737921
-59.0179761702627,88.0317694787101
-59.0179761702627,88.0625071836281
-59.0179761702627,88.0932448885462
-59.0179761702627,88.1239825934642
-59.0179761702627,88.1547202983822
-59.0179761702627,88.1854580033002
-59.0179761702627,88.2161957082183
-59.0179761702627,88.2469334131363
-59.0179761702627,88.2776711180543
-59.0179761702627,88.3084088229723
-59.0179761702627,88.3391465278903
-59.0179761702627,88.3698842328084
-59.0179761702627,88.4006219377264
-59.0179761702627,88.4313596426444
-59.0179761702627,88.4620973475624
-59.0179761702627,88.4928350524805
-59.0179761702627,88.5235727573985
-59.0179761702627,88.5543104623165
-59.0179761702627,88.5850481672345
-59.0179761702627,88.6157858721526
-59.0179761702627,88.6465235770706
-59.0179761702627,88.6772612819886
-59.0179761702627,88.7079989869066
-59.0179761702627,88.7387366918247
-59.0179761702627,88.7694743967427
-59.0179761702627,88.8002121016607
-59.0179761702627,88.8309498065787
-59.0179761702627,88.8616875114968
-59.0179761702627,88.8924252164148
-59.0179761702627,88.9231629213328
-59.0179761702627,88.9539006262508
-59.0179761702627,88.9846383311689
-59.0179761702627,89.0153760360869
-59.0179761702627,89.0461137410049
-59.0179761702627,89.0768514459229
-59.0179761702627,89.107589150841
-59.0179761702627,89.138326855759
-59.0179761702627,89.169064560677
-59.0179761702627,89.199802265595
-59.0179761702627,89.2305399705131
-59.0179761702627,89.2612776754311
-59.0179761702627,89.2920153803491
-59.0179761702627,89.3227530852671
-59.0179761702627,89.3534907901852
-59.0179761702627,89.3842284951032
-59.0179761702627,89.4149662000212
-59.0179761702627,89.4457039049392
-59.0179761702627,89.4764416098573
-59.0179761702627,89.5071793147753
-59.0179761702627,89.5379170196933
-59.0179761702627,89.5686547246113
-59.0179761702627,89.5993924295294
-59.0179761702627,89.6301301344474
-59.0179761702627,89.6608678393654
-59.0179761702627,89.6916055442834
-59.0179761702627,89.7223432492015
-59.0179761702627,89.7530809541195
-59.0179761702627,89.7838186590375
-59.0179761702627,89.8145563639555
-59.0179761702627,89.8452940688736
-59.0179761702627,89.8760317737916
-59.0179761702627,89.9067694787096
-59.0179761702627,89.9375071836276
-59.0179761702627,89.9682448885457
-59.0179761702627,89.9989825934637
-59.0179761702627,90.0297202983817
-59.0179761702627,90.0604580032997
-59.0179761702627,90.0911957082178
-59.0179761702627,90.1219334131358
-59.0179761702627,90.1526711180538
-59.0179761702627,90.1834088229718
-59.0179761702627,90.2141465278899
-59.0179761702627,90.2448842328079
-59.0179761702627,90.2756219377259
-59.0179761702627,90.3063596426439
-59.0179761702627,90.337097347562
-59.0179761702627,90.36783505248
-59.0179761702627,90.398572757398
-59.0179761702627,90.429310462316
-59.0179761702627,90.460048167234
-59.0179761702627,90.4907858721521
-59.0179761702627,90.5215235770701
-59.0179761702627,90.5522612819881
-59.0179761702627,90.5829989869061
-59.0179761702627,90.6137366918242
-59.0179761702627,90.6444743967422
-59.0179761702627,90.6752121016602
-59.0179761702627,90.7059498065782
-59.0179761702627,90.7366875114963
-59.0179761702627,90.7674252164143
-59.0179761702627,90.7981629213323
-59.0179761702627,90.8289006262503
-59.0179761702627,90.8596383311684
-59.0179761702627,90.8903760360864
-59.0179761702627,90.9211137410044
-59.0179761702627,90.9518514459224
-59.0179761702627,90.9825891508405
-59.0179761702627,91.0133268557585
-59.0179761702627,91.0440645606765
-59.0179761702627,91.0748022655945
-59.0179761702627,91.1055399705126
-59.0179761702627,91.1362776754306
-59.0179761702627,91.1670153803486
-59.0179761702627,91.1977530852666
-59.0179761702627,91.2284907901847
-59.0179761702627,91.2592284951027
-59.0179761702627,91.2899662000207
-59.0179761702627,91.3207039049387
-59.0179761702627,91.3514416098568
-59.0179761702627,91.3821793147748
-59.0179761702627,91.4129170196928
-59.0179761702627,91.4436547246108
-59.0179761702627,91.4743924295289
-59.0179761702627,91.5051301344469
-59.0179761702627,91.5358678393649
-59.0179761702627,91.5666055442829
-59.0179761702627,91.597343249201
-59.0179761702627,91.628080954119
-59.0179761702627,91.658818659037
-59.0179761702627,91.689556363955
-59.0179761702627,91.7202940688731
-59.0179761702627,91.7510317737911
-59.0179761702627,91.7817694787091
-59.0179761702627,91.8125071836271
-59.0179761702627,91.8432448885452
-59.0179761702627,91.8739825934632
-59.0179761702627,91.9047202983812
-59.0179761702627,91.9354580032992
-59.0179761702627,91.9661957082173
-59.0179761702627,91.9969334131353
-59.0179761702627,92.0276711180533
-59.0179761702627,92.0584088229713
-59.0179761702627,92.0891465278894
-59.0179761702627,92.1198842328074
-59.0179761702627,92.1506219377254
-59.0179761702627,92.1813596426434
-59.0179761702627,92.2120973475615
-59.0179761702627,92.2428350524795
-59.0179761702627,92.2735727573975
-59.0179761702627,92.3043104623155
-59.0179761702627,92.3350481672336
-59.0179761702627,92.3657858721516
-59.0179761702627,92.3965235770696
-59.0179761702627,92.4272612819876
-59.0179761702627,92.4579989869057
-59.0179761702627,92.4887366918237
-59.0179761702627,92.5194743967417
-59.0179761702627,92.5502121016597
-59.0179761702627,92.5809498065777
-59.0179761702627,92.6116875114958
-59.0179761702627,92.6424252164138
-59.0179761702627,92.6731629213318
-59.0179761702627,92.7039006262498
-59.0179761702627,92.7346383311679
-59.0179761702627,92.7653760360859
-59.0179761702627,92.7961137410039
-59.0179761702627,92.8268514459219
-59.0179761702627,92.85758915084
-59.0179761702627,92.888326855758
-59.0179761702627,92.919064560676
-59.0179761702627,92.949802265594
-59.0179761702627,92.9805399705121
-59.0179761702627,93.0112776754301
-59.0179761702627,93.0420153803481
-59.0179761702627,93.0727530852661
-59.0179761702627,93.1034907901842
-59.0179761702627,93.1342284951022
-59.0179761702627,93.1649662000202
-59.0179761702627,93.1957039049382
-59.0179761702627,93.2264416098563
-59.0179761702627,93.2571793147743
-59.0179761702627,93.2879170196923
-59.0179761702627,93.3186547246103
-59.0179761702627,93.3493924295284
-59.0179761702627,93.3801301344464
-59.0179761702627,93.4108678393644
-59.0179761702627,93.4416055442824
-59.0179761702627,93.4723432492005
-59.0179761702627,93.5030809541185
-59.0179761702627,93.5338186590365
-59.0179761702627,93.5645563639545
-59.0179761702627,93.5952940688726
-59.0179761702627,93.6260317737906
-59.0179761702627,93.6567694787086
-59.0179761702627,93.6875071836266
-59.0179761702627,93.7182448885447
-59.0179761702627,93.7489825934627
-59.0179761702627,93.7797202983807
-59.0179761702627,93.8104580032987
-59.0179761702627,93.8411957082168
-59.0179761702627,93.8719334131348
-59.0179761702627,93.9026711180528
-59.0179761702627,93.9334088229708
-59.0179761702627,93.9641465278889
-59.0179761702627,93.9948842328069
-59.0179761702627,94.0256219377249
-59.0179761702627,94.0563596426429
-59.0179761702627,94.087097347561
-59.0179761702627,94.117835052479
-59.0179761702627,94.148572757397
-59.0179761702627,94.179310462315
-59.0179761702627,94.2100481672331
-59.0179761702627,94.2407858721511
-59.0179761702627,94.2715235770691
-59.0179761702627,94.3022612819871
-59.0179761702627,94.3329989869052
-59.0179761702627,94.3637366918232
-59.0179761702627,94.3944743967412
-59.0179761702627,94.4252121016592
-59.0179761702627,94.4559498065773
-59.0179761702627,94.4866875114953
-59.0179761702627,94.5174252164133
-59.0179761702627,94.5481629213313
-59.0179761702627,94.5789006262494
-59.0179761702627,94.6096383311674
-59.0179761702627,94.6403760360854
-59.0179761702627,94.6711137410034
-59.0179761702627,94.7018514459214
-59.0179761702627,94.7325891508395
-59.0179761702627,94.7633268557575
-59.0179761702627,94.7940645606755
-59.0179761702627,94.8248022655935
-59.0179761702627,94.8555399705116
-59.0179761702627,94.8862776754296
-59.0179761702627,94.9170153803476
-59.0179761702627,94.9477530852656
-59.0179761702627,94.9784907901837
-59.0179761702627,95.0092284951017
-59.0179761702627,95.0399662000197
-59.0179761702627,95.0707039049377
-59.0179761702627,95.1014416098558
-59.0179761702627,95.1321793147738
-59.0179761702627,95.1629170196918
-59.0179761702627,95.1936547246098
-59.0179761702627,95.2243924295279
-59.0179761702627,95.2551301344459
-59.0179761702627,95.2858678393639
-59.0179761702627,95.3166055442819
-59.0179761702627,95.3473432492
-59.0179761702627,95.378080954118
-59.0179761702627,95.408818659036
-59.0179761702627,95.439556363954
-59.0179761702627,95.4702940688721
-59.0179761702627,95.5010317737901
-59.0179761702627,95.5317694787081
-59.0179761702627,95.5625071836261
-59.0179761702627,95.5932448885442
-59.0179761702627,95.6239825934622
-59.0179761702627,95.6547202983802
-59.0179761702627,95.6854580032982
-59.0179761702627,95.7161957082163
-59.0179761702627,95.7469334131343
-59.0179761702627,95.7776711180523
-59.0179761702627,95.8084088229703
-59.0179761702627,95.8391465278884
-59.0179761702627,95.8698842328064
-59.0179761702627,95.9006219377244
-59.0179761702627,95.9313596426424
-59.0179761702627,95.9620973475605
-59.0179761702627,95.9928350524785
-59.0179761702627,96.0235727573965
-59.0179761702627,96.0543104623145
-59.0179761702627,96.0850481672326
-59.0179761702627,96.1157858721506
-59.0179761702627,96.1465235770686
-59.0179761702627,96.1772612819866
-59.0179761702627,96.2079989869047
-59.0179761702627,96.2387366918227
-59.0179761702627,96.2694743967407
-59.0179761702627,96.3002121016587
-59.0179761702627,96.3309498065768
-59.0179761702627,96.3616875114948
-59.0179761702627,96.3924252164128
-59.0179761702627,96.4231629213308
-59.0179761702627,96.4539006262489
-59.0179761702627,96.4846383311669
-59.0179761702627,96.5153760360849
-59.0179761702627,96.5461137410029
-59.0179761702627,96.576851445921
-59.0179761702627,96.607589150839
-59.0179761702627,96.638326855757
-59.0179761702627,96.669064560675
-59.0179761702627,96.699802265593
-59.0179761702627,96.7305399705111
-59.0179761702627,96.7612776754291
-59.0179761702627,96.7920153803471
-59.0179761702627,96.8227530852651
-59.0179761702627,96.8534907901832
-59.0179761702627,96.8842284951012
-59.0179761702627,96.9149662000192
-59.0179761702627,96.9457039049372
-59.0179761702627,96.9764416098553
-59.0179761702627,97.0071793147733
-59.0179761702627,97.0379170196913
-59.0179761702627,97.0686547246093
-59.0179761702627,97.0993924295274
-59.0179761702627,97.1301301344454
-59.0179761702627,97.1608678393634
-59.0179761702627,97.1916055442814
-59.0179761702627,97.2223432491995
-59.0179761702627,97.2530809541175
-59.0179761702627,97.2838186590355
-59.0179761702627,97.3145563639535
-59.0179761702627,97.3452940688716
-59.0179761702627,97.3760317737896
-59.0179761702627,97.4067694787076
-59.0179761702627,97.4375071836256
-59.0179761702627,97.4682448885437
-59.0179761702627,97.4989825934617
-59.0179761702627,97.5297202983797
-59.0179761702627,97.5604580032977
-59.0179761702627,97.5911957082158
-59.0179761702627,97.6219334131338
-59.0179761702627,97.6526711180518
-59.0179761702627,97.6834088229698
-59.0179761702627,97.7141465278879
-59.0179761702627,97.7448842328059
-59.0179761702627,97.7756219377239
-59.0179761702627,97.8063596426419
-59.0179761702627,97.83709734756
-59.0179761702627,97.867835052478
-59.0179761702627,97.898572757396
-59.0179761702627,97.929310462314
-59.0179761702627,97.9600481672321
-59.0179761702627,97.9907858721501
-59.0179761702627,98.0215235770681
-59.0179761702627,98.0522612819861
-59.0179761702627,98.0829989869042
-59.0179761702627,98.1137366918222
-59.0179761702627,98.1444743967402
-59.0179761702627,98.1752121016582
-59.0179761702627,98.2059498065763
-59.0179761702627,98.2366875114943
-59.0179761702627,98.2674252164123
-59.0179761702627,98.2981629213303
-59.0179761702627,98.3289006262484
-59.0179761702627,98.3596383311664
-59.0179761702627,98.3903760360844
-59.0179761702627,98.4211137410024
-59.0179761702627,98.4518514459205
-59.0179761702627,98.4825891508385
-59.0179761702627,98.5133268557565
-59.0179761702627,98.5440645606745
-59.0179761702627,98.5748022655926
-59.0179761702627,98.6055399705106
-59.0179761702627,98.6362776754286
-59.0179761702627,98.6670153803466
-59.0179761702627,98.6977530852647
-59.0179761702627,98.7284907901827
-59.0179761702627,98.7592284951007
-59.0179761702627,98.7899662000187
-59.0179761702627,98.8207039049367
-59.0179761702627,98.8514416098548
-59.0179761702627,98.8821793147728
-59.0179761702627,98.9129170196908
-59.0179761702627,98.9436547246088
-59.0179761702627,98.9743924295269
-59.0179761702627,99.0051301344449
-59.0179761702627,99.0358678393629
-59.0179761702627,99.0666055442809
-59.0179761702627,99.097343249199
-59.0179761702627,99.128080954117
-59.0179761702627,99.158818659035
-59.0179761702627,99.189556363953
-59.0179761702627,99.2202940688711
-59.0179761702627,99.2510317737891
-59.0179761702627,99.2817694787071
-59.0179761702627,99.3125071836251
-59.0179761702627,99.3432448885432
-59.0179761702627,99.3739825934612
-59.0179761702627,99.4047202983792
-59.0179761702627,99.4354580032972
-59.0179761702627,99.4661957082153
-59.0179761702627,99.4969334131333
-59.0179761702627,99.5276711180513
-59.0179761702627,99.5584088229693
-59.0179761702627,99.5891465278874
-59.0179761702627,99.6198842328054
-59.0179761702627,99.6506219377234
-59.0179761702627,99.6813596426414
-59.0179761702627,99.7120973475595
-59.0179761702627,99.7428350524775
-59.0179761702627,99.7735727573955
-59.0179761702627,99.8043104623135
-59.0179761702627,99.8350481672316
-59.0179761702627,99.8657858721496
-59.0179761702627,99.8965235770676
-59.0179761702627,99.9272612819856
-59.0179761702627,99.9579989869037
-59.0179761702627,99.9887366918217
