0,0
0,0.0307377049180251
0,0.0614754026437595
3.58135774377284e-29,0.0922130913628082
-7.25067213823663e-22,0.122950772671758
5.09255851733499e-21,0.153688446565004
-5.09532992842433e-20,0.184426112978787
-1.42672404708588e-19,0.215163773449685
1.12067229018665e-18,0.245901428534415
5.50996253443352e-18,0.276639079012891
2.82517129982427e-18,0.307376718515861
-4.51815470388744e-17,0.338114341191845
-1.69331353256956e-16,0.368851964964114
-2.35872005311237e-16,0.399589602003191
2.59584458837417e-16,0.430327222540326
2.06464266792606e-15,0.461064830912025
5.132749802686e-15,0.491802440666461
6.56512154236624e-15,0.522540061530077
-1.10948764405126e-15,0.553277689500565
-2.80561968687344e-14,0.584015310467692
-7.78327095530211e-14,0.614752930533458
-1.29986205009859e-13,0.645490549112877
-1.21889100380774e-13,0.676228168067678
5.21830645782522e-14,0.706965789269746
5.00170017535411e-13,0.737703410776456
1.23229396295286e-12,0.768441017309836
2.01386796309339e-12,0.799178624280918
2.23226583641484e-12,0.829916222802033
8.9339835715392e-13,0.860653799477639
-3.11086505458551e-12,0.891391359179006
-1.03641493712217e-11,0.922128918676267
-1.99534464218699e-11,0.952866473259043
-2.84307837427723e-11,0.983604001919637
-2.92411760174715e-11,1.0143415284045
-1.33379969553014e-11,1.04507907809491
2.83273786582842e-11,1.0758166395489
1.0014387437428e-10,1.10655420244413
1.95503740558872e-10,1.13729177033404
2.90394426030796e-10,1.16802932757096
3.39667020607859e-10,1.19876688139781
2.79472923899847e-10,1.22950444195491
3.91875540297165e-11,1.26024196929346
-4.35387020489054e-10,1.29097948502334
-1.14880337841627e-09,1.32171700727302
-2.01831769129242e-09,1.35245455148701
-2.84216966356877e-09,1.38319211665
-3.28807063416641e-09,1.41392970036608
-2.91759402376865e-09,1.44466730422991
-1.25949119956146e-09,1.47540492570211
2.06288854907154e-09,1.50614254611396
7.1579587683952e-09,1.53688016278213
1.3670870627126e-08,1.56761778210279
2.06099155722801e-08,1.59835539834615
2.6251882017942e-08,1.62909301434257
2.81904158535203e-08,1.65983062774732
2.35848833848449e-08,1.69056823564286
9.64420804258166e-09,1.72130583573624
-1.56601902535234e-08,1.75204343603188
-5.27132402700662e-08,1.78278103792949
-9.93306073502722e-08,1.81351864323764
-1.49972577045418e-07,1.84425625334463
-1.95325661371466e-07,1.87499386033352
-2.22494039418731e-07,1.9057314638305
-2.16014432171148e-07,1.93646906213751
-1.59828506863208e-07,1.9672066551238
-4.02160378044427e-08,1.99794424752217
1.50482351308302e-07,2.02868184268158
4.09724024816177e-07,2.05941944302159
7.20774669130158e-07,2.09015704677036
1.04960458152962e-06,2.12089464630846
1.34349845021021e-06,2.15163224468665
1.53219533886756e-06,2.18236984600783
1.53223203416488e-06,2.21310744656139
1.25487271970213e-06,2.24384504213975
6.17579980384451e-07,2.2745826370469
-4.41553767845606e-07,2.30532022383166
-1.94758532689107e-06,2.3360578024316
-3.87246546173321e-06,2.36679537514189
-6.12101372777156e-06,2.3975329437686
-8.52175436804322e-06,2.42827050950501
-1.08254015171219e-05,2.45900807356756
-1.27136727878356e-05,2.4897456370451
-1.38206844912799e-05,2.52048320048811
-1.37683573082507e-05,2.55122076452629
-1.22160086340775e-05,2.58195832972154
-8.92280354918585e-06,2.61269589315616
-3.82022175195435e-06,2.64343345182133
2.9100155353683e-06,2.67417100545242
1.0759514734313e-05,2.70490855472424
1.8825902361224e-05,2.73564610134888
2.57526277999308e-05,2.76638364835018
2.96522459834365e-05,2.79712119908072
2.79768582285917e-05,2.82785875229898
1.73108743260382e-05,2.85859630887373
-6.91562646436845e-06,2.88933386125341
-5.07796095723155e-05,2.92007140800431
-0.000122270416933697,2.95080896097008
-0.000231725141291884,2.98154652191792
-0.000392247616405006,3.01228407843055
-0.000620103427034417,3.04302162600799
-0.000935306371504007,3.07375719329369
-0.00136254351209294,3.10449074360459
-0.00193250893090187,3.13522261428589
-0.0026835868578634,3.1659532603721
-0.00366377875166613,3.19668340136187
-0.00493300423092481,3.22741239754877
-0.00656561191091192,3.25814062025263
-0.00865325076636523,3.28886859681695
-0.0113083074520489,3.31959684334279
-0.0146680924750421,3.35032581310935
-0.0188997284694614,3.3810557161244
-0.0242055423155872,3.41178668397277
-0.0308289257294869,3.4425191701108
-0.0390618523243989,3.47325289716375
-0.0492516796393615,3.50398811111531
-0.0618060160227873,3.53472396596584
-0.0771908944087649,3.56546088834342
-0.0959247554643918,3.59619835520026
-0.11856913940835,3.62693582808468
-0.145716884871361,3.65767331125133
-0.177979722328199,3.68841078809269
-0.215975424130008,3.71914824369199
-0.260314299639093,3.74988569457562
-0.311584802960522,3.78062316312569
-0.370338624022415,3.81136064866373
-0.437076852004024,3.84209812466577
-0.512239292120089,3.87283559569759
-0.596199008757084,3.90357307254403
-0.68926242756152,3.93431056154827
-0.791674071549981,3.96504804610525
-0.903623710551137,3.99578553053387
-1.02525434682922,4.02652302039694
-1.15667007107771,4.0572605051574
-1.29794282129058,4.08799798760802
-1.44911822254539,4.11873546203486
-1.61022031446672,4.14947292927478
-1.78125545579395,4.18021038898855
-1.96221539073815,4.21094784516035
-2.15307955414402,4.241685301936
-2.35381654168376,4.27242276155332
-2.56438468127226,4.30316022203492
-2.78473188304046,4.33389767575992
-3.0147948730697,4.36463512386416
-3.2544987147634,4.39537256866819
-3.5037574467486,4.42611001205774
-3.76247627690068,4.45684745587705
-4.03055495055403,4.48758490275173
-4.30789122203968,4.51832235548671
-4.59438343203678,4.54905981231057
-4.88993187023269,4.57979726473649
-5.1944388154411,4.61053471036636
-5.50780782549671,4.64127214847734
-5.82994249273829,4.67200958036168
-6.16074495258007,4.70274700751252
-6.50011438340559,4.73348443163919
-6.84794541813207,4.76422185468009
-7.20412734591272,4.79495925832193
-7.56854277640396,4.82569663998274
-7.94106621479699,4.85643399889479
-8.32156238252035,4.88717133435471
-8.70988451444229,4.91790864563616
-9.10587321714405,4.94864593194664
-9.50935639830699,4.97938319238654
-9.92015039263043,5.01012042591488
-10.3380621860469,5.04085763132335
-10.7628924705689,5.07159480721759
-11.1944390371122,5.1023319516266
-11.6325000385439,5.13306906171695
-12.0768766844151,5.16380613527813
-12.5273751903352,5.19454316985214
-12.983808062379,5.22528016271397
-13.4459949871241,5.25601711084901
-13.9137633988894,5.28675401093045
-14.3869490811245,5.31749085930149
-14.8653970123746,5.34822765196747
-15.3489613248155,5.37896438459951
-15.8375040320169,5.4097010525474
-16.3308932128824,5.44043765085682
-16.829001413189,5.47117417428774
-17.3317040212186,5.50191061733551
-17.8388774375516,5.53264697426056
-18.3503971462778,5.56338323913469
-18.8661355415955,5.59411940591259
-19.3859597724374,5.62485546853904
-19.9097297759717,5.65559141619008
-20.4372960290652,5.68632724051793
-20.9684971524068,5.71706293392
-21.5031570165659,5.74779848910913
-22.0410803560188,5.77853389941981
-22.5820464710133,5.80926915911987
-23.1258007930276,5.84000425541203
-23.6720451873001,5.87073917380842
-24.2204270744018,5.90147390770539
-24.770529418498,5.93220845161447
-25.3218629684728,5.96294280096365
-25.873861138522,5.99367693148002
-26.4258753740975,6.02441083144977
-26.9771705552753,6.05514449122246
-27.5269191667392,6.08587790082413
-28.0742021706421,6.11661104991612
-28.6180324898564,6.1473439246126
-29.1573997455324,6.17807649500353
-29.6913121679924,6.20880873953347
-30.2188263460906,6.2395406351302
-30.7390602158818,6.27027210782612
-31.2512005385562,6.30100309093496
-31.7545155443755,6.33173351936181
-32.2483688127913,6.36246333084857
-32.73223203169,6.39319247550792
-33.2056976307489,6.42392092761385
-33.6684814864614,6.45464869672156
-34.1204154144511,6.48537580723297
-34.561427137904,6.51610209352993
-34.9914901877506,6.5468275922053
-35.4105927148642,6.57755233154273
-35.8187150444277,6.60827639025639
-36.2158255886557,6.6389995182727
-36.6018735163802,6.66972176932933
-36.9768092925153,6.70044315100862
-37.3406252343501,6.73116354595765
-37.6933479889177,6.7618831348654
-38.034994167164,6.79260213814866
-38.3655302606604,6.82332079790481
-38.6848625298319,6.85403906573028
-38.9928429795694,6.88475697401973
-39.2892909931481,6.9154747762137
-39.5740163863659,6.94619273462437
-39.8468344955057,6.97691111586182
-40.1076029636376,7.00763001547771
-40.3562788931274,7.0383492161521
-40.5929419228039,7.06906884581385
-40.8177877165121,7.09978901765747
-41.0311051785906,7.13050982181925
-41.2332502497631,7.16123132073489
-41.4246217727595,7.1919535512317
-41.6056413385357,7.22267652977182
-41.7767374425775,7.25340025735986
-41.9383337627985,7.28412472316847
-42.0908412612333,7.31484990720163
-42.2346537003808,7.34557578241609
-42.3701461119859,7.37630231653603
-42.4976756561725,7.40702947367072
-42.6175840660073,7.4377572156746
-42.730200721942,7.46848550329964
-42.83584552151,7.49921429807919
-42.9348311551103,7.52994356619726
-43.0274648214118,7.56067328302405
-43.114049593638,7.59140343545013
-43.1948855977632,7.62213402181635
-43.2702710520483,7.65286505094246
-43.340502931902,7.6835965405578
-43.405876738041,7.71432851379281
-43.4666849421384,7.74506099246466
-43.5232141945574,7.77579398892726
-43.5757418904807,7.80652750063217
-43.6245328687137,7.83726150942692
-43.6698368679467,7.86799598431433
-43.7118870962164,7.89873088551447
-43.7509000285103,7.92946616845185
-43.7870763554575,7.9602017871496
-43.8206028346611,7.99093769693273
-43.8516546542456,8.02167385641602
-43.8803978538521,8.05241022872148
-43.9069913814801,8.08314678193561
-43.9315884747777,8.11388348896879
-43.9543372205205,8.14462031908852
-43.9753804729743,8.17535719723446
-43.9948550952448,8.20609411339272
-44.0128909638762,8.23683106865375
-44.0296099664617,8.2675680619308
-44.0451251778432,8.29830509067818
-44.0595403302793,8.3290421516393
-44.0729496177257,8.35977924144624
-44.0854378190158,8.39051635702439
-44.0970806921339,8.4212534958346
-44.1079455775815,8.4519906559973
-44.1180921471099,8.48272783625174
-44.1275732367589,8.51346503543295
-44.136435723412,8.54420224234876
-44.1447213914812,8.57493944958031
-44.1524677577417,8.60567665950598
-44.1597088391254,8.6364138741614
-44.1664758494102,8.667151088241
-44.1727977956525,8.69788830336808
-44.1787019676198,8.72862551735943
-44.1842143021071,8.75936273282992
-44.1893596247208,8.79009995206607
-44.1941617773559,8.82083717234696
-44.1986436579498,8.85157437473235
-44.2028271806347,8.88231156174379
-44.2067332014036,8.91304873045392
-44.2103814288409,8.94378588176973
-44.213790343911,8.9745230177888
-44.2169771449842,9.00526013837287
-44.2199577243858,9.03599724645611
-44.2227466800498,9.06673434507523
-44.2253573595948,9.09747143730631
-44.2278019309237,9.12820852619631
-44.2300914749396,9.15894560659896
-44.232236089468,9.18968267991214
-44.2342449994325,9.22041974918318
-44.2361266668618,9.25115681740707
-44.2378888954111,9.28189388745793
-44.2395389255952,9.31263096066732
-44.2410835185081,9.34336803516458
-44.2425290253102,9.37410511358204
-44.2438814429777,9.40484219830781
-44.245146455944,9.43557929147726
-44.246329466911,9.46631638220188
-44.2474356153642,9.49705347247339
-44.2484697882539,9.52779056488146
-44.2494366247462,9.55852766179571
-44.2503405173974,9.58926476536082
-44.2511856119081,9.62000187749917
-44.2519758072228,9.65073899991882
-44.2527147572634,9.68147613412479
-44.2534058750743,9.71221328143193
-44.2540523396884,9.74295044297828
-44.2546571056238,9.77368761973801
-44.2552229146377,9.80442481253359
-44.2557523091823,9.83516202204721
-44.2562476469354,9.86589924883142
-44.2567111157784,9.89663649331919
-44.2571447486597,9.92737375583353
-44.2575504378652,9.95811103659672
-44.2579299483186,9.98884833573914
-44.2582849295722,10.0195856523732
-44.2586169267982,10.0503229750151
-44.2589273899159,10.0810603047392
-44.2592176815004,10.1117976425065
-44.2594890834187,10.1425349891735
-44.2597428023624,10.1732723455006
-44.2599799744771,10.204009712159
-44.2602016692978,10.234747089736
-44.2604088931795,10.2654844787383
-44.2606025923868,10.2962218795941
-44.2607836559615,10.3269592926531
-44.2609529184467,10.3576967181869
-44.2611111625099,10.3884341563878
-44.2612591214808,10.4191716073683
-44.2613974817993,10.4499090711615
-44.2615268853666,10.4806465477218
-44.2616479317852,10.5113840369276
-44.2617611804838,10.5421215378194
-44.2618671527754,10.5728590457596
-44.2619663337733,10.6035965607063
-44.2620591742516,10.6343340825837
-44.2621460924528,10.6650716112892
-44.2622274758655,10.6958091466992
-44.2623036829925,10.7265466886754
-44.2623750451222,10.7572842370691
-44.2624418681128,10.7880217917256
-44.2625044342123,10.8187593498315
-44.2625630038793,10.8494969111656
-44.2626178176173,10.8802344761196
-44.2626690978037,10.9109720450186
-44.2627170504955,10.9417096181274
-44.2627618671862,10.9724471956563
-44.2628037264916,11.0031847777663
-44.2628427957377,11.0339223645744
-44.2628792324265,11.0646599561578
-44.2629131855583,11.0953975525585
-44.2629447967912,11.1261351537873
-44.2629742014272,11.1568727598272
-44.2630015292151,11.1876103706369
-44.2630269049716,11.2183479861535
-44.263050449026,11.2490856062953
-44.2630722774989,11.2798232309641
-44.2630925024334,11.3105608600466
-44.2631112317989,11.3412984934168
-44.2631285693914,11.3720361309368
-44.263144614657,11.402773772459
-44.2631594624646,11.4335114173766
-44.263173202854,11.464249065099
-44.2631859207863,11.4949867146787
-44.2631976959172,11.5257243661889
-44.2632086024166,11.5564620197133
-44.2632187088531,11.5871996753048
-44.2632280781531,11.617937334385
-44.2632367676527,11.6486749956483
-44.2632448292382,11.6794126590382
-44.2632523095808,11.7101503244907
-44.2632592504571,11.7408879919364
-44.2632656891439,11.7716256613029
-44.2632716588735,11.8023633325168
-44.2632771893294,11.8331010055049
-44.2632823071608,11.8638386801964
-44.263287036497,11.8945763565234
-44.2632913994383,11.9253140344219
-44.2632954165082,11.9560517138322
-44.2632991070505,11.9867893946983
-44.2633024895616,12.0175270769652
-44.2633055819523,12.0482647605867
-44.2633084017367,12.0790024455194
-44.2633109661513,12.1097401317225
-44.2633132922104,12.1404778191562
-44.2633153967062,12.1712155077814
-44.2633172961631,12.201953197559
-44.2633190067611,12.2326908884487
-44.2633205442353,12.2634285804091
-44.2633219237679,12.2941662733966
-44.2633231598779,12.3249039673658
-44.2633242663219,12.3556416622689
-44.2633252560086,12.3863793580561
-44.2633261409345,12.4171170546758
-44.2633269321427,12.4478547520753
-44.2633276397048,12.4785924502006
-44.2633282727271,12.5093301489977
-44.2633288393773,12.5400678484131
-44.2633293469292,12.5708055483939
-44.263329801822,12.6015432488892
-44.2633302097298,12.63228094985
-44.2633305756371,12.6630186512301
-44.263330903917,12.6937563529861
-44.2633311984083,12.724494055078
-44.2633314624891,12.7552317574692
-44.263331699144,12.7859694601267
-44.2633319110251,12.8167071630207
-44.2633321005039,12.8474448661248
-44.2633322697155,12.878182569416
-44.2633324205949,12.9089202728738
-44.2633325549055,12.9396579764806
-44.2633326742615,12.970395680221
-44.2633327801446,13.0011333840816
-44.2633328739168,13.0318710880507
-44.2633329568291,13.0626087921181
-44.2633330300292,13.0933464962747
-44.263333094566,13.1240842005124
-44.2633331513951,13.1548219048239
-44.2633332013832,13.1855596092025
-44.2633332453119,13.216297313642
-44.2633332838834,13.2470350181367
-44.263333317725,13.2777727226813
-44.263333347395,13.3085104272707
-44.2633333733882,13.3392481319004
-44.2633333961421,13.369985836566
-44.2633334160421,13.4007235412634
-44.263333433428,13.431461245989
-44.2633334485989,13.4621989507394
-44.263333461818,13.4929366555115
-44.2633334733177,13.5236743603027
-44.2633334833032,13.5544120651104
-44.2633334919562,13.5851497699326
-44.2633334994377,13.6158874747674
-44.263333505891,13.6466251796131
-44.2633335114433,13.6773628844685
-44.2633335162079,13.7081005893322
-44.2633335202856,13.7388382942032
-44.2633335237661,13.7695759990807
-44.2633335267289,13.8003137039639
-44.2633335292443,13.8310514088521
-44.2633335313744,13.8617891137448
-44.2633335331739,13.8925268186413
-44.2633335346906,13.9232645235413
-44.2633335359662,13.9540022284443
-44.2633335370371,13.9847399333499
-44.2633335379347,14.0154776382569
-44.2633335386859,14.0462153431647
-44.2633335393141,14.0769530480735
-44.2633335398392,14.1076907529831
-44.263333540278,14.1384284578935
-44.2633335406451,14.1691661628047
-44.2633335409527,14.1999038677164
-44.263333541211,14.2306415726285
-44.2633335414288,14.2613792775412
-44.2633335416132,14.2921169824542
-44.2633335417706,14.3228546873676
-44.2633335419058,14.3535923922815
-44.263333542023,14.3843300971956
-44.2633335421259,14.4150678021099
-44.2633335422172,14.4458055070243
-44.2633335422993,14.4765432119389
-44.2633335423741,14.5072809168538
-44.2633335424432,14.5380186217689
-44.2633335425078,14.5687563266842
-44.2633335425689,14.5994940315995
-44.2633335426274,14.6302317365147
-44.2633335426838,14.66096944143
-44.2633335427387,14.6917071463453
-44.2633335427925,14.7224448512608
-44.2633335428453,14.7531825561764
-44.2633335428975,14.7839202610922
-44.2633335429491,14.8146579660081
-44.2633335430002,14.8453956709243
-44.2633335430507,14.8761333758406
-44.2633335431007,14.9068710807572
-44.2633335431502,14.9376087856739
-44.2633335431989,14.9683464905909
-44.2633335432468,14.999084195508
-44.2633335432937,15.0298219004253
-44.2633335433397,15.0605596053427
-44.2633335433845,15.0912973102603
-44.2633335434281,15.122035015178
-44.2633335434704,15.1527727200956
-44.2633335435113,15.1835104250133
-44.2633335435507,15.2142481299311
-44.2633335435887,15.2449858348488
-44.2633335436251,15.2757235397666
-44.2633335436601,15.3064612446844
-44.2633335436935,15.3371989496023
-44.2633335437254,15.3679366545201
-44.2633335437559,15.3986743594379
-44.2633335437849,15.4294120643558
-44.2633335438125,15.4601497692737
-44.2633335438387,15.4908874741916
-44.2633335438636,15.5216251791095
-44.2633335438872,15.5523628840274
-44.2633335439095,15.5831005889454
-44.2633335439306,15.6138382938633
-44.2633335439505,15.6445759987813
-44.2633335439693,15.6753137036992
-44.263333543987,15.7060514086172
-44.2633335440036,15.7367891135351
-44.2633335440191,15.7675268184531
-44.2633335440337,15.798264523371
-44.2633335440474,15.829002228289
-44.2633335440601,15.8597399332069
-44.263333544072,15.8904776381249
-44.2633335440831,15.9212153430429
-44.2633335440934,15.9519530479609
-44.263333544103,15.9826907528788
-44.2633335441119,16.0134284577968
-44.2633335441202,16.0441661627148
-44.2633335441279,16.0749038676328
-44.263333544135,16.1056415725507
-44.2633335441416,16.1363792774687
-44.2633335441478,16.1671169823867
-44.2633335441534,16.1978546873047
-44.2633335441587,16.2285923922227
-44.2633335441635,16.2593300971407
-44.263333544168,16.2900678020587
-44.2633335441721,16.3208055069767
-44.263333544176,16.3515432118947
-44.2633335441795,16.3822809168127
-44.2633335441827,16.4130186217307
-44.2633335441857,16.4437563266487
-44.2633335441884,16.4744940315667
-44.2633335441909,16.5052317364847
-44.2633335441932,16.5359694414027
-44.2633335441953,16.5667071463207
-44.2633335441973,16.5974448512387
-44.2633335441991,16.6281825561567
-44.2633335442007,16.6589202610748
-44.2633335442022,16.6896579659928
-44.2633335442035,16.7203956709108
-44.2633335442048,16.7511333758288
-44.2633335442059,16.7818710807468
-44.263333544207,16.8126087856648
-44.2633335442079,16.8433464905828
-44.2633335442088,16.8740841955009
-44.2633335442096,16.9048219004189
-44.2633335442103,16.9355596053369
-44.263333544211,16.9662973102549
-44.2633335442116,16.9970350151729
-44.2633335442122,17.027772720091
-44.2633335442127,17.058510425009
-44.2633335442131,17.089248129927
-44.2633335442135,17.119985834845
-44.2633335442139,17.150723539763
-44.2633335442143,17.1814612446811
-44.2633335442146,17.2121989495991
-44.2633335442149,17.2429366545171
-44.2633335442151,17.2736743594351
-44.2633335442154,17.3044120643532
-44.2633335442156,17.3351497692712
-44.2633335442158,17.3658874741892
-44.263333544216,17.3966251791072
-44.2633335442161,17.4273628840253
-44.2633335442163,17.4581005889433
-44.2633335442164,17.4888382938613
-44.2633335442165,17.5195759987793
-44.2633335442166,17.5503137036974
-44.2633335442167,17.5810514086154
-44.2633335442168,17.6117891135334
-44.2633335442169,17.6425268184514
-44.263333544217,17.6732645233695
-44.2633335442171,17.7040022282875
-44.2633335442171,17.7347399332055
-44.2633335442172,17.7654776381235
-44.2633335442172,17.7962153430416
-44.2633335442173,17.8269530479596
-44.2633335442173,17.8576907528776
-44.2633335442174,17.8884284577956
-44.2633335442174,17.9191661627137
-44.2633335442174,17.9499038676317
-44.2633335442175,17.9806415725497
-44.2633335442175,18.0113792774677
-44.2633335442175,18.0421169823858
-44.2633335442175,18.0728546873038
-44.2633335442176,18.1035923922218
-44.2633335442176,18.1343300971398
-44.2633335442176,18.1650678020579
-44.2633335442176,18.1958055069759
-44.2633335442176,18.2265432118939
-44.2633335442176,18.2572809168119
-44.2633335442177,18.28801862173
-44.2633335442177,18.318756326648
-44.2633335442177,18.349494031566
-44.2633335442177,18.380231736484
-44.2633335442177,18.410969441402
-44.2633335442177,18.4417071463201
-44.2633335442177,18.4724448512381
-44.2633335442177,18.5031825561561
-44.2633335442177,18.5339202610741
-44.2633335442177,18.5646579659922
-44.2633335442177,18.5953956709102
-44.2633335442177,18.6261333758282
-44.2633335442177,18.6568710807462
-44.2633335442177,18.6876087856643
-44.2633335442177,18.7183464905823
-44.2633335442177,18.7490841955003
-44.2633335442177,18.7798219004183
-44.2633335442177,18.8105596053364
-44.2633335442177,18.8412973102544
-44.2633335442177,18.8720350151724
-44.2633335442177,18.9027727200904
-44.2633335442177,18.9335104250085
-44.2633335442177,18.9642481299265
-44.2633335442177,18.9949858348445
-44.2633335442177,19.0257235397625
-44.2633335442177,19.0564612446806
-44.2633335442177,19.0871989495986
-44.2633335442177,19.1179366545166
-44.2633335442177,19.1486743594346
-44.2633335442177,19.1794120643527
-44.2633335442177,19.2101497692707
-44.2633335442177,19.2408874741887
-44.2633335442177,19.2716251791067
-44.2633335442177,19.3023628840248
-44.2633335442177,19.3331005889428
-44.2633335442177,19.3638382938608
-44.2633335442177,19.3945759987788
-44.2633335442177,19.4253137036969
-44.2633335442177,19.4560514086149
-44.2633335442177,19.4867891135329
-44.2633335442177,19.5175268184509
-44.2633335442177,19.548264523369
-44.2633335442177,19.579002228287
-44.2633335442177,19.609739933205
-44.2633335442177,19.640477638123
-44.2633335442177,19.6712153430411
-44.2633335442177,19.7019530479591
-44.2633335442177,19.7326907528771
-44.2633335442177,19.7634284577951
-44.2633335442177,19.7941661627132
-44.2633335442177,19.8249038676312
-44.2633335442177,19.8556415725492
-44.2633335442177,19.8863792774672
-44.2633335442177,19.9171169823853
-44.2633335442177,19.9478546873033
-44.2633335442177,19.9785923922213
-44.2633335442177,20.0093300971393
-44.2633335442177,20.0400678020574
-44.2633335442177,20.0708055069754
-44.2633335442177,20.1015432118934
-44.2633335442177,20.1322809168114
-44.2633335442177,20.1630186217295
-44.2633335442177,20.1937563266475
-44.2633335442177,20.2244940315655
-44.2633335442177,20.2552317364835
-44.2633335442177,20.2859694414016
-44.2633335442177,20.3167071463196
-44.2633335442177,20.3474448512376
-44.2633335442177,20.3781825561556
-44.2633335442177,20.4089202610736
-44.2633335442177,20.4396579659917
-44.2633335442177,20.4703956709097
-44.2633335442177,20.5011333758277
-44.2633335442177,20.5318710807457
-44.2633335442177,20.5626087856638
-44.2633335442177,20.5933464905818
-44.2633335442177,20.6240841954998
-44.2633335442177,20.6548219004178
-44.2633335442177,20.6855596053359
-44.2633335442177,20.7162973102539
-44.2633335442177,20.7470350151719
-44.2633335442177,20.7777727200899
-44.2633335442177,20.808510425008
-44.2633335442177,20.839248129926
-44.2633335442177,20.869985834844
-44.2633335442177,20.900723539762
-44.2633335442177,20.9314612446801
-44.2633335442177,20.9621989495981
-44.2633335442177,20.9929366545161
-44.2633335442177,21.0236743594341
-44.2633335442177,21.0544120643522
-44.2633335442177,21.0851497692702
-44.2633335442177,21.1158874741882
-44.2633335442177,21.1466251791062
-44.2633335442177,21.1773628840243
-44.2633335442177,21.2081005889423
-44.2633335442177,21.2388382938603
-44.2633335442177,21.2695759987783
-44.2633335442177,21.3003137036964
-44.2633335442177,21.3310514086144
-44.2633335442177,21.3617891135324
-44.2633335442177,21.3925268184504
-44.2633335442177,21.4232645233685
-44.2633335442177,21.4540022282865
-44.2633335442177,21.4847399332045
-44.2633335442177,21.5154776381225
-44.2633335442177,21.5462153430406
-44.2633335442177,21.5769530479586
-44.2633335442177,21.6076907528766
-44.2633335442177,21.6384284577946
-44.2633335442177,21.6691661627127
-44.2633335442177,21.6999038676307
-44.2633335442177,21.7306415725487
-44.2633335442177,21.7613792774667
-44.2633335442177,21.7921169823848
-44.2633335442177,21.8228546873028
-44.2633335442177,21.8535923922208
-44.2633335442177,21.8843300971388
-44.2633335442177,21.9150678020569
-44.2633335442177,21.9458055069749
-44.2633335442177,21.9765432118929
-44.2633335442177,22.0072809168109
-44.2633335442177,22.038018621729
-44.2633335442177,22.068756326647
-44.2633335442177,22.099494031565
-44.2633335442177,22.130231736483
-44.2633335442177,22.1609694414011
-44.2633335442177,22.1917071463191
-44.2633335442177,22.2224448512371
-44.2633335442177,22.2531825561551
-44.2633335442177,22.2839202610732
-44.2633335442177,22.3146579659912
-44.2633335442177,22.3453956709092
-44.2633335442177,22.3761333758272
-44.2633335442177,22.4068710807453
-44.2633335442177,22.4376087856633
-44.2633335442177,22.4683464905813
-44.2633335442177,22.4990841954993
-44.2633335442177,22.5298219004173
-44.2633335442177,22.5605596053354
-44.2633335442177,22.5912973102534
-44.2633335442177,22.6220350151714
-44.2633335442177,22.6527727200894
-44.2633335442177,22.6835104250075
-44.2633335442177,22.7142481299255
-44.2633335442177,22.7449858348435
-44.2633335442177,22.7757235397615
-44.2633335442177,22.8064612446796
-44.2633335442177,22.8371989495976
-44.2633335442177,22.8679366545156
-44.2633335442177,22.8986743594336
-44.2633335442177,22.9294120643517
-44.2633335442177,22.9601497692697
-44.2633335442177,22.9908874741877
-44.2633335442177,23.0216251791057
-44.2633335442177,23.0523628840238
-44.2633335442177,23.0831005889418
-44.2633335442177,23.1138382938598
-44.2633335442177,23.1445759987778
-44.2633335442177,23.1753137036959
-44.2633335442177,23.2060514086139
-44.2633335442177,23.2367891135319
-44.2633335442177,23.2675268184499
-44.2633335442177,23.298264523368
-44.2633335442177,23.329002228286
-44.2633335442177,23.359739933204
-44.2633335442177,23.390477638122
-44.2633335442177,23.4212153430401
-44.2633335442177,23.4519530479581
-44.2633335442177,23.4826907528761
-44.2633335442177,23.5134284577941
-44.2633335442177,23.5441661627122
-44.2633335442177,23.5749038676302
-44.2633335442177,23.6056415725482
-44.2633335442177,23.6363792774662
-44.2633335442177,23.6671169823843
-44.2633335442177,23.6978546873023
-44.2633335442177,23.7285923922203
-44.2633335442177,23.7593300971383
-44.2633335442177,23.7900678020564
-44.2633335442177,23.8208055069744
-44.2633335442177,23.8515432118924
-44.2633335442177,23.8822809168104
-44.2633335442177,23.9130186217285
-44.2633335442177,23.9437563266465
-44.2633335442177,23.9744940315645
-44.2633335442177,24.0052317364825
-44.2633335442177,24.0359694414006
-44.2633335442177,24.0667071463186
-44.2633335442177,24.0974448512366
-44.2633335442177,24.1281825561546
-44.2633335442177,24.1589202610727
-44.2633335442177,24.1896579659907
-44.2633335442177,24.2203956709087
-44.2633335442177,24.2511333758267
-44.2633335442177,24.2818710807448
-44.2633335442177,24.3126087856628
-44.2633335442177,24.3433464905808
-44.2633335442177,24.3740841954988
-44.2633335442177,24.4048219004169
-44.2633335442177,24.4355596053349
-44.2633335442177,24.4662973102529
-44.2633335442177,24.4970350151709
-44.2633335442177,24.527772720089
-44.2633335442177,24.558510425007
-44.2633335442177,24.589248129925
-44.2633335442177,24.619985834843
-44.2633335442177,24.650723539761
-44.2633335442177,24.6814612446791
-44.2633335442177,24.7121989495971
-44.2633335442177,24.7429366545151
-44.2633335442177,24.7736743594331
-44.2633335442177,24.8044120643512
-44.2633335442177,24.8351497692692
-44.2633335442177,24.8658874741872
-44.2633335442177,24.8966251791052
-44.2633335442177,24.9273628840233
-44.2633335442177,24.9581005889413
-44.2633335442177,24.9888382938593
-44.2633335442177,25.0195759987773
-44.2633335442177,25.0503137036954
-44.2633335442177,25.0810514086134
-44.2633335442177,25.1117891135314
-44.2633335442177,25.1425268184494
-44.2633335442177,25.1732645233675
-44.2633335442177,25.2040022282855
-44.2633335442177,25.2347399332035
-44.2633335442177,25.2654776381215
-44.2633335442177,25.2962153430396
-44.2633335442177,25.3269530479576
-44.2633335442177,25.3576907528756
-44.2633335442177,25.3884284577936
-44.2633335442177,25.4191661627117
-44.2633335442177,25.4499038676297
-44.2633335442177,25.4806415725477
-44.2633335442177,25.5113792774657
-44.2633335442177,25.5421169823838
-44.2633335442177,25.5728546873018
-44.2633335442177,25.6035923922198
-44.2633335442177,25.6343300971378
-44.2633335442177,25.6650678020559
-44.2633335442177,25.6958055069739
-44.2633335442177,25.7265432118919
-44.2633335442177,25.7572809168099
-44.2633335442177,25.788018621728
-44.2633335442177,25.818756326646
-44.2633335442177,25.849494031564
-44.2633335442177,25.880231736482
-44.2633335442177,25.9109694414001
-44.2633335442177,25.9417071463181
-44.2633335442177,25.9724448512361
-44.2633335442177,26.0031825561541
-44.2633335442177,26.0339202610722
-44.2633335442177,26.0646579659902
-44.2633335442177,26.0953956709082
-44.2633335442177,26.1261333758262
-44.2633335442177,26.1568710807443
-44.2633335442177,26.1876087856623
-44.2633335442177,26.2183464905803
-44.2633335442177,26.2490841954983
-44.2633335442177,26.2798219004164
-44.2633335442177,26.3105596053344
-44.2633335442177,26.3412973102524
-44.2633335442177,26.3720350151704
-44.2633335442177,26.4027727200885
-44.2633335442177,26.4335104250065
-44.2633335442177,26.4642481299245
-44.2633335442177,26.4949858348425
-44.2633335442177,26.5257235397606
-44.2633335442177,26.5564612446786
-44.2633335442177,26.5871989495966
-44.2633335442177,26.6179366545146
-44.2633335442177,26.6486743594327
-44.2633335442177,26.6794120643507
-44.2633335442177,26.7101497692687
-44.2633335442177,26.7408874741867
-44.2633335442177,26.7716251791047
-44.2633335442177,26.8023628840228
-44.2633335442177,26.8331005889408
-44.2633335442177,26.8638382938588
-44.2633335442177,26.8945759987768
-44.2633335442177,26.9253137036949
-44.2633335442177,26.9560514086129
-44.2633335442177,26.9867891135309
-44.2633335442177,27.0175268184489
-44.2633335442177,27.048264523367
-44.2633335442177,27.079002228285
-44.2633335442177,27.109739933203
-44.2633335442177,27.140477638121
-44.2633335442177,27.1712153430391
-44.2633335442177,27.2019530479571
-44.2633335442177,27.2326907528751
-44.2633335442177,27.2634284577931
-44.2633335442177,27.2941661627112
-44.2633335442177,27.3249038676292
-44.2633335442177,27.3556415725472
-44.2633335442177,27.3863792774652
-44.2633335442177,27.4171169823833
-44.2633335442177,27.4478546873013
-44.2633335442177,27.4785923922193
-44.2633335442177,27.5093300971373
-44.2633335442177,27.5400678020554
-44.2633335442177,27.5708055069734
-44.2633335442177,27.6015432118914
-44.2633335442177,27.6322809168094
-44.2633335442177,27.6630186217275
-44.2633335442177,27.6937563266455
-44.2633335442177,27.7244940315635
-44.2633335442177,27.7552317364815
-44.2633335442177,27.7859694413996
-44.2633335442177,27.8167071463176
-44.2633335442177,27.8474448512356
-44.2633335442177,27.8781825561536
-44.2633335442177,27.9089202610717
-44.2633335442177,27.9396579659897
-44.2633335442177,27.9703956709077
-44.2633335442177,28.0011333758257
-44.2633335442177,28.0318710807438
-44.2633335442177,28.0626087856618
-44.2633335442177,28.0933464905798
-44.2633335442177,28.1240841954978
-44.2633335442177,28.1548219004159
-44.2633335442177,28.1855596053339
-44.2633335442177,28.2162973102519
-44.2633335442177,28.2470350151699
-44.2633335442177,28.277772720088
-44.2633335442177,28.308510425006
-44.2633335442177,28.339248129924
-44.2633335442177,28.369985834842
-44.2633335442177,28.4007235397601
-44.2633335442177,28.4314612446781
-44.2633335442177,28.4621989495961
-44.2633335442177,28.4929366545141
-44.2633335442177,28.5236743594322
-44.2633335442177,28.5544120643502
-44.2633335442177,28.5851497692682
-44.2633335442177,28.6158874741862
-44.2633335442177,28.6466251791043
-44.2633335442177,28.6773628840223
-44.2633335442177,28.7081005889403
-44.2633335442177,28.7388382938583
-44.2633335442177,28.7695759987764
-44.2633335442177,28.8003137036944
-44.2633335442177,28.8310514086124
-44.2633335442177,28.8617891135304
-44.2633335442177,28.8925268184484
-44.2633335442177,28.9232645233665
-44.2633335442177,28.9540022282845
-44.2633335442177,28.9847399332025
-44.2633335442177,29.0154776381205
-44.2633335442177,29.0462153430386
-44.2633335442177,29.0769530479566
-44.2633335442177,29.1076907528746
-44.2633335442177,29.1384284577926
-44.2633335442177,29.1691661627107
-44.2633335442177,29.1999038676287
-44.2633335442177,29.2306415725467
-44.2633335442177,29.2613792774647
-44.2633335442177,29.2921169823828
-44.2633335442177,29.3228546873008
-44.2633335442177,29.3535923922188
-44.2633335442177,29.3843300971368
-44.2633335442177,29.4150678020549
-44.2633335442177,29.4458055069729
-44.2633335442177,29.4765432118909
-44.2633335442177,29.5072809168089
-44.2633335442177,29.538018621727
-44.2633335442177,29.568756326645
-44.2633335442177,29.599494031563
-44.2633335442177,29.630231736481
-44.2633335442177,29.6609694413991
-44.2633335442177,29.6917071463171
-44.2633335442177,29.7224448512351
-44.2633335442177,29.7531825561531
-44.2633335442177,29.7839202610712
-44.2633335442177,29.8146579659892
-44.2633335442177,29.8453956709072
-44.2633335442177,29.8761333758252
-44.2633335442177,29.9068710807433
-44.2633335442177,29.9376087856613
-44.2633335442177,29.9683464905793
-44.2633335442177,29.9990841954973
-44.2633335442177,30.0298219004154
-44.2633335442177,30.0605596053334
-44.2633335442177,30.0912973102514
-44.2633335442177,30.1220350151694
-44.2633335442177,30.1527727200875
-44.2633335442177,30.1835104250055
-44.2633335442177,30.2142481299235
-44.2633335442177,30.2449858348415
-44.2633335442177,30.2757235397596
-44.2633335442177,30.3064612446776
-44.2633335442177,30.3371989495956
-44.2633335442177,30.3679366545136
-44.2633335442177,30.3986743594317
-44.2633335442177,30.4294120643497
-44.2633335442177,30.4601497692677
-44.2633335442177,30.4908874741857
-44.2633335442177,30.5216251791038
-44.2633335442177,30.5523628840218
-44.2633335442177,30.5831005889398
-44.2633335442177,30.6138382938578
-44.2633335442177,30.6445759987759
-44.2633335442177,30.6753137036939
-44.2633335442177,30.7060514086119
-44.2633335442177,30.7367891135299
-44.2633335442177,30.767526818448
-44.2633335442177,30.798264523366
-44.2633335442177,30.829002228284
-44.2633335442177,30.859739933202
-44.2633335442177,30.89047763812
-44.2633335442177,30.9212153430381
-44.2633335442177,30.9519530479561
-44.2633335442177,30.9826907528741
-44.2633335442177,31.0134284577921
-44.2633335442177,31.0441661627102
-44.2633335442177,31.0749038676282
-44.2633335442177,31.1056415725462
-44.2633335442177,31.1363792774642
-44.2633335442177,31.1671169823823
-44.2633335442177,31.1978546873003
-44.2633335442177,31.2285923922183
-44.2633335442177,31.2593300971363
-44.2633335442177,31.2900678020544
-44.2633335442177,31.3208055069724
-44.2633335442177,31.3515432118904
-44.2633335442177,31.3822809168084
-44.2633335442177,31.4130186217265
-44.2633335442177,31.4437563266445
-44.2633335442177,31.4744940315625
-44.2633335442177,31.5052317364805
-44.2633335442177,31.5359694413986
-44.2633335442177,31.5667071463166
-44.2633335442177,31.5974448512346
-44.2633335442177,31.6281825561526
-44.2633335442177,31.6589202610707
-44.2633335442177,31.6896579659887
-44.2633335442177,31.7203956709067
-44.2633335442177,31.7511333758247
-44.2633335442177,31.7818710807428
-44.2633335442177,31.8126087856608
-44.2633335442177,31.8433464905788
-44.2633335442177,31.8740841954968
-44.2633335442177,31.9048219004149
-44.2633335442177,31.9355596053329
-44.2633335442177,31.9662973102509
-44.2633335442177,31.9970350151689
-44.2633335442177,32.027772720087
-44.2633335442177,32.058510425005
-44.2633335442177,32.089248129923
-44.2633335442177,32.119985834841
-44.2633335442177,32.1507235397591
-44.2633335442177,32.1814612446771
-44.2633335442177,32.2121989495951
-44.2633335442177,32.2429366545131
-44.2633335442177,32.2736743594312
-44.2633335442177,32.3044120643492
-44.2633335442177,32.3351497692672
-44.2633335442177,32.3658874741852
-44.2633335442177,32.3966251791033
-44.2633335442177,32.4273628840213
-44.2633335442177,32.4581005889393
-44.2633335442177,32.4888382938573
-44.2633335442177,32.5195759987754
-44.2633335442177,32.5503137036934
-44.2633335442177,32.5810514086114
-44.2633335442177,32.6117891135294
-44.2633335442177,32.6425268184475
-44.2633335442177,32.6732645233655
-44.2633335442177,32.7040022282835
-44.2633335442177,32.7347399332015
-44.2633335442177,32.7654776381196
-44.2633335442177,32.7962153430376
-44.2633335442177,32.8269530479556
-44.2633335442177,32.8576907528736
-44.2633335442177,32.8884284577917
-44.2633335442177,32.9191661627097
-44.2633335442177,32.9499038676277
-44.2633335442177,32.9806415725457
-44.2633335442177,33.0113792774638
-44.2633335442177,33.0421169823818
-44.2633335442177,33.0728546872998
-44.2633335442177,33.1035923922178
-44.2633335442177,33.1343300971359
-44.2633335442177,33.1650678020539
-44.2633335442177,33.1958055069719
-44.2633335442177,33.2265432118899
-44.2633335442177,33.257280916808
-44.2633335442177,33.288018621726
-44.2633335442177,33.318756326644
-44.2633335442177,33.349494031562
-44.2633335442177,33.38023173648
-44.2633335442177,33.4109694413981
-44.2633335442177,33.4417071463161
-44.2633335442177,33.4724448512341
-44.2633335442177,33.5031825561521
-44.2633335442177,33.5339202610702
-44.2633335442177,33.5646579659882
-44.2633335442177,33.5953956709062
-44.2633335442177,33.6261333758242
-44.2633335442177,33.6568710807423
-44.2633335442177,33.6876087856603
-44.2633335442177,33.7183464905783
-44.2633335442177,33.7490841954963
-44.2633335442177,33.7798219004144
-44.2633335442177,33.8105596053324
-44.2633335442177,33.8412973102504
-44.2633335442177,33.8720350151684
-44.2633335442177,33.9027727200865
-44.2633335442177,33.9335104250045
-44.2633335442177,33.9642481299225
-44.2633335442177,33.9949858348405
-44.2633335442177,34.0257235397586
-44.2633335442177,34.0564612446766
-44.2633335442177,34.0871989495946
-44.2633335442177,34.1179366545126
-44.2633335442177,34.1486743594307
-44.2633335442177,34.1794120643487
-44.2633335442177,34.2101497692667
-44.2633335442177,34.2408874741847
-44.2633335442177,34.2716251791028
-44.2633335442177,34.3023628840208
-44.2633335442177,34.3331005889388
-44.2633335442177,34.3638382938568
-44.2633335442177,34.3945759987749
-44.2633335442177,34.4253137036929
-44.2633335442177,34.4560514086109
-44.2633335442177,34.4867891135289
-44.2633335442177,34.517526818447
-44.2633335442177,34.548264523365
-44.2633335442177,34.579002228283
-44.2633335442177,34.609739933201
-44.2633335442177,34.6404776381191
-44.2633335442177,34.6712153430371
-44.2633335442177,34.7019530479551
-44.2633335442177,34.7326907528731
-44.2633335442177,34.7634284577912
-44.2633335442177,34.7941661627092
-44.2633335442177,34.8249038676272
-44.2633335442177,34.8556415725452
-44.2633335442177,34.8863792774633
-44.2633335442177,34.9171169823813
-44.2633335442177,34.9478546872993
-44.2633335442177,34.9785923922173
-44.2633335442177,35.0093300971354
-44.2633335442177,35.0400678020534
-44.2633335442177,35.0708055069714
-44.2633335442177,35.1015432118894
-44.2633335442177,35.1322809168075
-44.2633335442177,35.1630186217255
-44.2633335442177,35.1937563266435
-44.2633335442177,35.2244940315615
-44.2633335442177,35.2552317364796
-44.2633335442177,35.2859694413976
-44.2633335442177,35.3167071463156
-44.2633335442177,35.3474448512336
-44.2633335442177,35.3781825561516
-44.2633335442177,35.4089202610697
-44.2633335442177,35.4396579659877
-44.2633335442177,35.4703956709057
-44.2633335442177,35.5011333758237
-44.2633335442177,35.5318710807418
-44.2633335442177,35.5626087856598
-44.2633335442177,35.5933464905778
-44.2633335442177,35.6240841954958
-44.2633335442177,35.6548219004139
-44.2633335442177,35.6855596053319
-44.2633335442177,35.7162973102499
-44.2633335442177,35.7470350151679
-44.2633335442177,35.777772720086
-44.2633335442177,35.808510425004
-44.2633335442177,35.839248129922
-44.2633335442177,35.86998583484
-44.2633335442177,35.9007235397581
-44.2633335442177,35.9314612446761
-44.2633335442177,35.9621989495941
-44.2633335442177,35.9929366545121
-44.2633335442177,36.0236743594302
-44.2633335442177,36.0544120643482
-44.2633335442177,36.0851497692662
-44.2633335442177,36.1158874741842
-44.2633335442177,36.1466251791023
-44.2633335442177,36.1773628840203
-44.2633335442177,36.2081005889383
-44.2633335442177,36.2388382938563
-44.2633335442177,36.2695759987744
-44.2633335442177,36.3003137036924
-44.2633335442177,36.3310514086104
-44.2633335442177,36.3617891135284
-44.2633335442177,36.3925268184465
-44.2633335442177,36.4232645233645
-44.2633335442177,36.4540022282825
-44.2633335442177,36.4847399332005
-44.2633335442177,36.5154776381186
-44.2633335442177,36.5462153430366
-44.2633335442177,36.5769530479546
-44.2633335442177,36.6076907528726
-44.2633335442177,36.6384284577907
-44.2633335442177,36.6691661627087
-44.2633335442177,36.6999038676267
-44.2633335442177,36.7306415725447
-44.2633335442177,36.7613792774628
-44.2633335442177,36.7921169823808
-44.2633335442177,36.8228546872988
-44.2633335442177,36.8535923922168
-44.2633335442177,36.8843300971349
-44.2633335442177,36.9150678020529
-44.2633335442177,36.9458055069709
-44.2633335442177,36.9765432118889
-44.2633335442177,37.007280916807
-44.2633335442177,37.038018621725
-44.2633335442177,37.068756326643
-44.2633335442177,37.099494031561
-44.2633335442177,37.1302317364791
-44.2633335442177,37.1609694413971
-44.2633335442177,37.1917071463151
-44.2633335442177,37.2224448512331
-44.2633335442177,37.2531825561512
-44.2633335442177,37.2839202610692
-44.2633335442177,37.3146579659872
-44.2633335442177,37.3453956709052
-44.2633335442177,37.3761333758233
-44.2633335442177,37.4068710807413
-44.2633335442177,37.4376087856593
-44.2633335442177,37.4683464905773
-44.2633335442177,37.4990841954953
-44.2633335442177,37.5298219004134
-44.2633335442177,37.5605596053314
-44.2633335442177,37.5912973102494
-44.2633335442177,37.6220350151674
-44.2633335442177,37.6527727200855
-44.2633335442177,37.6835104250035
-44.2633335442177,37.7142481299215
-44.2633335442177,37.7449858348395
-44.2633335442177,37.7757235397576
-44.2633335442177,37.8064612446756
-44.2633335442177,37.8371989495936
-44.2633335442177,37.8679366545116
-44.2633335442177,37.8986743594297
-44.2633335442177,37.9294120643477
-44.2633335442177,37.9601497692657
-44.2633335442177,37.9908874741837
-44.2633335442177,38.0216251791018
-44.2633335442177,38.0523628840198
-44.2633335442177,38.0831005889378
-44.2633335442177,38.1138382938558
-44.2633335442177,38.1445759987739
-44.2633335442177,38.1753137036919
-44.2633335442177,38.2060514086099
-44.2633335442177,38.2367891135279
-44.2633335442177,38.267526818446
-44.2633335442177,38.298264523364
-44.2633335442177,38.329002228282
-44.2633335442177,38.3597399332
-44.2633335442177,38.3904776381181
-44.2633335442177,38.4212153430361
-44.2633335442177,38.4519530479541
-44.2633335442177,38.4826907528721
-44.2633335442177,38.5134284577902
-44.2633335442177,38.5441661627082
-44.2633335442177,38.5749038676262
-44.2633335442177,38.6056415725442
-44.2633335442177,38.6363792774623
-44.2633335442177,38.6671169823803
-44.2633335442177,38.6978546872983
-44.2633335442177,38.7285923922163
-44.2633335442177,38.7593300971344
-44.2633335442177,38.7900678020524
-44.2633335442177,38.8208055069704
-44.2633335442177,38.8515432118884
-44.2633335442177,38.8822809168065
-44.2633335442177,38.9130186217245
-44.2633335442177,38.9437563266425
-44.2633335442177,38.9744940315605
-44.2633335442177,39.0052317364786
-44.2633335442177,39.0359694413966
-44.2633335442177,39.0667071463146
-44.2633335442177,39.0974448512326
-44.2633335442177,39.1281825561507
-44.2633335442177,39.1589202610687
-44.2633335442177,39.1896579659867
-44.2633335442177,39.2203956709047
-44.2633335442177,39.2511333758228
-44.2633335442177,39.2818710807408
-44.2633335442177,39.3126087856588
-44.2633335442177,39.3433464905768
-44.2633335442177,39.3740841954949
-44.2633335442177,39.4048219004129
-44.2633335442177,39.4355596053309
-44.2633335442177,39.4662973102489
-44.2633335442177,39.497035015167
-44.2633335442177,39.527772720085
-44.2633335442177,39.558510425003
-44.2633335442177,39.589248129921
-44.2633335442177,39.619985834839
-44.2633335442177,39.6507235397571
-44.2633335442177,39.6814612446751
-44.2633335442177,39.7121989495931
-44.2633335442177,39.7429366545111
-44.2633335442177,39.7736743594292
-44.2633335442177,39.8044120643472
-44.2633335442177,39.8351497692652
-44.2633335442177,39.8658874741832
-44.2633335442177,39.8966251791013
-44.2633335442177,39.9273628840193
-44.2633335442177,39.9581005889373
-44.2633335442177,39.9888382938553
-44.2633335442177,40.0195759987734
-44.2633335442177,40.0503137036914
-44.2633335442177,40.0810514086094
-44.2633335442177,40.1117891135274
-44.2633335442177,40.1425268184455
-44.2633335442177,40.1732645233635
-44.2633335442177,40.2040022282815
-44.2633335442177,40.2347399331995
-44.2633335442177,40.2654776381176
-44.2633335442177,40.2962153430356
-44.2633335442177,40.3269530479536
-44.2633335442177,40.3576907528716
-44.2633335442177,40.3884284577897
-44.2633335442177,40.4191661627077
-44.2633335442177,40.4499038676257
-44.2633335442177,40.4806415725437
-44.2633335442177,40.5113792774618
-44.2633335442177,40.5421169823798
-44.2633335442177,40.5728546872978
-44.2633335442177,40.6035923922158
-44.2633335442177,40.6343300971339
-44.2633335442177,40.6650678020519
-44.2633335442177,40.6958055069699
-44.2633335442177,40.7265432118879
-44.2633335442177,40.757280916806
-44.2633335442177,40.788018621724
-44.2633335442177,40.818756326642
-44.2633335442177,40.84949403156
-44.2633335442177,40.8802317364781
-44.2633335442177,40.9109694413961
-44.2633335442177,40.9417071463141
-44.2633335442177,40.9724448512321
-44.2633335442177,41.0031825561502
-44.2633335442177,41.0339202610682
-44.2633335442177,41.0646579659862
-44.2633335442177,41.0953956709042
-44.2633335442177,41.1261333758223
-44.2633335442177,41.1568710807403
-44.2633335442177,41.1876087856583
-44.2633335442177,41.2183464905763
-44.2633335442177,41.2490841954944
-44.2633335442177,41.2798219004124
-44.2633335442177,41.3105596053304
-44.2633335442177,41.3412973102484
-44.2633335442177,41.3720350151665
-44.2633335442177,41.4027727200845
-44.2633335442177,41.4335104250025
-44.2633335442177,41.4642481299205
-44.2633335442177,41.4949858348386
-44.2633335442177,41.5257235397566
-44.2633335442177,41.5564612446746
-44.2633335442177,41.5871989495926
-44.2633335442177,41.6179366545107
-44.2633335442177,41.6486743594287
-44.2633335442177,41.6794120643467
-44.2633335442177,41.7101497692647
-44.2633335442177,41.7408874741827
-44.2633335442177,41.7716251791008
-44.2633335442177,41.8023628840188
-44.2633335442177,41.8331005889368
-44.2633335442177,41.8638382938548
-44.2633335442177,41.8945759987729
-44.2633335442177,41.9253137036909
-44.2633335442177,41.9560514086089
-44.2633335442177,41.9867891135269
-44.2633335442177,42.017526818445
-44.2633335442177,42.048264523363
-44.2633335442177,42.079002228281
-44.2633335442177,42.109739933199
-44.2633335442177,42.1404776381171
-44.2633335442177,42.1712153430351
-44.2633335442177,42.2019530479531
-44.2633335442177,42.2326907528711
-44.2633335442177,42.2634284577892
-44.2633335442177,42.2941661627072
-44.2633335442177,42.3249038676252
-44.2633335442177,42.3556415725432
-44.2633335442177,42.3863792774613
-44.2633335442177,42.4171169823793
-44.2633335442177,42.4478546872973
-44.2633335442177,42.4785923922153
-44.2633335442177,42.5093300971334
-44.2633335442177,42.5400678020514
-44.2633335442177,42.5708055069694
-44.2633335442177,42.6015432118874
-44.2633335442177,42.6322809168055
-44.2633335442177,42.6630186217235
-44.2633335442177,42.6937563266415
-44.2633335442177,42.7244940315595
-44.2633335442177,42.7552317364776
-44.2633335442177,42.7859694413956
-44.2633335442177,42.8167071463136
-44.2633335442177,42.8474448512316
-44.2633335442177,42.8781825561497
-44.2633335442177,42.9089202610677
-44.2633335442177,42.9396579659857
-44.2633335442177,42.9703956709037
-44.2633335442177,43.0011333758218
-44.2633335442177,43.0318710807398
-44.2633335442177,43.0626087856578
-44.2633335442177,43.0933464905758
-44.2633335442177,43.1240841954939
-44.2633335442177,43.1548219004119
-44.2633335442177,43.1855596053299
-44.2633335442177,43.2162973102479
-44.2633335442177,43.247035015166
-44.2633335442177,43.277772720084
-44.2633335442177,43.308510425002
-44.2633335442177,43.33924812992
-44.2633335442177,43.3699858348381
-44.2633335442177,43.4007235397561
-44.2633335442177,43.4314612446741
-44.2633335442177,43.4621989495921
-44.2633335442177,43.4929366545102
-44.2633335442177,43.5236743594282
-44.2633335442177,43.5544120643462
-44.2633335442177,43.5851497692642
-44.2633335442177,43.6158874741823
-44.2633335442177,43.6466251791003
-44.2633335442177,43.6773628840183
-44.2633335442177,43.7081005889363
-44.2633335442177,43.7388382938544
-44.2633335442177,43.7695759987724
-44.2633335442177,43.8003137036904
-44.2633335442177,43.8310514086084
-44.2633335442177,43.8617891135264
-44.2633335442177,43.8925268184445
-44.2633335442177,43.9232645233625
-44.2633335442177,43.9540022282805
-44.2633335442177,43.9847399331985
-44.2633335442177,44.0154776381166
-44.2633335442177,44.0462153430346
-44.2633335442177,44.0769530479526
-44.2633335442177,44.1076907528706
-44.2633335442177,44.1384284577887
-44.2633335442177,44.1691661627067
-44.2633335442177,44.1999038676247
-44.2633335442177,44.2306415725427
-44.2633335442177,44.2613792774608
-44.2633335442177,44.2921169823788
-44.2633335442177,44.3228546872968
-44.2633335442177,44.3535923922148
-44.2633335442177,44.3843300971329
-44.2633335442177,44.4150678020509
-44.2633335442177,44.4458055069689
-44.2633335442177,44.4765432118869
-44.2633335442177,44.507280916805
-44.2633335442177,44.538018621723
-44.2633335442177,44.568756326641
-44.2633335442177,44.599494031559
-44.2633335442177,44.6302317364771
-44.2633335442177,44.6609694413951
-44.2633335442177,44.6917071463131
-44.2633335442177,44.7224448512311
-44.2633335442177,44.7531825561492
-44.2633335442177,44.7839202610672
-44.2633335442177,44.8146579659852
-44.2633335442177,44.8453956709032
-44.2633335442177,44.8761333758213
-44.2633335442177,44.9068710807393
-44.2633335442177,44.9376087856573
-44.2633335442177,44.9683464905753
-44.2633335442177,44.9990841954934
-44.2633335442177,45.0298219004114
-44.2633335442177,45.0605596053294
-44.2633335442177,45.0912973102474
-44.2633335442177,45.1220350151655
-44.2633335442177,45.1527727200835
-44.2633335442177,45.1835104250015
-44.2633335442177,45.2142481299195
-44.2633335442177,45.2449858348376
-44.2633335442177,45.2757235397556
-44.2633335442177,45.3064612446736
-44.2633335442177,45.3371989495916
-44.2633335442177,45.3679366545097
-44.2633335442177,45.3986743594277
-44.2633335442177,45.4294120643457
-44.2633335442177,45.4601497692637
-44.2633335442177,45.4908874741818
-44.2633335442177,45.5216251790998
-44.2633335442177,45.5523628840178
-44.2633335442177,45.5831005889358
-44.2633335442177,45.6138382938539
-44.2633335442177,45.6445759987719
-44.2633335442177,45.6753137036899
-44.2633335442177,45.7060514086079
-44.2633335442177,45.736789113526
-44.2633335442177,45.767526818444
-44.2633335442177,45.798264523362
-44.2633335442177,45.82900222828
-44.2633335442177,45.859739933198
-44.2633335442177,45.8904776381161
-44.2633335442177,45.9212153430341
-44.2633335442177,45.9519530479521
-44.2633335442177,45.9826907528701
-44.2633335442177,46.0134284577882
-44.2633335442177,46.0441661627062
-44.2633335442177,46.0749038676242
-44.2633335442177,46.1056415725422
-44.2633335442177,46.1363792774603
-44.2633335442177,46.1671169823783
-44.2633335442177,46.1978546872963
-44.2633335442177,46.2285923922143
-44.2633335442177,46.2593300971324
-44.2633335442177,46.2900678020504
-44.2633335442177,46.3208055069684
-44.2633335442177,46.3515432118864
-44.2633335442177,46.3822809168045
-44.2633335442177,46.4130186217225
-44.2633335442177,46.4437563266405
-44.2633335442177,46.4744940315585
-44.2633335442177,46.5052317364766
-44.2633335442177,46.5359694413946
-44.2633335442177,46.5667071463126
-44.2633335442177,46.5974448512306
-44.2633335442177,46.6281825561487
-44.2633335442177,46.6589202610667
-44.2633335442177,46.6896579659847
-44.2633335442177,46.7203956709027
-44.2633335442177,46.7511333758208
-44.2633335442177,46.7818710807388
-44.2633335442177,46.8126087856568
-44.2633335442177,46.8433464905748
-44.2633335442177,46.8740841954929
-44.2633335442177,46.9048219004109
-44.2633335442177,46.9355596053289
-44.2633335442177,46.9662973102469
-44.2633335442177,46.997035015165
-44.2633335442177,47.027772720083
-44.2633335442177,47.058510425001
-44.2633335442177,47.089248129919
-44.2633335442177,47.1199858348371
-44.2633335442177,47.1507235397551
-44.2633335442177,47.1814612446731
-44.2633335442177,47.2121989495911
-44.2633335442177,47.2429366545092
-44.2633335442177,47.2736743594272
-44.2633335442177,47.3044120643452
-44.2633335442177,47.3351497692632
-44.2633335442177,47.3658874741813
-44.2633335442177,47.3966251790993
-44.2633335442177,47.4273628840173
-44.2633335442177,47.4581005889353
-44.2633335442177,47.4888382938534
-44.2633335442177,47.5195759987714
-44.2633335442177,47.5503137036894
-44.2633335442177,47.5810514086074
-44.2633335442177,47.6117891135255
-44.2633335442177,47.6425268184435
-44.2633335442177,47.6732645233615
-44.2633335442177,47.7040022282795
-44.2633335442177,47.7347399331976
-44.2633335442177,47.7654776381156
-44.2633335442177,47.7962153430336
-44.2633335442177,47.8269530479516
-44.2633335442177,47.8576907528697
-44.2633335442177,47.8884284577877
-44.2633335442177,47.9191661627057
-44.2633335442177,47.9499038676237
-44.2633335442177,47.9806415725417
-44.2633335442177,48.0113792774598
-44.2633335442177,48.0421169823778
-44.2633335442177,48.0728546872958
-44.2633335442177,48.1035923922138
-44.2633335442177,48.1343300971319
-44.2633335442177,48.1650678020499
-44.2633335442177,48.1958055069679
-44.2633335442177,48.2265432118859
-44.2633335442177,48.257280916804
-44.2633335442177,48.288018621722
-44.2633335442177,48.31875632664
-44.2633335442177,48.349494031558
-44.2633335442177,48.3802317364761
-44.2633335442177,48.4109694413941
-44.2633335442177,48.4417071463121
-44.2633335442177,48.4724448512301
-44.2633335442177,48.5031825561482
-44.2633335442177,48.5339202610662
-44.2633335442177,48.5646579659842
-44.2633335442177,48.5953956709022
-44.2633335442177,48.6261333758203
-44.2633335442177,48.6568710807383
-44.2633335442177,48.6876087856563
-44.2633335442177,48.7183464905743
-44.2633335442177,48.7490841954924
-44.2633335442177,48.7798219004104
-44.2633335442177,48.8105596053284
-44.2633335442177,48.8412973102464
-44.2633335442177,48.8720350151645
-44.2633335442177,48.9027727200825
-44.2633335442177,48.9335104250005
-44.2633335442177,48.9642481299185
-44.2633335442177,48.9949858348366
-44.2633335442177,49.0257235397546
-44.2633335442177,49.0564612446726
-44.2633335442177,49.0871989495906
-44.2633335442177,49.1179366545087
-44.2633335442177,49.1486743594267
-44.2633335442177,49.1794120643447
-44.2633335442177,49.2101497692627
-44.2633335442177,49.2408874741808
-44.2633335442177,49.2716251790988
-44.2633335442177,49.3023628840168
-44.2633335442177,49.3331005889348
-44.2633335442177,49.3638382938529
-44.2633335442177,49.3945759987709
-44.2633335442177,49.4253137036889
-44.2633335442177,49.4560514086069
-44.2633335442177,49.486789113525
-44.2633335442177,49.517526818443
-44.2633335442177,49.548264523361
-44.2633335442177,49.579002228279
-44.2633335442177,49.6097399331971
-44.2633335442177,49.6404776381151
-44.2633335442177,49.6712153430331
-44.2633335442177,49.7019530479511
-44.2633335442177,49.7326907528692
-44.2633335442177,49.7634284577872
-44.2633335442177,49.7941661627052
-44.2633335442177,49.8249038676232
-44.2633335442177,49.8556415725413
-44.2633335442177,49.8863792774593
-44.2633335442177,49.9171169823773
-44.2633335442177,49.9478546872953
-44.2633335442177,49.9785923922134
-44.2633335442177,50.0093300971314
-44.2633335442177,50.0400678020494
-44.2633335442177,50.0708055069674
-44.2633335442177,50.1015432118854
-44.2633335442177,50.1322809168035
-44.2633335442177,50.1630186217215
-44.2633335442177,50.1937563266395
-44.2633335442177,50.2244940315575
-44.2633335442177,50.2552317364756
-44.2633335442177,50.2859694413936
-44.2633335442177,50.3167071463116
-44.2633335442177,50.3474448512296
-44.2633335442177,50.3781825561477
-44.2633335442177,50.4089202610657
-44.2633335442177,50.4396579659837
-44.2633335442177,50.4703956709017
-44.2633335442177,50.5011333758198
-44.2633335442177,50.5318710807378
-44.2633335442177,50.5626087856558
-44.2633335442177,50.5933464905738
-44.2633335442177,50.6240841954919
-44.2633335442177,50.6548219004099
-44.2633335442177,50.6855596053279
-44.2633335442177,50.7162973102459
-44.2633335442177,50.747035015164
-44.2633335442177,50.777772720082
-44.2633335442177,50.808510425
-44.2633335442177,50.839248129918
-44.2633335442177,50.8699858348361
-44.2633335442177,50.9007235397541
-44.2633335442177,50.9314612446721
-44.2633335442177,50.9621989495901
-44.2633335442177,50.9929366545082
-44.2633335442177,51.0236743594262
-44.2633335442177,51.0544120643442
-44.2633335442177,51.0851497692622
-44.2633335442177,51.1158874741803
-44.2633335442177,51.1466251790983
-44.2633335442177,51.1773628840163
-44.2633335442177,51.2081005889343
-44.2633335442177,51.2388382938524
-44.2633335442177,51.2695759987704
-44.2633335442177,51.3003137036884
-44.2633335442177,51.3310514086064
-44.2633335442177,51.3617891135245
-44.2633335442177,51.3925268184425
-44.2633335442177,51.4232645233605
-44.2633335442177,51.4540022282785
-44.2633335442177,51.4847399331966
-44.2633335442177,51.5154776381146
-44.2633335442177,51.5462153430326
-44.2633335442177,51.5769530479506
-44.2633335442177,51.6076907528687
-44.2633335442177,51.6384284577867
-44.2633335442177,51.6691661627047
-44.2633335442177,51.6999038676227
-44.2633335442177,51.7306415725408
-44.2633335442177,51.7613792774588
-44.2633335442177,51.7921169823768
-44.2633335442177,51.8228546872948
-44.2633335442177,51.8535923922129
-44.2633335442177,51.8843300971309
-44.2633335442177,51.9150678020489
-44.2633335442177,51.9458055069669
-44.2633335442177,51.976543211885
-44.2633335442177,52.007280916803
-44.2633335442177,52.038018621721
-44.2633335442177,52.068756326639
-44.2633335442177,52.0994940315571
-44.2633335442177,52.1302317364751
-44.2633335442177,52.1609694413931
-44.2633335442177,52.1917071463111
-44.2633335442177,52.2224448512291
-44.2633335442177,52.2531825561472
-44.2633335442177,52.2839202610652
-44.2633335442177,52.3146579659832
-44.2633335442177,52.3453956709012
-44.2633335442177,52.3761333758193
-44.2633335442177,52.4068710807373
-44.2633335442177,52.4376087856553
-44.2633335442177,52.4683464905733
-44.2633335442177,52.4990841954914
-44.2633335442177,52.5298219004094
-44.2633335442177,52.5605596053274
-44.2633335442177,52.5912973102454
-44.2633335442177,52.6220350151635
-44.2633335442177,52.6527727200815
-44.2633335442177,52.6835104249995
-44.2633335442177,52.7142481299175
-44.2633335442177,52.7449858348356
-44.2633335442177,52.7757235397536
-44.2633335442177,52.8064612446716
-44.2633335442177,52.8371989495896
-44.2633335442177,52.8679366545077
-44.2633335442177,52.8986743594257
-44.2633335442177,52.9294120643437
-44.2633335442177,52.9601497692617
-44.2633335442177,52.9908874741798
-44.2633335442177,53.0216251790978
-44.2633335442177,53.0523628840158
-44.2633335442177,53.0831005889338
-44.2633335442177,53.1138382938519
-44.2633335442177,53.1445759987699
-44.2633335442177,53.1753137036879
-44.2633335442177,53.2060514086059
-44.2633335442177,53.236789113524
-44.2633335442177,53.267526818442
-44.2633335442177,53.29826452336
-44.2633335442177,53.329002228278
-44.2633335442177,53.3597399331961
-44.2633335442177,53.3904776381141
-44.2633335442177,53.4212153430321
-44.2633335442177,53.4519530479501
-44.2633335442177,53.4826907528682
-44.2633335442177,53.5134284577862
-44.2633335442177,53.5441661627042
-44.2633335442177,53.5749038676222
-44.2633335442177,53.6056415725403
-44.2633335442177,53.6363792774583
-44.2633335442177,53.6671169823763
-44.2633335442177,53.6978546872943
-44.2633335442177,53.7285923922124
-44.2633335442177,53.7593300971304
-44.2633335442177,53.7900678020484
-44.2633335442177,53.8208055069664
-44.2633335442177,53.8515432118845
-44.2633335442177,53.8822809168025
-44.2633335442177,53.9130186217205
-44.2633335442177,53.9437563266385
-44.2633335442177,53.9744940315566
-44.2633335442177,54.0052317364746
-44.2633335442177,54.0359694413926
-44.2633335442177,54.0667071463106
-44.2633335442177,54.0974448512287
-44.2633335442177,54.1281825561467
-44.2633335442177,54.1589202610647
-44.2633335442177,54.1896579659827
-44.2633335442177,54.2203956709007
-44.2633335442177,54.2511333758188
-44.2633335442177,54.2818710807368
-44.2633335442177,54.3126087856548
-44.2633335442177,54.3433464905728
-44.2633335442177,54.3740841954909
-44.2633335442177,54.4048219004089
-44.2633335442177,54.4355596053269
-44.2633335442177,54.4662973102449
-44.2633335442177,54.497035015163
-44.2633335442177,54.527772720081
-44.2633335442177,54.558510424999
-44.2633335442177,54.589248129917
-44.2633335442177,54.6199858348351
-44.2633335442177,54.6507235397531
-44.2633335442177,54.6814612446711
-44.2633335442177,54.7121989495891
-44.2633335442177,54.7429366545072
-44.2633335442177,54.7736743594252
-44.2633335442177,54.8044120643432
-44.2633335442177,54.8351497692612
-44.2633335442177,54.8658874741793
-44.2633335442177,54.8966251790973
-44.2633335442177,54.9273628840153
-44.2633335442177,54.9581005889333
-44.2633335442177,54.9888382938514
-44.2633335442177,55.0195759987694
-44.2633335442177,55.0503137036874
-44.2633335442177,55.0810514086054
-44.2633335442177,55.1117891135235
-44.2633335442177,55.1425268184415
-44.2633335442177,55.1732645233595
-44.2633335442177,55.2040022282775
-44.2633335442177,55.2347399331956
-44.2633335442177,55.2654776381136
-44.2633335442177,55.2962153430316
-44.2633335442177,55.3269530479496
-44.2633335442177,55.3576907528677
-44.2633335442177,55.3884284577857
-44.2633335442177,55.4191661627037
-44.2633335442177,55.4499038676217
-44.2633335442177,55.4806415725398
-44.2633335442177,55.5113792774578
-44.2633335442177,55.5421169823758
-44.2633335442177,55.5728546872938
-44.2633335442177,55.6035923922119
-44.2633335442177,55.6343300971299
-44.2633335442177,55.6650678020479
-44.2633335442177,55.6958055069659
-44.2633335442177,55.726543211884
-44.2633335442177,55.757280916802
-44.2633335442177,55.78801862172
-44.2633335442177,55.818756326638
-44.2633335442177,55.8494940315561
-44.2633335442177,55.8802317364741
-44.2633335442177,55.9109694413921
-44.2633335442177,55.9417071463101
-44.2633335442177,55.9724448512282
-44.2633335442177,56.0031825561462
-44.2633335442177,56.0339202610642
-44.2633335442177,56.0646579659822
-44.2633335442177,56.0953956709003
-44.2633335442177,56.1261333758183
-44.2633335442177,56.1568710807363
-44.2633335442177,56.1876087856543
-44.2633335442177,56.2183464905724
-44.2633335442177,56.2490841954904
-44.2633335442177,56.2798219004084
-44.2633335442177,56.3105596053264
-44.2633335442177,56.3412973102444
-44.2633335442177,56.3720350151625
-44.2633335442177,56.4027727200805
-44.2633335442177,56.4335104249985
-44.2633335442177,56.4642481299165
-44.2633335442177,56.4949858348346
-44.2633335442177,56.5257235397526
-44.2633335442177,56.5564612446706
-44.2633335442177,56.5871989495886
-44.2633335442177,56.6179366545067
-44.2633335442177,56.6486743594247
-44.2633335442177,56.6794120643427
-44.2633335442177,56.7101497692607
-44.2633335442177,56.7408874741788
-44.2633335442177,56.7716251790968
-44.2633335442177,56.8023628840148
-44.2633335442177,56.8331005889328
-44.2633335442177,56.8638382938509
-44.2633335442177,56.8945759987689
-44.2633335442177,56.9253137036869
-44.2633335442177,56.9560514086049
-44.2633335442177,56.986789113523
-44.2633335442177,57.017526818441
-44.2633335442177,57.048264523359
-44.2633335442177,57.079002228277
-44.2633335442177,57.1097399331951
-44.2633335442177,57.1404776381131
-44.2633335442177,57.1712153430311
-44.2633335442177,57.2019530479491
-44.2633335442177,57.2326907528672
-44.2633335442177,57.2634284577852
-44.2633335442177,57.2941661627032
-44.2633335442177,57.3249038676212
-44.2633335442177,57.3556415725393
-44.2633335442177,57.3863792774573
-44.2633335442177,57.4171169823753
-44.2633335442177,57.4478546872933
-44.2633335442177,57.4785923922114
-44.2633335442177,57.5093300971294
-44.2633335442177,57.5400678020474
-44.2633335442177,57.5708055069654
-44.2633335442177,57.6015432118835
-44.2633335442177,57.6322809168015
-44.2633335442177,57.6630186217195
-44.2633335442177,57.6937563266375
-44.2633335442177,57.7244940315556
-44.2633335442177,57.7552317364736
-44.2633335442177,57.7859694413916
-44.2633335442177,57.8167071463096
-44.2633335442177,57.8474448512277
-44.2633335442177,57.8781825561457
-44.2633335442177,57.9089202610637
-44.2633335442177,57.9396579659817
-44.2633335442177,57.9703956708998
-44.2633335442177,58.0011333758178
-44.2633335442177,58.0318710807358
-44.2633335442177,58.0626087856538
-44.2633335442177,58.0933464905719
-44.2633335442177,58.1240841954899
-44.2633335442177,58.1548219004079
-44.2633335442177,58.1855596053259
-44.2633335442177,58.216297310244
-44.2633335442177,58.247035015162
-44.2633335442177,58.27777272008
-44.2633335442177,58.308510424998
-44.2633335442177,58.3392481299161
-44.2633335442177,58.3699858348341
-44.2633335442177,58.4007235397521
-44.2633335442177,58.4314612446701
-44.2633335442177,58.4621989495881
-44.2633335442177,58.4929366545062
-44.2633335442177,58.5236743594242
-44.2633335442177,58.5544120643422
-44.2633335442177,58.5851497692602
-44.2633335442177,58.6158874741783
-44.2633335442177,58.6466251790963
-44.2633335442177,58.6773628840143
-44.2633335442177,58.7081005889323
-44.2633335442177,58.7388382938504
-44.2633335442177,58.7695759987684
-44.2633335442177,58.8003137036864
-44.2633335442177,58.8310514086044
-44.2633335442177,58.8617891135225
-44.2633335442177,58.8925268184405
-44.2633335442177,58.9232645233585
-44.2633335442177,58.9540022282765
-44.2633335442177,58.9847399331946
-44.2633335442177,59.0154776381126
-44.2633335442177,59.0462153430306
-44.2633335442177,59.0769530479486
-44.2633335442177,59.1076907528667
-44.2633335442177,59.1384284577847
-44.2633335442177,59.1691661627027
-44.2633335442177,59.1999038676207
-44.2633335442177,59.2306415725388
-44.2633335442177,59.2613792774568
-44.2633335442177,59.2921169823748
-44.2633335442177,59.3228546872928
-44.2633335442177,59.3535923922109
-44.2633335442177,59.3843300971289
-44.2633335442177,59.4150678020469
-44.2633335442177,59.4458055069649
-44.2633335442177,59.476543211883
-44.2633335442177,59.507280916801
-44.2633335442177,59.538018621719
-44.2633335442177,59.568756326637
-44.2633335442177,59.5994940315551
-44.2633335442177,59.6302317364731
-44.2633335442177,59.6609694413911
-44.2633335442177,59.6917071463091
-44.2633335442177,59.7224448512272
-44.2633335442177,59.7531825561452
-44.2633335442177,59.7839202610632
-44.2633335442177,59.8146579659812
-44.2633335442177,59.8453956708993
-44.2633335442177,59.8761333758173
-44.2633335442177,59.9068710807353
-44.2633335442177,59.9376087856533
-44.2633335442177,59.9683464905714
-44.2633335442177,59.9990841954894
-44.2633335442177,60.0298219004074
-44.2633335442177,60.0605596053254
-44.2633335442177,60.0912973102435
-44.2633335442177,60.1220350151615
-44.2633335442177,60.1527727200795
-44.2633335442177,60.1835104249975
-44.2633335442177,60.2142481299156
-44.2633335442177,60.2449858348336
-44.2633335442177,60.2757235397516
-44.2633335442177,60.3064612446696
-44.2633335442177,60.3371989495877
-44.2633335442177,60.3679366545057
-44.2633335442177,60.3986743594237
-44.2633335442177,60.4294120643417
-44.2633335442177,60.4601497692598
-44.2633335442177,60.4908874741778
-44.2633335442177,60.5216251790958
-44.2633335442177,60.5523628840138
-44.2633335442177,60.5831005889318
-44.2633335442177,60.6138382938499
-44.2633335442177,60.6445759987679
-44.2633335442177,60.6753137036859
-44.2633335442177,60.7060514086039
-44.2633335442177,60.736789113522
-44.2633335442177,60.76752681844
-44.2633335442177,60.798264523358
-44.2633335442177,60.829002228276
-44.2633335442177,60.8597399331941
-44.2633335442177,60.8904776381121
-44.2633335442177,60.9212153430301
-44.2633335442177,60.9519530479481
-44.2633335442177,60.9826907528662
-44.2633335442177,61.0134284577842
-44.2633335442177,61.0441661627022
-44.2633335442177,61.0749038676202
-44.2633335442177,61.1056415725383
-44.2633335442177,61.1363792774563
-44.2633335442177,61.1671169823743
-44.2633335442177,61.1978546872923
-44.2633335442177,61.2285923922104
-44.2633335442177,61.2593300971284
-44.2633335442177,61.2900678020464
-44.2633335442177,61.3208055069644
-44.2633335442177,61.3515432118825
-44.2633335442177,61.3822809168005
-44.2633335442177,61.4130186217185
-44.2633335442177,61.4437563266365
-44.2633335442177,61.4744940315546
-44.2633335442177,61.5052317364726
-44.2633335442177,61.5359694413906
-44.2633335442177,61.5667071463086
-44.2633335442177,61.5974448512267
-44.2633335442177,61.6281825561447
-44.2633335442177,61.6589202610627
-44.2633335442177,61.6896579659807
-44.2633335442177,61.7203956708988
-44.2633335442177,61.7511333758168
-44.2633335442177,61.7818710807348
-44.2633335442177,61.8126087856528
-44.2633335442177,61.8433464905709
-44.2633335442177,61.8740841954889
-44.2633335442177,61.9048219004069
-44.2633335442177,61.9355596053249
-44.2633335442177,61.966297310243
-44.2633335442177,61.997035015161
-44.2633335442177,62.027772720079
-44.2633335442177,62.058510424997
-44.2633335442177,62.0892481299151
-44.2633335442177,62.1199858348331
-44.2633335442177,62.1507235397511
-44.2633335442177,62.1814612446691
-44.2633335442177,62.2121989495872
-44.2633335442177,62.2429366545052
-44.2633335442177,62.2736743594232
-44.2633335442177,62.3044120643412
-44.2633335442177,62.3351497692593
-44.2633335442177,62.3658874741773
-44.2633335442177,62.3966251790953
-44.2633335442177,62.4273628840133
-44.2633335442177,62.4581005889314
-44.2633335442177,62.4888382938494
-44.2633335442177,62.5195759987674
-44.2633335442177,62.5503137036854
-44.2633335442177,62.5810514086035
-44.2633335442177,62.6117891135215
-44.2633335442177,62.6425268184395
-44.2633335442177,62.6732645233575
-44.2633335442177,62.7040022282755
-44.2633335442177,62.7347399331936
-44.2633335442177,62.7654776381116
-44.2633335442177,62.7962153430296
-44.2633335442177,62.8269530479476
-44.2633335442177,62.8576907528657
-44.2633335442177,62.8884284577837
-44.2633335442177,62.9191661627017
-44.2633335442177,62.9499038676197
-44.2633335442177,62.9806415725378
-44.2633335442177,63.0113792774558
-44.2633335442177,63.0421169823738
-44.2633335442177,63.0728546872918
-44.2633335442177,63.1035923922099
-44.2633335442177,63.1343300971279
-44.2633335442177,63.1650678020459
-44.2633335442177,63.1958055069639
-44.2633335442177,63.226543211882
-44.2633335442177,63.2572809168
-44.2633335442177,63.288018621718
-44.2633335442177,63.318756326636
-44.2633335442177,63.3494940315541
-44.2633335442177,63.3802317364721
-44.2633335442177,63.4109694413901
-44.2633335442177,63.4417071463081
-44.2633335442177,63.4724448512262
-44.2633335442177,63.5031825561442
-44.2633335442177,63.5339202610622
-44.2633335442177,63.5646579659802
-44.2633335442177,63.5953956708983
-44.2633335442177,63.6261333758163
-44.2633335442177,63.6568710807343
-44.2633335442177,63.6876087856523
-44.2633335442177,63.7183464905704
-44.2633335442177,63.7490841954884
-44.2633335442177,63.7798219004064
-44.2633335442177,63.8105596053244
-44.2633335442177,63.8412973102425
-44.2633335442177,63.8720350151605
-44.2633335442177,63.9027727200785
-44.2633335442177,63.9335104249965
-44.2633335442177,63.9642481299146
-44.2633335442177,63.9949858348326
-44.2633335442177,64.0257235397506
-44.2633335442177,64.0564612446686
-44.2633335442177,64.0871989495867
-44.2633335442177,64.1179366545047
-44.2633335442177,64.1486743594227
-44.2633335442177,64.1794120643407
-44.2633335442177,64.2101497692588
-44.2633335442177,64.2408874741768
-44.2633335442177,64.2716251790948
-44.2633335442177,64.3023628840128
-44.2633335442177,64.3331005889309
-44.2633335442177,64.3638382938489
-44.2633335442177,64.3945759987669
-44.2633335442177,64.4253137036849
-44.2633335442177,64.456051408603
-44.2633335442177,64.486789113521
-44.2633335442177,64.517526818439
-44.2633335442177,64.548264523357
-44.2633335442177,64.5790022282751
-44.2633335442177,64.6097399331931
-44.2633335442177,64.6404776381111
-44.2633335442177,64.6712153430291
-44.2633335442177,64.7019530479472
-44.2633335442177,64.7326907528652
-44.2633335442177,64.7634284577832
-44.2633335442177,64.7941661627012
-44.2633335442177,64.8249038676193
-44.2633335442177,64.8556415725373
-44.2633335442177,64.8863792774553
-44.2633335442177,64.9171169823733
-44.2633335442177,64.9478546872914
-44.2633335442177,64.9785923922094
-44.2633335442177,65.0093300971274
-44.2633335442177,65.0400678020454
-44.2633335442177,65.0708055069635
-44.2633335442177,65.1015432118815
-44.2633335442177,65.1322809167995
-44.2633335442177,65.1630186217175
-44.2633335442177,65.1937563266356
-44.2633335442177,65.2244940315536
-44.2633335442177,65.2552317364716
-44.2633335442177,65.2859694413896
-44.2633335442177,65.3167071463076
-44.2633335442177,65.3474448512257
-44.2633335442177,65.3781825561437
-44.2633335442177,65.4089202610617
-44.2633335442177,65.4396579659797
-44.2633335442177,65.4703956708978
-44.2633335442177,65.5011333758158
-44.2633335442177,65.5318710807338
-44.2633335442177,65.5626087856518
-44.2633335442177,65.5933464905699
-44.2633335442177,65.6240841954879
-44.2633335442177,65.6548219004059
-44.2633335442177,65.6855596053239
-44.2633335442177,65.716297310242
-44.2633335442177,65.74703501516
-44.2633335442177,65.777772720078
-44.2633335442177,65.808510424996
-44.2633335442177,65.8392481299141
-44.2633335442177,65.8699858348321
-44.2633335442177,65.9007235397501
-44.2633335442177,65.9314612446681
-44.2633335442177,65.9621989495862
-44.2633335442177,65.9929366545042
-44.2633335442177,66.0236743594222
-44.2633335442177,66.0544120643402
-44.2633335442177,66.0851497692583
-44.2633335442177,66.1158874741763
-44.2633335442177,66.1466251790943
-44.2633335442177,66.1773628840123
-44.2633335442177,66.2081005889304
-44.2633335442177,66.2388382938484
-44.2633335442177,66.2695759987664
-44.2633335442177,66.3003137036844
-44.2633335442177,66.3310514086025
-44.2633335442177,66.3617891135205
-44.2633335442177,66.3925268184385
-44.2633335442177,66.4232645233565
-44.2633335442177,66.4540022282746
-44.2633335442177,66.4847399331926
-44.2633335442177,66.5154776381106
-44.2633335442177,66.5462153430286
-44.2633335442177,66.5769530479467
-44.2633335442177,66.6076907528647
-44.2633335442177,66.6384284577827
-44.2633335442177,66.6691661627007
-44.2633335442177,66.6999038676188
-44.2633335442177,66.7306415725368
-44.2633335442177,66.7613792774548
-44.2633335442177,66.7921169823728
-44.2633335442177,66.8228546872909
-44.2633335442177,66.8535923922089
-44.2633335442177,66.8843300971269
-44.2633335442177,66.9150678020449
-44.2633335442177,66.945805506963
-44.2633335442177,66.976543211881
-44.2633335442177,67.007280916799
-44.2633335442177,67.038018621717
-44.2633335442177,67.0687563266351
-44.2633335442177,67.0994940315531
-44.2633335442177,67.1302317364711
-44.2633335442177,67.1609694413891
-44.2633335442177,67.1917071463072
-44.2633335442177,67.2224448512252
-44.2633335442177,67.2531825561432
-44.2633335442177,67.2839202610612
-44.2633335442177,67.3146579659793
-44.2633335442177,67.3453956708973
-44.2633335442177,67.3761333758153
-44.2633335442177,67.4068710807333
-44.2633335442177,67.4376087856513
-44.2633335442177,67.4683464905694
-44.2633335442177,67.4990841954874
-44.2633335442177,67.5298219004054
-44.2633335442177,67.5605596053234
-44.2633335442177,67.5912973102415
-44.2633335442177,67.6220350151595
-44.2633335442177,67.6527727200775
-44.2633335442177,67.6835104249955
-44.2633335442177,67.7142481299136
-44.2633335442177,67.7449858348316
-44.2633335442177,67.7757235397496
-44.2633335442177,67.8064612446676
-44.2633335442177,67.8371989495857
-44.2633335442177,67.8679366545037
-44.2633335442177,67.8986743594217
-44.2633335442177,67.9294120643397
-44.2633335442177,67.9601497692578
-44.2633335442177,67.9908874741758
-44.2633335442177,68.0216251790938
-44.2633335442177,68.0523628840118
-44.2633335442177,68.0831005889299
-44.2633335442177,68.1138382938479
-44.2633335442177,68.1445759987659
-44.2633335442177,68.1753137036839
-44.2633335442177,68.206051408602
-44.2633335442177,68.23678911352
-44.2633335442177,68.267526818438
-44.2633335442177,68.298264523356
-44.2633335442177,68.3290022282741
-44.2633335442177,68.3597399331921
-44.2633335442177,68.3904776381101
-44.2633335442177,68.4212153430281
-44.2633335442177,68.4519530479462
-44.2633335442177,68.4826907528642
-44.2633335442177,68.5134284577822
-44.2633335442177,68.5441661627002
-44.2633335442177,68.5749038676183
-44.2633335442177,68.6056415725363
-44.2633335442177,68.6363792774543
-44.2633335442177,68.6671169823723
-44.2633335442177,68.6978546872904
-44.2633335442177,68.7285923922084
-44.2633335442177,68.7593300971264
-44.2633335442177,68.7900678020444
-44.2633335442177,68.8208055069625
-44.2633335442177,68.8515432118805
-44.2633335442177,68.8822809167985
-44.2633335442177,68.9130186217165
-44.2633335442177,68.9437563266346
-44.2633335442177,68.9744940315526
-44.2633335442177,69.0052317364706
-44.2633335442177,69.0359694413886
-44.2633335442177,69.0667071463067
-44.2633335442177,69.0974448512247
-44.2633335442177,69.1281825561427
-44.2633335442177,69.1589202610607
-44.2633335442177,69.1896579659788
-44.2633335442177,69.2203956708968
-44.2633335442177,69.2511333758148
-44.2633335442177,69.2818710807328
-44.2633335442177,69.3126087856509
-44.2633335442177,69.3433464905689
-44.2633335442177,69.3740841954869
-44.2633335442177,69.4048219004049
-44.2633335442177,69.435559605323
-44.2633335442177,69.466297310241
-44.2633335442177,69.497035015159
-44.2633335442177,69.527772720077
-44.2633335442177,69.558510424995
-44.2633335442177,69.5892481299131
-44.2633335442177,69.6199858348311
-44.2633335442177,69.6507235397491
-44.2633335442177,69.6814612446671
-44.2633335442177,69.7121989495852
-44.2633335442177,69.7429366545032
-44.2633335442177,69.7736743594212
-44.2633335442177,69.8044120643392
-44.2633335442177,69.8351497692573
-44.2633335442177,69.8658874741753
-44.2633335442177,69.8966251790933
-44.2633335442177,69.9273628840113
-44.2633335442177,69.9581005889294
-44.2633335442177,69.9888382938474
-44.2633335442177,70.0195759987654
-44.2633335442177,70.0503137036834
-44.2633335442177,70.0810514086015
-44.2633335442177,70.1117891135195
-44.2633335442177,70.1425268184375
-44.2633335442177,70.1732645233555
-44.2633335442177,70.2040022282736
-44.2633335442177,70.2347399331916
-44.2633335442177,70.2654776381096
-44.2633335442177,70.2962153430276
-44.2633335442177,70.3269530479457
-44.2633335442177,70.3576907528637
-44.2633335442177,70.3884284577817
-44.2633335442177,70.4191661626997
-44.2633335442177,70.4499038676178
-44.2633335442177,70.4806415725358
-44.2633335442177,70.5113792774538
-44.2633335442177,70.5421169823718
-44.2633335442177,70.5728546872899
-44.2633335442177,70.6035923922079
-44.2633335442177,70.6343300971259
-44.2633335442177,70.6650678020439
-44.2633335442177,70.695805506962
-44.2633335442177,70.72654321188
-44.2633335442177,70.757280916798
-44.2633335442177,70.788018621716
-44.2633335442177,70.8187563266341
-44.2633335442177,70.8494940315521
-44.2633335442177,70.8802317364701
-44.2633335442177,70.9109694413881
-44.2633335442177,70.9417071463062
-44.2633335442177,70.9724448512242
-44.2633335442177,71.0031825561422
-44.2633335442177,71.0339202610602
-44.2633335442177,71.0646579659783
-44.2633335442177,71.0953956708963
-44.2633335442177,71.1261333758143
-44.2633335442177,71.1568710807323
-44.2633335442177,71.1876087856504
-44.2633335442177,71.2183464905684
-44.2633335442177,71.2490841954864
-44.2633335442177,71.2798219004044
-44.2633335442177,71.3105596053225
-44.2633335442177,71.3412973102405
-44.2633335442177,71.3720350151585
-44.2633335442177,71.4027727200765
-44.2633335442177,71.4335104249946
-44.2633335442177,71.4642481299126
-44.2633335442177,71.4949858348306
-44.2633335442177,71.5257235397486
-44.2633335442177,71.5564612446667
-44.2633335442177,71.5871989495847
-44.2633335442177,71.6179366545027
-44.2633335442177,71.6486743594207
-44.2633335442177,71.6794120643387
-44.2633335442177,71.7101497692568
-44.2633335442177,71.7408874741748
-44.2633335442177,71.7716251790928
-44.2633335442177,71.8023628840108
-44.2633335442177,71.8331005889289
-44.2633335442177,71.8638382938469
-44.2633335442177,71.8945759987649
-44.2633335442177,71.9253137036829
-44.2633335442177,71.956051408601
-44.2633335442177,71.986789113519
-44.2633335442177,72.017526818437
-44.2633335442177,72.048264523355
-44.2633335442177,72.0790022282731
-44.2633335442177,72.1097399331911
-44.2633335442177,72.1404776381091
-44.2633335442177,72.1712153430271
-44.2633335442177,72.2019530479452
-44.2633335442177,72.2326907528632
-44.2633335442177,72.2634284577812
-44.2633335442177,72.2941661626992
-44.2633335442177,72.3249038676173
-44.2633335442177,72.3556415725353
-44.2633335442177,72.3863792774533
-44.2633335442177,72.4171169823713
-44.2633335442177,72.4478546872894
-44.2633335442177,72.4785923922074
-44.2633335442177,72.5093300971254
-44.2633335442177,72.5400678020434
-44.2633335442177,72.5708055069615
-44.2633335442177,72.6015432118795
-44.2633335442177,72.6322809167975
-44.2633335442177,72.6630186217155
-44.2633335442177,72.6937563266336
-44.2633335442177,72.7244940315516
-44.2633335442177,72.7552317364696
-44.2633335442177,72.7859694413876
-44.2633335442177,72.8167071463057
-44.2633335442177,72.8474448512237
-44.2633335442177,72.8781825561417
-44.2633335442177,72.9089202610597
-44.2633335442177,72.9396579659778
-44.2633335442177,72.9703956708958
-44.2633335442177,73.0011333758138
-44.2633335442177,73.0318710807318
-44.2633335442177,73.0626087856499
-44.2633335442177,73.0933464905679
-44.2633335442177,73.1240841954859
-44.2633335442177,73.1548219004039
-44.2633335442177,73.185559605322
-44.2633335442177,73.21629731024
-44.2633335442177,73.247035015158
-44.2633335442177,73.277772720076
-44.2633335442177,73.3085104249941
-44.2633335442177,73.3392481299121
-44.2633335442177,73.3699858348301
-44.2633335442177,73.4007235397481
-44.2633335442177,73.4314612446662
-44.2633335442177,73.4621989495842
-44.2633335442177,73.4929366545022
-44.2633335442177,73.5236743594202
-44.2633335442177,73.5544120643383
-44.2633335442177,73.5851497692563
-44.2633335442177,73.6158874741743
-44.2633335442177,73.6466251790923
-44.2633335442177,73.6773628840103
-44.2633335442177,73.7081005889284
-44.2633335442177,73.7388382938464
-44.2633335442177,73.7695759987644
-44.2633335442177,73.8003137036824
-44.2633335442177,73.8310514086005
-44.2633335442177,73.8617891135185
-44.2633335442177,73.8925268184365
-44.2633335442177,73.9232645233545
-44.2633335442177,73.9540022282726
-44.2633335442177,73.9847399331906
-44.2633335442177,74.0154776381086
-44.2633335442177,74.0462153430266
-44.2633335442177,74.0769530479447
-44.2633335442177,74.1076907528627
-44.2633335442177,74.1384284577807
-44.2633335442177,74.1691661626987
-44.2633335442177,74.1999038676168
-44.2633335442177,74.2306415725348
-44.2633335442177,74.2613792774528
-44.2633335442177,74.2921169823708
-44.2633335442177,74.3228546872889
-44.2633335442177,74.3535923922069
-44.2633335442177,74.3843300971249
-44.2633335442177,74.4150678020429
-44.2633335442177,74.445805506961
-44.2633335442177,74.476543211879
-44.2633335442177,74.507280916797
-44.2633335442177,74.538018621715
-44.2633335442177,74.5687563266331
-44.2633335442177,74.5994940315511
-44.2633335442177,74.6302317364691
-44.2633335442177,74.6609694413871
-44.2633335442177,74.6917071463052
-44.2633335442177,74.7224448512232
-44.2633335442177,74.7531825561412
-44.2633335442177,74.7839202610592
-44.2633335442177,74.8146579659773
-44.2633335442177,74.8453956708953
-44.2633335442177,74.8761333758133
-44.2633335442177,74.9068710807313
-44.2633335442177,74.9376087856494
-44.2633335442177,74.9683464905674
-44.2633335442177,74.9990841954854
-44.2633335442177,75.0298219004034
-44.2633335442177,75.0605596053215
-44.2633335442177,75.0912973102395
-44.2633335442177,75.1220350151575
-44.2633335442177,75.1527727200755
-44.2633335442177,75.1835104249936
-44.2633335442177,75.2142481299116
-44.2633335442177,75.2449858348296
-44.2633335442177,75.2757235397476
-44.2633335442177,75.3064612446657
-44.2633335442177,75.3371989495837
-44.2633335442177,75.3679366545017
-44.2633335442177,75.3986743594197
-44.2633335442177,75.4294120643378
-44.2633335442177,75.4601497692558
-44.2633335442177,75.4908874741738
-44.2633335442177,75.5216251790918
-44.2633335442177,75.5523628840099
-44.2633335442177,75.5831005889279
-44.2633335442177,75.6138382938459
-44.2633335442177,75.6445759987639
-44.2633335442177,75.675313703682
-44.2633335442177,75.7060514086
-44.2633335442177,75.736789113518
-44.2633335442177,75.767526818436
-44.2633335442177,75.798264523354
-44.2633335442177,75.8290022282721
-44.2633335442177,75.8597399331901
-44.2633335442177,75.8904776381081
-44.2633335442177,75.9212153430261
-44.2633335442177,75.9519530479442
-44.2633335442177,75.9826907528622
-44.2633335442177,76.0134284577802
-44.2633335442177,76.0441661626982
-44.2633335442177,76.0749038676163
-44.2633335442177,76.1056415725343
-44.2633335442177,76.1363792774523
-44.2633335442177,76.1671169823703
-44.2633335442177,76.1978546872884
-44.2633335442177,76.2285923922064
-44.2633335442177,76.2593300971244
-44.2633335442177,76.2900678020424
-44.2633335442177,76.3208055069605
-44.2633335442177,76.3515432118785
-44.2633335442177,76.3822809167965
-44.2633335442177,76.4130186217145
-44.2633335442177,76.4437563266326
-44.2633335442177,76.4744940315506
-44.2633335442177,76.5052317364686
-44.2633335442177,76.5359694413866
-44.2633335442177,76.5667071463047
-44.2633335442177,76.5974448512227
-44.2633335442177,76.6281825561407
-44.2633335442177,76.6589202610587
-44.2633335442177,76.6896579659768
-44.2633335442177,76.7203956708948
-44.2633335442177,76.7511333758128
-44.2633335442177,76.7818710807308
-44.2633335442177,76.8126087856489
-44.2633335442177,76.8433464905669
-44.2633335442177,76.8740841954849
-44.2633335442177,76.9048219004029
-44.2633335442177,76.935559605321
-44.2633335442177,76.966297310239
-44.2633335442177,76.997035015157
-44.2633335442177,77.027772720075
-44.2633335442177,77.0585104249931
-44.2633335442177,77.0892481299111
-44.2633335442177,77.1199858348291
-44.2633335442177,77.1507235397471
-44.2633335442177,77.1814612446652
-44.2633335442177,77.2121989495832
-44.2633335442177,77.2429366545012
-44.2633335442177,77.2736743594192
-44.2633335442177,77.3044120643373
-44.2633335442177,77.3351497692553
-44.2633335442177,77.3658874741733
-44.2633335442177,77.3966251790913
-44.2633335442177,77.4273628840094
-44.2633335442177,77.4581005889274
-44.2633335442177,77.4888382938454
-44.2633335442177,77.5195759987634
-44.2633335442177,77.5503137036815
-44.2633335442177,77.5810514085995
-44.2633335442177,77.6117891135175
-44.2633335442177,77.6425268184355
-44.2633335442177,77.6732645233536
-44.2633335442177,77.7040022282716
-44.2633335442177,77.7347399331896
-44.2633335442177,77.7654776381076
-44.2633335442177,77.7962153430257
-44.2633335442177,77.8269530479437
-44.2633335442177,77.8576907528617
-44.2633335442177,77.8884284577797
-44.2633335442177,77.9191661626977
-44.2633335442177,77.9499038676158
-44.2633335442177,77.9806415725338
-44.2633335442177,78.0113792774518
-44.2633335442177,78.0421169823698
-44.2633335442177,78.0728546872879
-44.2633335442177,78.1035923922059
-44.2633335442177,78.1343300971239
-44.2633335442177,78.1650678020419
-44.2633335442177,78.19580550696
-44.2633335442177,78.226543211878
-44.2633335442177,78.257280916796
-44.2633335442177,78.288018621714
-44.2633335442177,78.3187563266321
-44.2633335442177,78.3494940315501
-44.2633335442177,78.3802317364681
-44.2633335442177,78.4109694413861
-44.2633335442177,78.4417071463042
-44.2633335442177,78.4724448512222
-44.2633335442177,78.5031825561402
-44.2633335442177,78.5339202610582
-44.2633335442177,78.5646579659763
-44.2633335442177,78.5953956708943
-44.2633335442177,78.6261333758123
-44.2633335442177,78.6568710807303
-44.2633335442177,78.6876087856484
-44.2633335442177,78.7183464905664
-44.2633335442177,78.7490841954844
-44.2633335442177,78.7798219004024
-44.2633335442177,78.8105596053205
-44.2633335442177,78.8412973102385
-44.2633335442177,78.8720350151565
-44.2633335442177,78.9027727200745
-44.2633335442177,78.9335104249926
-44.2633335442177,78.9642481299106
-44.2633335442177,78.9949858348286
-44.2633335442177,79.0257235397466
-44.2633335442177,79.0564612446647
-44.2633335442177,79.0871989495827
-44.2633335442177,79.1179366545007
-44.2633335442177,79.1486743594187
-44.2633335442177,79.1794120643368
-44.2633335442177,79.2101497692548
-44.2633335442177,79.2408874741728
-44.2633335442177,79.2716251790908
-44.2633335442177,79.3023628840089
-44.2633335442177,79.3331005889269
-44.2633335442177,79.3638382938449
-44.2633335442177,79.3945759987629
-44.2633335442177,79.425313703681
-44.2633335442177,79.456051408599
-44.2633335442177,79.486789113517
-44.2633335442177,79.517526818435
-44.2633335442177,79.5482645233531
-44.2633335442177,79.5790022282711
-44.2633335442177,79.6097399331891
-44.2633335442177,79.6404776381071
-44.2633335442177,79.6712153430252
-44.2633335442177,79.7019530479432
-44.2633335442177,79.7326907528612
-44.2633335442177,79.7634284577792
-44.2633335442177,79.7941661626973
-44.2633335442177,79.8249038676153
-44.2633335442177,79.8556415725333
-44.2633335442177,79.8863792774513
-44.2633335442177,79.9171169823694
-44.2633335442177,79.9478546872874
-44.2633335442177,79.9785923922054
-44.2633335442177,80.0093300971234
-44.2633335442177,80.0400678020414
-44.2633335442177,80.0708055069595
-44.2633335442177,80.1015432118775
-44.2633335442177,80.1322809167955
-44.2633335442177,80.1630186217135
-44.2633335442177,80.1937563266316
-44.2633335442177,80.2244940315496
-44.2633335442177,80.2552317364676
-44.2633335442177,80.2859694413856
-44.2633335442177,80.3167071463037
-44.2633335442177,80.3474448512217
-44.2633335442177,80.3781825561397
-44.2633335442177,80.4089202610577
-44.2633335442177,80.4396579659758
-44.2633335442177,80.4703956708938
-44.2633335442177,80.5011333758118
-44.2633335442177,80.5318710807298
-44.2633335442177,80.5626087856479
-44.2633335442177,80.5933464905659
-44.2633335442177,80.6240841954839
-44.2633335442177,80.6548219004019
-44.2633335442177,80.68555960532
-44.2633335442177,80.716297310238
-44.2633335442177,80.747035015156
-44.2633335442177,80.777772720074
-44.2633335442177,80.8085104249921
-44.2633335442177,80.8392481299101
-44.2633335442177,80.8699858348281
-44.2633335442177,80.9007235397461
-44.2633335442177,80.9314612446642
-44.2633335442177,80.9621989495822
-44.2633335442177,80.9929366545002
-44.2633335442177,81.0236743594182
-44.2633335442177,81.0544120643363
-44.2633335442177,81.0851497692543
-44.2633335442177,81.1158874741723
-44.2633335442177,81.1466251790903
-44.2633335442177,81.1773628840084
-44.2633335442177,81.2081005889264
-44.2633335442177,81.2388382938444
-44.2633335442177,81.2695759987624
-44.2633335442177,81.3003137036805
-44.2633335442177,81.3310514085985
-44.2633335442177,81.3617891135165
-44.2633335442177,81.3925268184345
-44.2633335442177,81.4232645233526
-44.2633335442177,81.4540022282706
-44.2633335442177,81.4847399331886
-44.2633335442177,81.5154776381066
-44.2633335442177,81.5462153430247
-44.2633335442177,81.5769530479427
-44.2633335442177,81.6076907528607
-44.2633335442177,81.6384284577787
-44.2633335442177,81.6691661626968
-44.2633335442177,81.6999038676148
-44.2633335442177,81.7306415725328
-44.2633335442177,81.7613792774508
-44.2633335442177,81.7921169823689
-44.2633335442177,81.8228546872869
-44.2633335442177,81.8535923922049
-44.2633335442177,81.8843300971229
-44.2633335442177,81.915067802041
-44.2633335442177,81.945805506959
-44.2633335442177,81.976543211877
-44.2633335442177,82.007280916795
-44.2633335442177,82.0380186217131
-44.2633335442177,82.0687563266311
-44.2633335442177,82.0994940315491
-44.2633335442177,82.1302317364671
-44.2633335442177,82.1609694413851
-44.2633335442177,82.1917071463032
-44.2633335442177,82.2224448512212
-44.2633335442177,82.2531825561392
-44.2633335442177,82.2839202610572
-44.2633335442177,82.3146579659753
-44.2633335442177,82.3453956708933
-44.2633335442177,82.3761333758113
-44.2633335442177,82.4068710807293
-44.2633335442177,82.4376087856474
-44.2633335442177,82.4683464905654
-44.2633335442177,82.4990841954834
-44.2633335442177,82.5298219004014
-44.2633335442177,82.5605596053195
-44.2633335442177,82.5912973102375
-44.2633335442177,82.6220350151555
-44.2633335442177,82.6527727200735
-44.2633335442177,82.6835104249916
-44.2633335442177,82.7142481299096
-44.2633335442177,82.7449858348276
-44.2633335442177,82.7757235397456
-44.2633335442177,82.8064612446637
-44.2633335442177,82.8371989495817
-44.2633335442177,82.8679366544997
-44.2633335442177,82.8986743594177
-44.2633335442177,82.9294120643358
-44.2633335442177,82.9601497692538
-44.2633335442177,82.9908874741718
-44.2633335442177,83.0216251790898
-44.2633335442177,83.0523628840079
-44.2633335442177,83.0831005889259
-44.2633335442177,83.1138382938439
-44.2633335442177,83.1445759987619
-44.2633335442177,83.17531370368
-44.2633335442177,83.206051408598
-44.2633335442177,83.236789113516
-44.2633335442177,83.267526818434
-44.2633335442177,83.2982645233521
-44.2633335442177,83.3290022282701
-44.2633335442177,83.3597399331881
-44.2633335442177,83.3904776381061
-44.2633335442177,83.4212153430242
-44.2633335442177,83.4519530479422
-44.2633335442177,83.4826907528602
-44.2633335442177,83.5134284577782
-44.2633335442177,83.5441661626963
-44.2633335442177,83.5749038676143
-44.2633335442177,83.6056415725323
-44.2633335442177,83.6363792774503
-44.2633335442177,83.6671169823684
-44.2633335442177,83.6978546872864
-44.2633335442177,83.7285923922044
-44.2633335442177,83.7593300971224
-44.2633335442177,83.7900678020405
-44.2633335442177,83.8208055069585
-44.2633335442177,83.8515432118765
-44.2633335442177,83.8822809167945
-44.2633335442177,83.9130186217126
-44.2633335442177,83.9437563266306
-44.2633335442177,83.9744940315486
-44.2633335442177,84.0052317364666
-44.2633335442177,84.0359694413847
-44.2633335442177,84.0667071463027
-44.2633335442177,84.0974448512207
-44.2633335442177,84.1281825561387
-44.2633335442177,84.1589202610567
-44.2633335442177,84.1896579659748
-44.2633335442177,84.2203956708928
-44.2633335442177,84.2511333758108
-44.2633335442177,84.2818710807288
-44.2633335442177,84.3126087856469
-44.2633335442177,84.3433464905649
-44.2633335442177,84.3740841954829
-44.2633335442177,84.4048219004009
-44.2633335442177,84.435559605319
-44.2633335442177,84.466297310237
-44.2633335442177,84.497035015155
-44.2633335442177,84.527772720073
-44.2633335442177,84.5585104249911
-44.2633335442177,84.5892481299091
-44.2633335442177,84.6199858348271
-44.2633335442177,84.6507235397451
-44.2633335442177,84.6814612446632
-44.2633335442177,84.7121989495812
-44.2633335442177,84.7429366544992
-44.2633335442177,84.7736743594172
-44.2633335442177,84.8044120643353
-44.2633335442177,84.8351497692533
-44.2633335442177,84.8658874741713
-44.2633335442177,84.8966251790893
-44.2633335442177,84.9273628840074
-44.2633335442177,84.9581005889254
-44.2633335442177,84.9888382938434
-44.2633335442177,85.0195759987614
-44.2633335442177,85.0503137036795
-44.2633335442177,85.0810514085975
-44.2633335442177,85.1117891135155
-44.2633335442177,85.1425268184335
-44.2633335442177,85.1732645233516
-44.2633335442177,85.2040022282696
-44.2633335442177,85.2347399331876
-44.2633335442177,85.2654776381056
-44.2633335442177,85.2962153430237
-44.2633335442177,85.3269530479417
-44.2633335442177,85.3576907528597
-44.2633335442177,85.3884284577777
-44.2633335442177,85.4191661626958
-44.2633335442177,85.4499038676138
-44.2633335442177,85.4806415725318
-44.2633335442177,85.5113792774498
-44.2633335442177,85.5421169823679
-44.2633335442177,85.5728546872859
-44.2633335442177,85.6035923922039
-44.2633335442177,85.6343300971219
-44.2633335442177,85.66506780204
-44.2633335442177,85.695805506958
-44.2633335442177,85.726543211876
-44.2633335442177,85.757280916794
-44.2633335442177,85.7880186217121
-44.2633335442177,85.8187563266301
-44.2633335442177,85.8494940315481
-44.2633335442177,85.8802317364661
-44.2633335442177,85.9109694413842
-44.2633335442177,85.9417071463022
-44.2633335442177,85.9724448512202
-44.2633335442177,86.0031825561382
-44.2633335442177,86.0339202610563
-44.2633335442177,86.0646579659743
-44.2633335442177,86.0953956708923
-44.2633335442177,86.1261333758103
-44.2633335442177,86.1568710807284
-44.2633335442177,86.1876087856464
-44.2633335442177,86.2183464905644
-44.2633335442177,86.2490841954824
-44.2633335442177,86.2798219004004
-44.2633335442177,86.3105596053185
-44.2633335442177,86.3412973102365
-44.2633335442177,86.3720350151545
-44.2633335442177,86.4027727200725
-44.2633335442177,86.4335104249906
-44.2633335442177,86.4642481299086
-44.2633335442177,86.4949858348266
-44.2633335442177,86.5257235397446
-44.2633335442177,86.5564612446627
-44.2633335442177,86.5871989495807
-44.2633335442177,86.6179366544987
-44.2633335442177,86.6486743594167
-44.2633335442177,86.6794120643348
-44.2633335442177,86.7101497692528
-44.2633335442177,86.7408874741708
-44.2633335442177,86.7716251790888
-44.2633335442177,86.8023628840069
-44.2633335442177,86.8331005889249
-44.2633335442177,86.8638382938429
-44.2633335442177,86.8945759987609
-44.2633335442177,86.925313703679
-44.2633335442177,86.956051408597
-44.2633335442177,86.986789113515
-44.2633335442177,87.017526818433
-44.2633335442177,87.0482645233511
-44.2633335442177,87.0790022282691
-44.2633335442177,87.1097399331871
-44.2633335442177,87.1404776381051
-44.2633335442177,87.1712153430232
-44.2633335442177,87.2019530479412
-44.2633335442177,87.2326907528592
-44.2633335442177,87.2634284577772
-44.2633335442177,87.2941661626953
-44.2633335442177,87.3249038676133
-44.2633335442177,87.3556415725313
-44.2633335442177,87.3863792774493
-44.2633335442177,87.4171169823674
-44.2633335442177,87.4478546872854
-44.2633335442177,87.4785923922034
-44.2633335442177,87.5093300971214
-44.2633335442177,87.5400678020395
-44.2633335442177,87.5708055069575
-44.2633335442177,87.6015432118755
-44.2633335442177,87.6322809167935
-44.2633335442177,87.6630186217116
-44.2633335442177,87.6937563266296
-44.2633335442177,87.7244940315476
-44.2633335442177,87.7552317364656
-44.2633335442177,87.7859694413837
-44.2633335442177,87.8167071463017
-44.2633335442177,87.8474448512197
-44.2633335442177,87.8781825561377
-44.2633335442177,87.9089202610558
-44.2633335442177,87.9396579659738
-44.2633335442177,87.9703956708918
-44.2633335442177,88.0011333758098
-44.2633335442177,88.0318710807279
-44.2633335442177,88.0626087856459
-44.2633335442177,88.0933464905639
-44.2633335442177,88.1240841954819
-44.2633335442177,88.1548219004
-44.2633335442177,88.185559605318
-44.2633335442177,88.216297310236
-44.2633335442177,88.247035015154
-44.2633335442177,88.2777727200721
-44.2633335442177,88.3085104249901
-44.2633335442177,88.3392481299081
-44.2633335442177,88.3699858348261
-44.2633335442177,88.4007235397441
-44.2633335442177,88.4314612446622
-44.2633335442177,88.4621989495802
-44.2633335442177,88.4929366544982
-44.2633335442177,88.5236743594162
-44.2633335442177,88.5544120643343
-44.2633335442177,88.5851497692523
-44.2633335442177,88.6158874741703
-44.2633335442177,88.6466251790883
-44.2633335442177,88.6773628840064
-44.2633335442177,88.7081005889244
-44.2633335442177,88.7388382938424
-44.2633335442177,88.7695759987604
-44.2633335442177,88.8003137036785
-44.2633335442177,88.8310514085965
-44.2633335442177,88.8617891135145
-44.2633335442177,88.8925268184325
-44.2633335442177,88.9232645233506
-44.2633335442177,88.9540022282686
-44.2633335442177,88.9847399331866
-44.2633335442177,89.0154776381046
-44.2633335442177,89.0462153430227
-44.2633335442177,89.0769530479407
-44.2633335442177,89.1076907528587
-44.2633335442177,89.1384284577767
-44.2633335442177,89.1691661626948
-44.2633335442177,89.1999038676128
-44.2633335442177,89.2306415725308
-44.2633335442177,89.2613792774488
-44.2633335442177,89.2921169823669
-44.2633335442177,89.3228546872849
-44.2633335442177,89.3535923922029
-44.2633335442177,89.3843300971209
-44.2633335442177,89.415067802039
-44.2633335442177,89.445805506957
-44.2633335442177,89.476543211875
-44.2633335442177,89.507280916793
-44.2633335442177,89.5380186217111
-44.2633335442177,89.5687563266291
-44.2633335442177,89.5994940315471
-44.2633335442177,89.6302317364651
-44.2633335442177,89.6609694413832
-44.2633335442177,89.6917071463012
-44.2633335442177,89.7224448512192
-44.2633335442177,89.7531825561372
-44.2633335442177,89.7839202610553
-44.2633335442177,89.8146579659733
-44.2633335442177,89.8453956708913
-44.2633335442177,89.8761333758093
-44.2633335442177,89.9068710807274
-44.2633335442177,89.9376087856454
-44.2633335442177,89.9683464905634
-44.2633335442177,89.9990841954814
-44.2633335442177,90.0298219003995
-44.2633335442177,90.0605596053175
-44.2633335442177,90.0912973102355
-44.2633335442177,90.1220350151535
-44.2633335442177,90.1527727200716
-44.2633335442177,90.1835104249896
-44.2633335442177,90.2142481299076
-44.2633335442177,90.2449858348256
-44.2633335442177,90.2757235397437
-44.2633335442177,90.3064612446617
-44.2633335442177,90.3371989495797
-44.2633335442177,90.3679366544977
-44.2633335442177,90.3986743594158
-44.2633335442177,90.4294120643338
-44.2633335442177,90.4601497692518
-44.2633335442177,90.4908874741698
-44.2633335442177,90.5216251790878
-44.2633335442177,90.5523628840059
-44.2633335442177,90.5831005889239
-44.2633335442177,90.6138382938419
-44.2633335442177,90.6445759987599
-44.2633335442177,90.675313703678
-44.2633335442177,90.706051408596
-44.2633335442177,90.736789113514
-44.2633335442177,90.767526818432
-44.2633335442177,90.7982645233501
-44.2633335442177,90.8290022282681
-44.2633335442177,90.8597399331861
-44.2633335442177,90.8904776381041
-44.2633335442177,90.9212153430222
-44.2633335442177,90.9519530479402
-44.2633335442177,90.9826907528582
-44.2633335442177,91.0134284577762
-44.2633335442177,91.0441661626943
-44.2633335442177,91.0749038676123
-44.2633335442177,91.1056415725303
-44.2633335442177,91.1363792774483
-44.2633335442177,91.1671169823664
-44.2633335442177,91.1978546872844
-44.2633335442177,91.2285923922024
-44.2633335442177,91.2593300971204
-44.2633335442177,91.2900678020385
-44.2633335442177,91.3208055069565
-44.2633335442177,91.3515432118745
-44.2633335442177,91.3822809167925
-44.2633335442177,91.4130186217106
-44.2633335442177,91.4437563266286
-44.2633335442177,91.4744940315466
-44.2633335442177,91.5052317364646
-44.2633335442177,91.5359694413827
-44.2633335442177,91.5667071463007
-44.2633335442177,91.5974448512187
-44.2633335442177,91.6281825561367
-44.2633335442177,91.6589202610548
-44.2633335442177,91.6896579659728
-44.2633335442177,91.7203956708908
-44.2633335442177,91.7511333758088
-44.2633335442177,91.7818710807269
-44.2633335442177,91.8126087856449
-44.2633335442177,91.8433464905629
-44.2633335442177,91.8740841954809
-44.2633335442177,91.904821900399
-44.2633335442177,91.935559605317
-44.2633335442177,91.966297310235
-44.2633335442177,91.997035015153
-44.2633335442177,92.0277727200711
-44.2633335442177,92.0585104249891
-44.2633335442177,92.0892481299071
-44.2633335442177,92.1199858348251
-44.2633335442177,92.1507235397432
-44.2633335442177,92.1814612446612
-44.2633335442177,92.2121989495792
-44.2633335442177,92.2429366544972
-44.2633335442177,92.2736743594153
-44.2633335442177,92.3044120643333
-44.2633335442177,92.3351497692513
-44.2633335442177,92.3658874741693
-44.2633335442177,92.3966251790874
-44.2633335442177,92.4273628840054
-44.2633335442177,92.4581005889234
-44.2633335442177,92.4888382938414
-44.2633335442177,92.5195759987594
-44.2633335442177,92.5503137036775
-44.2633335442177,92.5810514085955
-44.2633335442177,92.6117891135135
-44.2633335442177,92.6425268184315
-44.2633335442177,92.6732645233496
-44.2633335442177,92.7040022282676
-44.2633335442177,92.7347399331856
-44.2633335442177,92.7654776381036
-44.2633335442177,92.7962153430217
-44.2633335442177,92.8269530479397
-44.2633335442177,92.8576907528577
-44.2633335442177,92.8884284577757
-44.2633335442177,92.9191661626938
-44.2633335442177,92.9499038676118
-44.2633335442177,92.9806415725298
-44.2633335442177,93.0113792774478
-44.2633335442177,93.0421169823659
-44.2633335442177,93.0728546872839
-44.2633335442177,93.1035923922019
-44.2633335442177,93.1343300971199
-44.2633335442177,93.165067802038
-44.2633335442177,93.195805506956
-44.2633335442177,93.226543211874
-44.2633335442177,93.257280916792
-44.2633335442177,93.2880186217101
-44.2633335442177,93.3187563266281
-44.2633335442177,93.3494940315461
-44.2633335442177,93.3802317364641
-44.2633335442177,93.4109694413822
-44.2633335442177,93.4417071463002
-44.2633335442177,93.4724448512182
-44.2633335442177,93.5031825561362
-44.2633335442177,93.5339202610543
-44.2633335442177,93.5646579659723
-44.2633335442177,93.5953956708903
-44.2633335442177,93.6261333758083
-44.2633335442177,93.6568710807264
-44.2633335442177,93.6876087856444
-44.2633335442177,93.7183464905624
-44.2633335442177,93.7490841954804
-44.2633335442177,93.7798219003985
-44.2633335442177,93.8105596053165
-44.2633335442177,93.8412973102345
-44.2633335442177,93.8720350151525
-44.2633335442177,93.9027727200706
-44.2633335442177,93.9335104249886
-44.2633335442177,93.9642481299066
-44.2633335442177,93.9949858348246
-44.2633335442177,94.0257235397427
-44.2633335442177,94.0564612446607
-44.2633335442177,94.0871989495787
-44.2633335442177,94.1179366544967
-44.2633335442177,94.1486743594148
-44.2633335442177,94.1794120643328
-44.2633335442177,94.2101497692508
-44.2633335442177,94.2408874741688
-44.2633335442177,94.2716251790869
-44.2633335442177,94.3023628840049
-44.2633335442177,94.3331005889229
-44.2633335442177,94.3638382938409
-44.2633335442177,94.394575998759
-44.2633335442177,94.425313703677
-44.2633335442177,94.456051408595
-44.2633335442177,94.486789113513
-44.2633335442177,94.5175268184311
-44.2633335442177,94.5482645233491
-44.2633335442177,94.5790022282671
-44.2633335442177,94.6097399331851
-44.2633335442177,94.6404776381031
-44.2633335442177,94.6712153430212
-44.2633335442177,94.7019530479392
-44.2633335442177,94.7326907528572
-44.2633335442177,94.7634284577752
-44.2633335442177,94.7941661626933
-44.2633335442177,94.8249038676113
-44.2633335442177,94.8556415725293
-44.2633335442177,94.8863792774473
-44.2633335442177,94.9171169823654
-44.2633335442177,94.9478546872834
-44.2633335442177,94.9785923922014
-44.2633335442177,95.0093300971194
-44.2633335442177,95.0400678020375
-44.2633335442177,95.0708055069555
-44.2633335442177,95.1015432118735
-44.2633335442177,95.1322809167915
-44.2633335442177,95.1630186217096
-44.2633335442177,95.1937563266276
-44.2633335442177,95.2244940315456
-44.2633335442177,95.2552317364636
-44.2633335442177,95.2859694413817
-44.2633335442177,95.3167071462997
-44.2633335442177,95.3474448512177
-44.2633335442177,95.3781825561357
-44.2633335442177,95.4089202610538
-44.2633335442177,95.4396579659718
-44.2633335442177,95.4703956708898
-44.2633335442177,95.5011333758078
-44.2633335442177,95.5318710807259
-44.2633335442177,95.5626087856439
-44.2633335442177,95.5933464905619
-44.2633335442177,95.6240841954799
-44.2633335442177,95.654821900398
-44.2633335442177,95.685559605316
-44.2633335442177,95.716297310234
-44.2633335442177,95.747035015152
-44.2633335442177,95.7777727200701
-44.2633335442177,95.8085104249881
-44.2633335442177,95.8392481299061
-44.2633335442177,95.8699858348241
-44.2633335442177,95.9007235397422
-44.2633335442177,95.9314612446602
-44.2633335442177,95.9621989495782
-44.2633335442177,95.9929366544962
-44.2633335442177,96.0236743594143
-44.2633335442177,96.0544120643323
-44.2633335442177,96.0851497692503
-44.2633335442177,96.1158874741683
-44.2633335442177,96.1466251790864
-44.2633335442177,96.1773628840044
-44.2633335442177,96.2081005889224
-44.2633335442177,96.2388382938404
-44.2633335442177,96.2695759987585
-44.2633335442177,96.3003137036765
-44.2633335442177,96.3310514085945
-44.2633335442177,96.3617891135125
-44.2633335442177,96.3925268184306
-44.2633335442177,96.4232645233486
-44.2633335442177,96.4540022282666
-44.2633335442177,96.4847399331846
-44.2633335442177,96.5154776381027
-44.2633335442177,96.5462153430207
-44.2633335442177,96.5769530479387
-44.2633335442177,96.6076907528567
-44.2633335442177,96.6384284577748
-44.2633335442177,96.6691661626928
-44.2633335442177,96.6999038676108
-44.2633335442177,96.7306415725288
-44.2633335442177,96.7613792774468
-44.2633335442177,96.7921169823649
-44.2633335442177,96.8228546872829
-44.2633335442177,96.8535923922009
-44.2633335442177,96.8843300971189
-44.2633335442177,96.915067802037
-44.2633335442177,96.945805506955
-44.2633335442177,96.976543211873
-44.2633335442177,97.007280916791
-44.2633335442177,97.0380186217091
-44.2633335442177,97.0687563266271
-44.2633335442177,97.0994940315451
-44.2633335442177,97.1302317364631
-44.2633335442177,97.1609694413812
-44.2633335442177,97.1917071462992
-44.2633335442177,97.2224448512172
-44.2633335442177,97.2531825561352
-44.2633335442177,97.2839202610533
-44.2633335442177,97.3146579659713
-44.2633335442177,97.3453956708893
-44.2633335442177,97.3761333758073
-44.2633335442177,97.4068710807254
-44.2633335442177,97.4376087856434
-44.2633335442177,97.4683464905614
-44.2633335442177,97.4990841954794
-44.2633335442177,97.5298219003975
-44.2633335442177,97.5605596053155
-44.2633335442177,97.5912973102335
-44.2633335442177,97.6220350151515
-44.2633335442177,97.6527727200696
-44.2633335442177,97.6835104249876
-44.2633335442177,97.7142481299056
-44.2633335442177,97.7449858348236
-44.2633335442177,97.7757235397417
-44.2633335442177,97.8064612446597
-44.2633335442177,97.8371989495777
-44.2633335442177,97.8679366544957
-44.2633335442177,97.8986743594138
-44.2633335442177,97.9294120643318
-44.2633335442177,97.9601497692498
-44.2633335442177,97.9908874741678
-44.2633335442177,98.0216251790859
-44.2633335442177,98.0523628840039
-44.2633335442177,98.0831005889219
-44.2633335442177,98.1138382938399
-44.2633335442177,98.144575998758
-44.2633335442177,98.175313703676
-44.2633335442177,98.206051408594
-44.2633335442177,98.236789113512
-44.2633335442177,98.2675268184301
-44.2633335442177,98.2982645233481
-44.2633335442177,98.3290022282661
-44.2633335442177,98.3597399331841
-44.2633335442177,98.3904776381022
-44.2633335442177,98.4212153430202
-44.2633335442177,98.4519530479382
-44.2633335442177,98.4826907528562
-44.2633335442177,98.5134284577743
-44.2633335442177,98.5441661626923
-44.2633335442177,98.5749038676103
-44.2633335442177,98.6056415725283
-44.2633335442177,98.6363792774464
-44.2633335442177,98.6671169823644
-44.2633335442177,98.6978546872824
-44.2633335442177,98.7285923922004
-44.2633335442177,98.7593300971185
-44.2633335442177,98.7900678020365
-44.2633335442177,98.8208055069545
-44.2633335442177,98.8515432118725
-44.2633335442177,98.8822809167905
-44.2633335442177,98.9130186217086
-44.2633335442177,98.9437563266266
-44.2633335442177,98.9744940315446
-44.2633335442177,99.0052317364626
-44.2633335442177,99.0359694413807
-44.2633335442177,99.0667071462987
-44.2633335442177,99.0974448512167
-44.2633335442177,99.1281825561347
-44.2633335442177,99.1589202610528
-44.2633335442177,99.1896579659708
-44.2633335442177,99.2203956708888
-44.2633335442177,99.2511333758068
-44.2633335442177,99.2818710807249
-44.2633335442177,99.3126087856429
-44.2633335442177,99.3433464905609
-44.2633335442177,99.3740841954789
-44.2633335442177,99.404821900397
-44.2633335442177,99.435559605315
-44.2633335442177,99.466297310233
-44.2633335442177,99.497035015151
-44.2633335442177,99.5277727200691
-44.2633335442177,99.5585104249871
-44.2633335442177,99.5892481299051
-44.2633335442177,99.6199858348231
-44.2633335442177,99.6507235397412
-44.2633335442177,99.6814612446592
-44.2633335442177,99.7121989495772
-44.2633335442177,99.7429366544952
-44.2633335442177,99.7736743594133
-44.2633335442177,99.8044120643313
-44.2633335442177,99.8351497692493
-44.2633335442177,99.8658874741673
-44.2633335442177,99.8966251790854
-44.2633335442177,99.9273628840034
-44.2633335442177,99.9581005889214
-44.2633335442177,99.9888382938394
