0,0
0,0.0307377049180251
0,0.0614753964033223
2.46049837948435e-29,0.0922130754792728
-2.04738323628521e-22,0.122950754136092
3.1117502198445e-23,0.153688431856996
-8.91053323754045e-21,0.184426102563464
1.8891312522547e-20,0.215163765211665
2.79701932150386e-19,0.245901416781169
3.45577280795432e-19,0.276639063342852
-2.75429839194268e-18,0.307376705695632
-1.22941053786132e-17,0.338114340389817
-1.58535186731033e-17,0.368851958083501
3.80506164985404e-17,0.399589568842684
2.20728397587316e-16,0.430327191135105
4.82612879978863e-16,0.461064806083291
3.90964490994398e-16,0.491802405992632
-1.01230619083967e-15,0.522540008625247
-4.70359573756919e-15,0.553277621057819
-1.00152797225261e-14,0.584015221289461
-1.20750014967623e-14,0.614752817267362
-1.90369016669067e-16,0.645490417043145
3.92850458855353e-14,0.676228022916926
1.11909083848351e-13,0.706965631576804
1.95539450609409e-13,0.737703241111587
2.19360500192029e-13,0.768440850507217
5.87450936511575e-14,0.799178430056818
-4.30007573203814e-13,0.829915981427485
-1.31543515071059e-12,0.860653524685015
-2.44046470803391e-12,0.891391075036393
-3.26143625553254e-12,0.922128639840068
-2.77376120789196e-12,0.952866208823974
3.41697062766018e-13,0.983603783837472
7.22772276722483e-12,1.01434136272193
1.79792661892936e-11,1.04507893890586
3.05312191996672e-11,1.07581651844325
3.96836952885597e-11,1.10655409807606
3.68720870271636e-11,1.13729166224141
1.1396851251252e-11,1.16802922281826
-4.63118976536291e-11,1.1987667366699
-1.39302107096153e-10,1.22950423453004
-2.57322213245358e-10,1.2602417396386
-3.70466515425948e-10,1.29097926801607
-4.26074447664385e-10,1.32171677613112
-3.52287655348157e-10,1.35245428363857
-7.13527103070646e-11,1.38319180774848
4.75821573862614e-10,1.41392935886186
1.29530509800648e-09,1.44466694140114
2.30152484489616e-09,1.47540455498536
3.28440830731397e-09,1.50614217520879
3.89602656109322e-09,1.5368797916591
3.67195796072321e-09,1.56761741347111
2.10040969583421e-09,1.59835503454305
-1.25476713733536e-09,1.62909265049428
-6.5828245948266e-09,1.65983026638109
-1.36279874775808e-08,1.69056788392208
-2.15030370140686e-08,1.72130550194082
-2.85683150627953e-08,1.75204311473918
-3.24383264005083e-08,1.78278072888515
-3.0175438870009e-08,1.81351834196815
-1.87125869338798e-08,1.84425595578717
4.48718224074118e-09,1.87499356603691
4.0575671023183e-08,1.90573117670787
8.83697415515803e-08,1.93646878560627
1.43468274186801e-07,1.96720639607708
1.97648057171664e-07,1.99794400415867
2.38777681613494e-07,2.0286816085028
2.51479077999801e-07,2.05941921567856
2.1871086371216e-07,2.09015682161785
1.24340303251504e-07,2.12089433776552
-4.33820592288224e-08,2.15163181292829
-2.87718584469202e-07,2.18236928451821
-5.99186530676797e-07,2.21310678230746
-9.51804893656319e-07,2.24384432988563
-1.30063985763994e-06,2.27458192789077
-1.58149273496235e-06,2.30531953128292
-1.71350140670425e-06,2.33605713236074
-1.60522430044546e-06,2.36679472735602
-1.1644230986042e-06,2.39753232690266
-3.11281056180892e-07,2.42826992596049
1.00577319369017e-06,2.45900752377289
2.79306658672706e-06,2.48974511738015
4.99550011582778e-06,2.52048271725662
7.48365571786744e-06,2.55122031232115
1.00469510664275e-05,2.58195790633725
1.23956843324314e-05,2.61269550032682
1.41745965702394e-05,2.64343309065811
1.49900222437013e-05,2.67417067256413
1.44517077407951e-05,2.70490824637354
1.22289832475673e-05,2.73564581736338
8.11940537449309e-06,2.76638337649557
2.12643310527828e-06,2.79712093503434
-5.45930552725877e-06,2.82785849371647
-1.39831322898243e-05,2.85859605483583
-2.23602786237525e-05,2.88933360911703
-2.90120475012915e-05,2.92007116719875
-3.17726518061349e-05,2.95080872627805
-2.77297226280965e-05,2.98154628165633
-1.29801584891145e-05,3.01228383919633
1.76931313562044e-05,3.0430214038065
7.12080836225554e-05,3.07375895961705
0.000156619496586457,3.10449649919893
0.000285572702121968,3.13523403521369
0.000472730593285908,3.16597157357761
0.000736229597785085,3.19670909605787
0.00109837451604709,3.22744659927262
0.00158675158725662,3.25818399528815
0.00223575442832172,3.28892131946111
0.00308845950002043,3.3196584501548
0.00419876826590495,3.35039542053175
0.00563383198397046,3.38113224900133
0.00747692246879208,3.41186899597048
0.00983099276502272,3.44260573108691
0.0128229877517425,3.47334235401872
0.0166086552667595,3.50407884438694
0.0213782603945004,3.5348152511516
0.0273641941714353,3.56555164551216
0.0348493501989571,3.59628806545366
0.0441724593945248,3.62702450900347
0.0557277284781943,3.65776093903275
0.0699591948553389,3.68849734511436
0.0873517180277596,3.71923377258256
0.10842045424043,3.74997023113502
0.133699734594111,3.7807067183552
0.163731506682584,3.8114432471591
0.199052909742286,3.84217984347868
0.240182444811194,3.87291650262647
0.287604627149448,3.90365320600554
0.341754537013374,3.9343899497791
0.40300527549266,3.96512674363736
0.471661232791507,3.99586357391076
0.547957854642891,4.02660041160686
0.632066247673155,4.05733725499571
0.724100347585272,4.08807412017033
0.824124809574911,4.1188110112228
0.932162544142462,4.14954791337918
1.04820124098033,4.18028482259864
1.17219885396578,4.21102174214531
1.3040883657862,4.2417586619779
1.44378162936634,4.2724955768086
1.59117218268217,4.3032324834615
1.74613609464405,4.33396939723044
1.90853038823578,4.3647063355597
2.07819020566639,4.39544328788519
2.25492740259629,4.42618024018367
2.43853304006237,4.45691719992566
2.62878355640719,4.48765417897615
2.82544681576342,4.51839117919009
3.02828501924767,4.54912819013746
3.23705481558598,4.57986521385603
3.4515071693484,4.61060225499118
3.67138912683132,4.6413393092143
3.89644789059252,4.67207636750568
4.12643425396425,4.70281341357979
4.36110119373332,4.73355045699748
4.60019894034941,4.76428750498394
4.84346319018235,4.79502455162557
5.09059527496398,4.82576158961508
5.34124028053881,4.85649862523338
5.59497230869805,4.88723566688482
5.85128965014774,4.91797271201537
6.1096167235468,4.94870975230646
6.36930840948509,4.97944678971093
6.62965495463848,5.0101838312647
6.88988817471675,5.04092087084184
7.14919030741314,5.07165790457439
7.406704562766,5.10239492446751
7.66154320521528,5.1331319123445
7.91278340441126,5.16386887174237
8.15946148380497,5.1946058143074
8.40063469465067,5.22534274983199
8.63549628014761,5.25607968511996
8.86343728687833,5.28681662463801
9.08404559450351,5.3175535609811
9.29708291123833,5.34829049345993
9.50245852035385,5.37902742526972
9.70020322748042,5.4097643527162
9.89044497263867,5.44050127426626
10.0733876892975,5.47123819230755
10.2492944765689,5.50197510874847
10.4184725270861,5.53271202509334
10.5812572881348,5.5634489333038
10.7379977315934,5.59418582911107
10.8890449422051,5.62492271509565
11.034742945597,5.65565959307331
11.1754210829249,5.68639646275482
11.3113895225759,5.71713332504492
11.4429373551298,5.74787017260736
11.5703307126116,5.77860700792055
11.6938125009253,5.80934383344784
11.8136046112632,5.8400806516323
11.9299069200921,5.87081746489395
12.0428927695126,5.90155427561799
12.1527082439829,5.93229108382799
12.2594745294778,5.96302788395738
12.3632909898821,5.99376467927088
12.4642380643932,6.02450147293708
12.5623791741452,6.05523826733429
12.6577614045215,6.08597505734144
12.7504158578117,6.11671184561188
12.8403592984781,6.14744863482168
12.9275972965563,6.17818542764239
13.0121281252852,6.20892222671385
13.0939467263781,6.23965903461578
13.1730484260795,6.27039585383657
13.2494323938219,6.30113268673828
13.3231047314424,6.33186953552033
13.3940806227683,6.36260640218703
13.4623850876175,6.39334328495075
13.5280524671804,6.42408018242298
13.5911251563362,6.45481709655799
13.6516520647257,6.4855540289642
13.7096871131741,6.51629097507937
13.7652878283575,6.54702793432962
13.8185141028586,6.57776490859573
13.8694271465936,6.60850189942477
13.9180886393415,6.63923890805034
13.9645600877033,6.66997593541781
14.0089024227689,6.70071297622493
14.0511757728436,6.73145003035725
14.0914394106224,6.76218709914385
14.1297518353083,6.79292418366651
14.166170946577,6.82366128479035
14.2007542716994,6.85439840246561
14.2335592391633,6.88513553117582
14.2646434338006,6.9158726723913
14.294064846919,6.94660982739615
14.3218820958611,6.97734699730725
14.348154592576,7.00808418309214
14.372942654499,7.03882138159149
14.3963075251862,7.06955859147659
14.4183112914276,7.10029581433974
14.4390166946527,7.13103305154717
14.458486836132,7.16177030423742
14.4767847872951,7.19250757332404
14.4939731425119,7.22324485427666
14.5101135266119,7.25398214753413
14.5252661063309,7.28471945138829
14.5394891431313,7.31545675857848
14.5528385888242,7.34619406813951
14.5653678030356,7.37693135407298
14.5771273227416,7.40766862345372
14.5881647440921,7.43840588259147
14.5985246935274,7.469143137065
14.6082488724899,7.49988039169445
14.6173761717638,7.53061763856292
14.6259428297469,7.56135486944354
14.6339826118989,7.59209208990756
14.6415270114607,7.6228293048888
14.6486054544354,7.65356651865604
14.6552455048402,7.68430372853646
14.6614730573428,7.71504093370487
14.6673125057473,7.74577813851357
14.6727869069249,7.7765153173865
14.677918104163,7.80725246985197
14.682726827314,7.83798960140359
14.687232768705,7.86872671719876
14.6914546361884,7.89946382202496
14.6954101884955,7.93020091801988
14.6991162575456,7.96093800554667
14.7025887628092,7.99167508520132
14.7058427213727,8.02241216133708
14.7088922590052,8.05314923792071
14.7117506245244,8.08388631836873
14.7144302097998,8.11462340429696
14.7169425758045,8.14536049655357
14.7192984870489,8.17609759004026
14.7215079507531,8.20683468683251
14.7235802620327,8.2375717890399
14.7255240527815,8.26830889756733
14.7273473435752,8.29904600717288
14.7290575950709,8.32978311645568
14.7306617577501,8.36052022794825
14.7321663190831,8.39125734382444
14.7335773467696,8.42199446594991
14.7349005273955,8.45273159593048
14.7361412002381,8.48346873515554
14.7373043862796,8.51420588483461
14.7383948127499,8.5449430460269
14.7394169336861,8.57568021966413
14.7403749470952,8.60641740656749
14.7412728093412,8.63715460745977
14.7421142473737,8.66789182297375
14.7429027693811,8.69862905365793
14.7436416743901,8.72936629998054
14.7443340611589,8.76010356233255
14.7449828370181,8.7908408361481
14.7455907268591,8.82157811454799
14.7461602819375,8.85231539861308
14.7466938891617,8.88305268936791
14.7471937806734,8.91378998777753
14.7476620436432,8.94452729474443
14.7481006301499,8.97526461110568
14.7485113669758,9.00600193763033
14.7488959651368,9.03673927501686
14.7492560289771,9.06747662389067
14.7495930646791,9.09821398480141
14.7499084880841,9.12895135822036
14.7502036317558,9.1596887445377
14.7504797512692,9.19042614406016
14.7507380307416,9.22116355700906
14.7509795876539,9.25190098351928
14.7512054770283,9.28263842363922
14.7514166950435,9.31337587733227
14.7516141821656,9.3441133444796
14.7517988258517,9.37485082488464
14.7519714629864,9.40558831394613
14.7521328820247,9.4363258083
14.7522838248974,9.46706330823503
14.7524249887849,9.49780081398568
14.7525570277793,9.52853832573548
14.7526805544726,9.55927584362049
14.7527961415037,9.59001336773296
14.7529043230921,9.62075089812522
14.7530055965839,9.65148843481367
14.7531004240277,9.68222597778307
14.7531892337941,9.71296352684189
14.7532724222714,9.74370107986051
14.7533503556031,9.77443863710327
14.7534233714998,9.80517619877773
14.7534917811098,9.83591376504141
14.7535558709398,9.86665133600838
14.75361590481,9.89738891175539
14.7536721258258,9.92812649232775
14.7537247583413,9.95886407774454
14.753774009891,9.98960166800323
14.7538200730617,10.0203392630835
14.7538631272779,10.0510768629501
14.7539033404746,10.0818144675556
14.753940870632,10.1125520768411
14.7539758671538,10.143289690738
14.7540084720716,10.1740273091676
14.7540388210647,10.2047649320418
14.7540670442926,10.2355025592625
14.7540932670396,10.2662401907218
14.7541176101807,10.2969778263014
14.7541401904798,10.3277154658733
14.7541611207397,10.3584531092998
14.754180509824,10.3891907559451
14.7541984625746,10.4199284050332
14.75421507965,10.4506660560283
14.754230457308,10.4814037090096
14.7542446871622,10.512141364029
14.7542578559303,10.5428790222905
14.7542700452036,10.5736166827389
14.7542813312523,10.6043543453219
14.7542917848869,10.6350920099795
14.7543014713892,10.665829676646
14.7543104505238,10.6965673452524
14.7543187766362,10.7273050157282
14.7543264988399,10.7580426880028
14.7543336612875,10.7887803620074
14.7543403035187,10.8195180376755
14.7543464608727,10.850255714944
14.7543521649473,10.8809933937537
14.7543574440872,10.9117310740491
14.7543623238812,10.9424687557788
14.754366827648,10.9732064388949
14.7543709768932,11.0039441233522
14.7543747917217,11.034681809108
14.7543782911937,11.0654194961211
14.7543814936155,11.0961571843508
14.7543844167626,11.1268948737566
14.7543870780338,11.1576325642971
14.7543894945418,11.1883702559298
14.754391683145,11.2191079486102
14.7543936604312,11.2498456422922
14.7543954426625,11.2805833369273
14.7543970456941,11.3113210324652
14.7543984848752,11.3420587288538
14.7543997749458,11.3727964260399
14.7544009299363,11.403534123969
14.7544019630771,11.4342718225867
14.7544028867266,11.4650095218387
14.7544037123186,11.4957472216715
14.7544044503326,11.5264849220335
14.7544051102868,11.5572226228749
14.7544057007532,11.5879603241484
14.7544062293922,11.6186980258098
14.7544067030023,11.649435727818
14.754407127584,11.6801734301353
14.7544075084106,11.7109111327276
14.7544078501049,11.7416488355643
14.7544081567163,11.7723865386179
14.7544084317965,11.8031242418645
14.7544086784705,11.8338619452828
14.754408899501,11.8645996488544
14.7544090973461,11.8953373525633
14.7544092742084,11.9260750563955
14.7544094320754,11.956812760339
14.7544095727532,11.9875504643831
14.7544096978923,12.0182881685185
14.7544098090075,12.0490258727369
14.7544099074922,12.0797635770307
14.7544099946297,12.1105012813931
14.7544100716007,12.1412389858179
14.7544101394888,12.1719766902992
14.7544101992849,12.2027143948317
14.7544102518916,12.2334520994103
14.7544102981266,12.2641898040303
14.7544103387267,12.2949275086872
14.7544103743524,12.325665213377
14.7544104055926,12.3564029180958
14.7544104329703,12.3871406228402
14.7544104569474,12.4178783276072
14.7544104779314,12.4486160323938
14.7544104962801,12.4793537371975
14.7544105123082,12.5100914420162
14.7544105262918,12.540829146848
14.7544105384738,12.571566851691
14.7544105490679,12.602304556544
14.7544105582629,12.6330422614055
14.7544105662259,12.6637799662747
14.7544105731053,12.6945176711505
14.754410579033,12.7252553760321
14.7544105841266,12.7559930809189
14.7544105884911,12.7867307858103
14.7544105922199,12.8174684907057
14.7544105953964,12.8482061956046
14.7544105980949,12.8789439005067
14.754410600381,12.9096816054115
14.7544106023127,12.9404193103183
14.7544106039411,12.9711570152259
14.7544106053109,13.0018947201344
14.754410606461,13.0326324250437
14.7544106074251,13.0633701299539
14.7544106082323,13.0941078348649
14.7544106089075,13.1248455397766
14.7544106094721,13.1555832446887
14.7544106099442,13.1863209496014
14.7544106103391,13.2170586545145
14.7544106106698,13.247796359428
14.7544106109472,13.2785340643419
14.7544106111806,13.3092717692561
14.7544106113777,13.3400094741706
14.7544106115449,13.3707471790852
14.7544106116876,13.4014848839999
14.7544106118104,13.4322225889149
14.7544106119171,13.46296029383
14.7544106120107,13.4936979987453
14.7544106120939,13.5244357036608
14.7544106121689,13.5551734085761
14.7544106122373,13.5859111134915
14.7544106123007,13.616648818407
14.7544106123603,13.6473865233225
14.7544106124169,13.6781242282381
14.7544106124713,13.7088619331539
14.7544106125241,13.7395996380699
14.7544106125757,13.7703373429861
14.7544106126264,13.8010750479024
14.7544106126766,13.831812752819
14.7544106127262,13.8625504577357
14.7544106127755,13.8932881626527
14.7544106128243,13.9240258675698
14.7544106128726,13.9547635724871
14.7544106129205,13.9855012774045
14.7544106129678,14.0162389823221
14.7544106130143,14.0469766872398
14.7544106130601,14.0777143921575
14.7544106131049,14.1084520970752
14.7544106131488,14.1391898019929
14.7544106131914,14.1699275069107
14.7544106132329,14.2006652118285
14.7544106132731,14.2314029167463
14.7544106133119,14.2621406216642
14.7544106133494,14.292878326582
14.7544106133854,14.3236160314999
14.75441061342,14.3543537364177
14.7544106134531,14.3850914413356
14.7544106134848,14.4158291462535
14.7544106135151,14.4465668511715
14.754410613544,14.4773045560894
14.7544106135715,14.5080422610073
14.7544106135977,14.5387799659253
14.7544106136226,14.5695176708432
14.7544106136462,14.6002553757612
14.7544106136685,14.6309930806791
14.7544106136897,14.6617307855971
14.7544106137097,14.692468490515
14.7544106137286,14.723206195433
14.7544106137463,14.7539439003509
14.754410613763,14.7846816052689
14.7544106137787,14.8154193101869
14.7544106137934,14.8461570151048
14.7544106138072,14.8768947200228
14.7544106138201,14.9076324249408
14.7544106138321,14.9383701298588
14.7544106138434,14.9691078347767
14.7544106138538,14.9998455396947
14.7544106138636,15.0305832446127
14.7544106138726,15.0613209495307
14.754410613881,15.0920586544487
14.7544106138889,15.1227963593667
14.7544106138961,15.1535340642846
14.7544106139028,15.1842717692026
14.7544106139091,15.2150094741206
14.7544106139149,15.2457471790386
14.7544106139202,15.2764848839566
14.7544106139252,15.3072225888746
14.7544106139298,15.3379602937926
14.754410613934,15.3686979987106
14.7544106139379,15.3994357036286
14.7544106139415,15.4301734085466
14.7544106139448,15.4609111134646
14.7544106139478,15.4916488183827
14.7544106139506,15.5223865233007
14.7544106139532,15.5531242282187
14.7544106139556,15.5838619331367
14.7544106139578,15.6145996380547
14.7544106139598,15.6453373429727
14.7544106139616,15.6760750478907
14.7544106139633,15.7068127528088
14.7544106139648,15.7375504577268
14.7544106139662,15.7682881626448
14.7544106139675,15.7990258675628
14.7544106139687,15.8297635724808
14.7544106139697,15.8605012773988
14.7544106139707,15.8912389823169
14.7544106139716,15.9219766872349
14.7544106139724,15.9527143921529
14.7544106139732,15.9834520970709
14.7544106139739,16.0141898019889
14.7544106139745,16.044927506907
14.7544106139751,16.075665211825
14.7544106139756,16.106402916743
14.7544106139761,16.137140621661
14.7544106139765,16.167878326579
14.7544106139769,16.1986160314971
14.7544106139773,16.2293537364151
14.7544106139776,16.2600914413331
14.7544106139779,16.2908291462511
14.7544106139782,16.3215668511692
14.7544106139784,16.3523045560872
14.7544106139786,16.3830422610052
14.7544106139788,16.4137799659232
14.754410613979,16.4445176708413
14.7544106139792,16.4752553757593
14.7544106139793,16.5059930806773
14.7544106139795,16.5367307855953
14.7544106139796,16.5674684905134
14.7544106139797,16.5982061954314
14.7544106139798,16.6289439003494
14.7544106139799,16.6596816052674
14.75441061398,16.6904193101855
14.7544106139801,16.7211570151035
14.7544106139802,16.7518947200215
14.7544106139802,16.7826324249395
14.7544106139803,16.8133701298576
14.7544106139803,16.8441078347756
14.7544106139804,16.8748455396936
14.7544106139804,16.9055832446116
14.7544106139805,16.9363209495297
14.7544106139805,16.9670586544477
14.7544106139805,16.9977963593657
14.7544106139806,17.0285340642837
14.7544106139806,17.0592717692018
14.7544106139806,17.0900094741198
14.7544106139807,17.1207471790378
14.7544106139807,17.1514848839558
14.7544106139807,17.1822225888739
14.7544106139807,17.2129602937919
14.7544106139807,17.2436979987099
14.7544106139807,17.2744357036279
14.7544106139808,17.305173408546
14.7544106139808,17.335911113464
14.7544106139808,17.366648818382
14.7544106139808,17.3973865233
14.7544106139808,17.4281242282181
14.7544106139808,17.4588619331361
14.7544106139808,17.4895996380541
14.7544106139808,17.5203373429721
14.7544106139808,17.5510750478902
14.7544106139808,17.5818127528082
14.7544106139808,17.6125504577262
14.7544106139808,17.6432881626442
14.7544106139808,17.6740258675623
14.7544106139808,17.7047635724803
14.7544106139809,17.7355012773983
14.7544106139809,17.7662389823163
14.7544106139809,17.7969766872344
14.7544106139809,17.8277143921524
14.7544106139809,17.8584520970704
14.7544106139809,17.8891898019884
14.7544106139809,17.9199275069065
14.7544106139809,17.9506652118245
14.7544106139809,17.9814029167425
14.7544106139809,18.0121406216605
14.7544106139809,18.0428783265786
14.7544106139809,18.0736160314966
14.7544106139809,18.1043537364146
14.7544106139809,18.1350914413326
14.7544106139809,18.1658291462507
14.7544106139809,18.1965668511687
14.7544106139809,18.2273045560867
14.7544106139809,18.2580422610047
14.7544106139809,18.2887799659227
14.7544106139809,18.3195176708408
14.7544106139809,18.3502553757588
14.7544106139809,18.3809930806768
14.7544106139809,18.4117307855948
14.7544106139809,18.4424684905129
14.7544106139809,18.4732061954309
14.7544106139809,18.5039439003489
14.7544106139809,18.5346816052669
14.7544106139809,18.565419310185
14.7544106139809,18.596157015103
14.7544106139809,18.626894720021
14.7544106139809,18.657632424939
14.7544106139809,18.6883701298571
14.7544106139809,18.7191078347751
14.7544106139809,18.7498455396931
14.7544106139809,18.7805832446111
14.7544106139809,18.8113209495292
14.7544106139809,18.8420586544472
14.7544106139809,18.8727963593652
14.7544106139809,18.9035340642832
14.7544106139809,18.9342717692013
14.7544106139809,18.9650094741193
14.7544106139809,18.9957471790373
14.7544106139809,19.0264848839553
14.7544106139809,19.0572225888734
14.7544106139809,19.0879602937914
14.7544106139809,19.1186979987094
14.7544106139809,19.1494357036274
14.7544106139809,19.1801734085455
14.7544106139809,19.2109111134635
14.7544106139809,19.2416488183815
14.7544106139809,19.2723865232995
14.7544106139809,19.3031242282176
14.7544106139809,19.3338619331356
14.7544106139809,19.3645996380536
14.7544106139809,19.3953373429716
14.7544106139809,19.4260750478897
14.7544106139809,19.4568127528077
14.7544106139809,19.4875504577257
14.7544106139809,19.5182881626437
14.7544106139809,19.5490258675618
14.7544106139809,19.5797635724798
14.7544106139809,19.6105012773978
14.7544106139809,19.6412389823158
14.7544106139809,19.6719766872339
14.7544106139809,19.7027143921519
14.7544106139809,19.7334520970699
14.7544106139809,19.7641898019879
14.7544106139809,19.794927506906
14.7544106139809,19.825665211824
14.7544106139809,19.856402916742
14.7544106139809,19.88714062166
14.7544106139809,19.9178783265781
14.7544106139809,19.9486160314961
14.7544106139809,19.9793537364141
14.7544106139809,20.0100914413321
14.7544106139809,20.0408291462502
14.7544106139809,20.0715668511682
14.7544106139809,20.1023045560862
14.7544106139809,20.1330422610042
14.7544106139809,20.1637799659223
14.7544106139809,20.1945176708403
14.7544106139809,20.2252553757583
14.7544106139809,20.2559930806763
14.7544106139809,20.2867307855944
14.7544106139809,20.3174684905124
14.7544106139809,20.3482061954304
14.7544106139809,20.3789439003484
14.7544106139809,20.4096816052664
14.7544106139809,20.4404193101845
14.7544106139809,20.4711570151025
14.7544106139809,20.5018947200205
14.7544106139809,20.5326324249385
14.7544106139809,20.5633701298566
14.7544106139809,20.5941078347746
14.7544106139809,20.6248455396926
14.7544106139809,20.6555832446106
14.7544106139809,20.6863209495287
14.7544106139809,20.7170586544467
14.7544106139809,20.7477963593647
14.7544106139809,20.7785340642827
14.7544106139809,20.8092717692008
14.7544106139809,20.8400094741188
14.7544106139809,20.8707471790368
14.7544106139809,20.9014848839548
14.7544106139809,20.9322225888729
14.7544106139809,20.9629602937909
14.7544106139809,20.9936979987089
14.7544106139809,21.0244357036269
14.7544106139809,21.055173408545
14.7544106139809,21.085911113463
14.7544106139809,21.116648818381
14.7544106139809,21.147386523299
14.7544106139809,21.1781242282171
14.7544106139809,21.2088619331351
14.7544106139809,21.2395996380531
14.7544106139809,21.2703373429711
14.7544106139809,21.3010750478892
14.7544106139809,21.3318127528072
14.7544106139809,21.3625504577252
14.7544106139809,21.3932881626432
14.7544106139809,21.4240258675613
14.7544106139809,21.4547635724793
14.7544106139809,21.4855012773973
14.7544106139809,21.5162389823153
14.7544106139809,21.5469766872334
14.7544106139809,21.5777143921514
14.7544106139809,21.6084520970694
14.7544106139809,21.6391898019874
14.7544106139809,21.6699275069055
14.7544106139809,21.7006652118235
14.7544106139809,21.7314029167415
14.7544106139809,21.7621406216595
14.7544106139809,21.7928783265776
14.7544106139809,21.8236160314956
14.7544106139809,21.8543537364136
14.7544106139809,21.8850914413316
14.7544106139809,21.9158291462497
14.7544106139809,21.9465668511677
14.7544106139809,21.9773045560857
14.7544106139809,22.0080422610037
14.7544106139809,22.0387799659218
14.7544106139809,22.0695176708398
14.7544106139809,22.1002553757578
14.7544106139809,22.1309930806758
14.7544106139809,22.1617307855939
14.7544106139809,22.1924684905119
14.7544106139809,22.2232061954299
14.7544106139809,22.2539439003479
14.7544106139809,22.284681605266
14.7544106139809,22.315419310184
14.7544106139809,22.346157015102
14.7544106139809,22.37689472002
14.7544106139809,22.4076324249381
14.7544106139809,22.4383701298561
14.7544106139809,22.4691078347741
14.7544106139809,22.4998455396921
14.7544106139809,22.5305832446101
14.7544106139809,22.5613209495282
14.7544106139809,22.5920586544462
14.7544106139809,22.6227963593642
14.7544106139809,22.6535340642822
14.7544106139809,22.6842717692003
14.7544106139809,22.7150094741183
14.7544106139809,22.7457471790363
14.7544106139809,22.7764848839543
14.7544106139809,22.8072225888724
14.7544106139809,22.8379602937904
14.7544106139809,22.8686979987084
14.7544106139809,22.8994357036264
14.7544106139809,22.9301734085445
14.7544106139809,22.9609111134625
14.7544106139809,22.9916488183805
14.7544106139809,23.0223865232985
14.7544106139809,23.0531242282166
14.7544106139809,23.0838619331346
14.7544106139809,23.1145996380526
14.7544106139809,23.1453373429706
14.7544106139809,23.1760750478887
14.7544106139809,23.2068127528067
14.7544106139809,23.2375504577247
14.7544106139809,23.2682881626427
14.7544106139809,23.2990258675608
14.7544106139809,23.3297635724788
14.7544106139809,23.3605012773968
14.7544106139809,23.3912389823148
14.7544106139809,23.4219766872329
14.7544106139809,23.4527143921509
14.7544106139809,23.4834520970689
14.7544106139809,23.5141898019869
14.7544106139809,23.544927506905
14.7544106139809,23.575665211823
14.7544106139809,23.606402916741
14.7544106139809,23.637140621659
14.7544106139809,23.6678783265771
14.7544106139809,23.6986160314951
14.7544106139809,23.7293537364131
14.7544106139809,23.7600914413311
14.7544106139809,23.7908291462492
14.7544106139809,23.8215668511672
14.7544106139809,23.8523045560852
14.7544106139809,23.8830422610032
14.7544106139809,23.9137799659213
14.7544106139809,23.9445176708393
14.7544106139809,23.9752553757573
14.7544106139809,24.0059930806753
14.7544106139809,24.0367307855934
14.7544106139809,24.0674684905114
14.7544106139809,24.0982061954294
14.7544106139809,24.1289439003474
14.7544106139809,24.1596816052655
14.7544106139809,24.1904193101835
14.7544106139809,24.2211570151015
14.7544106139809,24.2518947200195
14.7544106139809,24.2826324249376
14.7544106139809,24.3133701298556
14.7544106139809,24.3441078347736
14.7544106139809,24.3748455396916
14.7544106139809,24.4055832446097
14.7544106139809,24.4363209495277
14.7544106139809,24.4670586544457
14.7544106139809,24.4977963593637
14.7544106139809,24.5285340642818
14.7544106139809,24.5592717691998
14.7544106139809,24.5900094741178
14.7544106139809,24.6207471790358
14.7544106139809,24.6514848839538
14.7544106139809,24.6822225888719
14.7544106139809,24.7129602937899
14.7544106139809,24.7436979987079
14.7544106139809,24.7744357036259
14.7544106139809,24.805173408544
14.7544106139809,24.835911113462
14.7544106139809,24.86664881838
14.7544106139809,24.897386523298
14.7544106139809,24.9281242282161
14.7544106139809,24.9588619331341
14.7544106139809,24.9895996380521
14.7544106139809,25.0203373429701
14.7544106139809,25.0510750478882
14.7544106139809,25.0818127528062
14.7544106139809,25.1125504577242
14.7544106139809,25.1432881626422
14.7544106139809,25.1740258675603
14.7544106139809,25.2047635724783
14.7544106139809,25.2355012773963
14.7544106139809,25.2662389823143
14.7544106139809,25.2969766872324
14.7544106139809,25.3277143921504
14.7544106139809,25.3584520970684
14.7544106139809,25.3891898019864
14.7544106139809,25.4199275069045
14.7544106139809,25.4506652118225
14.7544106139809,25.4814029167405
14.7544106139809,25.5121406216585
14.7544106139809,25.5428783265766
14.7544106139809,25.5736160314946
14.7544106139809,25.6043537364126
14.7544106139809,25.6350914413306
14.7544106139809,25.6658291462487
14.7544106139809,25.6965668511667
14.7544106139809,25.7273045560847
14.7544106139809,25.7580422610027
14.7544106139809,25.7887799659208
14.7544106139809,25.8195176708388
14.7544106139809,25.8502553757568
14.7544106139809,25.8809930806748
14.7544106139809,25.9117307855929
14.7544106139809,25.9424684905109
14.7544106139809,25.9732061954289
14.7544106139809,26.0039439003469
14.7544106139809,26.034681605265
14.7544106139809,26.065419310183
14.7544106139809,26.096157015101
14.7544106139809,26.126894720019
14.7544106139809,26.1576324249371
14.7544106139809,26.1883701298551
14.7544106139809,26.2191078347731
14.7544106139809,26.2498455396911
14.7544106139809,26.2805832446092
14.7544106139809,26.3113209495272
14.7544106139809,26.3420586544452
14.7544106139809,26.3727963593632
14.7544106139809,26.4035340642813
14.7544106139809,26.4342717691993
14.7544106139809,26.4650094741173
14.7544106139809,26.4957471790353
14.7544106139809,26.5264848839534
14.7544106139809,26.5572225888714
14.7544106139809,26.5879602937894
14.7544106139809,26.6186979987074
14.7544106139809,26.6494357036254
14.7544106139809,26.6801734085435
14.7544106139809,26.7109111134615
14.7544106139809,26.7416488183795
14.7544106139809,26.7723865232975
14.7544106139809,26.8031242282156
14.7544106139809,26.8338619331336
14.7544106139809,26.8645996380516
14.7544106139809,26.8953373429696
14.7544106139809,26.9260750478877
14.7544106139809,26.9568127528057
14.7544106139809,26.9875504577237
14.7544106139809,27.0182881626417
14.7544106139809,27.0490258675598
14.7544106139809,27.0797635724778
14.7544106139809,27.1105012773958
14.7544106139809,27.1412389823138
14.7544106139809,27.1719766872319
14.7544106139809,27.2027143921499
14.7544106139809,27.2334520970679
14.7544106139809,27.2641898019859
14.7544106139809,27.294927506904
14.7544106139809,27.325665211822
14.7544106139809,27.35640291674
14.7544106139809,27.387140621658
14.7544106139809,27.4178783265761
14.7544106139809,27.4486160314941
14.7544106139809,27.4793537364121
14.7544106139809,27.5100914413301
14.7544106139809,27.5408291462482
14.7544106139809,27.5715668511662
14.7544106139809,27.6023045560842
14.7544106139809,27.6330422610022
14.7544106139809,27.6637799659203
14.7544106139809,27.6945176708383
14.7544106139809,27.7252553757563
14.7544106139809,27.7559930806743
14.7544106139809,27.7867307855924
14.7544106139809,27.8174684905104
14.7544106139809,27.8482061954284
14.7544106139809,27.8789439003464
14.7544106139809,27.9096816052645
14.7544106139809,27.9404193101825
14.7544106139809,27.9711570151005
14.7544106139809,28.0018947200185
14.7544106139809,28.0326324249366
14.7544106139809,28.0633701298546
14.7544106139809,28.0941078347726
14.7544106139809,28.1248455396906
14.7544106139809,28.1555832446087
14.7544106139809,28.1863209495267
14.7544106139809,28.2170586544447
14.7544106139809,28.2477963593627
14.7544106139809,28.2785340642808
14.7544106139809,28.3092717691988
14.7544106139809,28.3400094741168
14.7544106139809,28.3707471790348
14.7544106139809,28.4014848839529
14.7544106139809,28.4322225888709
14.7544106139809,28.4629602937889
14.7544106139809,28.4936979987069
14.7544106139809,28.524435703625
14.7544106139809,28.555173408543
14.7544106139809,28.585911113461
14.7544106139809,28.616648818379
14.7544106139809,28.6473865232971
14.7544106139809,28.6781242282151
14.7544106139809,28.7088619331331
14.7544106139809,28.7395996380511
14.7544106139809,28.7703373429691
14.7544106139809,28.8010750478872
14.7544106139809,28.8318127528052
14.7544106139809,28.8625504577232
14.7544106139809,28.8932881626412
14.7544106139809,28.9240258675593
14.7544106139809,28.9547635724773
14.7544106139809,28.9855012773953
14.7544106139809,29.0162389823133
14.7544106139809,29.0469766872314
14.7544106139809,29.0777143921494
14.7544106139809,29.1084520970674
14.7544106139809,29.1391898019854
14.7544106139809,29.1699275069035
14.7544106139809,29.2006652118215
14.7544106139809,29.2314029167395
14.7544106139809,29.2621406216575
14.7544106139809,29.2928783265756
14.7544106139809,29.3236160314936
14.7544106139809,29.3543537364116
14.7544106139809,29.3850914413296
14.7544106139809,29.4158291462477
14.7544106139809,29.4465668511657
14.7544106139809,29.4773045560837
14.7544106139809,29.5080422610017
14.7544106139809,29.5387799659198
14.7544106139809,29.5695176708378
14.7544106139809,29.6002553757558
14.7544106139809,29.6309930806738
14.7544106139809,29.6617307855919
14.7544106139809,29.6924684905099
14.7544106139809,29.7232061954279
14.7544106139809,29.7539439003459
14.7544106139809,29.784681605264
14.7544106139809,29.815419310182
14.7544106139809,29.8461570151
14.7544106139809,29.876894720018
14.7544106139809,29.9076324249361
14.7544106139809,29.9383701298541
14.7544106139809,29.9691078347721
14.7544106139809,29.9998455396901
14.7544106139809,30.0305832446082
14.7544106139809,30.0613209495262
14.7544106139809,30.0920586544442
14.7544106139809,30.1227963593622
14.7544106139809,30.1535340642803
14.7544106139809,30.1842717691983
14.7544106139809,30.2150094741163
14.7544106139809,30.2457471790343
14.7544106139809,30.2764848839524
14.7544106139809,30.3072225888704
14.7544106139809,30.3379602937884
14.7544106139809,30.3686979987064
14.7544106139809,30.3994357036245
14.7544106139809,30.4301734085425
14.7544106139809,30.4609111134605
14.7544106139809,30.4916488183785
14.7544106139809,30.5223865232966
14.7544106139809,30.5531242282146
14.7544106139809,30.5838619331326
14.7544106139809,30.6145996380506
14.7544106139809,30.6453373429687
14.7544106139809,30.6760750478867
14.7544106139809,30.7068127528047
14.7544106139809,30.7375504577227
14.7544106139809,30.7682881626408
14.7544106139809,30.7990258675588
14.7544106139809,30.8297635724768
14.7544106139809,30.8605012773948
14.7544106139809,30.8912389823128
14.7544106139809,30.9219766872309
14.7544106139809,30.9527143921489
14.7544106139809,30.9834520970669
14.7544106139809,31.0141898019849
14.7544106139809,31.044927506903
14.7544106139809,31.075665211821
14.7544106139809,31.106402916739
14.7544106139809,31.137140621657
14.7544106139809,31.1678783265751
14.7544106139809,31.1986160314931
14.7544106139809,31.2293537364111
14.7544106139809,31.2600914413291
14.7544106139809,31.2908291462472
14.7544106139809,31.3215668511652
14.7544106139809,31.3523045560832
14.7544106139809,31.3830422610012
14.7544106139809,31.4137799659193
14.7544106139809,31.4445176708373
14.7544106139809,31.4752553757553
14.7544106139809,31.5059930806733
14.7544106139809,31.5367307855914
14.7544106139809,31.5674684905094
14.7544106139809,31.5982061954274
14.7544106139809,31.6289439003454
14.7544106139809,31.6596816052635
14.7544106139809,31.6904193101815
14.7544106139809,31.7211570150995
14.7544106139809,31.7518947200175
14.7544106139809,31.7826324249356
14.7544106139809,31.8133701298536
14.7544106139809,31.8441078347716
14.7544106139809,31.8748455396896
14.7544106139809,31.9055832446077
14.7544106139809,31.9363209495257
14.7544106139809,31.9670586544437
14.7544106139809,31.9977963593617
14.7544106139809,32.0285340642798
14.7544106139809,32.0592717691978
14.7544106139809,32.0900094741158
14.7544106139809,32.1207471790338
14.7544106139809,32.1514848839519
14.7544106139809,32.1822225888699
14.7544106139809,32.2129602937879
14.7544106139809,32.2436979987059
14.7544106139809,32.274435703624
14.7544106139809,32.305173408542
14.7544106139809,32.33591111346
14.7544106139809,32.366648818378
14.7544106139809,32.3973865232961
14.7544106139809,32.4281242282141
14.7544106139809,32.4588619331321
14.7544106139809,32.4895996380501
14.7544106139809,32.5203373429682
14.7544106139809,32.5510750478862
14.7544106139809,32.5818127528042
14.7544106139809,32.6125504577222
14.7544106139809,32.6432881626403
14.7544106139809,32.6740258675583
14.7544106139809,32.7047635724763
14.7544106139809,32.7355012773943
14.7544106139809,32.7662389823124
14.7544106139809,32.7969766872304
14.7544106139809,32.8277143921484
14.7544106139809,32.8584520970664
14.7544106139809,32.8891898019845
14.7544106139809,32.9199275069025
14.7544106139809,32.9506652118205
14.7544106139809,32.9814029167385
14.7544106139809,33.0121406216565
14.7544106139809,33.0428783265746
14.7544106139809,33.0736160314926
14.7544106139809,33.1043537364106
14.7544106139809,33.1350914413286
14.7544106139809,33.1658291462467
14.7544106139809,33.1965668511647
14.7544106139809,33.2273045560827
14.7544106139809,33.2580422610007
14.7544106139809,33.2887799659188
14.7544106139809,33.3195176708368
14.7544106139809,33.3502553757548
14.7544106139809,33.3809930806728
14.7544106139809,33.4117307855909
14.7544106139809,33.4424684905089
14.7544106139809,33.4732061954269
14.7544106139809,33.5039439003449
14.7544106139809,33.534681605263
14.7544106139809,33.565419310181
14.7544106139809,33.596157015099
14.7544106139809,33.626894720017
14.7544106139809,33.6576324249351
14.7544106139809,33.6883701298531
14.7544106139809,33.7191078347711
14.7544106139809,33.7498455396891
14.7544106139809,33.7805832446072
14.7544106139809,33.8113209495252
14.7544106139809,33.8420586544432
14.7544106139809,33.8727963593612
14.7544106139809,33.9035340642793
14.7544106139809,33.9342717691973
14.7544106139809,33.9650094741153
14.7544106139809,33.9957471790333
14.7544106139809,34.0264848839514
14.7544106139809,34.0572225888694
14.7544106139809,34.0879602937874
14.7544106139809,34.1186979987054
14.7544106139809,34.1494357036235
14.7544106139809,34.1801734085415
14.7544106139809,34.2109111134595
14.7544106139809,34.2416488183775
14.7544106139809,34.2723865232956
14.7544106139809,34.3031242282136
14.7544106139809,34.3338619331316
14.7544106139809,34.3645996380496
14.7544106139809,34.3953373429677
14.7544106139809,34.4260750478857
14.7544106139809,34.4568127528037
14.7544106139809,34.4875504577217
14.7544106139809,34.5182881626398
14.7544106139809,34.5490258675578
14.7544106139809,34.5797635724758
14.7544106139809,34.6105012773938
14.7544106139809,34.6412389823119
14.7544106139809,34.6719766872299
14.7544106139809,34.7027143921479
14.7544106139809,34.7334520970659
14.7544106139809,34.764189801984
14.7544106139809,34.794927506902
14.7544106139809,34.82566521182
14.7544106139809,34.856402916738
14.7544106139809,34.8871406216561
14.7544106139809,34.9178783265741
14.7544106139809,34.9486160314921
14.7544106139809,34.9793537364101
14.7544106139809,35.0100914413282
14.7544106139809,35.0408291462462
14.7544106139809,35.0715668511642
14.7544106139809,35.1023045560822
14.7544106139809,35.1330422610002
14.7544106139809,35.1637799659183
14.7544106139809,35.1945176708363
14.7544106139809,35.2252553757543
14.7544106139809,35.2559930806723
14.7544106139809,35.2867307855904
14.7544106139809,35.3174684905084
14.7544106139809,35.3482061954264
14.7544106139809,35.3789439003444
14.7544106139809,35.4096816052625
14.7544106139809,35.4404193101805
14.7544106139809,35.4711570150985
14.7544106139809,35.5018947200165
14.7544106139809,35.5326324249346
14.7544106139809,35.5633701298526
14.7544106139809,35.5941078347706
14.7544106139809,35.6248455396886
14.7544106139809,35.6555832446067
14.7544106139809,35.6863209495247
14.7544106139809,35.7170586544427
14.7544106139809,35.7477963593607
14.7544106139809,35.7785340642788
14.7544106139809,35.8092717691968
14.7544106139809,35.8400094741148
14.7544106139809,35.8707471790328
14.7544106139809,35.9014848839509
14.7544106139809,35.9322225888689
14.7544106139809,35.9629602937869
14.7544106139809,35.9936979987049
14.7544106139809,36.024435703623
14.7544106139809,36.055173408541
14.7544106139809,36.085911113459
14.7544106139809,36.116648818377
14.7544106139809,36.1473865232951
14.7544106139809,36.1781242282131
14.7544106139809,36.2088619331311
14.7544106139809,36.2395996380491
14.7544106139809,36.2703373429672
14.7544106139809,36.3010750478852
14.7544106139809,36.3318127528032
14.7544106139809,36.3625504577212
14.7544106139809,36.3932881626393
14.7544106139809,36.4240258675573
14.7544106139809,36.4547635724753
14.7544106139809,36.4855012773933
14.7544106139809,36.5162389823114
14.7544106139809,36.5469766872294
14.7544106139809,36.5777143921474
14.7544106139809,36.6084520970654
14.7544106139809,36.6391898019835
14.7544106139809,36.6699275069015
14.7544106139809,36.7006652118195
14.7544106139809,36.7314029167375
14.7544106139809,36.7621406216556
14.7544106139809,36.7928783265736
14.7544106139809,36.8236160314916
14.7544106139809,36.8543537364096
14.7544106139809,36.8850914413277
14.7544106139809,36.9158291462457
14.7544106139809,36.9465668511637
14.7544106139809,36.9773045560817
14.7544106139809,37.0080422609998
14.7544106139809,37.0387799659178
14.7544106139809,37.0695176708358
14.7544106139809,37.1002553757538
14.7544106139809,37.1309930806718
14.7544106139809,37.1617307855899
14.7544106139809,37.1924684905079
14.7544106139809,37.2232061954259
14.7544106139809,37.2539439003439
14.7544106139809,37.284681605262
14.7544106139809,37.31541931018
14.7544106139809,37.346157015098
14.7544106139809,37.376894720016
14.7544106139809,37.4076324249341
14.7544106139809,37.4383701298521
14.7544106139809,37.4691078347701
14.7544106139809,37.4998455396881
14.7544106139809,37.5305832446062
14.7544106139809,37.5613209495242
14.7544106139809,37.5920586544422
14.7544106139809,37.6227963593602
14.7544106139809,37.6535340642783
14.7544106139809,37.6842717691963
14.7544106139809,37.7150094741143
14.7544106139809,37.7457471790323
14.7544106139809,37.7764848839504
14.7544106139809,37.8072225888684
14.7544106139809,37.8379602937864
14.7544106139809,37.8686979987044
14.7544106139809,37.8994357036225
14.7544106139809,37.9301734085405
14.7544106139809,37.9609111134585
14.7544106139809,37.9916488183765
14.7544106139809,38.0223865232946
14.7544106139809,38.0531242282126
14.7544106139809,38.0838619331306
14.7544106139809,38.1145996380486
14.7544106139809,38.1453373429667
14.7544106139809,38.1760750478847
14.7544106139809,38.2068127528027
14.7544106139809,38.2375504577207
14.7544106139809,38.2682881626388
14.7544106139809,38.2990258675568
14.7544106139809,38.3297635724748
14.7544106139809,38.3605012773928
14.7544106139809,38.3912389823109
14.7544106139809,38.4219766872289
14.7544106139809,38.4527143921469
14.7544106139809,38.4834520970649
14.7544106139809,38.514189801983
14.7544106139809,38.544927506901
14.7544106139809,38.575665211819
14.7544106139809,38.606402916737
14.7544106139809,38.6371406216551
14.7544106139809,38.6678783265731
14.7544106139809,38.6986160314911
14.7544106139809,38.7293537364091
14.7544106139809,38.7600914413272
14.7544106139809,38.7908291462452
14.7544106139809,38.8215668511632
14.7544106139809,38.8523045560812
14.7544106139809,38.8830422609993
14.7544106139809,38.9137799659173
14.7544106139809,38.9445176708353
14.7544106139809,38.9752553757533
14.7544106139809,39.0059930806714
14.7544106139809,39.0367307855894
14.7544106139809,39.0674684905074
14.7544106139809,39.0982061954254
14.7544106139809,39.1289439003435
14.7544106139809,39.1596816052615
14.7544106139809,39.1904193101795
14.7544106139809,39.2211570150975
14.7544106139809,39.2518947200155
14.7544106139809,39.2826324249336
14.7544106139809,39.3133701298516
14.7544106139809,39.3441078347696
14.7544106139809,39.3748455396876
14.7544106139809,39.4055832446057
14.7544106139809,39.4363209495237
14.7544106139809,39.4670586544417
14.7544106139809,39.4977963593597
14.7544106139809,39.5285340642778
14.7544106139809,39.5592717691958
14.7544106139809,39.5900094741138
14.7544106139809,39.6207471790318
14.7544106139809,39.6514848839499
14.7544106139809,39.6822225888679
14.7544106139809,39.7129602937859
14.7544106139809,39.7436979987039
14.7544106139809,39.774435703622
14.7544106139809,39.80517340854
14.7544106139809,39.835911113458
14.7544106139809,39.866648818376
14.7544106139809,39.8973865232941
14.7544106139809,39.9281242282121
14.7544106139809,39.9588619331301
14.7544106139809,39.9895996380481
14.7544106139809,40.0203373429662
14.7544106139809,40.0510750478842
14.7544106139809,40.0818127528022
14.7544106139809,40.1125504577202
14.7544106139809,40.1432881626383
14.7544106139809,40.1740258675563
14.7544106139809,40.2047635724743
14.7544106139809,40.2355012773923
14.7544106139809,40.2662389823104
14.7544106139809,40.2969766872284
14.7544106139809,40.3277143921464
14.7544106139809,40.3584520970644
14.7544106139809,40.3891898019825
14.7544106139809,40.4199275069005
14.7544106139809,40.4506652118185
14.7544106139809,40.4814029167365
14.7544106139809,40.5121406216546
14.7544106139809,40.5428783265726
14.7544106139809,40.5736160314906
14.7544106139809,40.6043537364086
14.7544106139809,40.6350914413267
14.7544106139809,40.6658291462447
14.7544106139809,40.6965668511627
14.7544106139809,40.7273045560807
14.7544106139809,40.7580422609988
14.7544106139809,40.7887799659168
14.7544106139809,40.8195176708348
14.7544106139809,40.8502553757528
14.7544106139809,40.8809930806709
14.7544106139809,40.9117307855889
14.7544106139809,40.9424684905069
14.7544106139809,40.9732061954249
14.7544106139809,41.003943900343
14.7544106139809,41.034681605261
14.7544106139809,41.065419310179
14.7544106139809,41.096157015097
14.7544106139809,41.1268947200151
14.7544106139809,41.1576324249331
14.7544106139809,41.1883701298511
14.7544106139809,41.2191078347691
14.7544106139809,41.2498455396872
14.7544106139809,41.2805832446052
14.7544106139809,41.3113209495232
14.7544106139809,41.3420586544412
14.7544106139809,41.3727963593592
14.7544106139809,41.4035340642773
14.7544106139809,41.4342717691953
14.7544106139809,41.4650094741133
14.7544106139809,41.4957471790313
14.7544106139809,41.5264848839494
14.7544106139809,41.5572225888674
14.7544106139809,41.5879602937854
14.7544106139809,41.6186979987034
14.7544106139809,41.6494357036215
14.7544106139809,41.6801734085395
14.7544106139809,41.7109111134575
14.7544106139809,41.7416488183755
14.7544106139809,41.7723865232936
14.7544106139809,41.8031242282116
14.7544106139809,41.8338619331296
14.7544106139809,41.8645996380476
14.7544106139809,41.8953373429657
14.7544106139809,41.9260750478837
14.7544106139809,41.9568127528017
14.7544106139809,41.9875504577197
14.7544106139809,42.0182881626378
14.7544106139809,42.0490258675558
14.7544106139809,42.0797635724738
14.7544106139809,42.1105012773918
14.7544106139809,42.1412389823099
14.7544106139809,42.1719766872279
14.7544106139809,42.2027143921459
14.7544106139809,42.2334520970639
14.7544106139809,42.264189801982
14.7544106139809,42.2949275069
14.7544106139809,42.325665211818
14.7544106139809,42.356402916736
14.7544106139809,42.3871406216541
14.7544106139809,42.4178783265721
14.7544106139809,42.4486160314901
14.7544106139809,42.4793537364081
14.7544106139809,42.5100914413262
14.7544106139809,42.5408291462442
14.7544106139809,42.5715668511622
14.7544106139809,42.6023045560802
14.7544106139809,42.6330422609983
14.7544106139809,42.6637799659163
14.7544106139809,42.6945176708343
14.7544106139809,42.7252553757523
14.7544106139809,42.7559930806704
14.7544106139809,42.7867307855884
14.7544106139809,42.8174684905064
14.7544106139809,42.8482061954244
14.7544106139809,42.8789439003425
14.7544106139809,42.9096816052605
14.7544106139809,42.9404193101785
14.7544106139809,42.9711570150965
14.7544106139809,43.0018947200146
14.7544106139809,43.0326324249326
14.7544106139809,43.0633701298506
14.7544106139809,43.0941078347686
14.7544106139809,43.1248455396867
14.7544106139809,43.1555832446047
14.7544106139809,43.1863209495227
14.7544106139809,43.2170586544407
14.7544106139809,43.2477963593588
14.7544106139809,43.2785340642768
14.7544106139809,43.3092717691948
14.7544106139809,43.3400094741128
14.7544106139809,43.3707471790309
14.7544106139809,43.4014848839489
14.7544106139809,43.4322225888669
14.7544106139809,43.4629602937849
14.7544106139809,43.4936979987029
14.7544106139809,43.524435703621
14.7544106139809,43.555173408539
14.7544106139809,43.585911113457
14.7544106139809,43.616648818375
14.7544106139809,43.6473865232931
14.7544106139809,43.6781242282111
14.7544106139809,43.7088619331291
14.7544106139809,43.7395996380471
14.7544106139809,43.7703373429652
14.7544106139809,43.8010750478832
14.7544106139809,43.8318127528012
14.7544106139809,43.8625504577192
14.7544106139809,43.8932881626373
14.7544106139809,43.9240258675553
14.7544106139809,43.9547635724733
14.7544106139809,43.9855012773913
14.7544106139809,44.0162389823094
14.7544106139809,44.0469766872274
14.7544106139809,44.0777143921454
14.7544106139809,44.1084520970634
14.7544106139809,44.1391898019815
14.7544106139809,44.1699275068995
14.7544106139809,44.2006652118175
14.7544106139809,44.2314029167355
14.7544106139809,44.2621406216536
14.7544106139809,44.2928783265716
14.7544106139809,44.3236160314896
14.7544106139809,44.3543537364076
14.7544106139809,44.3850914413257
14.7544106139809,44.4158291462437
14.7544106139809,44.4465668511617
14.7544106139809,44.4773045560797
14.7544106139809,44.5080422609978
14.7544106139809,44.5387799659158
14.7544106139809,44.5695176708338
14.7544106139809,44.6002553757518
14.7544106139809,44.6309930806699
14.7544106139809,44.6617307855879
14.7544106139809,44.6924684905059
14.7544106139809,44.7232061954239
14.7544106139809,44.753943900342
14.7544106139809,44.78468160526
14.7544106139809,44.815419310178
14.7544106139809,44.846157015096
14.7544106139809,44.8768947200141
14.7544106139809,44.9076324249321
14.7544106139809,44.9383701298501
14.7544106139809,44.9691078347681
14.7544106139809,44.9998455396862
14.7544106139809,45.0305832446042
14.7544106139809,45.0613209495222
14.7544106139809,45.0920586544402
14.7544106139809,45.1227963593583
14.7544106139809,45.1535340642763
14.7544106139809,45.1842717691943
14.7544106139809,45.2150094741123
14.7544106139809,45.2457471790304
14.7544106139809,45.2764848839484
14.7544106139809,45.3072225888664
14.7544106139809,45.3379602937844
14.7544106139809,45.3686979987025
14.7544106139809,45.3994357036205
14.7544106139809,45.4301734085385
14.7544106139809,45.4609111134565
14.7544106139809,45.4916488183745
14.7544106139809,45.5223865232926
14.7544106139809,45.5531242282106
14.7544106139809,45.5838619331286
14.7544106139809,45.6145996380466
14.7544106139809,45.6453373429647
14.7544106139809,45.6760750478827
14.7544106139809,45.7068127528007
14.7544106139809,45.7375504577187
14.7544106139809,45.7682881626368
14.7544106139809,45.7990258675548
14.7544106139809,45.8297635724728
14.7544106139809,45.8605012773908
14.7544106139809,45.8912389823089
14.7544106139809,45.9219766872269
14.7544106139809,45.9527143921449
14.7544106139809,45.9834520970629
14.7544106139809,46.014189801981
14.7544106139809,46.044927506899
14.7544106139809,46.075665211817
14.7544106139809,46.106402916735
14.7544106139809,46.1371406216531
14.7544106139809,46.1678783265711
14.7544106139809,46.1986160314891
14.7544106139809,46.2293537364071
14.7544106139809,46.2600914413252
14.7544106139809,46.2908291462432
14.7544106139809,46.3215668511612
14.7544106139809,46.3523045560792
14.7544106139809,46.3830422609973
14.7544106139809,46.4137799659153
14.7544106139809,46.4445176708333
14.7544106139809,46.4752553757513
14.7544106139809,46.5059930806694
14.7544106139809,46.5367307855874
14.7544106139809,46.5674684905054
14.7544106139809,46.5982061954234
14.7544106139809,46.6289439003415
14.7544106139809,46.6596816052595
14.7544106139809,46.6904193101775
14.7544106139809,46.7211570150955
14.7544106139809,46.7518947200136
14.7544106139809,46.7826324249316
14.7544106139809,46.8133701298496
14.7544106139809,46.8441078347676
14.7544106139809,46.8748455396857
14.7544106139809,46.9055832446037
14.7544106139809,46.9363209495217
14.7544106139809,46.9670586544397
14.7544106139809,46.9977963593578
14.7544106139809,47.0285340642758
14.7544106139809,47.0592717691938
14.7544106139809,47.0900094741118
14.7544106139809,47.1207471790299
14.7544106139809,47.1514848839479
14.7544106139809,47.1822225888659
14.7544106139809,47.2129602937839
14.7544106139809,47.243697998702
14.7544106139809,47.27443570362
14.7544106139809,47.305173408538
14.7544106139809,47.335911113456
14.7544106139809,47.3666488183741
14.7544106139809,47.3973865232921
14.7544106139809,47.4281242282101
14.7544106139809,47.4588619331281
14.7544106139809,47.4895996380462
14.7544106139809,47.5203373429642
14.7544106139809,47.5510750478822
14.7544106139809,47.5818127528002
14.7544106139809,47.6125504577182
14.7544106139809,47.6432881626363
14.7544106139809,47.6740258675543
14.7544106139809,47.7047635724723
14.7544106139809,47.7355012773903
14.7544106139809,47.7662389823084
14.7544106139809,47.7969766872264
14.7544106139809,47.8277143921444
14.7544106139809,47.8584520970624
14.7544106139809,47.8891898019805
14.7544106139809,47.9199275068985
14.7544106139809,47.9506652118165
14.7544106139809,47.9814029167345
14.7544106139809,48.0121406216526
14.7544106139809,48.0428783265706
14.7544106139809,48.0736160314886
14.7544106139809,48.1043537364066
14.7544106139809,48.1350914413247
14.7544106139809,48.1658291462427
14.7544106139809,48.1965668511607
14.7544106139809,48.2273045560787
14.7544106139809,48.2580422609968
14.7544106139809,48.2887799659148
14.7544106139809,48.3195176708328
14.7544106139809,48.3502553757508
14.7544106139809,48.3809930806689
14.7544106139809,48.4117307855869
14.7544106139809,48.4424684905049
14.7544106139809,48.4732061954229
14.7544106139809,48.503943900341
14.7544106139809,48.534681605259
14.7544106139809,48.565419310177
14.7544106139809,48.596157015095
14.7544106139809,48.6268947200131
14.7544106139809,48.6576324249311
14.7544106139809,48.6883701298491
14.7544106139809,48.7191078347671
14.7544106139809,48.7498455396852
14.7544106139809,48.7805832446032
14.7544106139809,48.8113209495212
14.7544106139809,48.8420586544392
14.7544106139809,48.8727963593573
14.7544106139809,48.9035340642753
14.7544106139809,48.9342717691933
14.7544106139809,48.9650094741113
14.7544106139809,48.9957471790294
14.7544106139809,49.0264848839474
14.7544106139809,49.0572225888654
14.7544106139809,49.0879602937834
14.7544106139809,49.1186979987015
14.7544106139809,49.1494357036195
14.7544106139809,49.1801734085375
14.7544106139809,49.2109111134555
14.7544106139809,49.2416488183736
14.7544106139809,49.2723865232916
14.7544106139809,49.3031242282096
14.7544106139809,49.3338619331276
14.7544106139809,49.3645996380457
14.7544106139809,49.3953373429637
14.7544106139809,49.4260750478817
14.7544106139809,49.4568127527997
14.7544106139809,49.4875504577178
14.7544106139809,49.5182881626358
14.7544106139809,49.5490258675538
14.7544106139809,49.5797635724718
14.7544106139809,49.6105012773899
14.7544106139809,49.6412389823079
14.7544106139809,49.6719766872259
14.7544106139809,49.7027143921439
14.7544106139809,49.7334520970619
14.7544106139809,49.76418980198
14.7544106139809,49.794927506898
14.7544106139809,49.825665211816
14.7544106139809,49.856402916734
14.7544106139809,49.8871406216521
14.7544106139809,49.9178783265701
14.7544106139809,49.9486160314881
14.7544106139809,49.9793537364061
14.7544106139809,50.0100914413242
14.7544106139809,50.0408291462422
14.7544106139809,50.0715668511602
14.7544106139809,50.1023045560782
14.7544106139809,50.1330422609963
14.7544106139809,50.1637799659143
14.7544106139809,50.1945176708323
14.7544106139809,50.2252553757503
14.7544106139809,50.2559930806684
14.7544106139809,50.2867307855864
14.7544106139809,50.3174684905044
14.7544106139809,50.3482061954224
14.7544106139809,50.3789439003405
14.7544106139809,50.4096816052585
14.7544106139809,50.4404193101765
14.7544106139809,50.4711570150945
14.7544106139809,50.5018947200126
14.7544106139809,50.5326324249306
14.7544106139809,50.5633701298486
14.7544106139809,50.5941078347666
14.7544106139809,50.6248455396847
14.7544106139809,50.6555832446027
14.7544106139809,50.6863209495207
14.7544106139809,50.7170586544387
14.7544106139809,50.7477963593568
14.7544106139809,50.7785340642748
14.7544106139809,50.8092717691928
14.7544106139809,50.8400094741108
14.7544106139809,50.8707471790289
14.7544106139809,50.9014848839469
14.7544106139809,50.9322225888649
14.7544106139809,50.9629602937829
14.7544106139809,50.993697998701
14.7544106139809,51.024435703619
14.7544106139809,51.055173408537
14.7544106139809,51.085911113455
14.7544106139809,51.1166488183731
14.7544106139809,51.1473865232911
14.7544106139809,51.1781242282091
14.7544106139809,51.2088619331271
14.7544106139809,51.2395996380452
14.7544106139809,51.2703373429632
14.7544106139809,51.3010750478812
14.7544106139809,51.3318127527992
14.7544106139809,51.3625504577173
14.7544106139809,51.3932881626353
14.7544106139809,51.4240258675533
14.7544106139809,51.4547635724713
14.7544106139809,51.4855012773894
14.7544106139809,51.5162389823074
14.7544106139809,51.5469766872254
14.7544106139809,51.5777143921434
14.7544106139809,51.6084520970615
14.7544106139809,51.6391898019795
14.7544106139809,51.6699275068975
14.7544106139809,51.7006652118155
14.7544106139809,51.7314029167336
14.7544106139809,51.7621406216516
14.7544106139809,51.7928783265696
14.7544106139809,51.8236160314876
14.7544106139809,51.8543537364056
14.7544106139809,51.8850914413237
14.7544106139809,51.9158291462417
14.7544106139809,51.9465668511597
14.7544106139809,51.9773045560777
14.7544106139809,52.0080422609958
14.7544106139809,52.0387799659138
14.7544106139809,52.0695176708318
14.7544106139809,52.1002553757498
14.7544106139809,52.1309930806679
14.7544106139809,52.1617307855859
14.7544106139809,52.1924684905039
14.7544106139809,52.2232061954219
14.7544106139809,52.25394390034
14.7544106139809,52.284681605258
14.7544106139809,52.315419310176
14.7544106139809,52.346157015094
14.7544106139809,52.3768947200121
14.7544106139809,52.4076324249301
14.7544106139809,52.4383701298481
14.7544106139809,52.4691078347661
14.7544106139809,52.4998455396842
14.7544106139809,52.5305832446022
14.7544106139809,52.5613209495202
14.7544106139809,52.5920586544382
14.7544106139809,52.6227963593563
14.7544106139809,52.6535340642743
14.7544106139809,52.6842717691923
14.7544106139809,52.7150094741103
14.7544106139809,52.7457471790284
14.7544106139809,52.7764848839464
14.7544106139809,52.8072225888644
14.7544106139809,52.8379602937824
14.7544106139809,52.8686979987005
14.7544106139809,52.8994357036185
14.7544106139809,52.9301734085365
14.7544106139809,52.9609111134545
14.7544106139809,52.9916488183726
14.7544106139809,53.0223865232906
14.7544106139809,53.0531242282086
14.7544106139809,53.0838619331266
14.7544106139809,53.1145996380447
14.7544106139809,53.1453373429627
14.7544106139809,53.1760750478807
14.7544106139809,53.2068127527987
14.7544106139809,53.2375504577168
14.7544106139809,53.2682881626348
14.7544106139809,53.2990258675528
14.7544106139809,53.3297635724708
14.7544106139809,53.3605012773889
14.7544106139809,53.3912389823069
14.7544106139809,53.4219766872249
14.7544106139809,53.4527143921429
14.7544106139809,53.483452097061
14.7544106139809,53.514189801979
14.7544106139809,53.544927506897
14.7544106139809,53.575665211815
14.7544106139809,53.6064029167331
14.7544106139809,53.6371406216511
14.7544106139809,53.6678783265691
14.7544106139809,53.6986160314871
14.7544106139809,53.7293537364052
14.7544106139809,53.7600914413232
14.7544106139809,53.7908291462412
14.7544106139809,53.8215668511592
14.7544106139809,53.8523045560773
14.7544106139809,53.8830422609953
14.7544106139809,53.9137799659133
14.7544106139809,53.9445176708313
14.7544106139809,53.9752553757493
14.7544106139809,54.0059930806674
14.7544106139809,54.0367307855854
14.7544106139809,54.0674684905034
14.7544106139809,54.0982061954214
14.7544106139809,54.1289439003395
14.7544106139809,54.1596816052575
14.7544106139809,54.1904193101755
14.7544106139809,54.2211570150935
14.7544106139809,54.2518947200116
14.7544106139809,54.2826324249296
14.7544106139809,54.3133701298476
14.7544106139809,54.3441078347656
14.7544106139809,54.3748455396837
14.7544106139809,54.4055832446017
14.7544106139809,54.4363209495197
14.7544106139809,54.4670586544377
14.7544106139809,54.4977963593558
14.7544106139809,54.5285340642738
14.7544106139809,54.5592717691918
14.7544106139809,54.5900094741098
14.7544106139809,54.6207471790279
14.7544106139809,54.6514848839459
14.7544106139809,54.6822225888639
14.7544106139809,54.7129602937819
14.7544106139809,54.7436979987
14.7544106139809,54.774435703618
14.7544106139809,54.805173408536
14.7544106139809,54.835911113454
14.7544106139809,54.8666488183721
14.7544106139809,54.8973865232901
14.7544106139809,54.9281242282081
14.7544106139809,54.9588619331261
14.7544106139809,54.9895996380442
14.7544106139809,55.0203373429622
14.7544106139809,55.0510750478802
14.7544106139809,55.0818127527982
14.7544106139809,55.1125504577163
14.7544106139809,55.1432881626343
14.7544106139809,55.1740258675523
14.7544106139809,55.2047635724703
14.7544106139809,55.2355012773884
14.7544106139809,55.2662389823064
14.7544106139809,55.2969766872244
14.7544106139809,55.3277143921424
14.7544106139809,55.3584520970605
14.7544106139809,55.3891898019785
14.7544106139809,55.4199275068965
14.7544106139809,55.4506652118145
14.7544106139809,55.4814029167326
14.7544106139809,55.5121406216506
14.7544106139809,55.5428783265686
14.7544106139809,55.5736160314866
14.7544106139809,55.6043537364047
14.7544106139809,55.6350914413227
14.7544106139809,55.6658291462407
14.7544106139809,55.6965668511587
14.7544106139809,55.7273045560768
14.7544106139809,55.7580422609948
14.7544106139809,55.7887799659128
14.7544106139809,55.8195176708308
14.7544106139809,55.8502553757489
14.7544106139809,55.8809930806669
14.7544106139809,55.9117307855849
14.7544106139809,55.9424684905029
14.7544106139809,55.9732061954209
14.7544106139809,56.003943900339
14.7544106139809,56.034681605257
14.7544106139809,56.065419310175
14.7544106139809,56.096157015093
14.7544106139809,56.1268947200111
14.7544106139809,56.1576324249291
14.7544106139809,56.1883701298471
14.7544106139809,56.2191078347651
14.7544106139809,56.2498455396832
14.7544106139809,56.2805832446012
14.7544106139809,56.3113209495192
14.7544106139809,56.3420586544372
14.7544106139809,56.3727963593553
14.7544106139809,56.4035340642733
14.7544106139809,56.4342717691913
14.7544106139809,56.4650094741093
14.7544106139809,56.4957471790274
14.7544106139809,56.5264848839454
14.7544106139809,56.5572225888634
14.7544106139809,56.5879602937814
14.7544106139809,56.6186979986995
14.7544106139809,56.6494357036175
14.7544106139809,56.6801734085355
14.7544106139809,56.7109111134535
14.7544106139809,56.7416488183716
14.7544106139809,56.7723865232896
14.7544106139809,56.8031242282076
14.7544106139809,56.8338619331256
14.7544106139809,56.8645996380437
14.7544106139809,56.8953373429617
14.7544106139809,56.9260750478797
14.7544106139809,56.9568127527977
14.7544106139809,56.9875504577158
14.7544106139809,57.0182881626338
14.7544106139809,57.0490258675518
14.7544106139809,57.0797635724698
14.7544106139809,57.1105012773879
14.7544106139809,57.1412389823059
14.7544106139809,57.1719766872239
14.7544106139809,57.2027143921419
14.7544106139809,57.23345209706
14.7544106139809,57.264189801978
14.7544106139809,57.294927506896
14.7544106139809,57.325665211814
14.7544106139809,57.3564029167321
14.7544106139809,57.3871406216501
14.7544106139809,57.4178783265681
14.7544106139809,57.4486160314861
14.7544106139809,57.4793537364042
14.7544106139809,57.5100914413222
14.7544106139809,57.5408291462402
14.7544106139809,57.5715668511582
14.7544106139809,57.6023045560763
14.7544106139809,57.6330422609943
14.7544106139809,57.6637799659123
14.7544106139809,57.6945176708303
14.7544106139809,57.7252553757484
14.7544106139809,57.7559930806664
14.7544106139809,57.7867307855844
14.7544106139809,57.8174684905024
14.7544106139809,57.8482061954205
14.7544106139809,57.8789439003385
14.7544106139809,57.9096816052565
14.7544106139809,57.9404193101745
14.7544106139809,57.9711570150926
14.7544106139809,58.0018947200106
14.7544106139809,58.0326324249286
14.7544106139809,58.0633701298466
14.7544106139809,58.0941078347646
14.7544106139809,58.1248455396827
14.7544106139809,58.1555832446007
14.7544106139809,58.1863209495187
14.7544106139809,58.2170586544367
14.7544106139809,58.2477963593548
14.7544106139809,58.2785340642728
14.7544106139809,58.3092717691908
14.7544106139809,58.3400094741088
14.7544106139809,58.3707471790269
14.7544106139809,58.4014848839449
14.7544106139809,58.4322225888629
14.7544106139809,58.4629602937809
14.7544106139809,58.493697998699
14.7544106139809,58.524435703617
14.7544106139809,58.555173408535
14.7544106139809,58.585911113453
14.7544106139809,58.6166488183711
14.7544106139809,58.6473865232891
14.7544106139809,58.6781242282071
14.7544106139809,58.7088619331251
14.7544106139809,58.7395996380432
14.7544106139809,58.7703373429612
14.7544106139809,58.8010750478792
14.7544106139809,58.8318127527972
14.7544106139809,58.8625504577153
14.7544106139809,58.8932881626333
14.7544106139809,58.9240258675513
14.7544106139809,58.9547635724693
14.7544106139809,58.9855012773874
14.7544106139809,59.0162389823054
14.7544106139809,59.0469766872234
14.7544106139809,59.0777143921414
14.7544106139809,59.1084520970595
14.7544106139809,59.1391898019775
14.7544106139809,59.1699275068955
14.7544106139809,59.2006652118135
14.7544106139809,59.2314029167316
14.7544106139809,59.2621406216496
14.7544106139809,59.2928783265676
14.7544106139809,59.3236160314856
14.7544106139809,59.3543537364037
14.7544106139809,59.3850914413217
14.7544106139809,59.4158291462397
14.7544106139809,59.4465668511577
14.7544106139809,59.4773045560758
14.7544106139809,59.5080422609938
14.7544106139809,59.5387799659118
14.7544106139809,59.5695176708298
14.7544106139809,59.6002553757479
14.7544106139809,59.6309930806659
14.7544106139809,59.6617307855839
14.7544106139809,59.6924684905019
14.7544106139809,59.72320619542
14.7544106139809,59.753943900338
14.7544106139809,59.784681605256
14.7544106139809,59.815419310174
14.7544106139809,59.8461570150921
14.7544106139809,59.8768947200101
14.7544106139809,59.9076324249281
14.7544106139809,59.9383701298461
14.7544106139809,59.9691078347642
14.7544106139809,59.9998455396822
14.7544106139809,60.0305832446002
14.7544106139809,60.0613209495182
14.7544106139809,60.0920586544363
14.7544106139809,60.1227963593543
14.7544106139809,60.1535340642723
14.7544106139809,60.1842717691903
14.7544106139809,60.2150094741083
14.7544106139809,60.2457471790264
14.7544106139809,60.2764848839444
14.7544106139809,60.3072225888624
14.7544106139809,60.3379602937804
14.7544106139809,60.3686979986985
14.7544106139809,60.3994357036165
14.7544106139809,60.4301734085345
14.7544106139809,60.4609111134525
14.7544106139809,60.4916488183706
14.7544106139809,60.5223865232886
14.7544106139809,60.5531242282066
14.7544106139809,60.5838619331246
14.7544106139809,60.6145996380427
14.7544106139809,60.6453373429607
14.7544106139809,60.6760750478787
14.7544106139809,60.7068127527967
14.7544106139809,60.7375504577148
14.7544106139809,60.7682881626328
14.7544106139809,60.7990258675508
14.7544106139809,60.8297635724688
14.7544106139809,60.8605012773869
14.7544106139809,60.8912389823049
14.7544106139809,60.9219766872229
14.7544106139809,60.9527143921409
14.7544106139809,60.983452097059
14.7544106139809,61.014189801977
14.7544106139809,61.044927506895
14.7544106139809,61.075665211813
14.7544106139809,61.1064029167311
14.7544106139809,61.1371406216491
14.7544106139809,61.1678783265671
14.7544106139809,61.1986160314851
14.7544106139809,61.2293537364032
14.7544106139809,61.2600914413212
14.7544106139809,61.2908291462392
14.7544106139809,61.3215668511572
14.7544106139809,61.3523045560753
14.7544106139809,61.3830422609933
14.7544106139809,61.4137799659113
14.7544106139809,61.4445176708293
14.7544106139809,61.4752553757474
14.7544106139809,61.5059930806654
14.7544106139809,61.5367307855834
14.7544106139809,61.5674684905014
14.7544106139809,61.5982061954195
14.7544106139809,61.6289439003375
14.7544106139809,61.6596816052555
14.7544106139809,61.6904193101735
14.7544106139809,61.7211570150916
14.7544106139809,61.7518947200096
14.7544106139809,61.7826324249276
14.7544106139809,61.8133701298456
14.7544106139809,61.8441078347637
14.7544106139809,61.8748455396817
14.7544106139809,61.9055832445997
14.7544106139809,61.9363209495177
14.7544106139809,61.9670586544358
14.7544106139809,61.9977963593538
14.7544106139809,62.0285340642718
14.7544106139809,62.0592717691898
14.7544106139809,62.0900094741079
14.7544106139809,62.1207471790259
14.7544106139809,62.1514848839439
14.7544106139809,62.1822225888619
14.7544106139809,62.21296029378
14.7544106139809,62.243697998698
14.7544106139809,62.274435703616
14.7544106139809,62.305173408534
14.7544106139809,62.335911113452
14.7544106139809,62.3666488183701
14.7544106139809,62.3973865232881
14.7544106139809,62.4281242282061
14.7544106139809,62.4588619331241
14.7544106139809,62.4895996380422
14.7544106139809,62.5203373429602
14.7544106139809,62.5510750478782
14.7544106139809,62.5818127527962
14.7544106139809,62.6125504577143
14.7544106139809,62.6432881626323
14.7544106139809,62.6740258675503
14.7544106139809,62.7047635724683
14.7544106139809,62.7355012773864
14.7544106139809,62.7662389823044
14.7544106139809,62.7969766872224
14.7544106139809,62.8277143921404
14.7544106139809,62.8584520970585
14.7544106139809,62.8891898019765
14.7544106139809,62.9199275068945
14.7544106139809,62.9506652118125
14.7544106139809,62.9814029167306
14.7544106139809,63.0121406216486
14.7544106139809,63.0428783265666
14.7544106139809,63.0736160314846
14.7544106139809,63.1043537364027
14.7544106139809,63.1350914413207
14.7544106139809,63.1658291462387
14.7544106139809,63.1965668511567
14.7544106139809,63.2273045560748
14.7544106139809,63.2580422609928
14.7544106139809,63.2887799659108
14.7544106139809,63.3195176708288
14.7544106139809,63.3502553757469
14.7544106139809,63.3809930806649
14.7544106139809,63.4117307855829
14.7544106139809,63.4424684905009
14.7544106139809,63.473206195419
14.7544106139809,63.503943900337
14.7544106139809,63.534681605255
14.7544106139809,63.565419310173
14.7544106139809,63.5961570150911
14.7544106139809,63.6268947200091
14.7544106139809,63.6576324249271
14.7544106139809,63.6883701298451
14.7544106139809,63.7191078347632
14.7544106139809,63.7498455396812
14.7544106139809,63.7805832445992
14.7544106139809,63.8113209495172
14.7544106139809,63.8420586544353
14.7544106139809,63.8727963593533
14.7544106139809,63.9035340642713
14.7544106139809,63.9342717691893
14.7544106139809,63.9650094741074
14.7544106139809,63.9957471790254
14.7544106139809,64.0264848839434
14.7544106139809,64.0572225888614
14.7544106139809,64.0879602937795
14.7544106139809,64.1186979986975
14.7544106139809,64.1494357036155
14.7544106139809,64.1801734085335
14.7544106139809,64.2109111134516
14.7544106139809,64.2416488183696
14.7544106139809,64.2723865232876
14.7544106139809,64.3031242282056
14.7544106139809,64.3338619331237
14.7544106139809,64.3645996380417
14.7544106139809,64.3953373429597
14.7544106139809,64.4260750478777
14.7544106139809,64.4568127527958
14.7544106139809,64.4875504577138
14.7544106139809,64.5182881626318
14.7544106139809,64.5490258675498
14.7544106139809,64.5797635724679
14.7544106139809,64.6105012773859
14.7544106139809,64.6412389823039
14.7544106139809,64.6719766872219
14.7544106139809,64.70271439214
14.7544106139809,64.733452097058
14.7544106139809,64.764189801976
14.7544106139809,64.794927506894
14.7544106139809,64.8256652118121
14.7544106139809,64.8564029167301
14.7544106139809,64.8871406216481
14.7544106139809,64.9178783265661
14.7544106139809,64.9486160314841
14.7544106139809,64.9793537364022
14.7544106139809,65.0100914413202
14.7544106139809,65.0408291462382
14.7544106139809,65.0715668511562
14.7544106139809,65.1023045560743
14.7544106139809,65.1330422609923
14.7544106139809,65.1637799659103
14.7544106139809,65.1945176708283
14.7544106139809,65.2252553757464
14.7544106139809,65.2559930806644
14.7544106139809,65.2867307855824
14.7544106139809,65.3174684905004
14.7544106139809,65.3482061954185
14.7544106139809,65.3789439003365
14.7544106139809,65.4096816052545
14.7544106139809,65.4404193101725
14.7544106139809,65.4711570150906
14.7544106139809,65.5018947200086
14.7544106139809,65.5326324249266
14.7544106139809,65.5633701298446
14.7544106139809,65.5941078347627
14.7544106139809,65.6248455396807
14.7544106139809,65.6555832445987
14.7544106139809,65.6863209495167
14.7544106139809,65.7170586544348
14.7544106139809,65.7477963593528
14.7544106139809,65.7785340642708
14.7544106139809,65.8092717691888
14.7544106139809,65.8400094741069
14.7544106139809,65.8707471790249
14.7544106139809,65.9014848839429
14.7544106139809,65.9322225888609
14.7544106139809,65.962960293779
14.7544106139809,65.993697998697
14.7544106139809,66.024435703615
14.7544106139809,66.055173408533
14.7544106139809,66.0859111134511
14.7544106139809,66.1166488183691
14.7544106139809,66.1473865232871
14.7544106139809,66.1781242282051
14.7544106139809,66.2088619331232
14.7544106139809,66.2395996380412
14.7544106139809,66.2703373429592
14.7544106139809,66.3010750478772
14.7544106139809,66.3318127527953
14.7544106139809,66.3625504577133
14.7544106139809,66.3932881626313
14.7544106139809,66.4240258675493
14.7544106139809,66.4547635724674
14.7544106139809,66.4855012773854
14.7544106139809,66.5162389823034
14.7544106139809,66.5469766872214
14.7544106139809,66.5777143921395
14.7544106139809,66.6084520970575
14.7544106139809,66.6391898019755
14.7544106139809,66.6699275068935
14.7544106139809,66.7006652118116
14.7544106139809,66.7314029167296
14.7544106139809,66.7621406216476
14.7544106139809,66.7928783265656
14.7544106139809,66.8236160314837
14.7544106139809,66.8543537364017
14.7544106139809,66.8850914413197
14.7544106139809,66.9158291462377
14.7544106139809,66.9465668511558
14.7544106139809,66.9773045560738
14.7544106139809,67.0080422609918
14.7544106139809,67.0387799659098
14.7544106139809,67.0695176708278
14.7544106139809,67.1002553757459
14.7544106139809,67.1309930806639
14.7544106139809,67.1617307855819
14.7544106139809,67.1924684904999
14.7544106139809,67.223206195418
14.7544106139809,67.253943900336
14.7544106139809,67.284681605254
14.7544106139809,67.315419310172
14.7544106139809,67.3461570150901
14.7544106139809,67.3768947200081
14.7544106139809,67.4076324249261
14.7544106139809,67.4383701298441
14.7544106139809,67.4691078347622
14.7544106139809,67.4998455396802
14.7544106139809,67.5305832445982
14.7544106139809,67.5613209495162
14.7544106139809,67.5920586544343
14.7544106139809,67.6227963593523
14.7544106139809,67.6535340642703
14.7544106139809,67.6842717691883
14.7544106139809,67.7150094741064
14.7544106139809,67.7457471790244
14.7544106139809,67.7764848839424
14.7544106139809,67.8072225888604
14.7544106139809,67.8379602937785
14.7544106139809,67.8686979986965
14.7544106139809,67.8994357036145
14.7544106139809,67.9301734085325
14.7544106139809,67.9609111134506
14.7544106139809,67.9916488183686
14.7544106139809,68.0223865232866
14.7544106139809,68.0531242282046
14.7544106139809,68.0838619331227
14.7544106139809,68.1145996380407
14.7544106139809,68.1453373429587
14.7544106139809,68.1760750478767
14.7544106139809,68.2068127527948
14.7544106139809,68.2375504577128
14.7544106139809,68.2682881626308
14.7544106139809,68.2990258675488
14.7544106139809,68.3297635724669
14.7544106139809,68.3605012773849
14.7544106139809,68.3912389823029
14.7544106139809,68.4219766872209
14.7544106139809,68.452714392139
14.7544106139809,68.483452097057
14.7544106139809,68.514189801975
14.7544106139809,68.544927506893
14.7544106139809,68.5756652118111
14.7544106139809,68.6064029167291
14.7544106139809,68.6371406216471
14.7544106139809,68.6678783265651
14.7544106139809,68.6986160314832
14.7544106139809,68.7293537364012
14.7544106139809,68.7600914413192
14.7544106139809,68.7908291462372
14.7544106139809,68.8215668511553
14.7544106139809,68.8523045560733
14.7544106139809,68.8830422609913
14.7544106139809,68.9137799659093
14.7544106139809,68.9445176708274
14.7544106139809,68.9752553757454
14.7544106139809,69.0059930806634
14.7544106139809,69.0367307855814
14.7544106139809,69.0674684904995
14.7544106139809,69.0982061954175
14.7544106139809,69.1289439003355
14.7544106139809,69.1596816052535
14.7544106139809,69.1904193101715
14.7544106139809,69.2211570150896
14.7544106139809,69.2518947200076
14.7544106139809,69.2826324249256
14.7544106139809,69.3133701298436
14.7544106139809,69.3441078347617
14.7544106139809,69.3748455396797
14.7544106139809,69.4055832445977
14.7544106139809,69.4363209495157
14.7544106139809,69.4670586544338
14.7544106139809,69.4977963593518
14.7544106139809,69.5285340642698
14.7544106139809,69.5592717691878
14.7544106139809,69.5900094741059
14.7544106139809,69.6207471790239
14.7544106139809,69.6514848839419
14.7544106139809,69.6822225888599
14.7544106139809,69.712960293778
14.7544106139809,69.743697998696
14.7544106139809,69.774435703614
14.7544106139809,69.805173408532
14.7544106139809,69.8359111134501
14.7544106139809,69.8666488183681
14.7544106139809,69.8973865232861
14.7544106139809,69.9281242282041
14.7544106139809,69.9588619331222
14.7544106139809,69.9895996380402
14.7544106139809,70.0203373429582
14.7544106139809,70.0510750478762
14.7544106139809,70.0818127527943
14.7544106139809,70.1125504577123
14.7544106139809,70.1432881626303
14.7544106139809,70.1740258675483
14.7544106139809,70.2047635724664
14.7544106139809,70.2355012773844
14.7544106139809,70.2662389823024
14.7544106139809,70.2969766872204
14.7544106139809,70.3277143921385
14.7544106139809,70.3584520970565
14.7544106139809,70.3891898019745
14.7544106139809,70.4199275068925
14.7544106139809,70.4506652118106
14.7544106139809,70.4814029167286
14.7544106139809,70.5121406216466
14.7544106139809,70.5428783265646
14.7544106139809,70.5736160314827
14.7544106139809,70.6043537364007
14.7544106139809,70.6350914413187
14.7544106139809,70.6658291462367
14.7544106139809,70.6965668511548
14.7544106139809,70.7273045560728
14.7544106139809,70.7580422609908
14.7544106139809,70.7887799659088
14.7544106139809,70.8195176708269
14.7544106139809,70.8502553757449
14.7544106139809,70.8809930806629
14.7544106139809,70.9117307855809
14.7544106139809,70.942468490499
14.7544106139809,70.973206195417
14.7544106139809,71.003943900335
14.7544106139809,71.034681605253
14.7544106139809,71.0654193101711
14.7544106139809,71.0961570150891
14.7544106139809,71.1268947200071
14.7544106139809,71.1576324249251
14.7544106139809,71.1883701298432
14.7544106139809,71.2191078347612
14.7544106139809,71.2498455396792
14.7544106139809,71.2805832445972
14.7544106139809,71.3113209495152
14.7544106139809,71.3420586544333
14.7544106139809,71.3727963593513
14.7544106139809,71.4035340642693
14.7544106139809,71.4342717691873
14.7544106139809,71.4650094741054
14.7544106139809,71.4957471790234
14.7544106139809,71.5264848839414
14.7544106139809,71.5572225888594
14.7544106139809,71.5879602937775
14.7544106139809,71.6186979986955
14.7544106139809,71.6494357036135
14.7544106139809,71.6801734085315
14.7544106139809,71.7109111134496
14.7544106139809,71.7416488183676
14.7544106139809,71.7723865232856
14.7544106139809,71.8031242282036
14.7544106139809,71.8338619331217
14.7544106139809,71.8645996380397
14.7544106139809,71.8953373429577
14.7544106139809,71.9260750478757
14.7544106139809,71.9568127527938
14.7544106139809,71.9875504577118
14.7544106139809,72.0182881626298
14.7544106139809,72.0490258675478
14.7544106139809,72.0797635724659
14.7544106139809,72.1105012773839
14.7544106139809,72.1412389823019
14.7544106139809,72.1719766872199
14.7544106139809,72.202714392138
14.7544106139809,72.233452097056
14.7544106139809,72.264189801974
14.7544106139809,72.294927506892
14.7544106139809,72.3256652118101
14.7544106139809,72.3564029167281
14.7544106139809,72.3871406216461
14.7544106139809,72.4178783265641
14.7544106139809,72.4486160314822
14.7544106139809,72.4793537364002
14.7544106139809,72.5100914413182
14.7544106139809,72.5408291462362
14.7544106139809,72.5715668511543
14.7544106139809,72.6023045560723
14.7544106139809,72.6330422609903
14.7544106139809,72.6637799659083
14.7544106139809,72.6945176708264
14.7544106139809,72.7252553757444
14.7544106139809,72.7559930806624
14.7544106139809,72.7867307855804
14.7544106139809,72.8174684904985
14.7544106139809,72.8482061954165
14.7544106139809,72.8789439003345
14.7544106139809,72.9096816052525
14.7544106139809,72.9404193101706
14.7544106139809,72.9711570150886
14.7544106139809,73.0018947200066
14.7544106139809,73.0326324249246
14.7544106139809,73.0633701298427
14.7544106139809,73.0941078347607
14.7544106139809,73.1248455396787
14.7544106139809,73.1555832445967
14.7544106139809,73.1863209495148
14.7544106139809,73.2170586544328
14.7544106139809,73.2477963593508
14.7544106139809,73.2785340642688
14.7544106139809,73.3092717691869
14.7544106139809,73.3400094741049
14.7544106139809,73.3707471790229
14.7544106139809,73.4014848839409
14.7544106139809,73.4322225888589
14.7544106139809,73.462960293777
14.7544106139809,73.493697998695
14.7544106139809,73.524435703613
14.7544106139809,73.555173408531
14.7544106139809,73.5859111134491
14.7544106139809,73.6166488183671
14.7544106139809,73.6473865232851
14.7544106139809,73.6781242282031
14.7544106139809,73.7088619331212
14.7544106139809,73.7395996380392
14.7544106139809,73.7703373429572
14.7544106139809,73.8010750478752
14.7544106139809,73.8318127527933
14.7544106139809,73.8625504577113
14.7544106139809,73.8932881626293
14.7544106139809,73.9240258675473
14.7544106139809,73.9547635724654
14.7544106139809,73.9855012773834
14.7544106139809,74.0162389823014
14.7544106139809,74.0469766872194
14.7544106139809,74.0777143921375
14.7544106139809,74.1084520970555
14.7544106139809,74.1391898019735
14.7544106139809,74.1699275068915
14.7544106139809,74.2006652118096
14.7544106139809,74.2314029167276
14.7544106139809,74.2621406216456
14.7544106139809,74.2928783265636
14.7544106139809,74.3236160314817
14.7544106139809,74.3543537363997
14.7544106139809,74.3850914413177
14.7544106139809,74.4158291462357
14.7544106139809,74.4465668511538
14.7544106139809,74.4773045560718
14.7544106139809,74.5080422609898
14.7544106139809,74.5387799659078
14.7544106139809,74.5695176708259
14.7544106139809,74.6002553757439
14.7544106139809,74.6309930806619
14.7544106139809,74.6617307855799
14.7544106139809,74.692468490498
14.7544106139809,74.723206195416
14.7544106139809,74.753943900334
14.7544106139809,74.784681605252
14.7544106139809,74.8154193101701
14.7544106139809,74.8461570150881
14.7544106139809,74.8768947200061
14.7544106139809,74.9076324249241
14.7544106139809,74.9383701298422
14.7544106139809,74.9691078347602
14.7544106139809,74.9998455396782
14.7544106139809,75.0305832445962
14.7544106139809,75.0613209495143
14.7544106139809,75.0920586544323
14.7544106139809,75.1227963593503
14.7544106139809,75.1535340642683
14.7544106139809,75.1842717691864
14.7544106139809,75.2150094741044
14.7544106139809,75.2457471790224
14.7544106139809,75.2764848839404
14.7544106139809,75.3072225888585
14.7544106139809,75.3379602937765
14.7544106139809,75.3686979986945
14.7544106139809,75.3994357036125
14.7544106139809,75.4301734085305
14.7544106139809,75.4609111134486
14.7544106139809,75.4916488183666
14.7544106139809,75.5223865232846
14.7544106139809,75.5531242282026
14.7544106139809,75.5838619331207
14.7544106139809,75.6145996380387
14.7544106139809,75.6453373429567
14.7544106139809,75.6760750478747
14.7544106139809,75.7068127527928
14.7544106139809,75.7375504577108
14.7544106139809,75.7682881626288
14.7544106139809,75.7990258675468
14.7544106139809,75.8297635724649
14.7544106139809,75.8605012773829
14.7544106139809,75.8912389823009
14.7544106139809,75.9219766872189
14.7544106139809,75.952714392137
14.7544106139809,75.983452097055
14.7544106139809,76.014189801973
14.7544106139809,76.044927506891
14.7544106139809,76.0756652118091
14.7544106139809,76.1064029167271
14.7544106139809,76.1371406216451
14.7544106139809,76.1678783265631
14.7544106139809,76.1986160314812
14.7544106139809,76.2293537363992
14.7544106139809,76.2600914413172
14.7544106139809,76.2908291462352
14.7544106139809,76.3215668511533
14.7544106139809,76.3523045560713
14.7544106139809,76.3830422609893
14.7544106139809,76.4137799659073
14.7544106139809,76.4445176708254
14.7544106139809,76.4752553757434
14.7544106139809,76.5059930806614
14.7544106139809,76.5367307855794
14.7544106139809,76.5674684904975
14.7544106139809,76.5982061954155
14.7544106139809,76.6289439003335
14.7544106139809,76.6596816052515
14.7544106139809,76.6904193101696
14.7544106139809,76.7211570150876
14.7544106139809,76.7518947200056
14.7544106139809,76.7826324249236
14.7544106139809,76.8133701298417
14.7544106139809,76.8441078347597
14.7544106139809,76.8748455396777
14.7544106139809,76.9055832445957
14.7544106139809,76.9363209495138
14.7544106139809,76.9670586544318
14.7544106139809,76.9977963593498
14.7544106139809,77.0285340642678
14.7544106139809,77.0592717691859
14.7544106139809,77.0900094741039
14.7544106139809,77.1207471790219
14.7544106139809,77.1514848839399
14.7544106139809,77.182222588858
14.7544106139809,77.212960293776
14.7544106139809,77.243697998694
14.7544106139809,77.274435703612
14.7544106139809,77.3051734085301
14.7544106139809,77.3359111134481
14.7544106139809,77.3666488183661
14.7544106139809,77.3973865232841
14.7544106139809,77.4281242282022
14.7544106139809,77.4588619331202
14.7544106139809,77.4895996380382
14.7544106139809,77.5203373429562
14.7544106139809,77.5510750478742
14.7544106139809,77.5818127527923
14.7544106139809,77.6125504577103
14.7544106139809,77.6432881626283
14.7544106139809,77.6740258675463
14.7544106139809,77.7047635724644
14.7544106139809,77.7355012773824
14.7544106139809,77.7662389823004
14.7544106139809,77.7969766872184
14.7544106139809,77.8277143921365
14.7544106139809,77.8584520970545
14.7544106139809,77.8891898019725
14.7544106139809,77.9199275068905
14.7544106139809,77.9506652118086
14.7544106139809,77.9814029167266
14.7544106139809,78.0121406216446
14.7544106139809,78.0428783265626
14.7544106139809,78.0736160314807
14.7544106139809,78.1043537363987
14.7544106139809,78.1350914413167
14.7544106139809,78.1658291462347
14.7544106139809,78.1965668511528
14.7544106139809,78.2273045560708
14.7544106139809,78.2580422609888
14.7544106139809,78.2887799659068
14.7544106139809,78.3195176708249
14.7544106139809,78.3502553757429
14.7544106139809,78.3809930806609
14.7544106139809,78.4117307855789
14.7544106139809,78.442468490497
14.7544106139809,78.473206195415
14.7544106139809,78.503943900333
14.7544106139809,78.534681605251
14.7544106139809,78.5654193101691
14.7544106139809,78.5961570150871
14.7544106139809,78.6268947200051
14.7544106139809,78.6576324249231
14.7544106139809,78.6883701298412
14.7544106139809,78.7191078347592
14.7544106139809,78.7498455396772
14.7544106139809,78.7805832445952
14.7544106139809,78.8113209495133
14.7544106139809,78.8420586544313
14.7544106139809,78.8727963593493
14.7544106139809,78.9035340642673
14.7544106139809,78.9342717691854
14.7544106139809,78.9650094741034
14.7544106139809,78.9957471790214
14.7544106139809,79.0264848839394
14.7544106139809,79.0572225888575
14.7544106139809,79.0879602937755
14.7544106139809,79.1186979986935
14.7544106139809,79.1494357036115
14.7544106139809,79.1801734085296
14.7544106139809,79.2109111134476
14.7544106139809,79.2416488183656
14.7544106139809,79.2723865232836
14.7544106139809,79.3031242282017
14.7544106139809,79.3338619331197
14.7544106139809,79.3645996380377
14.7544106139809,79.3953373429557
14.7544106139809,79.4260750478738
14.7544106139809,79.4568127527918
14.7544106139809,79.4875504577098
14.7544106139809,79.5182881626278
14.7544106139809,79.5490258675459
14.7544106139809,79.5797635724639
14.7544106139809,79.6105012773819
14.7544106139809,79.6412389822999
14.7544106139809,79.6719766872179
14.7544106139809,79.702714392136
14.7544106139809,79.733452097054
14.7544106139809,79.764189801972
14.7544106139809,79.79492750689
14.7544106139809,79.8256652118081
14.7544106139809,79.8564029167261
14.7544106139809,79.8871406216441
14.7544106139809,79.9178783265621
14.7544106139809,79.9486160314802
14.7544106139809,79.9793537363982
14.7544106139809,80.0100914413162
14.7544106139809,80.0408291462342
14.7544106139809,80.0715668511523
14.7544106139809,80.1023045560703
14.7544106139809,80.1330422609883
14.7544106139809,80.1637799659063
14.7544106139809,80.1945176708244
14.7544106139809,80.2252553757424
14.7544106139809,80.2559930806604
14.7544106139809,80.2867307855784
14.7544106139809,80.3174684904965
14.7544106139809,80.3482061954145
14.7544106139809,80.3789439003325
14.7544106139809,80.4096816052505
14.7544106139809,80.4404193101686
14.7544106139809,80.4711570150866
14.7544106139809,80.5018947200046
14.7544106139809,80.5326324249226
14.7544106139809,80.5633701298407
14.7544106139809,80.5941078347587
14.7544106139809,80.6248455396767
14.7544106139809,80.6555832445947
14.7544106139809,80.6863209495128
14.7544106139809,80.7170586544308
14.7544106139809,80.7477963593488
14.7544106139809,80.7785340642668
14.7544106139809,80.8092717691849
14.7544106139809,80.8400094741029
14.7544106139809,80.8707471790209
14.7544106139809,80.9014848839389
14.7544106139809,80.932222588857
14.7544106139809,80.962960293775
14.7544106139809,80.993697998693
14.7544106139809,81.024435703611
14.7544106139809,81.0551734085291
14.7544106139809,81.0859111134471
14.7544106139809,81.1166488183651
14.7544106139809,81.1473865232831
14.7544106139809,81.1781242282012
14.7544106139809,81.2088619331192
14.7544106139809,81.2395996380372
14.7544106139809,81.2703373429552
14.7544106139809,81.3010750478733
14.7544106139809,81.3318127527913
14.7544106139809,81.3625504577093
14.7544106139809,81.3932881626273
14.7544106139809,81.4240258675454
14.7544106139809,81.4547635724634
14.7544106139809,81.4855012773814
14.7544106139809,81.5162389822994
14.7544106139809,81.5469766872175
14.7544106139809,81.5777143921355
14.7544106139809,81.6084520970535
14.7544106139809,81.6391898019715
14.7544106139809,81.6699275068896
14.7544106139809,81.7006652118076
14.7544106139809,81.7314029167256
14.7544106139809,81.7621406216436
14.7544106139809,81.7928783265616
14.7544106139809,81.8236160314797
14.7544106139809,81.8543537363977
14.7544106139809,81.8850914413157
14.7544106139809,81.9158291462337
14.7544106139809,81.9465668511518
14.7544106139809,81.9773045560698
14.7544106139809,82.0080422609878
14.7544106139809,82.0387799659058
14.7544106139809,82.0695176708239
14.7544106139809,82.1002553757419
14.7544106139809,82.1309930806599
14.7544106139809,82.1617307855779
14.7544106139809,82.192468490496
14.7544106139809,82.223206195414
14.7544106139809,82.253943900332
14.7544106139809,82.28468160525
14.7544106139809,82.3154193101681
14.7544106139809,82.3461570150861
14.7544106139809,82.3768947200041
14.7544106139809,82.4076324249221
14.7544106139809,82.4383701298402
14.7544106139809,82.4691078347582
14.7544106139809,82.4998455396762
14.7544106139809,82.5305832445942
14.7544106139809,82.5613209495123
14.7544106139809,82.5920586544303
14.7544106139809,82.6227963593483
14.7544106139809,82.6535340642663
14.7544106139809,82.6842717691844
14.7544106139809,82.7150094741024
14.7544106139809,82.7457471790204
14.7544106139809,82.7764848839384
14.7544106139809,82.8072225888565
14.7544106139809,82.8379602937745
14.7544106139809,82.8686979986925
14.7544106139809,82.8994357036105
14.7544106139809,82.9301734085286
14.7544106139809,82.9609111134466
14.7544106139809,82.9916488183646
14.7544106139809,83.0223865232826
14.7544106139809,83.0531242282007
14.7544106139809,83.0838619331187
14.7544106139809,83.1145996380367
14.7544106139809,83.1453373429547
14.7544106139809,83.1760750478728
14.7544106139809,83.2068127527908
14.7544106139809,83.2375504577088
14.7544106139809,83.2682881626268
14.7544106139809,83.2990258675449
14.7544106139809,83.3297635724629
14.7544106139809,83.3605012773809
14.7544106139809,83.3912389822989
14.7544106139809,83.421976687217
14.7544106139809,83.452714392135
14.7544106139809,83.483452097053
14.7544106139809,83.514189801971
14.7544106139809,83.5449275068891
14.7544106139809,83.5756652118071
14.7544106139809,83.6064029167251
14.7544106139809,83.6371406216431
14.7544106139809,83.6678783265612
14.7544106139809,83.6986160314792
14.7544106139809,83.7293537363972
14.7544106139809,83.7600914413152
14.7544106139809,83.7908291462332
14.7544106139809,83.8215668511513
14.7544106139809,83.8523045560693
14.7544106139809,83.8830422609873
14.7544106139809,83.9137799659053
14.7544106139809,83.9445176708234
14.7544106139809,83.9752553757414
14.7544106139809,84.0059930806594
14.7544106139809,84.0367307855774
14.7544106139809,84.0674684904955
14.7544106139809,84.0982061954135
14.7544106139809,84.1289439003315
14.7544106139809,84.1596816052495
14.7544106139809,84.1904193101676
14.7544106139809,84.2211570150856
14.7544106139809,84.2518947200036
14.7544106139809,84.2826324249216
14.7544106139809,84.3133701298397
14.7544106139809,84.3441078347577
14.7544106139809,84.3748455396757
14.7544106139809,84.4055832445937
14.7544106139809,84.4363209495118
14.7544106139809,84.4670586544298
14.7544106139809,84.4977963593478
14.7544106139809,84.5285340642658
14.7544106139809,84.5592717691839
14.7544106139809,84.5900094741019
14.7544106139809,84.6207471790199
14.7544106139809,84.6514848839379
14.7544106139809,84.682222588856
14.7544106139809,84.712960293774
14.7544106139809,84.743697998692
14.7544106139809,84.77443570361
14.7544106139809,84.8051734085281
14.7544106139809,84.8359111134461
14.7544106139809,84.8666488183641
14.7544106139809,84.8973865232821
14.7544106139809,84.9281242282002
14.7544106139809,84.9588619331182
14.7544106139809,84.9895996380362
14.7544106139809,85.0203373429542
14.7544106139809,85.0510750478723
14.7544106139809,85.0818127527903
14.7544106139809,85.1125504577083
14.7544106139809,85.1432881626263
14.7544106139809,85.1740258675444
14.7544106139809,85.2047635724624
14.7544106139809,85.2355012773804
14.7544106139809,85.2662389822984
14.7544106139809,85.2969766872165
14.7544106139809,85.3277143921345
14.7544106139809,85.3584520970525
14.7544106139809,85.3891898019705
14.7544106139809,85.4199275068886
14.7544106139809,85.4506652118066
14.7544106139809,85.4814029167246
14.7544106139809,85.5121406216426
14.7544106139809,85.5428783265607
14.7544106139809,85.5736160314787
14.7544106139809,85.6043537363967
14.7544106139809,85.6350914413147
14.7544106139809,85.6658291462328
14.7544106139809,85.6965668511508
14.7544106139809,85.7273045560688
14.7544106139809,85.7580422609868
14.7544106139809,85.7887799659049
14.7544106139809,85.8195176708229
14.7544106139809,85.8502553757409
14.7544106139809,85.8809930806589
14.7544106139809,85.9117307855769
14.7544106139809,85.942468490495
14.7544106139809,85.973206195413
14.7544106139809,86.003943900331
14.7544106139809,86.034681605249
14.7544106139809,86.0654193101671
14.7544106139809,86.0961570150851
14.7544106139809,86.1268947200031
14.7544106139809,86.1576324249211
14.7544106139809,86.1883701298392
14.7544106139809,86.2191078347572
14.7544106139809,86.2498455396752
14.7544106139809,86.2805832445932
14.7544106139809,86.3113209495113
14.7544106139809,86.3420586544293
14.7544106139809,86.3727963593473
14.7544106139809,86.4035340642653
14.7544106139809,86.4342717691834
14.7544106139809,86.4650094741014
14.7544106139809,86.4957471790194
14.7544106139809,86.5264848839374
14.7544106139809,86.5572225888555
14.7544106139809,86.5879602937735
14.7544106139809,86.6186979986915
14.7544106139809,86.6494357036095
14.7544106139809,86.6801734085276
14.7544106139809,86.7109111134456
14.7544106139809,86.7416488183636
14.7544106139809,86.7723865232816
14.7544106139809,86.8031242281997
14.7544106139809,86.8338619331177
14.7544106139809,86.8645996380357
14.7544106139809,86.8953373429537
14.7544106139809,86.9260750478718
14.7544106139809,86.9568127527898
14.7544106139809,86.9875504577078
14.7544106139809,87.0182881626258
14.7544106139809,87.0490258675439
14.7544106139809,87.0797635724619
14.7544106139809,87.1105012773799
14.7544106139809,87.1412389822979
14.7544106139809,87.171976687216
14.7544106139809,87.202714392134
14.7544106139809,87.233452097052
14.7544106139809,87.26418980197
14.7544106139809,87.2949275068881
14.7544106139809,87.3256652118061
14.7544106139809,87.3564029167241
14.7544106139809,87.3871406216421
14.7544106139809,87.4178783265602
14.7544106139809,87.4486160314782
14.7544106139809,87.4793537363962
14.7544106139809,87.5100914413142
14.7544106139809,87.5408291462323
14.7544106139809,87.5715668511503
14.7544106139809,87.6023045560683
14.7544106139809,87.6330422609863
14.7544106139809,87.6637799659044
14.7544106139809,87.6945176708224
14.7544106139809,87.7252553757404
14.7544106139809,87.7559930806584
14.7544106139809,87.7867307855765
14.7544106139809,87.8174684904945
14.7544106139809,87.8482061954125
14.7544106139809,87.8789439003305
14.7544106139809,87.9096816052486
14.7544106139809,87.9404193101666
14.7544106139809,87.9711570150846
14.7544106139809,88.0018947200026
14.7544106139809,88.0326324249206
14.7544106139809,88.0633701298387
14.7544106139809,88.0941078347567
14.7544106139809,88.1248455396747
14.7544106139809,88.1555832445927
14.7544106139809,88.1863209495108
14.7544106139809,88.2170586544288
14.7544106139809,88.2477963593468
14.7544106139809,88.2785340642648
14.7544106139809,88.3092717691829
14.7544106139809,88.3400094741009
14.7544106139809,88.3707471790189
14.7544106139809,88.4014848839369
14.7544106139809,88.432222588855
14.7544106139809,88.462960293773
14.7544106139809,88.493697998691
14.7544106139809,88.524435703609
14.7544106139809,88.5551734085271
14.7544106139809,88.5859111134451
14.7544106139809,88.6166488183631
14.7544106139809,88.6473865232811
14.7544106139809,88.6781242281992
14.7544106139809,88.7088619331172
14.7544106139809,88.7395996380352
14.7544106139809,88.7703373429532
14.7544106139809,88.8010750478713
14.7544106139809,88.8318127527893
14.7544106139809,88.8625504577073
14.7544106139809,88.8932881626253
14.7544106139809,88.9240258675434
14.7544106139809,88.9547635724614
14.7544106139809,88.9855012773794
14.7544106139809,89.0162389822974
14.7544106139809,89.0469766872155
14.7544106139809,89.0777143921335
14.7544106139809,89.1084520970515
14.7544106139809,89.1391898019695
14.7544106139809,89.1699275068876
14.7544106139809,89.2006652118056
14.7544106139809,89.2314029167236
14.7544106139809,89.2621406216416
14.7544106139809,89.2928783265597
14.7544106139809,89.3236160314777
14.7544106139809,89.3543537363957
14.7544106139809,89.3850914413137
14.7544106139809,89.4158291462318
14.7544106139809,89.4465668511498
14.7544106139809,89.4773045560678
14.7544106139809,89.5080422609858
14.7544106139809,89.5387799659039
14.7544106139809,89.5695176708219
14.7544106139809,89.6002553757399
14.7544106139809,89.6309930806579
14.7544106139809,89.661730785576
14.7544106139809,89.692468490494
14.7544106139809,89.723206195412
14.7544106139809,89.75394390033
14.7544106139809,89.7846816052481
14.7544106139809,89.8154193101661
14.7544106139809,89.8461570150841
14.7544106139809,89.8768947200021
14.7544106139809,89.9076324249202
14.7544106139809,89.9383701298382
14.7544106139809,89.9691078347562
14.7544106139809,89.9998455396742
14.7544106139809,90.0305832445923
14.7544106139809,90.0613209495103
14.7544106139809,90.0920586544283
14.7544106139809,90.1227963593463
14.7544106139809,90.1535340642643
14.7544106139809,90.1842717691824
14.7544106139809,90.2150094741004
14.7544106139809,90.2457471790184
14.7544106139809,90.2764848839364
14.7544106139809,90.3072225888545
14.7544106139809,90.3379602937725
14.7544106139809,90.3686979986905
14.7544106139809,90.3994357036085
14.7544106139809,90.4301734085266
14.7544106139809,90.4609111134446
14.7544106139809,90.4916488183626
14.7544106139809,90.5223865232806
14.7544106139809,90.5531242281987
14.7544106139809,90.5838619331167
14.7544106139809,90.6145996380347
14.7544106139809,90.6453373429527
14.7544106139809,90.6760750478708
14.7544106139809,90.7068127527888
14.7544106139809,90.7375504577068
14.7544106139809,90.7682881626248
14.7544106139809,90.7990258675429
14.7544106139809,90.8297635724609
14.7544106139809,90.8605012773789
14.7544106139809,90.8912389822969
14.7544106139809,90.921976687215
14.7544106139809,90.952714392133
14.7544106139809,90.983452097051
14.7544106139809,91.014189801969
14.7544106139809,91.0449275068871
14.7544106139809,91.0756652118051
14.7544106139809,91.1064029167231
14.7544106139809,91.1371406216411
14.7544106139809,91.1678783265592
14.7544106139809,91.1986160314772
14.7544106139809,91.2293537363952
14.7544106139809,91.2600914413132
14.7544106139809,91.2908291462313
14.7544106139809,91.3215668511493
14.7544106139809,91.3523045560673
14.7544106139809,91.3830422609853
14.7544106139809,91.4137799659034
14.7544106139809,91.4445176708214
14.7544106139809,91.4752553757394
14.7544106139809,91.5059930806574
14.7544106139809,91.5367307855755
14.7544106139809,91.5674684904935
14.7544106139809,91.5982061954115
14.7544106139809,91.6289439003295
14.7544106139809,91.6596816052476
14.7544106139809,91.6904193101656
14.7544106139809,91.7211570150836
14.7544106139809,91.7518947200016
14.7544106139809,91.7826324249197
14.7544106139809,91.8133701298377
14.7544106139809,91.8441078347557
14.7544106139809,91.8748455396737
14.7544106139809,91.9055832445918
14.7544106139809,91.9363209495098
14.7544106139809,91.9670586544278
14.7544106139809,91.9977963593458
14.7544106139809,92.0285340642639
14.7544106139809,92.0592717691819
14.7544106139809,92.0900094740999
14.7544106139809,92.1207471790179
14.7544106139809,92.151484883936
14.7544106139809,92.182222588854
14.7544106139809,92.212960293772
14.7544106139809,92.24369799869
14.7544106139809,92.274435703608
14.7544106139809,92.3051734085261
14.7544106139809,92.3359111134441
14.7544106139809,92.3666488183621
14.7544106139809,92.3973865232801
14.7544106139809,92.4281242281982
14.7544106139809,92.4588619331162
14.7544106139809,92.4895996380342
14.7544106139809,92.5203373429522
14.7544106139809,92.5510750478703
14.7544106139809,92.5818127527883
14.7544106139809,92.6125504577063
14.7544106139809,92.6432881626243
14.7544106139809,92.6740258675424
14.7544106139809,92.7047635724604
14.7544106139809,92.7355012773784
14.7544106139809,92.7662389822964
14.7544106139809,92.7969766872145
14.7544106139809,92.8277143921325
14.7544106139809,92.8584520970505
14.7544106139809,92.8891898019685
14.7544106139809,92.9199275068866
14.7544106139809,92.9506652118046
14.7544106139809,92.9814029167226
14.7544106139809,93.0121406216406
14.7544106139809,93.0428783265587
14.7544106139809,93.0736160314767
14.7544106139809,93.1043537363947
14.7544106139809,93.1350914413127
14.7544106139809,93.1658291462308
14.7544106139809,93.1965668511488
14.7544106139809,93.2273045560668
14.7544106139809,93.2580422609848
14.7544106139809,93.2887799659029
14.7544106139809,93.3195176708209
14.7544106139809,93.3502553757389
14.7544106139809,93.3809930806569
14.7544106139809,93.411730785575
14.7544106139809,93.442468490493
14.7544106139809,93.473206195411
14.7544106139809,93.503943900329
14.7544106139809,93.5346816052471
14.7544106139809,93.5654193101651
14.7544106139809,93.5961570150831
14.7544106139809,93.6268947200011
14.7544106139809,93.6576324249192
14.7544106139809,93.6883701298372
14.7544106139809,93.7191078347552
14.7544106139809,93.7498455396732
14.7544106139809,93.7805832445913
14.7544106139809,93.8113209495093
14.7544106139809,93.8420586544273
14.7544106139809,93.8727963593453
14.7544106139809,93.9035340642634
14.7544106139809,93.9342717691814
14.7544106139809,93.9650094740994
14.7544106139809,93.9957471790174
14.7544106139809,94.0264848839355
14.7544106139809,94.0572225888535
14.7544106139809,94.0879602937715
14.7544106139809,94.1186979986895
14.7544106139809,94.1494357036076
14.7544106139809,94.1801734085256
14.7544106139809,94.2109111134436
14.7544106139809,94.2416488183616
14.7544106139809,94.2723865232796
14.7544106139809,94.3031242281977
14.7544106139809,94.3338619331157
14.7544106139809,94.3645996380337
14.7544106139809,94.3953373429517
14.7544106139809,94.4260750478698
14.7544106139809,94.4568127527878
14.7544106139809,94.4875504577058
14.7544106139809,94.5182881626238
14.7544106139809,94.5490258675419
14.7544106139809,94.5797635724599
14.7544106139809,94.6105012773779
14.7544106139809,94.6412389822959
14.7544106139809,94.671976687214
14.7544106139809,94.702714392132
14.7544106139809,94.73345209705
14.7544106139809,94.764189801968
14.7544106139809,94.7949275068861
14.7544106139809,94.8256652118041
14.7544106139809,94.8564029167221
14.7544106139809,94.8871406216401
14.7544106139809,94.9178783265582
14.7544106139809,94.9486160314762
14.7544106139809,94.9793537363942
14.7544106139809,95.0100914413122
14.7544106139809,95.0408291462303
14.7544106139809,95.0715668511483
14.7544106139809,95.1023045560663
14.7544106139809,95.1330422609843
14.7544106139809,95.1637799659024
14.7544106139809,95.1945176708204
14.7544106139809,95.2252553757384
14.7544106139809,95.2559930806564
14.7544106139809,95.2867307855745
14.7544106139809,95.3174684904925
14.7544106139809,95.3482061954105
14.7544106139809,95.3789439003285
14.7544106139809,95.4096816052466
14.7544106139809,95.4404193101646
14.7544106139809,95.4711570150826
14.7544106139809,95.5018947200006
14.7544106139809,95.5326324249187
14.7544106139809,95.5633701298367
14.7544106139809,95.5941078347547
14.7544106139809,95.6248455396727
14.7544106139809,95.6555832445908
14.7544106139809,95.6863209495088
14.7544106139809,95.7170586544268
14.7544106139809,95.7477963593448
14.7544106139809,95.7785340642629
14.7544106139809,95.8092717691809
14.7544106139809,95.8400094740989
14.7544106139809,95.8707471790169
14.7544106139809,95.901484883935
14.7544106139809,95.932222588853
14.7544106139809,95.962960293771
14.7544106139809,95.993697998689
14.7544106139809,96.0244357036071
14.7544106139809,96.0551734085251
14.7544106139809,96.0859111134431
14.7544106139809,96.1166488183611
14.7544106139809,96.1473865232792
14.7544106139809,96.1781242281972
14.7544106139809,96.2088619331152
14.7544106139809,96.2395996380332
14.7544106139809,96.2703373429513
14.7544106139809,96.3010750478693
14.7544106139809,96.3318127527873
14.7544106139809,96.3625504577053
14.7544106139809,96.3932881626233
14.7544106139809,96.4240258675414
14.7544106139809,96.4547635724594
14.7544106139809,96.4855012773774
14.7544106139809,96.5162389822954
14.7544106139809,96.5469766872135
14.7544106139809,96.5777143921315
14.7544106139809,96.6084520970495
14.7544106139809,96.6391898019675
14.7544106139809,96.6699275068856
14.7544106139809,96.7006652118036
14.7544106139809,96.7314029167216
14.7544106139809,96.7621406216396
14.7544106139809,96.7928783265577
14.7544106139809,96.8236160314757
14.7544106139809,96.8543537363937
14.7544106139809,96.8850914413117
14.7544106139809,96.9158291462298
14.7544106139809,96.9465668511478
14.7544106139809,96.9773045560658
14.7544106139809,97.0080422609838
14.7544106139809,97.0387799659019
14.7544106139809,97.0695176708199
14.7544106139809,97.1002553757379
14.7544106139809,97.1309930806559
14.7544106139809,97.161730785574
14.7544106139809,97.192468490492
14.7544106139809,97.22320619541
14.7544106139809,97.253943900328
14.7544106139809,97.2846816052461
14.7544106139809,97.3154193101641
14.7544106139809,97.3461570150821
14.7544106139809,97.3768947200001
14.7544106139809,97.4076324249182
14.7544106139809,97.4383701298362
14.7544106139809,97.4691078347542
14.7544106139809,97.4998455396722
14.7544106139809,97.5305832445903
14.7544106139809,97.5613209495083
14.7544106139809,97.5920586544263
14.7544106139809,97.6227963593443
14.7544106139809,97.6535340642624
14.7544106139809,97.6842717691804
14.7544106139809,97.7150094740984
14.7544106139809,97.7457471790164
14.7544106139809,97.7764848839345
14.7544106139809,97.8072225888525
14.7544106139809,97.8379602937705
14.7544106139809,97.8686979986885
14.7544106139809,97.8994357036066
14.7544106139809,97.9301734085246
14.7544106139809,97.9609111134426
14.7544106139809,97.9916488183606
14.7544106139809,98.0223865232787
14.7544106139809,98.0531242281967
14.7544106139809,98.0838619331147
14.7544106139809,98.1145996380327
14.7544106139809,98.1453373429508
14.7544106139809,98.1760750478688
14.7544106139809,98.2068127527868
14.7544106139809,98.2375504577048
14.7544106139809,98.2682881626229
14.7544106139809,98.2990258675409
14.7544106139809,98.3297635724589
14.7544106139809,98.3605012773769
14.7544106139809,98.391238982295
14.7544106139809,98.421976687213
14.7544106139809,98.452714392131
14.7544106139809,98.483452097049
14.7544106139809,98.514189801967
14.7544106139809,98.5449275068851
14.7544106139809,98.5756652118031
14.7544106139809,98.6064029167211
14.7544106139809,98.6371406216391
14.7544106139809,98.6678783265572
14.7544106139809,98.6986160314752
14.7544106139809,98.7293537363932
14.7544106139809,98.7600914413112
14.7544106139809,98.7908291462293
14.7544106139809,98.8215668511473
14.7544106139809,98.8523045560653
14.7544106139809,98.8830422609833
14.7544106139809,98.9137799659014
14.7544106139809,98.9445176708194
14.7544106139809,98.9752553757374
14.7544106139809,99.0059930806554
14.7544106139809,99.0367307855735
14.7544106139809,99.0674684904915
14.7544106139809,99.0982061954095
14.7544106139809,99.1289439003275
14.7544106139809,99.1596816052456
14.7544106139809,99.1904193101636
14.7544106139809,99.2211570150816
14.7544106139809,99.2518947199996
14.7544106139809,99.2826324249177
14.7544106139809,99.3133701298357
14.7544106139809,99.3441078347537
14.7544106139809,99.3748455396717
14.7544106139809,99.4055832445898
14.7544106139809,99.4363209495078
14.7544106139809,99.4670586544258
14.7544106139809,99.4977963593438
14.7544106139809,99.5285340642619
14.7544106139809,99.5592717691799
14.7544106139809,99.5900094740979
14.7544106139809,99.6207471790159
14.7544106139809,99.651484883934
14.7544106139809,99.682222588852
14.7544106139809,99.71296029377
14.7544106139809,99.743697998688
14.7544106139809,99.7744357036061
14.7544106139809,99.8051734085241
14.7544106139809,99.8359111134421
14.7544106139809,99.8666488183601
14.7544106139809,99.8973865232782
14.7544106139809,99.9281242281962
14.7544106139809,99.9588619331142
14.7544106139809,99.9895996380322
