0,0
0,0.0307377049180251
0,0.0614753968066186
2.17827666720819e-29,0.0922130758840553
-8.93764026686688e-23,0.122950754582075
6.07160195243482e-23,0.153688431777373
-3.94004995701304e-21,0.184426102013158
6.23348776955546e-21,0.215163765650576
1.20528788803135e-19,0.245901414730021
1.87355500923854e-19,0.276639054431673
-1.05634274715587e-18,0.307376696292133
-5.2746296829231e-18,0.338114330604888
-7.94760120594884e-18,0.36885195733896
1.23685723918693e-17,0.399589572132492
8.89214861719413e-17,0.430327192154326
2.11166385118582e-16,0.461064817092215
2.11786006986174e-16,0.491802439575571
-3.13048559850712e-16,0.522540057508754
-1.83231223709958e-15,0.553277669149217
-4.22339563644732e-15,0.584015267220597
-5.67499717821557e-15,0.614752860520931
-1.83363545134018e-15,0.645490460214202
1.33745610283807e-14,0.676228067960789
4.35990933897791e-14,0.706965678314682
8.20809657231939e-14,0.737703290497991
1.02247442541732e-13,0.768440889946683
5.34601715315889e-14,0.799178486013479
-1.28180782553556e-13,0.829916090651193
-4.84815584803626e-13,0.860653690337072
-9.7640348541346e-13,0.89139126985579
-1.40995746297086e-12,0.922128852897842
-1.39473089005109e-12,0.952866445702846
-3.77254361022431e-13,0.983604022617014
2.18871515868517e-12,1.01434159380475
6.510461733239e-12,1.045079165162
1.20001404311399e-11,1.07581672541494
1.68251129472435e-11,1.10655425671064
1.76941477855907e-11,1.13729177801656
1.01705981498986e-11,1.16802930843101
-1.02218317420377e-11,1.19876681551271
-4.59907852540714e-11,1.2295043027705
-9.49550705814655e-11,1.26024179446526
-1.47416301785367e-10,1.29097930764543
-1.84259599869485e-10,1.3217168259478
-1.77327463681594e-10,1.35245433680912
-9.34167699416973e-11,1.38319185883223
9.72056812338811e-11,1.413929403796
4.07875235855288e-10,1.44466696343129
8.1979595451943e-10,1.47540451321161
1.26688341615202e-09,1.50614206546912
1.62622507997854e-09,1.5368796102979
1.72019665819962e-09,1.5676171235684
1.33603621774321e-09,1.5983546290631
2.66739472670295e-10,1.6290921433153
-1.62673805845869e-09,1.65982967670461
-4.33760204850784e-09,1.6905672341767
-7.6319613312046e-09,1.72130481635174
-1.0983007393445e-08,1.75204242030452
-1.35442196959094e-08,1.78278003585748
-1.41864303958828e-08,1.81351765446279
-1.16197172417306e-08,1.84425527315903
-4.6110731120532e-09,1.87499288591641
7.707444329456e-09,1.90573050054369
2.54666681405888e-08,1.93646812502581
4.76748699641434e-08,1.96720573966767
7.18917557893493e-08,1.99794335000693
9.40512905472527e-08,2.02868096446247
1.08528124829344e-07,2.05941858028288
1.08532208132136e-07,2.09015618953984
8.68875563132915e-08,2.12089379460475
3.72035717194613e-08,2.15163139776051
-4.46168893848655e-08,2.18236900085481
-1.58663380091402e-07,2.21310660561761
-2.9930502088491e-07,2.24384421143844
-4.53753104466056e-07,2.27458182246051
-6.01218097525983e-07,2.30531943269373
-7.12988851928258e-07,2.3360570364582
-7.5372484753189e-07,2.36679464134544
-6.84163118635811e-07,2.39753225600768
-4.65297979286398e-07,2.42826986314725
-6.39029488261842e-08,2.45900746486036
5.40953824563096e-07,2.48974506932178
1.35097898984755e-06,2.52048268226447
2.34210736547287e-06,2.55122028580333
3.4593148002533e-06,2.58195788531806
4.61389114025483e-06,2.61269548956348
5.6843118368021e-06,2.64343309669829
6.5217770119074e-06,2.67417068783444
6.96126958711431e-06,2.70490826867121
6.83861915075843e-06,2.73564584843186
6.01355256804315e-06,2.76638342385099
4.39814525284674e-06,2.79712098780137
1.98943455037084e-06,2.82785855156457
-1.09592663508317e-06,2.85859612722768
-4.58766690520465e-06,2.88933369808906
-8.02904584826037e-06,2.92007125892128
-1.07392115556705e-05,2.95080882165313
-1.17587535088525e-05,2.9815463968822
-9.76707015198008e-06,3.01228397160525
-2.96684369971815e-06,3.04302153844671
1.10623277283765e-05,3.07375909789899
3.55364227048208e-05,3.10449665843165
7.46589910458142e-05,3.13523420371184
0.000133820798571495,3.16597174059008
0.000219805088312635,3.19670927197606
0.000341038037008995,3.22744680173826
0.000507952603954048,3.25818431201452
0.0007335063993159,3.2889218106614
0.00103385847943204,3.31965931112769
0.00142919590100017,3.35039682556148
0.00194469220682963,3.38113433614652
0.00261160680278502,3.41187183456958
0.003468612627413,3.44260933373556
0.00456344679797623,3.47334684493836
0.00595484883545882,3.50408435984316
0.00771471267620788,3.53482186539372
0.00993070445766043,3.56555936731986
0.0127096648254851,3.59629687814776
0.0161811532101393,3.62703439849754
0.0204997475092499,3.65777191318452
0.0258452912868853,3.68850942415185
0.0324212608681275,3.71924693625198
0.0404517950058405,3.74998445279166
0.0501778252304594,3.78072197660315
0.0618526230318843,3.81145949081751
0.0757368612521467,3.84219699991149
0.0920930916847428,3.87293450499143
0.111179376462173,3.90367200619543
0.13324217019858,3.93440950790422
0.15850934596322,3.9651470107924
0.18718472407131,3.99588450691632
0.219444942363042,4.02662199990293
0.255438716583504,4.05735948350535
0.295287770663533,4.08809695939909
0.339088671872807,4.11883443119792
0.386914990503154,4.14957190098333
0.438819444956639,4.18030937145564
0.494835943692925,4.21104684001488
0.554981446174589,4.24178430519242
0.619257479455206,4.27252176928296
0.687650930761414,4.3032592369177
0.760134155237312,4.3339966947368
0.836665136877726,4.3647341410399
0.917189226816838,4.39547157817276
1.0016425040506,4.42620900898516
1.08995561028428,4.45694643448608
1.18205702610275,4.48768385687376
1.27787530037646,4.51842127545475
1.37734048281495,4.54915869369778
1.48038551114795,4.57989611232678
1.58694759359258,4.61063352602949
1.69696898043209,4.64137093879072
1.81039718591754,4.67210835500876
1.92718500405468,4.70284577959255
2.04729058276307,4.73358321810486
2.17067740369875,4.76432067695928
2.29731412268167,4.79505815012265
2.42717433963155,4.82579561948777
2.56023586066985,4.85653308195085
2.69647904966661,4.88727054015752
2.83588403370603,4.91800799695809
2.97842804805137,4.94874544895439
3.12408417286004,4.97948289926054
3.27282084593829,5.01022034762051
3.42460191870921,5.04095779165226
3.57938853766577,5.07169523461928
3.73714130645861,5.10243268058934
3.89781790977633,5.13317013467032
4.06136429739695,5.16390760330013
4.22770157107123,5.19464509457572
4.39671447177541,5.22538261859161
4.56824709342918,5.25612015838132
4.74210739351323,5.28685769271368
4.91807647692497,5.3175952221794
5.09591598806204,5.34833275001917
5.27537051124581,5.3790702779917
5.45616767393904,5.40980780733142
5.63801901705816,5.44054533750199
5.82062151597845,5.47128286277202
6.00366003754009,5.50202038747257
6.18681182475677,5.53275791529653
6.36975071645596,5.56349544926411
6.55214954357691,5.59423299176754
6.73368357345149,5.62497053547622
6.91403546008254,5.6557080756598
7.09291088674173,5.68644561183048
7.27005977506193,5.71718314690468
7.44528694918914,5.74792068208713
7.61845207016921,5.77865821277014
7.78946418383903,5.80939573465878
7.95827422976157,5.8401332523167
8.12486692280441,5.87087076930703
8.28925234212529,5.90160828825656
8.4514586741469,5.93234580556784
8.61152604849146,5.96308331459187
8.7695018752449,5.99382082027648
8.92543832593793,6.02455832639864
9.07938986638852,6.0552958356609
9.23141075485421,6.0860333425144
9.38155331480888,6.11677084179404
9.5298659625654,6.14750833868619
9.67639079212862,6.17824583707307
9.82116154313517,6.2089833394256
9.96420278617709,6.23972083701716
10.1055289216456,6.27045832838011
10.2451420863639,6.30119581875283
10.3830306803898,6.33193331197168
10.5191693806047,6.36267080588821
10.6535203735179,6.39340829195797
10.7860351500836,6.42414577118974
10.9166565677268,6.4548832480502
11.0453209491719,6.48562072642079
11.1719600551583,6.51635820941697
11.296502941473,6.54709569110476
11.4188773405324,6.57783316869643
11.5390105450356,6.6085706408454
11.6568299059083,6.63930811142808
11.7722637043743,6.67004556263506
11.885242029742,6.70078300033425
11.9956980355216,6.73152042987649
12.1035693983309,6.76225785614508
12.2087998654882,6.79299528362916
12.3113407509469,6.82373271648177
12.4111524001881,6.85447014908532
12.5082054820908,6.88520757528653
12.6024818678641,6.91594500003633
12.6939750347123,6.94668242455507
12.7826899440738,6.97741984122218
12.8686422451104,7.00815725633904
12.9518571274156,7.03889467216748
13.0323680372983,7.06963208184435
13.1102152210422,7.1003694931071
13.1854443280555,7.13110691259374
13.2581051136983,7.16184433943348
13.3282502611921,7.19258176828803
13.395934223861,7.22331920632157
13.4612121962601,7.25405665976573
13.5241391544896,7.28479413369583
13.5847690929886,7.31553161476167
13.6431543455651,7.34626909248641
13.6993450834653,7.3770065587806
13.7533889288113,7.40774402115122
13.8053307873042,7.43848148617876
13.8552128680041,7.46921895945521
13.9030748942172,7.49995644172351
13.9489545167868,7.530693924369
13.9928878607052,7.56143140174274
14.0349101821616,7.59216887382293
14.0750565914808,7.62290634562656
14.1133628083463,7.65364382113242
14.1498658931638,7.68438130125623
14.1846049338189,7.71511878010102
14.2176215880471,7.74585626195935
14.2489604821994,7.77659374998214
14.278669481976,7.8073312322815
14.3067997264755,7.83806871138194
14.3334054903027,7.86880618854276
14.3585438570651,7.89954366698423
14.3822742395932,7.93028114728029
14.4046577814746,7.96101862644537
14.4257566842337,7.99175610057894
14.4456334920088,8.02249357318886
14.4643503959396,8.05323104717158
14.4819685957809,8.08396852239423
14.4985477393541,8.11470599895769
14.5141454802614,8.14544346933509
14.5288171298477,8.17618093805944
14.5426154310989,8.20691840772717
14.5555904323196,8.23765588154047
14.5677894595361,8.26839335606842
14.5792571534421,8.29913083353765
14.5900355652381,8.32986831328968
14.6001642971934,8.36060578884264
14.6096806566614,8.39134326360114
14.6186198241175,8.42208073978164
14.6270150191552,8.45281821851486
14.6348976587716,8.48355569668876
14.6422975001026,8.51429317109926
14.6492427608821,8.54503064456064
14.6557602215743,8.57576811924631
14.6618753063462,8.60650559724735
14.6676121504505,8.6372430740357
14.6729936473728,8.66798055269089
14.6780414897733,8.69871802898759
14.6827762034436,8.72945549845182
14.6872171758209,8.76019296396352
14.6913826863985,8.79093042744934
14.6952899391552,8.82166789123483
14.698955098087,8.85240535730096
14.7023933284981,8.8831428216042
14.7056188410531,8.91388028239726
14.7086449385196,8.94461774152265
14.7114840649803,8.97535520117365
14.7141478559706,9.00609266244442
14.7166471899967,9.0368301206007
14.7189922383273,9.06756757466114
14.7211925132162,9.09830502674157
14.723256914316,9.12904247847777
14.7251937732207,9.15977992809394
14.727010894883,9.19051737478662
14.7287155965638,9.22125481686169
14.7303147432631,9.25199225658505
14.7318147804997,9.2827296956504
14.7332217640046,9.3134671359791
14.7345413865679,9.34420457733895
14.7357790026381,9.37494201416072
14.7369396501398,9.40567944320149
14.7380280696457,9.43641686706494
14.7390487218003,9.46715428809774
14.7400058030022,9.49789170839397
14.7409032596264,9.52862912980436
14.7417448010023,9.5593665536069
14.742533911806,9.59010397698906
14.743273863336,9.62084140165645
14.7439677244804,9.65157882698109
14.7446183724555,9.68231624964428
14.7452285030008,9.71305367082973
14.7458006404292,9.74379109238383
14.7463371474937,9.77452851594574
14.7468402350483,9.80526594296029
14.7473119714883,9.8360033746909
14.7477542919441,9.86674081223193
14.7481690071947,9.89747825652013
14.7485578122617,9.92821570834506
14.7489222946403,9.95895316835882
14.7492639421191,9.98969063708522
14.7495841501099,10.0204281149287
14.7498842285127,10.0511655992703
14.7501654081109,10.0819030847116
14.7504288462517,10.1126405721562
14.750675632006,10.1433780623877
14.7509067908463,10.1741155530317
14.7511232887453,10.2048530440479
14.7513260358109,10.2355905363988
14.7515158895189,10.2663280309199
14.751693657598,10.2970655283343
14.7518601006275,10.3278030292634
14.7520159344065,10.358540534238
14.7521618321408,10.3892780437062
14.752298426491,10.4200155578873
14.7524263115036,10.4507530770201
14.7525460444501,10.4814906013625
14.7526581475866,10.5122281311153
14.7527631098437,10.5429656664286
14.7528613884565,10.5737032074073
14.7529534105412,10.6044407541168
14.7530395746284,10.6351783065886
14.7531202521621,10.6659158648249
14.7531957889737,10.696653428803
14.7532665067422,10.7273909984796
14.7533327044466,10.7581285737941
14.753394659818,10.7888661546709
14.7534526307945,10.8196037410224
14.7535068569777,10.8503413327502
14.7535575610872,10.8810789297463
14.7536049504051,10.9118165318945
14.7536492181987,10.9425541390707
14.7536905451064,10.9732917511432
14.7537291004698,11.0040293679736
14.7537650435939,11.034766989417
14.7537985249152,11.0655046153221
14.7538296870612,11.0962422455324
14.7538586657849,11.1269798798865
14.7538855907628,11.1577175177074
14.7539105862493,11.1884551581237
14.7539337715813,11.2191928011541
14.7539552615395,11.2499304467944
14.7539751665713,11.2806680950217
14.75399359289,11.3114057457966
14.7540106424646,11.3421433990674
14.7540264129226,11.3728810547717
14.7540409973877,11.4036187128398
14.7540544842777,11.4343563731967
14.7540669570882,11.4650940357643
14.7540784941867,11.4958317004628
14.7540891686423,11.5265693672129
14.7540990481101,11.5573070359365
14.754108194789,11.5880447065289
14.7541166654646,11.6187823789096
14.7541245116424,11.649520053013
14.7541317797738,11.6802577287776
14.7541385115663,11.7109954061463
14.7541447443682,11.7417330850659
14.7541505116111,11.7724707654867
14.75415584329,11.8032084473614
14.7541607664608,11.833946130645
14.7541653057333,11.8646838152938
14.7541694837397,11.8954215012648
14.7541733215625,11.9261591885148
14.7541768391063,11.9568968770002
14.7541800554062,11.9876345666762
14.754182988867,12.0183722574965
14.754185657432,12.0491099494134
14.7541880786865,12.079847642377
14.7541902699011,12.1105853363361
14.7541922480235,12.1413230312343
14.7541940296315,12.1720607269452
14.7541956308563,12.2027984234331
14.7541970672888,12.2335361206596
14.7541983538787,12.2642738185834
14.7541995048374,12.2950115171615
14.7542005335504,12.3257492163495
14.7542014525071,12.3564869161021
14.7542022732501,12.3872246163738
14.7542030063485,12.4179623171201
14.7542036613927,12.4487000182972
14.7542042470119,12.4794377198636
14.7542047709103,12.5101754217798
14.7542052399199,12.5409131240091
14.7542056600649,12.5716508265176
14.7542060366352,12.6023885292746
14.7542063742641,12.6331262322525
14.7542066770064,12.6638639354268
14.7542069484152,12.6946016387761
14.7542071916135,12.7253393422813
14.7542074093595,12.7560770459263
14.7542076041044,12.7868147496968
14.7542077780419,12.8175524535806
14.7542079331496,12.8482901575671
14.7542080712223,12.8790278616469
14.7542081938985,12.9097655658119
14.754208302681,12.9405032700546
14.7542083989511,12.9712409743685
14.7542084839807,13.0019786787472
14.7542085589397,13.0327163831852
14.7542086249021,13.063454087677
14.7542086828508,13.0941917922176
14.7542087336817,13.1249294968022
14.7542087782072,13.1556672014264
14.7542088171605,13.186404906086
14.7542088511999,13.217142610777
14.7542088809134,13.2478803154958
14.7542089068235,13.2786180202393
14.7542089293928,13.3093557250043
14.7542089490293,13.3400934297884
14.754208966092,13.3708311345889
14.7542089808961,13.4015688394041
14.754208993718,13.4323065442319
14.7542090048004,13.4630442490709
14.7542090143561,13.4937819539197
14.7542090225725,13.5245196587772
14.7542090296146,13.5552573636424
14.7542090356282,13.5859950685144
14.7542090407423,13.6167327733924
14.7542090450711,13.6474704782758
14.7542090487163,13.6782081831637
14.7542090517681,13.7089458880559
14.7542090543066,13.7396835929517
14.7542090564028,13.7704212978507
14.7542090581199,13.8011590027524
14.7542090595135,13.8318967076566
14.7542090606326,13.8626344125629
14.7542090615203,13.8933721174711
14.7542090622139,13.9241098223801
14.7542090627462,13.9548475272898
14.7542090631453,13.9855852322004
14.7542090634353,14.0163229371117
14.7542090636368,14.0470606420237
14.7542090637672,14.0777983469364
14.7542090638411,14.1085360518497
14.7542090638708,14.1392737567635
14.7542090638664,14.1700114616777
14.7542090638362,14.2007491665924
14.7542090637869,14.2314868715071
14.7542090637242,14.262224576422
14.7542090636524,14.2929622813369
14.7542090635749,14.323699986252
14.7542090634946,14.3544376911672
14.7542090634137,14.3851753960826
14.7542090633338,14.4159131009981
14.7542090632563,14.4466508059137
14.7542090631822,14.4773885108293
14.7542090631122,14.5081262157449
14.7542090630469,14.5388639206605
14.7542090629868,14.5696016255761
14.754209062932,14.6003393304919
14.7542090628826,14.6310770354078
14.7542090628389,14.6618147403239
14.7542090628006,14.6925524452401
14.7542090627676,14.7232901501565
14.7542090627399,14.7540278550731
14.754209062717,14.7847655599898
14.7542090626988,14.8155032649067
14.7542090626849,14.8462409698237
14.7542090626748,14.8769786747409
14.7542090626683,14.9077163796583
14.754209062665,14.9384540845758
14.7542090626644,14.9691917894934
14.7542090626662,14.999929494411
14.75420906267,15.0306671993288
14.7542090626755,15.0614049042467
14.7542090626825,15.0921426091646
14.7542090626905,15.1228803140826
14.7542090626995,15.1536180190006
14.7542090627091,15.1843557239186
14.7542090627193,15.2150934288366
14.7542090627299,15.2458311337546
14.7542090627406,15.2765688386726
14.7542090627516,15.3073065435905
14.7542090627626,15.3380442485085
14.7542090627735,15.3687819534265
14.7542090627844,15.3995196583445
14.7542090627951,15.4302573632625
14.7542090628057,15.4609950681805
14.754209062816,15.4917327730985
14.7542090628261,15.5224704780164
14.7542090628358,15.5532081829344
14.7542090628452,15.5839458878524
14.7542090628542,15.6146835927704
14.7542090628629,15.6454212976884
14.7542090628711,15.6761590026064
14.754209062879,15.7068967075244
14.7542090628864,15.7376344124424
14.7542090628934,15.7683721173604
14.7542090629001,15.7991098222784
14.7542090629063,15.8298475271964
14.7542090629121,15.8605852321144
14.7542090629175,15.8913229370324
14.7542090629226,15.9220606419504
14.7542090629273,15.9527983468684
14.7542090629317,15.9835360517864
14.7542090629358,16.0142737567044
14.7542090629396,16.0450114616224
14.7542090629431,16.0757491665404
14.7542090629464,16.1064868714584
14.7542090629494,16.1372245763764
14.7542090629522,16.1679622812944
14.7542090629548,16.1986999862125
14.7542090629572,16.2294376911305
14.7542090629594,16.2601753960485
14.7542090629614,16.2909131009665
14.7542090629633,16.3216508058845
14.7542090629649,16.3523885108025
14.7542090629665,16.3831262157206
14.7542090629679,16.4138639206386
14.7542090629692,16.4446016255566
14.7542090629703,16.4753393304746
14.7542090629714,16.5060770353926
14.7542090629724,16.5368147403107
14.7542090629732,16.5675524452287
14.754209062974,16.5982901501467
14.7542090629747,16.6290278550647
14.7542090629754,16.6597655599827
14.754209062976,16.6905032649008
14.7542090629765,16.7212409698188
14.754209062977,16.7519786747368
14.7542090629774,16.7827163796548
14.7542090629778,16.8134540845729
14.7542090629781,16.8441917894909
14.7542090629785,16.8749294944089
14.7542090629787,16.9056671993269
14.754209062979,16.936404904245
14.7542090629792,16.967142609163
14.7542090629794,16.997880314081
14.7542090629796,17.028618018999
14.7542090629797,17.0593557239171
14.7542090629799,17.0900934288351
14.75420906298,17.1208311337531
14.7542090629801,17.1515688386711
14.7542090629802,17.1823065435891
14.7542090629803,17.2130442485072
14.7542090629804,17.2437819534252
14.7542090629805,17.2745196583432
14.7542090629805,17.3052573632612
14.7542090629806,17.3359950681793
14.7542090629806,17.3667327730973
14.7542090629807,17.3974704780153
14.7542090629807,17.4282081829333
14.7542090629807,17.4589458878514
14.7542090629808,17.4896835927694
14.7542090629808,17.5204212976874
14.7542090629808,17.5511590026054
14.7542090629808,17.5818967075235
14.7542090629808,17.6126344124415
14.7542090629809,17.6433721173595
14.7542090629809,17.6741098222775
14.7542090629809,17.7048475271956
14.7542090629809,17.7355852321136
14.7542090629809,17.7663229370316
14.7542090629809,17.7970606419496
14.7542090629809,17.8277983468677
14.7542090629809,17.8585360517857
14.7542090629809,17.8892737567037
14.7542090629809,17.9200114616217
14.7542090629809,17.9507491665398
14.7542090629809,17.9814868714578
14.7542090629809,18.0122245763758
14.7542090629809,18.0429622812938
14.7542090629809,18.0736999862119
14.7542090629809,18.1044376911299
14.7542090629809,18.1351753960479
14.7542090629809,18.1659131009659
14.7542090629809,18.196650805884
14.7542090629809,18.227388510802
14.7542090629809,18.25812621572
14.754209062981,18.288863920638
14.754209062981,18.3196016255561
14.754209062981,18.3503393304741
14.754209062981,18.3810770353921
14.754209062981,18.4118147403101
14.754209062981,18.4425524452282
14.754209062981,18.4732901501462
14.754209062981,18.5040278550642
14.754209062981,18.5347655599822
14.754209062981,18.5655032649003
14.754209062981,18.5962409698183
14.754209062981,18.6269786747363
14.754209062981,18.6577163796543
14.754209062981,18.6884540845724
14.754209062981,18.7191917894904
14.754209062981,18.7499294944084
14.754209062981,18.7806671993264
14.754209062981,18.8114049042445
14.754209062981,18.8421426091625
14.754209062981,18.8728803140805
14.754209062981,18.9036180189985
14.754209062981,18.9343557239166
14.754209062981,18.9650934288346
14.754209062981,18.9958311337526
14.754209062981,19.0265688386706
14.754209062981,19.0573065435887
14.754209062981,19.0880442485067
14.754209062981,19.1187819534247
14.754209062981,19.1495196583427
14.754209062981,19.1802573632608
14.754209062981,19.2109950681788
14.754209062981,19.2417327730968
14.754209062981,19.2724704780148
14.754209062981,19.3032081829328
14.754209062981,19.3339458878509
14.754209062981,19.3646835927689
14.754209062981,19.3954212976869
14.754209062981,19.4261590026049
14.754209062981,19.456896707523
14.754209062981,19.487634412441
14.754209062981,19.518372117359
14.754209062981,19.549109822277
14.754209062981,19.5798475271951
14.754209062981,19.6105852321131
14.754209062981,19.6413229370311
14.754209062981,19.6720606419491
14.754209062981,19.7027983468672
14.754209062981,19.7335360517852
14.754209062981,19.7642737567032
14.754209062981,19.7950114616212
14.754209062981,19.8257491665393
14.754209062981,19.8564868714573
14.754209062981,19.8872245763753
14.754209062981,19.9179622812933
14.754209062981,19.9486999862114
14.754209062981,19.9794376911294
14.754209062981,20.0101753960474
14.754209062981,20.0409131009654
14.754209062981,20.0716508058835
14.754209062981,20.1023885108015
14.754209062981,20.1331262157195
14.754209062981,20.1638639206375
14.754209062981,20.1946016255556
14.754209062981,20.2253393304736
14.754209062981,20.2560770353916
14.754209062981,20.2868147403096
14.754209062981,20.3175524452277
14.754209062981,20.3482901501457
14.754209062981,20.3790278550637
14.754209062981,20.4097655599817
14.754209062981,20.4405032648998
14.754209062981,20.4712409698178
14.754209062981,20.5019786747358
14.754209062981,20.5327163796538
14.754209062981,20.5634540845719
14.754209062981,20.5941917894899
14.754209062981,20.6249294944079
14.754209062981,20.6556671993259
14.754209062981,20.686404904244
14.754209062981,20.717142609162
14.754209062981,20.74788031408
14.754209062981,20.778618018998
14.754209062981,20.8093557239161
14.754209062981,20.8400934288341
14.754209062981,20.8708311337521
14.754209062981,20.9015688386701
14.754209062981,20.9323065435882
14.754209062981,20.9630442485062
14.754209062981,20.9937819534242
14.754209062981,21.0245196583422
14.754209062981,21.0552573632603
14.754209062981,21.0859950681783
14.754209062981,21.1167327730963
14.754209062981,21.1474704780143
14.754209062981,21.1782081829324
14.754209062981,21.2089458878504
14.754209062981,21.2396835927684
14.754209062981,21.2704212976864
14.754209062981,21.3011590026045
14.754209062981,21.3318967075225
14.754209062981,21.3626344124405
14.754209062981,21.3933721173585
14.754209062981,21.4241098222765
14.754209062981,21.4548475271946
14.754209062981,21.4855852321126
14.754209062981,21.5163229370306
14.754209062981,21.5470606419486
14.754209062981,21.5777983468667
14.754209062981,21.6085360517847
14.754209062981,21.6392737567027
14.754209062981,21.6700114616207
14.754209062981,21.7007491665388
14.754209062981,21.7314868714568
14.754209062981,21.7622245763748
14.754209062981,21.7929622812928
14.754209062981,21.8236999862109
14.754209062981,21.8544376911289
14.754209062981,21.8851753960469
14.754209062981,21.9159131009649
14.754209062981,21.946650805883
14.754209062981,21.977388510801
14.754209062981,22.008126215719
14.754209062981,22.038863920637
14.754209062981,22.0696016255551
14.754209062981,22.1003393304731
14.754209062981,22.1310770353911
14.754209062981,22.1618147403091
14.754209062981,22.1925524452272
14.754209062981,22.2232901501452
14.754209062981,22.2540278550632
14.754209062981,22.2847655599812
14.754209062981,22.3155032648993
14.754209062981,22.3462409698173
14.754209062981,22.3769786747353
14.754209062981,22.4077163796533
14.754209062981,22.4384540845714
14.754209062981,22.4691917894894
14.754209062981,22.4999294944074
14.754209062981,22.5306671993254
14.754209062981,22.5614049042435
14.754209062981,22.5921426091615
14.754209062981,22.6228803140795
14.754209062981,22.6536180189975
14.754209062981,22.6843557239156
14.754209062981,22.7150934288336
14.754209062981,22.7458311337516
14.754209062981,22.7765688386696
14.754209062981,22.8073065435877
14.754209062981,22.8380442485057
14.754209062981,22.8687819534237
14.754209062981,22.8995196583417
14.754209062981,22.9302573632598
14.754209062981,22.9609950681778
14.754209062981,22.9917327730958
14.754209062981,23.0224704780138
14.754209062981,23.0532081829319
14.754209062981,23.0839458878499
14.754209062981,23.1146835927679
14.754209062981,23.1454212976859
14.754209062981,23.176159002604
14.754209062981,23.206896707522
14.754209062981,23.23763441244
14.754209062981,23.268372117358
14.754209062981,23.2991098222761
14.754209062981,23.3298475271941
14.754209062981,23.3605852321121
14.754209062981,23.3913229370301
14.754209062981,23.4220606419481
14.754209062981,23.4527983468662
14.754209062981,23.4835360517842
14.754209062981,23.5142737567022
14.754209062981,23.5450114616202
14.754209062981,23.5757491665383
14.754209062981,23.6064868714563
14.754209062981,23.6372245763743
14.754209062981,23.6679622812923
14.754209062981,23.6986999862104
14.754209062981,23.7294376911284
14.754209062981,23.7601753960464
14.754209062981,23.7909131009644
14.754209062981,23.8216508058825
14.754209062981,23.8523885108005
14.754209062981,23.8831262157185
14.754209062981,23.9138639206365
14.754209062981,23.9446016255546
14.754209062981,23.9753393304726
14.754209062981,24.0060770353906
14.754209062981,24.0368147403086
14.754209062981,24.0675524452267
14.754209062981,24.0982901501447
14.754209062981,24.1290278550627
14.754209062981,24.1597655599807
14.754209062981,24.1905032648988
14.754209062981,24.2212409698168
14.754209062981,24.2519786747348
14.754209062981,24.2827163796528
14.754209062981,24.3134540845709
14.754209062981,24.3441917894889
14.754209062981,24.3749294944069
14.754209062981,24.4056671993249
14.754209062981,24.436404904243
14.754209062981,24.467142609161
14.754209062981,24.497880314079
14.754209062981,24.528618018997
14.754209062981,24.5593557239151
14.754209062981,24.5900934288331
14.754209062981,24.6208311337511
14.754209062981,24.6515688386691
14.754209062981,24.6823065435872
14.754209062981,24.7130442485052
14.754209062981,24.7437819534232
14.754209062981,24.7745196583412
14.754209062981,24.8052573632593
14.754209062981,24.8359950681773
14.754209062981,24.8667327730953
14.754209062981,24.8974704780133
14.754209062981,24.9282081829314
14.754209062981,24.9589458878494
14.754209062981,24.9896835927674
14.754209062981,25.0204212976854
14.754209062981,25.0511590026035
14.754209062981,25.0818967075215
14.754209062981,25.1126344124395
14.754209062981,25.1433721173575
14.754209062981,25.1741098222756
14.754209062981,25.2048475271936
14.754209062981,25.2355852321116
14.754209062981,25.2663229370296
14.754209062981,25.2970606419477
14.754209062981,25.3277983468657
14.754209062981,25.3585360517837
14.754209062981,25.3892737567017
14.754209062981,25.4200114616198
14.754209062981,25.4507491665378
14.754209062981,25.4814868714558
14.754209062981,25.5122245763738
14.754209062981,25.5429622812918
14.754209062981,25.5736999862099
14.754209062981,25.6044376911279
14.754209062981,25.6351753960459
14.754209062981,25.6659131009639
14.754209062981,25.696650805882
14.754209062981,25.7273885108
14.754209062981,25.758126215718
14.754209062981,25.788863920636
14.754209062981,25.8196016255541
14.754209062981,25.8503393304721
14.754209062981,25.8810770353901
14.754209062981,25.9118147403081
14.754209062981,25.9425524452262
14.754209062981,25.9732901501442
14.754209062981,26.0040278550622
14.754209062981,26.0347655599802
14.754209062981,26.0655032648983
14.754209062981,26.0962409698163
14.754209062981,26.1269786747343
14.754209062981,26.1577163796523
14.754209062981,26.1884540845704
14.754209062981,26.2191917894884
14.754209062981,26.2499294944064
14.754209062981,26.2806671993244
14.754209062981,26.3114049042425
14.754209062981,26.3421426091605
14.754209062981,26.3728803140785
14.754209062981,26.4036180189965
14.754209062981,26.4343557239146
14.754209062981,26.4650934288326
14.754209062981,26.4958311337506
14.754209062981,26.5265688386686
14.754209062981,26.5573065435867
14.754209062981,26.5880442485047
14.754209062981,26.6187819534227
14.754209062981,26.6495196583407
14.754209062981,26.6802573632588
14.754209062981,26.7109950681768
14.754209062981,26.7417327730948
14.754209062981,26.7724704780128
14.754209062981,26.8032081829309
14.754209062981,26.8339458878489
14.754209062981,26.8646835927669
14.754209062981,26.8954212976849
14.754209062981,26.926159002603
14.754209062981,26.956896707521
14.754209062981,26.987634412439
14.754209062981,27.018372117357
14.754209062981,27.0491098222751
14.754209062981,27.0798475271931
14.754209062981,27.1105852321111
14.754209062981,27.1413229370291
14.754209062981,27.1720606419472
14.754209062981,27.2027983468652
14.754209062981,27.2335360517832
14.754209062981,27.2642737567012
14.754209062981,27.2950114616193
14.754209062981,27.3257491665373
14.754209062981,27.3564868714553
14.754209062981,27.3872245763733
14.754209062981,27.4179622812914
14.754209062981,27.4486999862094
14.754209062981,27.4794376911274
14.754209062981,27.5101753960454
14.754209062981,27.5409131009635
14.754209062981,27.5716508058815
14.754209062981,27.6023885107995
14.754209062981,27.6331262157175
14.754209062981,27.6638639206355
14.754209062981,27.6946016255536
14.754209062981,27.7253393304716
14.754209062981,27.7560770353896
14.754209062981,27.7868147403076
14.754209062981,27.8175524452257
14.754209062981,27.8482901501437
14.754209062981,27.8790278550617
14.754209062981,27.9097655599797
14.754209062981,27.9405032648978
14.754209062981,27.9712409698158
14.754209062981,28.0019786747338
14.754209062981,28.0327163796518
14.754209062981,28.0634540845699
14.754209062981,28.0941917894879
14.754209062981,28.1249294944059
14.754209062981,28.1556671993239
14.754209062981,28.186404904242
14.754209062981,28.21714260916
14.754209062981,28.247880314078
14.754209062981,28.278618018996
14.754209062981,28.3093557239141
14.754209062981,28.3400934288321
14.754209062981,28.3708311337501
14.754209062981,28.4015688386681
14.754209062981,28.4323065435862
14.754209062981,28.4630442485042
14.754209062981,28.4937819534222
14.754209062981,28.5245196583402
14.754209062981,28.5552573632583
14.754209062981,28.5859950681763
14.754209062981,28.6167327730943
14.754209062981,28.6474704780123
14.754209062981,28.6782081829304
14.754209062981,28.7089458878484
14.754209062981,28.7396835927664
14.754209062981,28.7704212976844
14.754209062981,28.8011590026025
14.754209062981,28.8318967075205
14.754209062981,28.8626344124385
14.754209062981,28.8933721173565
14.754209062981,28.9241098222746
14.754209062981,28.9548475271926
14.754209062981,28.9855852321106
14.754209062981,29.0163229370286
14.754209062981,29.0470606419467
14.754209062981,29.0777983468647
14.754209062981,29.1085360517827
14.754209062981,29.1392737567007
14.754209062981,29.1700114616188
14.754209062981,29.2007491665368
14.754209062981,29.2314868714548
14.754209062981,29.2622245763728
14.754209062981,29.2929622812909
14.754209062981,29.3236999862089
14.754209062981,29.3544376911269
14.754209062981,29.3851753960449
14.754209062981,29.415913100963
14.754209062981,29.446650805881
14.754209062981,29.477388510799
14.754209062981,29.508126215717
14.754209062981,29.5388639206351
14.754209062981,29.5696016255531
14.754209062981,29.6003393304711
14.754209062981,29.6310770353891
14.754209062981,29.6618147403072
14.754209062981,29.6925524452252
14.754209062981,29.7232901501432
14.754209062981,29.7540278550612
14.754209062981,29.7847655599792
14.754209062981,29.8155032648973
14.754209062981,29.8462409698153
14.754209062981,29.8769786747333
14.754209062981,29.9077163796513
14.754209062981,29.9384540845694
14.754209062981,29.9691917894874
14.754209062981,29.9999294944054
14.754209062981,30.0306671993234
14.754209062981,30.0614049042415
14.754209062981,30.0921426091595
14.754209062981,30.1228803140775
14.754209062981,30.1536180189955
14.754209062981,30.1843557239136
14.754209062981,30.2150934288316
14.754209062981,30.2458311337496
14.754209062981,30.2765688386676
14.754209062981,30.3073065435857
14.754209062981,30.3380442485037
14.754209062981,30.3687819534217
14.754209062981,30.3995196583397
14.754209062981,30.4302573632578
14.754209062981,30.4609950681758
14.754209062981,30.4917327730938
14.754209062981,30.5224704780118
14.754209062981,30.5532081829299
14.754209062981,30.5839458878479
14.754209062981,30.6146835927659
14.754209062981,30.6454212976839
14.754209062981,30.676159002602
14.754209062981,30.70689670752
14.754209062981,30.737634412438
14.754209062981,30.768372117356
14.754209062981,30.7991098222741
14.754209062981,30.8298475271921
14.754209062981,30.8605852321101
14.754209062981,30.8913229370281
14.754209062981,30.9220606419462
14.754209062981,30.9527983468642
14.754209062981,30.9835360517822
14.754209062981,31.0142737567002
14.754209062981,31.0450114616183
14.754209062981,31.0757491665363
14.754209062981,31.1064868714543
14.754209062981,31.1372245763723
14.754209062981,31.1679622812904
14.754209062981,31.1986999862084
14.754209062981,31.2294376911264
14.754209062981,31.2601753960444
14.754209062981,31.2909131009625
14.754209062981,31.3216508058805
14.754209062981,31.3523885107985
14.754209062981,31.3831262157165
14.754209062981,31.4138639206346
14.754209062981,31.4446016255526
14.754209062981,31.4753393304706
14.754209062981,31.5060770353886
14.754209062981,31.5368147403067
14.754209062981,31.5675524452247
14.754209062981,31.5982901501427
14.754209062981,31.6290278550607
14.754209062981,31.6597655599788
14.754209062981,31.6905032648968
14.754209062981,31.7212409698148
14.754209062981,31.7519786747328
14.754209062981,31.7827163796509
14.754209062981,31.8134540845689
14.754209062981,31.8441917894869
14.754209062981,31.8749294944049
14.754209062981,31.9056671993229
14.754209062981,31.936404904241
14.754209062981,31.967142609159
14.754209062981,31.997880314077
14.754209062981,32.028618018995
14.754209062981,32.0593557239131
14.754209062981,32.0900934288311
14.754209062981,32.1208311337491
14.754209062981,32.1515688386671
14.754209062981,32.1823065435852
14.754209062981,32.2130442485032
14.754209062981,32.2437819534212
14.754209062981,32.2745196583392
14.754209062981,32.3052573632573
14.754209062981,32.3359950681753
14.754209062981,32.3667327730933
14.754209062981,32.3974704780113
14.754209062981,32.4282081829294
14.754209062981,32.4589458878474
14.754209062981,32.4896835927654
14.754209062981,32.5204212976834
14.754209062981,32.5511590026015
14.754209062981,32.5818967075195
14.754209062981,32.6126344124375
14.754209062981,32.6433721173555
14.754209062981,32.6741098222736
14.754209062981,32.7048475271916
14.754209062981,32.7355852321096
14.754209062981,32.7663229370276
14.754209062981,32.7970606419457
14.754209062981,32.8277983468637
14.754209062981,32.8585360517817
14.754209062981,32.8892737566997
14.754209062981,32.9200114616178
14.754209062981,32.9507491665358
14.754209062981,32.9814868714538
14.754209062981,33.0122245763718
14.754209062981,33.0429622812899
14.754209062981,33.0736999862079
14.754209062981,33.1044376911259
14.754209062981,33.1351753960439
14.754209062981,33.165913100962
14.754209062981,33.19665080588
14.754209062981,33.227388510798
14.754209062981,33.258126215716
14.754209062981,33.2888639206341
14.754209062981,33.3196016255521
14.754209062981,33.3503393304701
14.754209062981,33.3810770353881
14.754209062981,33.4118147403062
14.754209062981,33.4425524452242
14.754209062981,33.4732901501422
14.754209062981,33.5040278550602
14.754209062981,33.5347655599783
14.754209062981,33.5655032648963
14.754209062981,33.5962409698143
14.754209062981,33.6269786747323
14.754209062981,33.6577163796504
14.754209062981,33.6884540845684
14.754209062981,33.7191917894864
14.754209062981,33.7499294944044
14.754209062981,33.7806671993225
14.754209062981,33.8114049042405
14.754209062981,33.8421426091585
14.754209062981,33.8728803140765
14.754209062981,33.9036180189945
14.754209062981,33.9343557239126
14.754209062981,33.9650934288306
14.754209062981,33.9958311337486
14.754209062981,34.0265688386666
14.754209062981,34.0573065435847
14.754209062981,34.0880442485027
14.754209062981,34.1187819534207
14.754209062981,34.1495196583387
14.754209062981,34.1802573632568
14.754209062981,34.2109950681748
14.754209062981,34.2417327730928
14.754209062981,34.2724704780108
14.754209062981,34.3032081829289
14.754209062981,34.3339458878469
14.754209062981,34.3646835927649
14.754209062981,34.3954212976829
14.754209062981,34.426159002601
14.754209062981,34.456896707519
14.754209062981,34.487634412437
14.754209062981,34.518372117355
14.754209062981,34.5491098222731
14.754209062981,34.5798475271911
14.754209062981,34.6105852321091
14.754209062981,34.6413229370271
14.754209062981,34.6720606419452
14.754209062981,34.7027983468632
14.754209062981,34.7335360517812
14.754209062981,34.7642737566992
14.754209062981,34.7950114616173
14.754209062981,34.8257491665353
14.754209062981,34.8564868714533
14.754209062981,34.8872245763713
14.754209062981,34.9179622812894
14.754209062981,34.9486999862074
14.754209062981,34.9794376911254
14.754209062981,35.0101753960434
14.754209062981,35.0409131009615
14.754209062981,35.0716508058795
14.754209062981,35.1023885107975
14.754209062981,35.1331262157155
14.754209062981,35.1638639206336
14.754209062981,35.1946016255516
14.754209062981,35.2253393304696
14.754209062981,35.2560770353876
14.754209062981,35.2868147403057
14.754209062981,35.3175524452237
14.754209062981,35.3482901501417
14.754209062981,35.3790278550597
14.754209062981,35.4097655599778
14.754209062981,35.4405032648958
14.754209062981,35.4712409698138
14.754209062981,35.5019786747318
14.754209062981,35.5327163796499
14.754209062981,35.5634540845679
14.754209062981,35.5941917894859
14.754209062981,35.6249294944039
14.754209062981,35.655667199322
14.754209062981,35.68640490424
14.754209062981,35.717142609158
14.754209062981,35.747880314076
14.754209062981,35.7786180189941
14.754209062981,35.8093557239121
14.754209062981,35.8400934288301
14.754209062981,35.8708311337481
14.754209062981,35.9015688386662
14.754209062981,35.9323065435842
14.754209062981,35.9630442485022
14.754209062981,35.9937819534202
14.754209062981,36.0245196583382
14.754209062981,36.0552573632563
14.754209062981,36.0859950681743
14.754209062981,36.1167327730923
14.754209062981,36.1474704780103
14.754209062981,36.1782081829284
14.754209062981,36.2089458878464
14.754209062981,36.2396835927644
14.754209062981,36.2704212976824
14.754209062981,36.3011590026005
14.754209062981,36.3318967075185
14.754209062981,36.3626344124365
14.754209062981,36.3933721173545
14.754209062981,36.4241098222726
14.754209062981,36.4548475271906
14.754209062981,36.4855852321086
14.754209062981,36.5163229370266
14.754209062981,36.5470606419447
14.754209062981,36.5777983468627
14.754209062981,36.6085360517807
14.754209062981,36.6392737566987
14.754209062981,36.6700114616168
14.754209062981,36.7007491665348
14.754209062981,36.7314868714528
14.754209062981,36.7622245763708
14.754209062981,36.7929622812889
14.754209062981,36.8236999862069
14.754209062981,36.8544376911249
14.754209062981,36.8851753960429
14.754209062981,36.915913100961
14.754209062981,36.946650805879
14.754209062981,36.977388510797
14.754209062981,37.008126215715
14.754209062981,37.0388639206331
14.754209062981,37.0696016255511
14.754209062981,37.1003393304691
14.754209062981,37.1310770353871
14.754209062981,37.1618147403052
14.754209062981,37.1925524452232
14.754209062981,37.2232901501412
14.754209062981,37.2540278550592
14.754209062981,37.2847655599773
14.754209062981,37.3155032648953
14.754209062981,37.3462409698133
14.754209062981,37.3769786747313
14.754209062981,37.4077163796494
14.754209062981,37.4384540845674
14.754209062981,37.4691917894854
14.754209062981,37.4999294944034
14.754209062981,37.5306671993215
14.754209062981,37.5614049042395
14.754209062981,37.5921426091575
14.754209062981,37.6228803140755
14.754209062981,37.6536180189936
14.754209062981,37.6843557239116
14.754209062981,37.7150934288296
14.754209062981,37.7458311337476
14.754209062981,37.7765688386657
14.754209062981,37.8073065435837
14.754209062981,37.8380442485017
14.754209062981,37.8687819534197
14.754209062981,37.8995196583378
14.754209062981,37.9302573632558
14.754209062981,37.9609950681738
14.754209062981,37.9917327730918
14.754209062981,38.0224704780099
14.754209062981,38.0532081829279
14.754209062981,38.0839458878459
14.754209062981,38.1146835927639
14.754209062981,38.1454212976819
14.754209062981,38.1761590026
14.754209062981,38.206896707518
14.754209062981,38.237634412436
14.754209062981,38.268372117354
14.754209062981,38.2991098222721
14.754209062981,38.3298475271901
14.754209062981,38.3605852321081
14.754209062981,38.3913229370261
14.754209062981,38.4220606419442
14.754209062981,38.4527983468622
14.754209062981,38.4835360517802
14.754209062981,38.5142737566982
14.754209062981,38.5450114616163
14.754209062981,38.5757491665343
14.754209062981,38.6064868714523
14.754209062981,38.6372245763703
14.754209062981,38.6679622812884
14.754209062981,38.6986999862064
14.754209062981,38.7294376911244
14.754209062981,38.7601753960424
14.754209062981,38.7909131009605
14.754209062981,38.8216508058785
14.754209062981,38.8523885107965
14.754209062981,38.8831262157145
14.754209062981,38.9138639206326
14.754209062981,38.9446016255506
14.754209062981,38.9753393304686
14.754209062981,39.0060770353866
14.754209062981,39.0368147403047
14.754209062981,39.0675524452227
14.754209062981,39.0982901501407
14.754209062981,39.1290278550587
14.754209062981,39.1597655599768
14.754209062981,39.1905032648948
14.754209062981,39.2212409698128
14.754209062981,39.2519786747308
14.754209062981,39.2827163796489
14.754209062981,39.3134540845669
14.754209062981,39.3441917894849
14.754209062981,39.3749294944029
14.754209062981,39.405667199321
14.754209062981,39.436404904239
14.754209062981,39.467142609157
14.754209062981,39.497880314075
14.754209062981,39.5286180189931
14.754209062981,39.5593557239111
14.754209062981,39.5900934288291
14.754209062981,39.6208311337471
14.754209062981,39.6515688386652
14.754209062981,39.6823065435832
14.754209062981,39.7130442485012
14.754209062981,39.7437819534192
14.754209062981,39.7745196583373
14.754209062981,39.8052573632553
14.754209062981,39.8359950681733
14.754209062981,39.8667327730913
14.754209062981,39.8974704780094
14.754209062981,39.9282081829274
14.754209062981,39.9589458878454
14.754209062981,39.9896835927634
14.754209062981,40.0204212976815
14.754209062981,40.0511590025995
14.754209062981,40.0818967075175
14.754209062981,40.1126344124355
14.754209062981,40.1433721173536
14.754209062981,40.1741098222716
14.754209062981,40.2048475271896
14.754209062981,40.2355852321076
14.754209062981,40.2663229370256
14.754209062981,40.2970606419437
14.754209062981,40.3277983468617
14.754209062981,40.3585360517797
14.754209062981,40.3892737566977
14.754209062981,40.4200114616158
14.754209062981,40.4507491665338
14.754209062981,40.4814868714518
14.754209062981,40.5122245763698
14.754209062981,40.5429622812879
14.754209062981,40.5736999862059
14.754209062981,40.6044376911239
14.754209062981,40.6351753960419
14.754209062981,40.66591310096
14.754209062981,40.696650805878
14.754209062981,40.727388510796
14.754209062981,40.758126215714
14.754209062981,40.7888639206321
14.754209062981,40.8196016255501
14.754209062981,40.8503393304681
14.754209062981,40.8810770353861
14.754209062981,40.9118147403042
14.754209062981,40.9425524452222
14.754209062981,40.9732901501402
14.754209062981,41.0040278550582
14.754209062981,41.0347655599763
14.754209062981,41.0655032648943
14.754209062981,41.0962409698123
14.754209062981,41.1269786747303
14.754209062981,41.1577163796484
14.754209062981,41.1884540845664
14.754209062981,41.2191917894844
14.754209062981,41.2499294944024
14.754209062981,41.2806671993205
14.754209062981,41.3114049042385
14.754209062981,41.3421426091565
14.754209062981,41.3728803140745
14.754209062981,41.4036180189926
14.754209062981,41.4343557239106
14.754209062981,41.4650934288286
14.754209062981,41.4958311337466
14.754209062981,41.5265688386647
14.754209062981,41.5573065435827
14.754209062981,41.5880442485007
14.754209062981,41.6187819534187
14.754209062981,41.6495196583368
14.754209062981,41.6802573632548
14.754209062981,41.7109950681728
14.754209062981,41.7417327730908
14.754209062981,41.7724704780089
14.754209062981,41.8032081829269
14.754209062981,41.8339458878449
14.754209062981,41.8646835927629
14.754209062981,41.895421297681
14.754209062981,41.926159002599
14.754209062981,41.956896707517
14.754209062981,41.987634412435
14.754209062981,42.0183721173531
14.754209062981,42.0491098222711
14.754209062981,42.0798475271891
14.754209062981,42.1105852321071
14.754209062981,42.1413229370252
14.754209062981,42.1720606419432
14.754209062981,42.2027983468612
14.754209062981,42.2335360517792
14.754209062981,42.2642737566972
14.754209062981,42.2950114616153
14.754209062981,42.3257491665333
14.754209062981,42.3564868714513
14.754209062981,42.3872245763693
14.754209062981,42.4179622812874
14.754209062981,42.4486999862054
14.754209062981,42.4794376911234
14.754209062981,42.5101753960414
14.754209062981,42.5409131009595
14.754209062981,42.5716508058775
14.754209062981,42.6023885107955
14.754209062981,42.6331262157135
14.754209062981,42.6638639206316
14.754209062981,42.6946016255496
14.754209062981,42.7253393304676
14.754209062981,42.7560770353856
14.754209062981,42.7868147403037
14.754209062981,42.8175524452217
14.754209062981,42.8482901501397
14.754209062981,42.8790278550577
14.754209062981,42.9097655599758
14.754209062981,42.9405032648938
14.754209062981,42.9712409698118
14.754209062981,43.0019786747298
14.754209062981,43.0327163796479
14.754209062981,43.0634540845659
14.754209062981,43.0941917894839
14.754209062981,43.1249294944019
14.754209062981,43.15566719932
14.754209062981,43.186404904238
14.754209062981,43.217142609156
14.754209062981,43.247880314074
14.754209062981,43.2786180189921
14.754209062981,43.3093557239101
14.754209062981,43.3400934288281
14.754209062981,43.3708311337461
14.754209062981,43.4015688386642
14.754209062981,43.4323065435822
14.754209062981,43.4630442485002
14.754209062981,43.4937819534182
14.754209062981,43.5245196583363
14.754209062981,43.5552573632543
14.754209062981,43.5859950681723
14.754209062981,43.6167327730903
14.754209062981,43.6474704780084
14.754209062981,43.6782081829264
14.754209062981,43.7089458878444
14.754209062981,43.7396835927624
14.754209062981,43.7704212976805
14.754209062981,43.8011590025985
14.754209062981,43.8318967075165
14.754209062981,43.8626344124345
14.754209062981,43.8933721173526
14.754209062981,43.9241098222706
14.754209062981,43.9548475271886
14.754209062981,43.9855852321066
14.754209062981,44.0163229370247
14.754209062981,44.0470606419427
14.754209062981,44.0777983468607
14.754209062981,44.1085360517787
14.754209062981,44.1392737566968
14.754209062981,44.1700114616148
14.754209062981,44.2007491665328
14.754209062981,44.2314868714508
14.754209062981,44.2622245763689
14.754209062981,44.2929622812869
14.754209062981,44.3236999862049
14.754209062981,44.3544376911229
14.754209062981,44.3851753960409
14.754209062981,44.415913100959
14.754209062981,44.446650805877
14.754209062981,44.477388510795
14.754209062981,44.508126215713
14.754209062981,44.5388639206311
14.754209062981,44.5696016255491
14.754209062981,44.6003393304671
14.754209062981,44.6310770353851
14.754209062981,44.6618147403032
14.754209062981,44.6925524452212
14.754209062981,44.7232901501392
14.754209062981,44.7540278550572
14.754209062981,44.7847655599753
14.754209062981,44.8155032648933
14.754209062981,44.8462409698113
14.754209062981,44.8769786747293
14.754209062981,44.9077163796474
14.754209062981,44.9384540845654
14.754209062981,44.9691917894834
14.754209062981,44.9999294944014
14.754209062981,45.0306671993195
14.754209062981,45.0614049042375
14.754209062981,45.0921426091555
14.754209062981,45.1228803140735
14.754209062981,45.1536180189916
14.754209062981,45.1843557239096
14.754209062981,45.2150934288276
14.754209062981,45.2458311337456
14.754209062981,45.2765688386637
14.754209062981,45.3073065435817
14.754209062981,45.3380442484997
14.754209062981,45.3687819534177
14.754209062981,45.3995196583358
14.754209062981,45.4302573632538
14.754209062981,45.4609950681718
14.754209062981,45.4917327730898
14.754209062981,45.5224704780079
14.754209062981,45.5532081829259
14.754209062981,45.5839458878439
14.754209062981,45.6146835927619
14.754209062981,45.64542129768
14.754209062981,45.676159002598
14.754209062981,45.706896707516
14.754209062981,45.737634412434
14.754209062981,45.7683721173521
14.754209062981,45.7991098222701
14.754209062981,45.8298475271881
14.754209062981,45.8605852321061
14.754209062981,45.8913229370242
14.754209062981,45.9220606419422
14.754209062981,45.9527983468602
14.754209062981,45.9835360517782
14.754209062981,46.0142737566963
14.754209062981,46.0450114616143
14.754209062981,46.0757491665323
14.754209062981,46.1064868714503
14.754209062981,46.1372245763684
14.754209062981,46.1679622812864
14.754209062981,46.1986999862044
14.754209062981,46.2294376911224
14.754209062981,46.2601753960405
14.754209062981,46.2909131009585
14.754209062981,46.3216508058765
14.754209062981,46.3523885107945
14.754209062981,46.3831262157126
14.754209062981,46.4138639206306
14.754209062981,46.4446016255486
14.754209062981,46.4753393304666
14.754209062981,46.5060770353846
14.754209062981,46.5368147403027
14.754209062981,46.5675524452207
14.754209062981,46.5982901501387
14.754209062981,46.6290278550567
14.754209062981,46.6597655599748
14.754209062981,46.6905032648928
14.754209062981,46.7212409698108
14.754209062981,46.7519786747288
14.754209062981,46.7827163796469
14.754209062981,46.8134540845649
14.754209062981,46.8441917894829
14.754209062981,46.8749294944009
14.754209062981,46.905667199319
14.754209062981,46.936404904237
14.754209062981,46.967142609155
14.754209062981,46.997880314073
14.754209062981,47.0286180189911
14.754209062981,47.0593557239091
14.754209062981,47.0900934288271
14.754209062981,47.1208311337451
14.754209062981,47.1515688386632
14.754209062981,47.1823065435812
14.754209062981,47.2130442484992
14.754209062981,47.2437819534172
14.754209062981,47.2745196583353
14.754209062981,47.3052573632533
14.754209062981,47.3359950681713
14.754209062981,47.3667327730893
14.754209062981,47.3974704780074
14.754209062981,47.4282081829254
14.754209062981,47.4589458878434
14.754209062981,47.4896835927614
14.754209062981,47.5204212976795
14.754209062981,47.5511590025975
14.754209062981,47.5818967075155
14.754209062981,47.6126344124335
14.754209062981,47.6433721173516
14.754209062981,47.6741098222696
14.754209062981,47.7048475271876
14.754209062981,47.7355852321056
14.754209062981,47.7663229370237
14.754209062981,47.7970606419417
14.754209062981,47.8277983468597
14.754209062981,47.8585360517777
14.754209062981,47.8892737566958
14.754209062981,47.9200114616138
14.754209062981,47.9507491665318
14.754209062981,47.9814868714498
14.754209062981,48.0122245763679
14.754209062981,48.0429622812859
14.754209062981,48.0736999862039
14.754209062981,48.1044376911219
14.754209062981,48.13517539604
14.754209062981,48.165913100958
14.754209062981,48.196650805876
14.754209062981,48.227388510794
14.754209062981,48.2581262157121
14.754209062981,48.2888639206301
14.754209062981,48.3196016255481
14.754209062981,48.3503393304661
14.754209062981,48.3810770353842
14.754209062981,48.4118147403022
14.754209062981,48.4425524452202
14.754209062981,48.4732901501382
14.754209062981,48.5040278550563
14.754209062981,48.5347655599743
14.754209062981,48.5655032648923
14.754209062981,48.5962409698103
14.754209062981,48.6269786747283
14.754209062981,48.6577163796464
14.754209062981,48.6884540845644
14.754209062981,48.7191917894824
14.754209062981,48.7499294944004
14.754209062981,48.7806671993185
14.754209062981,48.8114049042365
14.754209062981,48.8421426091545
14.754209062981,48.8728803140725
14.754209062981,48.9036180189906
14.754209062981,48.9343557239086
14.754209062981,48.9650934288266
14.754209062981,48.9958311337446
14.754209062981,49.0265688386627
14.754209062981,49.0573065435807
14.754209062981,49.0880442484987
14.754209062981,49.1187819534167
14.754209062981,49.1495196583348
14.754209062981,49.1802573632528
14.754209062981,49.2109950681708
14.754209062981,49.2417327730888
14.754209062981,49.2724704780069
14.754209062981,49.3032081829249
14.754209062981,49.3339458878429
14.754209062981,49.3646835927609
14.754209062981,49.395421297679
14.754209062981,49.426159002597
14.754209062981,49.456896707515
14.754209062981,49.487634412433
14.754209062981,49.5183721173511
14.754209062981,49.5491098222691
14.754209062981,49.5798475271871
14.754209062981,49.6105852321051
14.754209062981,49.6413229370232
14.754209062981,49.6720606419412
14.754209062981,49.7027983468592
14.754209062981,49.7335360517772
14.754209062981,49.7642737566953
14.754209062981,49.7950114616133
14.754209062981,49.8257491665313
14.754209062981,49.8564868714493
14.754209062981,49.8872245763674
14.754209062981,49.9179622812854
14.754209062981,49.9486999862034
14.754209062981,49.9794376911214
14.754209062981,50.0101753960395
14.754209062981,50.0409131009575
14.754209062981,50.0716508058755
14.754209062981,50.1023885107935
14.754209062981,50.1331262157116
14.754209062981,50.1638639206296
14.754209062981,50.1946016255476
14.754209062981,50.2253393304656
14.754209062981,50.2560770353837
14.754209062981,50.2868147403017
14.754209062981,50.3175524452197
14.754209062981,50.3482901501377
14.754209062981,50.3790278550558
14.754209062981,50.4097655599738
14.754209062981,50.4405032648918
14.754209062981,50.4712409698098
14.754209062981,50.5019786747279
14.754209062981,50.5327163796459
14.754209062981,50.5634540845639
14.754209062981,50.5941917894819
14.754209062981,50.6249294944
14.754209062981,50.655667199318
14.754209062981,50.686404904236
14.754209062981,50.717142609154
14.754209062981,50.747880314072
14.754209062981,50.7786180189901
14.754209062981,50.8093557239081
14.754209062981,50.8400934288261
14.754209062981,50.8708311337441
14.754209062981,50.9015688386622
14.754209062981,50.9323065435802
14.754209062981,50.9630442484982
14.754209062981,50.9937819534162
14.754209062981,51.0245196583343
14.754209062981,51.0552573632523
14.754209062981,51.0859950681703
14.754209062981,51.1167327730883
14.754209062981,51.1474704780064
14.754209062981,51.1782081829244
14.754209062981,51.2089458878424
14.754209062981,51.2396835927604
14.754209062981,51.2704212976785
14.754209062981,51.3011590025965
14.754209062981,51.3318967075145
14.754209062981,51.3626344124325
14.754209062981,51.3933721173506
14.754209062981,51.4241098222686
14.754209062981,51.4548475271866
14.754209062981,51.4855852321046
14.754209062981,51.5163229370227
14.754209062981,51.5470606419407
14.754209062981,51.5777983468587
14.754209062981,51.6085360517767
14.754209062981,51.6392737566948
14.754209062981,51.6700114616128
14.754209062981,51.7007491665308
14.754209062981,51.7314868714488
14.754209062981,51.7622245763669
14.754209062981,51.7929622812849
14.754209062981,51.8236999862029
14.754209062981,51.8544376911209
14.754209062981,51.885175396039
14.754209062981,51.915913100957
14.754209062981,51.946650805875
14.754209062981,51.977388510793
14.754209062981,52.0081262157111
14.754209062981,52.0388639206291
14.754209062981,52.0696016255471
14.754209062981,52.1003393304651
14.754209062981,52.1310770353832
14.754209062981,52.1618147403012
14.754209062981,52.1925524452192
14.754209062981,52.2232901501372
14.754209062981,52.2540278550553
14.754209062981,52.2847655599733
14.754209062981,52.3155032648913
14.754209062981,52.3462409698093
14.754209062981,52.3769786747274
14.754209062981,52.4077163796454
14.754209062981,52.4384540845634
14.754209062981,52.4691917894814
14.754209062981,52.4999294943995
14.754209062981,52.5306671993175
14.754209062981,52.5614049042355
14.754209062981,52.5921426091535
14.754209062981,52.6228803140716
14.754209062981,52.6536180189896
14.754209062981,52.6843557239076
14.754209062981,52.7150934288256
14.754209062981,52.7458311337436
14.754209062981,52.7765688386617
14.754209062981,52.8073065435797
14.754209062981,52.8380442484977
14.754209062981,52.8687819534157
14.754209062981,52.8995196583338
14.754209062981,52.9302573632518
14.754209062981,52.9609950681698
14.754209062981,52.9917327730878
14.754209062981,53.0224704780059
14.754209062981,53.0532081829239
14.754209062981,53.0839458878419
14.754209062981,53.1146835927599
14.754209062981,53.145421297678
14.754209062981,53.176159002596
14.754209062981,53.206896707514
14.754209062981,53.237634412432
14.754209062981,53.2683721173501
14.754209062981,53.2991098222681
14.754209062981,53.3298475271861
14.754209062981,53.3605852321041
14.754209062981,53.3913229370222
14.754209062981,53.4220606419402
14.754209062981,53.4527983468582
14.754209062981,53.4835360517762
14.754209062981,53.5142737566943
14.754209062981,53.5450114616123
14.754209062981,53.5757491665303
14.754209062981,53.6064868714483
14.754209062981,53.6372245763664
14.754209062981,53.6679622812844
14.754209062981,53.6986999862024
14.754209062981,53.7294376911204
14.754209062981,53.7601753960385
14.754209062981,53.7909131009565
14.754209062981,53.8216508058745
14.754209062981,53.8523885107925
14.754209062981,53.8831262157106
14.754209062981,53.9138639206286
14.754209062981,53.9446016255466
14.754209062981,53.9753393304646
14.754209062981,54.0060770353827
14.754209062981,54.0368147403007
14.754209062981,54.0675524452187
14.754209062981,54.0982901501367
14.754209062981,54.1290278550548
14.754209062981,54.1597655599728
14.754209062981,54.1905032648908
14.754209062981,54.2212409698088
14.754209062981,54.2519786747269
14.754209062981,54.2827163796449
14.754209062981,54.3134540845629
14.754209062981,54.3441917894809
14.754209062981,54.374929494399
14.754209062981,54.405667199317
14.754209062981,54.436404904235
14.754209062981,54.467142609153
14.754209062981,54.4978803140711
14.754209062981,54.5286180189891
14.754209062981,54.5593557239071
14.754209062981,54.5900934288251
14.754209062981,54.6208311337432
14.754209062981,54.6515688386612
14.754209062981,54.6823065435792
14.754209062981,54.7130442484972
14.754209062981,54.7437819534153
14.754209062981,54.7745196583333
14.754209062981,54.8052573632513
14.754209062981,54.8359950681693
14.754209062981,54.8667327730873
14.754209062981,54.8974704780054
14.754209062981,54.9282081829234
14.754209062981,54.9589458878414
14.754209062981,54.9896835927594
14.754209062981,55.0204212976775
14.754209062981,55.0511590025955
14.754209062981,55.0818967075135
14.754209062981,55.1126344124315
14.754209062981,55.1433721173496
14.754209062981,55.1741098222676
14.754209062981,55.2048475271856
14.754209062981,55.2355852321036
14.754209062981,55.2663229370217
14.754209062981,55.2970606419397
14.754209062981,55.3277983468577
14.754209062981,55.3585360517757
14.754209062981,55.3892737566938
14.754209062981,55.4200114616118
14.754209062981,55.4507491665298
14.754209062981,55.4814868714478
14.754209062981,55.5122245763659
14.754209062981,55.5429622812839
14.754209062981,55.5736999862019
14.754209062981,55.6044376911199
14.754209062981,55.635175396038
14.754209062981,55.665913100956
14.754209062981,55.696650805874
14.754209062981,55.727388510792
14.754209062981,55.7581262157101
14.754209062981,55.7888639206281
14.754209062981,55.8196016255461
14.754209062981,55.8503393304641
14.754209062981,55.8810770353822
14.754209062981,55.9118147403002
14.754209062981,55.9425524452182
14.754209062981,55.9732901501362
14.754209062981,56.0040278550543
14.754209062981,56.0347655599723
14.754209062981,56.0655032648903
14.754209062981,56.0962409698083
14.754209062981,56.1269786747264
14.754209062981,56.1577163796444
14.754209062981,56.1884540845624
14.754209062981,56.2191917894804
14.754209062981,56.2499294943985
14.754209062981,56.2806671993165
14.754209062981,56.3114049042345
14.754209062981,56.3421426091525
14.754209062981,56.3728803140706
14.754209062981,56.4036180189886
14.754209062981,56.4343557239066
14.754209062981,56.4650934288246
14.754209062981,56.4958311337427
14.754209062981,56.5265688386607
14.754209062981,56.5573065435787
14.754209062981,56.5880442484967
14.754209062981,56.6187819534148
14.754209062981,56.6495196583328
14.754209062981,56.6802573632508
14.754209062981,56.7109950681688
14.754209062981,56.7417327730869
14.754209062981,56.7724704780049
14.754209062981,56.8032081829229
14.754209062981,56.8339458878409
14.754209062981,56.864683592759
14.754209062981,56.895421297677
14.754209062981,56.926159002595
14.754209062981,56.956896707513
14.754209062981,56.987634412431
14.754209062981,57.0183721173491
14.754209062981,57.0491098222671
14.754209062981,57.0798475271851
14.754209062981,57.1105852321031
14.754209062981,57.1413229370212
14.754209062981,57.1720606419392
14.754209062981,57.2027983468572
14.754209062981,57.2335360517752
14.754209062981,57.2642737566933
14.754209062981,57.2950114616113
14.754209062981,57.3257491665293
14.754209062981,57.3564868714473
14.754209062981,57.3872245763654
14.754209062981,57.4179622812834
14.754209062981,57.4486999862014
14.754209062981,57.4794376911194
14.754209062981,57.5101753960375
14.754209062981,57.5409131009555
14.754209062981,57.5716508058735
14.754209062981,57.6023885107915
14.754209062981,57.6331262157096
14.754209062981,57.6638639206276
14.754209062981,57.6946016255456
14.754209062981,57.7253393304636
14.754209062981,57.7560770353817
14.754209062981,57.7868147402997
14.754209062981,57.8175524452177
14.754209062981,57.8482901501357
14.754209062981,57.8790278550538
14.754209062981,57.9097655599718
14.754209062981,57.9405032648898
14.754209062981,57.9712409698078
14.754209062981,58.0019786747259
14.754209062981,58.0327163796439
14.754209062981,58.0634540845619
14.754209062981,58.0941917894799
14.754209062981,58.124929494398
14.754209062981,58.155667199316
14.754209062981,58.186404904234
14.754209062981,58.217142609152
14.754209062981,58.2478803140701
14.754209062981,58.2786180189881
14.754209062981,58.3093557239061
14.754209062981,58.3400934288241
14.754209062981,58.3708311337422
14.754209062981,58.4015688386602
14.754209062981,58.4323065435782
14.754209062981,58.4630442484962
14.754209062981,58.4937819534143
14.754209062981,58.5245196583323
14.754209062981,58.5552573632503
14.754209062981,58.5859950681683
14.754209062981,58.6167327730864
14.754209062981,58.6474704780044
14.754209062981,58.6782081829224
14.754209062981,58.7089458878404
14.754209062981,58.7396835927585
14.754209062981,58.7704212976765
14.754209062981,58.8011590025945
14.754209062981,58.8318967075125
14.754209062981,58.8626344124306
14.754209062981,58.8933721173486
14.754209062981,58.9241098222666
14.754209062981,58.9548475271846
14.754209062981,58.9855852321027
14.754209062981,59.0163229370207
14.754209062981,59.0470606419387
14.754209062981,59.0777983468567
14.754209062981,59.1085360517747
14.754209062981,59.1392737566928
14.754209062981,59.1700114616108
14.754209062981,59.2007491665288
14.754209062981,59.2314868714468
14.754209062981,59.2622245763649
14.754209062981,59.2929622812829
14.754209062981,59.3236999862009
14.754209062981,59.3544376911189
14.754209062981,59.385175396037
14.754209062981,59.415913100955
14.754209062981,59.446650805873
14.754209062981,59.477388510791
14.754209062981,59.5081262157091
14.754209062981,59.5388639206271
14.754209062981,59.5696016255451
14.754209062981,59.6003393304631
14.754209062981,59.6310770353812
14.754209062981,59.6618147402992
14.754209062981,59.6925524452172
14.754209062981,59.7232901501352
14.754209062981,59.7540278550533
14.754209062981,59.7847655599713
14.754209062981,59.8155032648893
14.754209062981,59.8462409698073
14.754209062981,59.8769786747254
14.754209062981,59.9077163796434
14.754209062981,59.9384540845614
14.754209062981,59.9691917894794
14.754209062981,59.9999294943975
14.754209062981,60.0306671993155
14.754209062981,60.0614049042335
14.754209062981,60.0921426091515
14.754209062981,60.1228803140696
14.754209062981,60.1536180189876
14.754209062981,60.1843557239056
14.754209062981,60.2150934288236
14.754209062981,60.2458311337417
14.754209062981,60.2765688386597
14.754209062981,60.3073065435777
14.754209062981,60.3380442484957
14.754209062981,60.3687819534138
14.754209062981,60.3995196583318
14.754209062981,60.4302573632498
14.754209062981,60.4609950681678
14.754209062981,60.4917327730859
14.754209062981,60.5224704780039
14.754209062981,60.5532081829219
14.754209062981,60.5839458878399
14.754209062981,60.614683592758
14.754209062981,60.645421297676
14.754209062981,60.676159002594
14.754209062981,60.706896707512
14.754209062981,60.7376344124301
14.754209062981,60.7683721173481
14.754209062981,60.7991098222661
14.754209062981,60.8298475271841
14.754209062981,60.8605852321022
14.754209062981,60.8913229370202
14.754209062981,60.9220606419382
14.754209062981,60.9527983468562
14.754209062981,60.9835360517743
14.754209062981,61.0142737566923
14.754209062981,61.0450114616103
14.754209062981,61.0757491665283
14.754209062981,61.1064868714464
14.754209062981,61.1372245763644
14.754209062981,61.1679622812824
14.754209062981,61.1986999862004
14.754209062981,61.2294376911184
14.754209062981,61.2601753960365
14.754209062981,61.2909131009545
14.754209062981,61.3216508058725
14.754209062981,61.3523885107905
14.754209062981,61.3831262157086
14.754209062981,61.4138639206266
14.754209062981,61.4446016255446
14.754209062981,61.4753393304626
14.754209062981,61.5060770353807
14.754209062981,61.5368147402987
14.754209062981,61.5675524452167
14.754209062981,61.5982901501347
14.754209062981,61.6290278550528
14.754209062981,61.6597655599708
14.754209062981,61.6905032648888
14.754209062981,61.7212409698068
14.754209062981,61.7519786747249
14.754209062981,61.7827163796429
14.754209062981,61.8134540845609
14.754209062981,61.8441917894789
14.754209062981,61.874929494397
14.754209062981,61.905667199315
14.754209062981,61.936404904233
14.754209062981,61.967142609151
14.754209062981,61.9978803140691
14.754209062981,62.0286180189871
14.754209062981,62.0593557239051
14.754209062981,62.0900934288231
14.754209062981,62.1208311337412
14.754209062981,62.1515688386592
14.754209062981,62.1823065435772
14.754209062981,62.2130442484952
14.754209062981,62.2437819534133
14.754209062981,62.2745196583313
14.754209062981,62.3052573632493
14.754209062981,62.3359950681673
14.754209062981,62.3667327730854
14.754209062981,62.3974704780034
14.754209062981,62.4282081829214
14.754209062981,62.4589458878394
14.754209062981,62.4896835927575
14.754209062981,62.5204212976755
14.754209062981,62.5511590025935
14.754209062981,62.5818967075115
14.754209062981,62.6126344124296
14.754209062981,62.6433721173476
14.754209062981,62.6741098222656
14.754209062981,62.7048475271836
14.754209062981,62.7355852321017
14.754209062981,62.7663229370197
14.754209062981,62.7970606419377
14.754209062981,62.8277983468557
14.754209062981,62.8585360517738
14.754209062981,62.8892737566918
14.754209062981,62.9200114616098
14.754209062981,62.9507491665278
14.754209062981,62.9814868714459
14.754209062981,63.0122245763639
14.754209062981,63.0429622812819
14.754209062981,63.0736999861999
14.754209062981,63.104437691118
14.754209062981,63.135175396036
14.754209062981,63.165913100954
14.754209062981,63.196650805872
14.754209062981,63.22738851079
14.754209062981,63.2581262157081
14.754209062981,63.2888639206261
14.754209062981,63.3196016255441
14.754209062981,63.3503393304621
14.754209062981,63.3810770353802
14.754209062981,63.4118147402982
14.754209062981,63.4425524452162
14.754209062981,63.4732901501342
14.754209062981,63.5040278550523
14.754209062981,63.5347655599703
14.754209062981,63.5655032648883
14.754209062981,63.5962409698063
14.754209062981,63.6269786747244
14.754209062981,63.6577163796424
14.754209062981,63.6884540845604
14.754209062981,63.7191917894784
14.754209062981,63.7499294943965
14.754209062981,63.7806671993145
14.754209062981,63.8114049042325
14.754209062981,63.8421426091505
14.754209062981,63.8728803140686
14.754209062981,63.9036180189866
14.754209062981,63.9343557239046
14.754209062981,63.9650934288226
14.754209062981,63.9958311337407
14.754209062981,64.0265688386587
14.754209062981,64.0573065435767
14.754209062981,64.0880442484947
14.754209062981,64.1187819534128
14.754209062981,64.1495196583308
14.754209062981,64.1802573632488
14.754209062981,64.2109950681668
14.754209062981,64.2417327730849
14.754209062981,64.2724704780029
14.754209062981,64.3032081829209
14.754209062981,64.3339458878389
14.754209062981,64.364683592757
14.754209062981,64.395421297675
14.754209062981,64.426159002593
14.754209062981,64.456896707511
14.754209062981,64.4876344124291
14.754209062981,64.5183721173471
14.754209062981,64.5491098222651
14.754209062981,64.5798475271831
14.754209062981,64.6105852321012
14.754209062981,64.6413229370192
14.754209062981,64.6720606419372
14.754209062981,64.7027983468552
14.754209062981,64.7335360517733
14.754209062981,64.7642737566913
14.754209062981,64.7950114616093
14.754209062981,64.8257491665273
14.754209062981,64.8564868714454
14.754209062981,64.8872245763634
14.754209062981,64.9179622812814
14.754209062981,64.9486999861994
14.754209062981,64.9794376911175
14.754209062981,65.0101753960355
14.754209062981,65.0409131009535
14.754209062981,65.0716508058715
14.754209062981,65.1023885107896
14.754209062981,65.1331262157076
14.754209062981,65.1638639206256
14.754209062981,65.1946016255436
14.754209062981,65.2253393304617
14.754209062981,65.2560770353797
14.754209062981,65.2868147402977
14.754209062981,65.3175524452157
14.754209062981,65.3482901501337
14.754209062981,65.3790278550518
14.754209062981,65.4097655599698
14.754209062981,65.4405032648878
14.754209062981,65.4712409698058
14.754209062981,65.5019786747239
14.754209062981,65.5327163796419
14.754209062981,65.5634540845599
14.754209062981,65.5941917894779
14.754209062981,65.624929494396
14.754209062981,65.655667199314
14.754209062981,65.686404904232
14.754209062981,65.71714260915
14.754209062981,65.7478803140681
14.754209062981,65.7786180189861
14.754209062981,65.8093557239041
14.754209062981,65.8400934288221
14.754209062981,65.8708311337402
14.754209062981,65.9015688386582
14.754209062981,65.9323065435762
14.754209062981,65.9630442484942
14.754209062981,65.9937819534123
14.754209062981,66.0245196583303
14.754209062981,66.0552573632483
14.754209062981,66.0859950681663
14.754209062981,66.1167327730844
14.754209062981,66.1474704780024
14.754209062981,66.1782081829204
14.754209062981,66.2089458878384
14.754209062981,66.2396835927565
14.754209062981,66.2704212976745
14.754209062981,66.3011590025925
14.754209062981,66.3318967075105
14.754209062981,66.3626344124286
14.754209062981,66.3933721173466
14.754209062981,66.4241098222646
14.754209062981,66.4548475271826
14.754209062981,66.4855852321007
14.754209062981,66.5163229370187
14.754209062981,66.5470606419367
14.754209062981,66.5777983468547
14.754209062981,66.6085360517728
14.754209062981,66.6392737566908
14.754209062981,66.6700114616088
14.754209062981,66.7007491665268
14.754209062981,66.7314868714449
14.754209062981,66.7622245763629
14.754209062981,66.7929622812809
14.754209062981,66.8236999861989
14.754209062981,66.854437691117
14.754209062981,66.885175396035
14.754209062981,66.915913100953
14.754209062981,66.946650805871
14.754209062981,66.9773885107891
14.754209062981,67.0081262157071
14.754209062981,67.0388639206251
14.754209062981,67.0696016255431
14.754209062981,67.1003393304612
14.754209062981,67.1310770353792
14.754209062981,67.1618147402972
14.754209062981,67.1925524452152
14.754209062981,67.2232901501333
14.754209062981,67.2540278550513
14.754209062981,67.2847655599693
14.754209062981,67.3155032648873
14.754209062981,67.3462409698054
14.754209062981,67.3769786747234
14.754209062981,67.4077163796414
14.754209062981,67.4384540845594
14.754209062981,67.4691917894774
14.754209062981,67.4999294943955
14.754209062981,67.5306671993135
14.754209062981,67.5614049042315
14.754209062981,67.5921426091495
14.754209062981,67.6228803140676
14.754209062981,67.6536180189856
14.754209062981,67.6843557239036
14.754209062981,67.7150934288216
14.754209062981,67.7458311337397
14.754209062981,67.7765688386577
14.754209062981,67.8073065435757
14.754209062981,67.8380442484937
14.754209062981,67.8687819534118
14.754209062981,67.8995196583298
14.754209062981,67.9302573632478
14.754209062981,67.9609950681658
14.754209062981,67.9917327730839
14.754209062981,68.0224704780019
14.754209062981,68.0532081829199
14.754209062981,68.0839458878379
14.754209062981,68.114683592756
14.754209062981,68.145421297674
14.754209062981,68.176159002592
14.754209062981,68.20689670751
14.754209062981,68.2376344124281
14.754209062981,68.2683721173461
14.754209062981,68.2991098222641
14.754209062981,68.3298475271821
14.754209062981,68.3605852321002
14.754209062981,68.3913229370182
14.754209062981,68.4220606419362
14.754209062981,68.4527983468542
14.754209062981,68.4835360517723
14.754209062981,68.5142737566903
14.754209062981,68.5450114616083
14.754209062981,68.5757491665263
14.754209062981,68.6064868714444
14.754209062981,68.6372245763624
14.754209062981,68.6679622812804
14.754209062981,68.6986999861984
14.754209062981,68.7294376911165
14.754209062981,68.7601753960345
14.754209062981,68.7909131009525
14.754209062981,68.8216508058705
14.754209062981,68.8523885107886
14.754209062981,68.8831262157066
14.754209062981,68.9138639206246
14.754209062981,68.9446016255426
14.754209062981,68.9753393304607
14.754209062981,69.0060770353787
14.754209062981,69.0368147402967
14.754209062981,69.0675524452147
14.754209062981,69.0982901501328
14.754209062981,69.1290278550508
14.754209062981,69.1597655599688
14.754209062981,69.1905032648868
14.754209062981,69.2212409698049
14.754209062981,69.2519786747229
14.754209062981,69.2827163796409
14.754209062981,69.3134540845589
14.754209062981,69.344191789477
14.754209062981,69.374929494395
14.754209062981,69.405667199313
14.754209062981,69.436404904231
14.754209062981,69.4671426091491
14.754209062981,69.4978803140671
14.754209062981,69.5286180189851
14.754209062981,69.5593557239031
14.754209062981,69.5900934288211
14.754209062981,69.6208311337392
14.754209062981,69.6515688386572
14.754209062981,69.6823065435752
14.754209062981,69.7130442484932
14.754209062981,69.7437819534113
14.754209062981,69.7745196583293
14.754209062981,69.8052573632473
14.754209062981,69.8359950681653
14.754209062981,69.8667327730834
14.754209062981,69.8974704780014
14.754209062981,69.9282081829194
14.754209062981,69.9589458878374
14.754209062981,69.9896835927555
14.754209062981,70.0204212976735
14.754209062981,70.0511590025915
14.754209062981,70.0818967075095
14.754209062981,70.1126344124276
14.754209062981,70.1433721173456
14.754209062981,70.1741098222636
14.754209062981,70.2048475271816
14.754209062981,70.2355852320997
14.754209062981,70.2663229370177
14.754209062981,70.2970606419357
14.754209062981,70.3277983468537
14.754209062981,70.3585360517718
14.754209062981,70.3892737566898
14.754209062981,70.4200114616078
14.754209062981,70.4507491665258
14.754209062981,70.4814868714439
14.754209062981,70.5122245763619
14.754209062981,70.5429622812799
14.754209062981,70.5736999861979
14.754209062981,70.604437691116
14.754209062981,70.635175396034
14.754209062981,70.665913100952
14.754209062981,70.69665080587
14.754209062981,70.7273885107881
14.754209062981,70.7581262157061
14.754209062981,70.7888639206241
14.754209062981,70.8196016255421
14.754209062981,70.8503393304602
14.754209062981,70.8810770353782
14.754209062981,70.9118147402962
14.754209062981,70.9425524452142
14.754209062981,70.9732901501323
14.754209062981,71.0040278550503
14.754209062981,71.0347655599683
14.754209062981,71.0655032648863
14.754209062981,71.0962409698044
14.754209062981,71.1269786747224
14.754209062981,71.1577163796404
14.754209062981,71.1884540845584
14.754209062981,71.2191917894765
14.754209062981,71.2499294943945
14.754209062981,71.2806671993125
14.754209062981,71.3114049042305
14.754209062981,71.3421426091486
14.754209062981,71.3728803140666
14.754209062981,71.4036180189846
14.754209062981,71.4343557239026
14.754209062981,71.4650934288207
14.754209062981,71.4958311337387
14.754209062981,71.5265688386567
14.754209062981,71.5573065435747
14.754209062981,71.5880442484927
14.754209062981,71.6187819534108
14.754209062981,71.6495196583288
14.754209062981,71.6802573632468
14.754209062981,71.7109950681648
14.754209062981,71.7417327730829
14.754209062981,71.7724704780009
14.754209062981,71.8032081829189
14.754209062981,71.8339458878369
14.754209062981,71.864683592755
14.754209062981,71.895421297673
14.754209062981,71.926159002591
14.754209062981,71.956896707509
14.754209062981,71.9876344124271
14.754209062981,72.0183721173451
14.754209062981,72.0491098222631
14.754209062981,72.0798475271811
14.754209062981,72.1105852320992
14.754209062981,72.1413229370172
14.754209062981,72.1720606419352
14.754209062981,72.2027983468532
14.754209062981,72.2335360517713
14.754209062981,72.2642737566893
14.754209062981,72.2950114616073
14.754209062981,72.3257491665253
14.754209062981,72.3564868714434
14.754209062981,72.3872245763614
14.754209062981,72.4179622812794
14.754209062981,72.4486999861974
14.754209062981,72.4794376911155
14.754209062981,72.5101753960335
14.754209062981,72.5409131009515
14.754209062981,72.5716508058695
14.754209062981,72.6023885107876
14.754209062981,72.6331262157056
14.754209062981,72.6638639206236
14.754209062981,72.6946016255416
14.754209062981,72.7253393304597
14.754209062981,72.7560770353777
14.754209062981,72.7868147402957
14.754209062981,72.8175524452137
14.754209062981,72.8482901501318
14.754209062981,72.8790278550498
14.754209062981,72.9097655599678
14.754209062981,72.9405032648858
14.754209062981,72.9712409698039
14.754209062981,73.0019786747219
14.754209062981,73.0327163796399
14.754209062981,73.0634540845579
14.754209062981,73.094191789476
14.754209062981,73.124929494394
14.754209062981,73.155667199312
14.754209062981,73.18640490423
14.754209062981,73.2171426091481
14.754209062981,73.2478803140661
14.754209062981,73.2786180189841
14.754209062981,73.3093557239021
14.754209062981,73.3400934288202
14.754209062981,73.3708311337382
14.754209062981,73.4015688386562
14.754209062981,73.4323065435742
14.754209062981,73.4630442484923
14.754209062981,73.4937819534103
14.754209062981,73.5245196583283
14.754209062981,73.5552573632463
14.754209062981,73.5859950681644
14.754209062981,73.6167327730824
14.754209062981,73.6474704780004
14.754209062981,73.6782081829184
14.754209062981,73.7089458878364
14.754209062981,73.7396835927545
14.754209062981,73.7704212976725
14.754209062981,73.8011590025905
14.754209062981,73.8318967075085
14.754209062981,73.8626344124266
14.754209062981,73.8933721173446
14.754209062981,73.9241098222626
14.754209062981,73.9548475271806
14.754209062981,73.9855852320987
14.754209062981,74.0163229370167
14.754209062981,74.0470606419347
14.754209062981,74.0777983468527
14.754209062981,74.1085360517708
14.754209062981,74.1392737566888
14.754209062981,74.1700114616068
14.754209062981,74.2007491665248
14.754209062981,74.2314868714429
14.754209062981,74.2622245763609
14.754209062981,74.2929622812789
14.754209062981,74.3236999861969
14.754209062981,74.354437691115
14.754209062981,74.385175396033
14.754209062981,74.415913100951
14.754209062981,74.446650805869
14.754209062981,74.4773885107871
14.754209062981,74.5081262157051
14.754209062981,74.5388639206231
14.754209062981,74.5696016255411
14.754209062981,74.6003393304592
14.754209062981,74.6310770353772
14.754209062981,74.6618147402952
14.754209062981,74.6925524452132
14.754209062981,74.7232901501313
14.754209062981,74.7540278550493
14.754209062981,74.7847655599673
14.754209062981,74.8155032648853
14.754209062981,74.8462409698034
14.754209062981,74.8769786747214
14.754209062981,74.9077163796394
14.754209062981,74.9384540845574
14.754209062981,74.9691917894755
14.754209062981,74.9999294943935
14.754209062981,75.0306671993115
14.754209062981,75.0614049042295
14.754209062981,75.0921426091476
14.754209062981,75.1228803140656
14.754209062981,75.1536180189836
14.754209062981,75.1843557239016
14.754209062981,75.2150934288197
14.754209062981,75.2458311337377
14.754209062981,75.2765688386557
14.754209062981,75.3073065435737
14.754209062981,75.3380442484918
14.754209062981,75.3687819534098
14.754209062981,75.3995196583278
14.754209062981,75.4302573632458
14.754209062981,75.4609950681639
14.754209062981,75.4917327730819
14.754209062981,75.5224704779999
14.754209062981,75.5532081829179
14.754209062981,75.583945887836
14.754209062981,75.614683592754
14.754209062981,75.645421297672
14.754209062981,75.67615900259
14.754209062981,75.7068967075081
14.754209062981,75.7376344124261
14.754209062981,75.7683721173441
14.754209062981,75.7991098222621
14.754209062981,75.8298475271801
14.754209062981,75.8605852320982
14.754209062981,75.8913229370162
14.754209062981,75.9220606419342
14.754209062981,75.9527983468522
14.754209062981,75.9835360517703
14.754209062981,76.0142737566883
14.754209062981,76.0450114616063
14.754209062981,76.0757491665243
14.754209062981,76.1064868714424
14.754209062981,76.1372245763604
14.754209062981,76.1679622812784
14.754209062981,76.1986999861964
14.754209062981,76.2294376911145
14.754209062981,76.2601753960325
14.754209062981,76.2909131009505
14.754209062981,76.3216508058685
14.754209062981,76.3523885107866
14.754209062981,76.3831262157046
14.754209062981,76.4138639206226
14.754209062981,76.4446016255406
14.754209062981,76.4753393304587
14.754209062981,76.5060770353767
14.754209062981,76.5368147402947
14.754209062981,76.5675524452127
14.754209062981,76.5982901501308
14.754209062981,76.6290278550488
14.754209062981,76.6597655599668
14.754209062981,76.6905032648848
14.754209062981,76.7212409698029
14.754209062981,76.7519786747209
14.754209062981,76.7827163796389
14.754209062981,76.8134540845569
14.754209062981,76.844191789475
14.754209062981,76.874929494393
14.754209062981,76.905667199311
14.754209062981,76.936404904229
14.754209062981,76.9671426091471
14.754209062981,76.9978803140651
14.754209062981,77.0286180189831
14.754209062981,77.0593557239011
14.754209062981,77.0900934288192
14.754209062981,77.1208311337372
14.754209062981,77.1515688386552
14.754209062981,77.1823065435732
14.754209062981,77.2130442484913
14.754209062981,77.2437819534093
14.754209062981,77.2745196583273
14.754209062981,77.3052573632453
14.754209062981,77.3359950681634
14.754209062981,77.3667327730814
14.754209062981,77.3974704779994
14.754209062981,77.4282081829174
14.754209062981,77.4589458878355
14.754209062981,77.4896835927535
14.754209062981,77.5204212976715
14.754209062981,77.5511590025895
14.754209062981,77.5818967075076
14.754209062981,77.6126344124256
14.754209062981,77.6433721173436
14.754209062981,77.6741098222616
14.754209062981,77.7048475271797
14.754209062981,77.7355852320977
14.754209062981,77.7663229370157
14.754209062981,77.7970606419337
14.754209062981,77.8277983468518
14.754209062981,77.8585360517698
14.754209062981,77.8892737566878
14.754209062981,77.9200114616058
14.754209062981,77.9507491665238
14.754209062981,77.9814868714419
14.754209062981,78.0122245763599
14.754209062981,78.0429622812779
14.754209062981,78.0736999861959
14.754209062981,78.104437691114
14.754209062981,78.135175396032
14.754209062981,78.16591310095
14.754209062981,78.196650805868
14.754209062981,78.2273885107861
14.754209062981,78.2581262157041
14.754209062981,78.2888639206221
14.754209062981,78.3196016255401
14.754209062981,78.3503393304582
14.754209062981,78.3810770353762
14.754209062981,78.4118147402942
14.754209062981,78.4425524452122
14.754209062981,78.4732901501303
14.754209062981,78.5040278550483
14.754209062981,78.5347655599663
14.754209062981,78.5655032648843
14.754209062981,78.5962409698024
14.754209062981,78.6269786747204
14.754209062981,78.6577163796384
14.754209062981,78.6884540845564
14.754209062981,78.7191917894745
14.754209062981,78.7499294943925
14.754209062981,78.7806671993105
14.754209062981,78.8114049042285
14.754209062981,78.8421426091466
14.754209062981,78.8728803140646
14.754209062981,78.9036180189826
14.754209062981,78.9343557239006
14.754209062981,78.9650934288187
14.754209062981,78.9958311337367
14.754209062981,79.0265688386547
14.754209062981,79.0573065435727
14.754209062981,79.0880442484908
14.754209062981,79.1187819534088
14.754209062981,79.1495196583268
14.754209062981,79.1802573632448
14.754209062981,79.2109950681629
14.754209062981,79.2417327730809
14.754209062981,79.2724704779989
14.754209062981,79.3032081829169
14.754209062981,79.333945887835
14.754209062981,79.364683592753
14.754209062981,79.395421297671
14.754209062981,79.426159002589
14.754209062981,79.4568967075071
14.754209062981,79.4876344124251
14.754209062981,79.5183721173431
14.754209062981,79.5491098222611
14.754209062981,79.5798475271792
14.754209062981,79.6105852320972
14.754209062981,79.6413229370152
14.754209062981,79.6720606419332
14.754209062981,79.7027983468513
14.754209062981,79.7335360517693
14.754209062981,79.7642737566873
14.754209062981,79.7950114616053
14.754209062981,79.8257491665234
14.754209062981,79.8564868714414
14.754209062981,79.8872245763594
14.754209062981,79.9179622812774
14.754209062981,79.9486999861955
14.754209062981,79.9794376911135
14.754209062981,80.0101753960315
14.754209062981,80.0409131009495
14.754209062981,80.0716508058675
14.754209062981,80.1023885107856
14.754209062981,80.1331262157036
14.754209062981,80.1638639206216
14.754209062981,80.1946016255396
14.754209062981,80.2253393304577
14.754209062981,80.2560770353757
14.754209062981,80.2868147402937
14.754209062981,80.3175524452117
14.754209062981,80.3482901501298
14.754209062981,80.3790278550478
14.754209062981,80.4097655599658
14.754209062981,80.4405032648838
14.754209062981,80.4712409698019
14.754209062981,80.5019786747199
14.754209062981,80.5327163796379
14.754209062981,80.5634540845559
14.754209062981,80.594191789474
14.754209062981,80.624929494392
14.754209062981,80.65566719931
14.754209062981,80.686404904228
14.754209062981,80.7171426091461
14.754209062981,80.7478803140641
14.754209062981,80.7786180189821
14.754209062981,80.8093557239001
14.754209062981,80.8400934288182
14.754209062981,80.8708311337362
14.754209062981,80.9015688386542
14.754209062981,80.9323065435722
14.754209062981,80.9630442484903
14.754209062981,80.9937819534083
14.754209062981,81.0245196583263
14.754209062981,81.0552573632443
14.754209062981,81.0859950681624
14.754209062981,81.1167327730804
14.754209062981,81.1474704779984
14.754209062981,81.1782081829164
14.754209062981,81.2089458878345
14.754209062981,81.2396835927525
14.754209062981,81.2704212976705
14.754209062981,81.3011590025885
14.754209062981,81.3318967075066
14.754209062981,81.3626344124246
14.754209062981,81.3933721173426
14.754209062981,81.4241098222606
14.754209062981,81.4548475271787
14.754209062981,81.4855852320967
14.754209062981,81.5163229370147
14.754209062981,81.5470606419327
14.754209062981,81.5777983468508
14.754209062981,81.6085360517688
14.754209062981,81.6392737566868
14.754209062981,81.6700114616048
14.754209062981,81.7007491665229
14.754209062981,81.7314868714409
14.754209062981,81.7622245763589
14.754209062981,81.7929622812769
14.754209062981,81.823699986195
14.754209062981,81.854437691113
14.754209062981,81.885175396031
14.754209062981,81.915913100949
14.754209062981,81.9466508058671
14.754209062981,81.9773885107851
14.754209062981,82.0081262157031
14.754209062981,82.0388639206211
14.754209062981,82.0696016255391
14.754209062981,82.1003393304572
14.754209062981,82.1310770353752
14.754209062981,82.1618147402932
14.754209062981,82.1925524452112
14.754209062981,82.2232901501293
14.754209062981,82.2540278550473
14.754209062981,82.2847655599653
14.754209062981,82.3155032648833
14.754209062981,82.3462409698014
14.754209062981,82.3769786747194
14.754209062981,82.4077163796374
14.754209062981,82.4384540845554
14.754209062981,82.4691917894735
14.754209062981,82.4999294943915
14.754209062981,82.5306671993095
14.754209062981,82.5614049042275
14.754209062981,82.5921426091456
14.754209062981,82.6228803140636
14.754209062981,82.6536180189816
14.754209062981,82.6843557238996
14.754209062981,82.7150934288177
14.754209062981,82.7458311337357
14.754209062981,82.7765688386537
14.754209062981,82.8073065435717
14.754209062981,82.8380442484898
14.754209062981,82.8687819534078
14.754209062981,82.8995196583258
14.754209062981,82.9302573632438
14.754209062981,82.9609950681619
14.754209062981,82.9917327730799
14.754209062981,83.0224704779979
14.754209062981,83.0532081829159
14.754209062981,83.083945887834
14.754209062981,83.114683592752
14.754209062981,83.14542129767
14.754209062981,83.176159002588
14.754209062981,83.2068967075061
14.754209062981,83.2376344124241
14.754209062981,83.2683721173421
14.754209062981,83.2991098222601
14.754209062981,83.3298475271782
14.754209062981,83.3605852320962
14.754209062981,83.3913229370142
14.754209062981,83.4220606419322
14.754209062981,83.4527983468503
14.754209062981,83.4835360517683
14.754209062981,83.5142737566863
14.754209062981,83.5450114616043
14.754209062981,83.5757491665224
14.754209062981,83.6064868714404
14.754209062981,83.6372245763584
14.754209062981,83.6679622812764
14.754209062981,83.6986999861945
14.754209062981,83.7294376911125
14.754209062981,83.7601753960305
14.754209062981,83.7909131009485
14.754209062981,83.8216508058666
14.754209062981,83.8523885107846
14.754209062981,83.8831262157026
14.754209062981,83.9138639206206
14.754209062981,83.9446016255387
14.754209062981,83.9753393304567
14.754209062981,84.0060770353747
14.754209062981,84.0368147402927
14.754209062981,84.0675524452108
14.754209062981,84.0982901501288
14.754209062981,84.1290278550468
14.754209062981,84.1597655599648
14.754209062981,84.1905032648828
14.754209062981,84.2212409698009
14.754209062981,84.2519786747189
14.754209062981,84.2827163796369
14.754209062981,84.3134540845549
14.754209062981,84.344191789473
14.754209062981,84.374929494391
14.754209062981,84.405667199309
14.754209062981,84.436404904227
14.754209062981,84.4671426091451
14.754209062981,84.4978803140631
14.754209062981,84.5286180189811
14.754209062981,84.5593557238991
14.754209062981,84.5900934288172
14.754209062981,84.6208311337352
14.754209062981,84.6515688386532
14.754209062981,84.6823065435712
14.754209062981,84.7130442484893
14.754209062981,84.7437819534073
14.754209062981,84.7745196583253
14.754209062981,84.8052573632433
14.754209062981,84.8359950681614
14.754209062981,84.8667327730794
14.754209062981,84.8974704779974
14.754209062981,84.9282081829154
14.754209062981,84.9589458878335
14.754209062981,84.9896835927515
14.754209062981,85.0204212976695
14.754209062981,85.0511590025875
14.754209062981,85.0818967075056
14.754209062981,85.1126344124236
14.754209062981,85.1433721173416
14.754209062981,85.1741098222596
14.754209062981,85.2048475271777
14.754209062981,85.2355852320957
14.754209062981,85.2663229370137
14.754209062981,85.2970606419317
14.754209062981,85.3277983468498
14.754209062981,85.3585360517678
14.754209062981,85.3892737566858
14.754209062981,85.4200114616038
14.754209062981,85.4507491665219
14.754209062981,85.4814868714399
14.754209062981,85.5122245763579
14.754209062981,85.5429622812759
14.754209062981,85.573699986194
14.754209062981,85.604437691112
14.754209062981,85.63517539603
14.754209062981,85.665913100948
14.754209062981,85.6966508058661
14.754209062981,85.7273885107841
14.754209062981,85.7581262157021
14.754209062981,85.7888639206201
14.754209062981,85.8196016255382
14.754209062981,85.8503393304562
14.754209062981,85.8810770353742
14.754209062981,85.9118147402922
14.754209062981,85.9425524452103
14.754209062981,85.9732901501283
14.754209062981,86.0040278550463
14.754209062981,86.0347655599643
14.754209062981,86.0655032648824
14.754209062981,86.0962409698004
14.754209062981,86.1269786747184
14.754209062981,86.1577163796364
14.754209062981,86.1884540845545
14.754209062981,86.2191917894725
14.754209062981,86.2499294943905
14.754209062981,86.2806671993085
14.754209062981,86.3114049042265
14.754209062981,86.3421426091446
14.754209062981,86.3728803140626
14.754209062981,86.4036180189806
14.754209062981,86.4343557238986
14.754209062981,86.4650934288167
14.754209062981,86.4958311337347
14.754209062981,86.5265688386527
14.754209062981,86.5573065435707
14.754209062981,86.5880442484888
14.754209062981,86.6187819534068
14.754209062981,86.6495196583248
14.754209062981,86.6802573632428
14.754209062981,86.7109950681609
14.754209062981,86.7417327730789
14.754209062981,86.7724704779969
14.754209062981,86.8032081829149
14.754209062981,86.833945887833
14.754209062981,86.864683592751
14.754209062981,86.895421297669
14.754209062981,86.926159002587
14.754209062981,86.9568967075051
14.754209062981,86.9876344124231
14.754209062981,87.0183721173411
14.754209062981,87.0491098222591
14.754209062981,87.0798475271772
14.754209062981,87.1105852320952
14.754209062981,87.1413229370132
14.754209062981,87.1720606419312
14.754209062981,87.2027983468493
14.754209062981,87.2335360517673
14.754209062981,87.2642737566853
14.754209062981,87.2950114616033
14.754209062981,87.3257491665214
14.754209062981,87.3564868714394
14.754209062981,87.3872245763574
14.754209062981,87.4179622812754
14.754209062981,87.4486999861935
14.754209062981,87.4794376911115
14.754209062981,87.5101753960295
14.754209062981,87.5409131009475
14.754209062981,87.5716508058656
14.754209062981,87.6023885107836
14.754209062981,87.6331262157016
14.754209062981,87.6638639206196
14.754209062981,87.6946016255377
14.754209062981,87.7253393304557
14.754209062981,87.7560770353737
14.754209062981,87.7868147402917
14.754209062981,87.8175524452098
14.754209062981,87.8482901501278
14.754209062981,87.8790278550458
14.754209062981,87.9097655599638
14.754209062981,87.9405032648819
14.754209062981,87.9712409697999
14.754209062981,88.0019786747179
14.754209062981,88.0327163796359
14.754209062981,88.063454084554
14.754209062981,88.094191789472
14.754209062981,88.12492949439
14.754209062981,88.155667199308
14.754209062981,88.1864049042261
14.754209062981,88.2171426091441
14.754209062981,88.2478803140621
14.754209062981,88.2786180189801
14.754209062981,88.3093557238982
14.754209062981,88.3400934288162
14.754209062981,88.3708311337342
14.754209062981,88.4015688386522
14.754209062981,88.4323065435702
14.754209062981,88.4630442484883
14.754209062981,88.4937819534063
14.754209062981,88.5245196583243
14.754209062981,88.5552573632423
14.754209062981,88.5859950681604
14.754209062981,88.6167327730784
14.754209062981,88.6474704779964
14.754209062981,88.6782081829144
14.754209062981,88.7089458878325
14.754209062981,88.7396835927505
14.754209062981,88.7704212976685
14.754209062981,88.8011590025865
14.754209062981,88.8318967075046
14.754209062981,88.8626344124226
14.754209062981,88.8933721173406
14.754209062981,88.9241098222586
14.754209062981,88.9548475271767
14.754209062981,88.9855852320947
14.754209062981,89.0163229370127
14.754209062981,89.0470606419307
14.754209062981,89.0777983468488
14.754209062981,89.1085360517668
14.754209062981,89.1392737566848
14.754209062981,89.1700114616028
14.754209062981,89.2007491665209
14.754209062981,89.2314868714389
14.754209062981,89.2622245763569
14.754209062981,89.2929622812749
14.754209062981,89.323699986193
14.754209062981,89.354437691111
14.754209062981,89.385175396029
14.754209062981,89.415913100947
14.754209062981,89.4466508058651
14.754209062981,89.4773885107831
14.754209062981,89.5081262157011
14.754209062981,89.5388639206191
14.754209062981,89.5696016255372
14.754209062981,89.6003393304552
14.754209062981,89.6310770353732
14.754209062981,89.6618147402912
14.754209062981,89.6925524452093
14.754209062981,89.7232901501273
14.754209062981,89.7540278550453
14.754209062981,89.7847655599633
14.754209062981,89.8155032648814
14.754209062981,89.8462409697994
14.754209062981,89.8769786747174
14.754209062981,89.9077163796354
14.754209062981,89.9384540845535
14.754209062981,89.9691917894715
14.754209062981,89.9999294943895
14.754209062981,90.0306671993075
14.754209062981,90.0614049042256
14.754209062981,90.0921426091436
14.754209062981,90.1228803140616
14.754209062981,90.1536180189796
14.754209062981,90.1843557238977
14.754209062981,90.2150934288157
14.754209062981,90.2458311337337
14.754209062981,90.2765688386517
14.754209062981,90.3073065435698
14.754209062981,90.3380442484878
14.754209062981,90.3687819534058
14.754209062981,90.3995196583238
14.754209062981,90.4302573632419
14.754209062981,90.4609950681599
14.754209062981,90.4917327730779
14.754209062981,90.5224704779959
14.754209062981,90.5532081829139
14.754209062981,90.583945887832
14.754209062981,90.61468359275
14.754209062981,90.645421297668
14.754209062981,90.676159002586
14.754209062981,90.7068967075041
14.754209062981,90.7376344124221
14.754209062981,90.7683721173401
14.754209062981,90.7991098222581
14.754209062981,90.8298475271762
14.754209062981,90.8605852320942
14.754209062981,90.8913229370122
14.754209062981,90.9220606419302
14.754209062981,90.9527983468483
14.754209062981,90.9835360517663
14.754209062981,91.0142737566843
14.754209062981,91.0450114616023
14.754209062981,91.0757491665204
14.754209062981,91.1064868714384
14.754209062981,91.1372245763564
14.754209062981,91.1679622812744
14.754209062981,91.1986999861925
14.754209062981,91.2294376911105
14.754209062981,91.2601753960285
14.754209062981,91.2909131009465
14.754209062981,91.3216508058646
14.754209062981,91.3523885107826
14.754209062981,91.3831262157006
14.754209062981,91.4138639206186
14.754209062981,91.4446016255367
14.754209062981,91.4753393304547
14.754209062981,91.5060770353727
14.754209062981,91.5368147402907
14.754209062981,91.5675524452088
14.754209062981,91.5982901501268
14.754209062981,91.6290278550448
14.754209062981,91.6597655599628
14.754209062981,91.6905032648809
14.754209062981,91.7212409697989
14.754209062981,91.7519786747169
14.754209062981,91.7827163796349
14.754209062981,91.813454084553
14.754209062981,91.844191789471
14.754209062981,91.874929494389
14.754209062981,91.905667199307
14.754209062981,91.9364049042251
14.754209062981,91.9671426091431
14.754209062981,91.9978803140611
14.754209062981,92.0286180189791
14.754209062981,92.0593557238972
14.754209062981,92.0900934288152
14.754209062981,92.1208311337332
14.754209062981,92.1515688386512
14.754209062981,92.1823065435693
14.754209062981,92.2130442484873
14.754209062981,92.2437819534053
14.754209062981,92.2745196583233
14.754209062981,92.3052573632414
14.754209062981,92.3359950681594
14.754209062981,92.3667327730774
14.754209062981,92.3974704779954
14.754209062981,92.4282081829135
14.754209062981,92.4589458878315
14.754209062981,92.4896835927495
14.754209062981,92.5204212976675
14.754209062981,92.5511590025855
14.754209062981,92.5818967075036
14.754209062981,92.6126344124216
14.754209062981,92.6433721173396
14.754209062981,92.6741098222576
14.754209062981,92.7048475271757
14.754209062981,92.7355852320937
14.754209062981,92.7663229370117
14.754209062981,92.7970606419297
14.754209062981,92.8277983468478
14.754209062981,92.8585360517658
14.754209062981,92.8892737566838
14.754209062981,92.9200114616018
14.754209062981,92.9507491665199
14.754209062981,92.9814868714379
14.754209062981,93.0122245763559
14.754209062981,93.0429622812739
14.754209062981,93.073699986192
14.754209062981,93.10443769111
14.754209062981,93.135175396028
14.754209062981,93.165913100946
14.754209062981,93.1966508058641
14.754209062981,93.2273885107821
14.754209062981,93.2581262157001
14.754209062981,93.2888639206181
14.754209062981,93.3196016255362
14.754209062981,93.3503393304542
14.754209062981,93.3810770353722
14.754209062981,93.4118147402902
14.754209062981,93.4425524452083
14.754209062981,93.4732901501263
14.754209062981,93.5040278550443
14.754209062981,93.5347655599623
14.754209062981,93.5655032648804
14.754209062981,93.5962409697984
14.754209062981,93.6269786747164
14.754209062981,93.6577163796344
14.754209062981,93.6884540845525
14.754209062981,93.7191917894705
14.754209062981,93.7499294943885
14.754209062981,93.7806671993065
14.754209062981,93.8114049042246
14.754209062981,93.8421426091426
14.754209062981,93.8728803140606
14.754209062981,93.9036180189786
14.754209062981,93.9343557238967
14.754209062981,93.9650934288147
14.754209062981,93.9958311337327
14.754209062981,94.0265688386507
14.754209062981,94.0573065435688
14.754209062981,94.0880442484868
14.754209062981,94.1187819534048
14.754209062981,94.1495196583228
14.754209062981,94.1802573632409
14.754209062981,94.2109950681589
14.754209062981,94.2417327730769
14.754209062981,94.2724704779949
14.754209062981,94.303208182913
14.754209062981,94.333945887831
14.754209062981,94.364683592749
14.754209062981,94.395421297667
14.754209062981,94.4261590025851
14.754209062981,94.4568967075031
14.754209062981,94.4876344124211
14.754209062981,94.5183721173391
14.754209062981,94.5491098222572
14.754209062981,94.5798475271752
14.754209062981,94.6105852320932
14.754209062981,94.6413229370112
14.754209062981,94.6720606419292
14.754209062981,94.7027983468473
14.754209062981,94.7335360517653
14.754209062981,94.7642737566833
14.754209062981,94.7950114616013
14.754209062981,94.8257491665194
14.754209062981,94.8564868714374
14.754209062981,94.8872245763554
14.754209062981,94.9179622812734
14.754209062981,94.9486999861915
14.754209062981,94.9794376911095
14.754209062981,95.0101753960275
14.754209062981,95.0409131009455
14.754209062981,95.0716508058636
14.754209062981,95.1023885107816
14.754209062981,95.1331262156996
14.754209062981,95.1638639206176
14.754209062981,95.1946016255357
14.754209062981,95.2253393304537
14.754209062981,95.2560770353717
14.754209062981,95.2868147402897
14.754209062981,95.3175524452078
14.754209062981,95.3482901501258
14.754209062981,95.3790278550438
14.754209062981,95.4097655599618
14.754209062981,95.4405032648799
14.754209062981,95.4712409697979
14.754209062981,95.5019786747159
14.754209062981,95.5327163796339
14.754209062981,95.563454084552
14.754209062981,95.59419178947
14.754209062981,95.624929494388
14.754209062981,95.655667199306
14.754209062981,95.6864049042241
14.754209062981,95.7171426091421
14.754209062981,95.7478803140601
14.754209062981,95.7786180189781
14.754209062981,95.8093557238962
14.754209062981,95.8400934288142
14.754209062981,95.8708311337322
14.754209062981,95.9015688386502
14.754209062981,95.9323065435683
14.754209062981,95.9630442484863
14.754209062981,95.9937819534043
14.754209062981,96.0245196583223
14.754209062981,96.0552573632404
14.754209062981,96.0859950681584
14.754209062981,96.1167327730764
14.754209062981,96.1474704779944
14.754209062981,96.1782081829125
14.754209062981,96.2089458878305
14.754209062981,96.2396835927485
14.754209062981,96.2704212976665
14.754209062981,96.3011590025846
14.754209062981,96.3318967075026
14.754209062981,96.3626344124206
14.754209062981,96.3933721173386
14.754209062981,96.4241098222567
14.754209062981,96.4548475271747
14.754209062981,96.4855852320927
14.754209062981,96.5163229370107
14.754209062981,96.5470606419288
14.754209062981,96.5777983468468
14.754209062981,96.6085360517648
14.754209062981,96.6392737566828
14.754209062981,96.6700114616009
14.754209062981,96.7007491665189
14.754209062981,96.7314868714369
14.754209062981,96.7622245763549
14.754209062981,96.7929622812729
14.754209062981,96.823699986191
14.754209062981,96.854437691109
14.754209062981,96.885175396027
14.754209062981,96.915913100945
14.754209062981,96.9466508058631
14.754209062981,96.9773885107811
14.754209062981,97.0081262156991
14.754209062981,97.0388639206171
14.754209062981,97.0696016255352
14.754209062981,97.1003393304532
14.754209062981,97.1310770353712
14.754209062981,97.1618147402892
14.754209062981,97.1925524452073
14.754209062981,97.2232901501253
14.754209062981,97.2540278550433
14.754209062981,97.2847655599613
14.754209062981,97.3155032648794
14.754209062981,97.3462409697974
14.754209062981,97.3769786747154
14.754209062981,97.4077163796334
14.754209062981,97.4384540845515
14.754209062981,97.4691917894695
14.754209062981,97.4999294943875
14.754209062981,97.5306671993055
14.754209062981,97.5614049042236
14.754209062981,97.5921426091416
14.754209062981,97.6228803140596
14.754209062981,97.6536180189776
14.754209062981,97.6843557238957
14.754209062981,97.7150934288137
14.754209062981,97.7458311337317
14.754209062981,97.7765688386497
14.754209062981,97.8073065435678
14.754209062981,97.8380442484858
14.754209062981,97.8687819534038
14.754209062981,97.8995196583218
14.754209062981,97.9302573632399
14.754209062981,97.9609950681579
14.754209062981,97.9917327730759
14.754209062981,98.0224704779939
14.754209062981,98.053208182912
14.754209062981,98.08394588783
14.754209062981,98.114683592748
14.754209062981,98.145421297666
14.754209062981,98.1761590025841
14.754209062981,98.2068967075021
14.754209062981,98.2376344124201
14.754209062981,98.2683721173381
14.754209062981,98.2991098222562
14.754209062981,98.3298475271742
14.754209062981,98.3605852320922
14.754209062981,98.3913229370102
14.754209062981,98.4220606419283
14.754209062981,98.4527983468463
14.754209062981,98.4835360517643
14.754209062981,98.5142737566823
14.754209062981,98.5450114616004
14.754209062981,98.5757491665184
14.754209062981,98.6064868714364
14.754209062981,98.6372245763544
14.754209062981,98.6679622812725
14.754209062981,98.6986999861905
14.754209062981,98.7294376911085
14.754209062981,98.7601753960265
14.754209062981,98.7909131009446
14.754209062981,98.8216508058626
14.754209062981,98.8523885107806
14.754209062981,98.8831262156986
14.754209062981,98.9138639206166
14.754209062981,98.9446016255347
14.754209062981,98.9753393304527
14.754209062981,99.0060770353707
14.754209062981,99.0368147402887
14.754209062981,99.0675524452068
14.754209062981,99.0982901501248
14.754209062981,99.1290278550428
14.754209062981,99.1597655599608
14.754209062981,99.1905032648789
14.754209062981,99.2212409697969
14.754209062981,99.2519786747149
14.754209062981,99.2827163796329
14.754209062981,99.313454084551
14.754209062981,99.344191789469
14.754209062981,99.374929494387
14.754209062981,99.405667199305
14.754209062981,99.4364049042231
14.754209062981,99.4671426091411
14.754209062981,99.4978803140591
14.754209062981,99.5286180189771
14.754209062981,99.5593557238952
14.754209062981,99.5900934288132
14.754209062981,99.6208311337312
14.754209062981,99.6515688386492
14.754209062981,99.6823065435673
14.754209062981,99.7130442484853
14.754209062981,99.7437819534033
14.754209062981,99.7745196583213
14.754209062981,99.8052573632394
14.754209062981,99.8359950681574
14.754209062981,99.8667327730754
14.754209062981,99.8974704779934
14.754209062981,99.9282081829115
14.754209062981,99.9589458878295
14.754209062981,99.9896835927475
