0,0
0,0.0307377049180251
0,0.0614753968066186
1.25223643491012e-27,0.0922130758840553
-6.66937013894692e-22,0.122950754582075
2.20165084948063e-21,0.153688431777373
-1.27683050448931e-20,0.184426102013158
-9.69934844336617e-20,0.215163765650576
1.46720077496261e-19,0.245901414730021
2.01020071330744e-18,0.276639054431673
4.32218967917314e-18,0.307376696292133
-5.6977642982541e-18,0.338114330604888
-5.26917282903116e-17,0.36885195733896
-1.30100219428342e-16,0.399589572132492
-1.00606807023315e-16,0.430327192154326
3.70291202288426e-16,0.461064817092215
1.61921256613902e-15,0.491802439575571
3.300335959808e-15,0.522540057508754
3.34422730343438e-15,0.553277669149217
-2.5492035366402e-15,0.584015267220597
-1.92433502314984e-14,0.614752860520931
-4.68070945533114e-14,0.645490460214202
-7.18742455255907e-14,0.676228067960789
-6.00332039920377e-14,0.706965678314682
4.19412447442084e-14,0.737703290497991
2.83287295511721e-13,0.768440889946683
6.59867460515043e-13,0.799178486013479
1.04619561189125e-12,0.829916090651193
1.13874723139803e-12,0.860653690337072
4.62395979790813e-13,0.89139126985579
-1.49973925163023e-12,0.922128852897842
-5.01356171247471e-12,0.952866445702846
-9.65951131823275e-12,0.983604022617014
-1.38743697144626e-11,1.01434159380475
-1.46966657177876e-11,1.045079165162
-8.019309780976e-12,1.07581672541494
1.03612516824685e-11,1.10655425671064
4.27665231136113e-11,1.13729177801656
8.69144846814469e-11,1.16802930843101
1.33089421126095e-10,1.19876681551271
1.62308435491381e-10,1.2295043027705
1.4691830290898e-10,1.26024179446526
5.50402360916659e-11,1.29097930764543
-1.40259872183411e-10,1.3217168259478
-4.47348027926196e-10,1.35245433680912
-8.39901482337524e-10,1.38319185883223
-1.24218999663039e-09,1.413929403796
-1.52137614660751e-09,1.44466696343129
-1.49331885655992e-09,1.47540451321161
-9.47739472987951e-10,1.50614206546912
3.03989073105176e-10,1.5368796102979
2.35990817815405e-09,1.5676171235684
5.14535560531316e-09,1.5983546290631
8.33295170479248e-09,1.6290921433153
1.128660771173e-08,1.65982967670461
1.30555296990783e-08,1.6905672341767
1.24437129194146e-08,1.72130481635174
8.17380728028462e-09,1.75204242030452
-8.49302976779289e-10,1.78278003585748
-1.51898641065153e-08,1.81351765446279
-3.44867139704043e-08,1.84425527315903
-5.70775345023867e-08,1.87499288591641
-7.97282865709121e-08,1.90573050054369
-9.75667613675489e-08,1.93646812502581
-1.04317140518001e-07,1.96720573966767
-9.29113641131251e-08,1.99794335000693
-5.6511705861102e-08,2.02868096446247
1.00823727395185e-08,2.05941858028288
1.08746121615771e-07,2.09015618953984
2.36245400058161e-07,2.12089379460475
3.8261912583215e-07,2.15163139776051
5.30049196625296e-07,2.18236900085481
6.52564126790843e-07,2.21310660561761
7.16902131087212e-07,2.24384421143844
6.84783621476477e-07,2.27458182246051
5.16709523564848e-07,2.30531943269373
1.77215133846414e-07,2.3360570364582
-3.58714458857448e-07,2.36679464134544
-1.09860350484472e-06,2.39753225600768
-2.02559546834112e-06,2.42826986314725
-3.09269060965517e-06,2.45900746486036
-4.21923753445474e-06,2.48974506932178
-5.29086681445329e-06,2.52048268226447
-6.16401116636918e-06,2.55122028580333
-6.67595898425047e-06,2.58195788531806
-6.66103671172908e-06,2.61269548956348
-5.97300516763136e-06,2.64343309669829
-4.51316980041603e-06,2.67417068783444
-2.26304968543882e-06,2.70490826867121
6.80446771115882e-07,2.73564584843186
4.07018742083816e-06,2.76638342385099
7.47559344408991e-06,2.79712098780137
1.02461146120181e-05,2.82785855156457
1.14596153889597e-05,2.85859612722768
9.84332071586661e-06,2.88933369808906
3.66101899382759e-06,2.92007125892128
-9.43280694914917e-06,2.95080882165313
-3.25679482177313e-05,2.9815463968822
-6.98562658386122e-05,3.01228397160525
-0.000126599823391518,3.04302153844671
-0.000209502479919451,3.07375909789899
-0.000326918369622312,3.10449665843165
-0.000489207153228796,3.13523420371184
-0.000709244429198277,3.16597174059008
-0.00100309770218628,3.19670927197606
-0.00139086198571219,3.22744680173826
-0.00189763796247002,3.25818431201452
-0.00255465269614788,3.2889218106614
-0.00340060452061857,3.31965931112769
-0.00448333539536914,3.35039682556148
-0.00586181196277999,3.38113433614652
-0.00760833202611777,3.41187183456958
-0.00981120375118396,3.44260933373556
-0.0125782644506504,3.47334684493836
-0.0160406147993168,3.50408435984316
-0.020355084328674,3.53482186539372
-0.025704528261333,3.56555936731986
-0.0322961189790664,3.59629687814776
-0.0403582279077317,3.62703439849754
-0.0501363962156675,3.65777191318452
-0.061888682733388,3.68850942415185
-0.0758805511378725,3.71924693625198
-0.0923791877348605,3.74998445279166
-0.111646954100412,3.78072197660315
-0.133934093536777,3.81145949081751
-0.159471508188387,3.84219699991149
-0.188465058669887,3.87293450499143
-0.221092344219574,3.90367200619543
-0.257501936360939,3.93440950790422
-0.297814374766541,3.9651470107924
-0.342124131190862,3.99588450691632
-0.39050184031083,4.02662199990293
-0.442996589155004,4.05735948350535
-0.499638069324187,4.08809695939909
-0.560438578147244,4.11883443119792
-0.625394704246831,4.14957190098333
-0.694488300210184,4.18030937145564
-0.767686680982006,4.21104684001488
-0.844942993784312,4.24178430519242
-0.926198178847295,4.27252176928296
-1.01138442154816,4.3032592369177
-1.10042910744088,4.3339966947368
-1.19325810648836,4.3647341410399
-1.28979797747097,4.39547157817276
-1.38997738991137,4.42620900898516
-1.49372847460113,4.45694643448608
-1.60098810363907,4.48768385687376
-1.71169873909809,4.51842127545475
-1.82580866381294,4.54915869369778
-1.94327194109897,4.57989611232678
-2.06404839125838,4.61063352602949
-2.18810340807253,4.64137093879072
-2.31540772626404,4.67210835500876
-2.44593702161815,4.70284577959255
-2.57967089448577,4.73358321810486
-2.71659065035724,4.76432067695928
-2.85667629373605,4.79505815012265
-2.99990440537874,4.82579561948777
-3.14624719626862,4.85653308195085
-3.29567195971002,4.88727054015752
-3.44814167646868,4.91800799695809
-3.60361767867659,4.94874544895439
-3.76206067343174,4.97948289926054
-3.92342586108549,5.01022034762051
-4.08765159888245,5.04095779165226
-4.25464581558974,5.07169523461928
-4.42427731472661,5.10243268058934
-4.59637493190367,5.13317013467032
-4.77073374787268,5.16390760330013
-4.94712438941273,5.19464509457572
-5.12529972034204,5.22538261859161
-5.30499691803377,5.25612015838132
-5.48593780130283,5.28685769271368
-5.66782991115141,5.3175952221794
-5.85036746516419,5.34833275001917
-6.03323336561674,5.3790702779917
-6.21610335344878,5.40980780733142
-6.39865055642334,5.44054533750199
-6.58054809592889,5.47128286277202
-6.76147284689224,5.50202038747257
-6.94111398040645,5.53275791529653
-7.1191918231729,5.56349544926411
-7.29547742504717,5.59423299176754
-7.46979981557099,5.62497053547622
-7.64204235204124,5.6557080756598
-7.81213479499882,5.68644561183048
-7.98004465025975,5.71718314690468
-8.14576890682426,5.74792068208713
-8.3093263370377,5.77865821277014
-8.47075090198797,5.80939573465878
-8.63008586109456,5.8401332523167
-8.78737978586116,5.87087076930703
-8.94268470318866,5.90160828825656
-9.09605417214115,5.93234580556784
-9.24754098738044,5.96308331459187
-9.39719531429382,5.99382082027648
-9.54506279045656,6.02455832639864
-9.69118225174893,6.0552958356609
-9.83558405384663,6.0860333425144
-9.9782890791707,6.11677084179404
-10.1193070115437,6.14750833868619
-10.2586344546495,6.17824583707307
-10.3962540997044,6.2089833394256
-10.5321352996934,6.23972083701716
-10.6662354851101,6.27045832838011
-10.7985020313549,6.30119581875283
-10.9288743152588,6.33193331197168
-11.057285789357,6.36267080588821
-11.1836659826947,6.39340829195797
-11.3079421177115,6.42414577118974
-11.4300403043548,6.4548832480502
-11.5498863692773,6.48562072642079
-11.6674065390433,6.51635820941697
-11.7825283366888,6.54709569110476
-11.8951816608558,6.57783316869643
-12.005300116858,6.6085706408454
-12.1128224087066,6.63930811142808
-12.2176940498861,6.67004556263506
-12.3198687733875,6.70078300033425
-12.4193098796293,6.73152042987649
-12.5159913260252,6.76225785614508
-12.6098984140132,6.79299528362916
-12.7010279158376,6.82373271648177
-12.7893876928748,6.85447014908532
-12.8749958378772,6.88520757528653
-12.9578794257219,6.91594500003633
-13.0380731492075,6.94668242455507
-13.1156180073618,6.97741984122218
-13.1905599439754,7.00815725633904
-13.2629486128095,7.03889467216748
-13.3328363012192,7.06963208184435
-13.4002768470054,7.1003694931071
-13.4653246680447,7.13110691259374
-13.5280339047463,7.16184433943348
-13.5884576915112,7.19258176828803
-13.6466474881446,7.22331920632157
-13.7026525843321,7.25405665976573
-13.7565197402874,7.28479413369583
-13.8082930784968,7.31553161476167
-13.8580141232021,7.34626909248641
-13.9057220482822,7.3770065587806
-13.9514540512517,7.40774402115122
-13.9952459026029,7.43848148617876
-14.0371325997018,7.46921895945521
-14.0771490867198,7.49995644172351
-14.1153310143652,7.530693924369
-14.1517154552592,7.56143140174274
-14.1863415415916,7.59216887382293
-14.2192509845403,7.62290634562656
-14.2504884542425,7.65364382113242
-14.2801017892712,7.68438130125623
-14.3081420427397,7.71511878010102
-14.3346633174739,7.74585626195935
-14.3597224321643,7.77659374998214
-14.3833784767798,7.8073312322815
-14.405692217595,7.83806871138194
-14.4267254476326,7.86880618854276
-14.4465403036538,7.89954366698423
-14.4651985994514,7.93028114728029
-14.4827612102592,7.96101862644537
-14.4992875359253,7.99175610057894
-14.5148350499341,8.02249357318886
-14.5294589566518,8.05323104717158
-14.5432119560043,8.08396852239423
-14.5561441015342,8.11470599895769
-14.5683027568683,8.14544346933509
-14.5797326104302,8.17618093805944
-14.5904757549551,8.20691840772717
-14.6005718054065,8.23765588154047
-14.6100580506024,8.26839335606842
-14.6189696121301,8.29913083353765
-14.6273396088384,8.32986831328968
-14.6351993204785,8.36060578884264
-14.6425783317396,8.39134326360114
-14.64950466325,8.42208073978164
-14.6560048831638,8.45281821851486
-14.662104201157,8.48355569668876
-14.6678265444066,8.51429317109926
-14.6731946154425,8.54503064456064
-14.6782299391187,8.57576811924631
-14.6829528995558,8.60650559724735
-14.6873827747518,8.6372430740357
-14.691537764269,8.66798055269089
-14.695435020285,8.69871802898759
-14.6990906800802,8.72945549845182
-14.7025198993474,8.76019296396352
-14.7057368901016,8.79093042744934
-14.7087549616008,8.82166789123483
-14.7115865637546,8.85240535730096
-14.7142433341261,8.8831428216042
-14.7167361456759,8.91388028239726
-14.7190751549225,8.94461774152265
-14.721269850288,8.97535520117365
-14.7233290994761,9.00609266244442
-14.7252611962738,9.0368301206007
-14.7270739044088,9.06756757466114
-14.7287744986147,9.09830502674157
-14.7303698027432,9.12904247847777
-14.7318662249408,9.15977992809394
-14.7332697890164,9.19051737478662
-14.7345861626488,9.22125481686169
-14.7358206818211,9.25199225658505
-14.7369783723947,9.2827296956504
-14.7380639687661,9.3134671359791
-14.7390819301199,9.34420457733895
-14.7400364550555,9.37494201416072
-14.7409314944756,9.40567944320149
-14.7417707630804,9.43641686706494
-14.7425577503266,9.46715428809774
-14.7432957309356,9.49789170839397
-14.7439877751591,9.52862912980436
-14.7446367589019,9.5593665536069
-14.7452453740911,9.59010397698906
-14.7458161387293,9.62084140165645
-14.7463514070952,9.65157882698109
-14.7468533799964,9.68231624964428
-14.7473241146835,9.71305367082973
-14.747765534609,9.74379109238383
-14.7481794388992,9.77452851594574
-14.7485675114404,9.80526594296029
-14.7489313295046,9.8360033746909
-14.7492723718454,9.86674081223193
-14.7495920262101,9.89747825652013
-14.749891596226,9.92821570834506
-14.7501723076444,9.95895316835882
-14.7504353139383,9.98969063708522
-14.7506817012567,10.0204281149287
-14.7509124928327,10.0511655992703
-14.7511286529287,10.0819030847116
-14.751331090213,10.1126405721562
-14.7515206608007,10.1433780623877
-14.751698171044,10.1741155530317
-14.75186438004,10.2048530440479
-14.75202000196,10.2355905363988
-14.7521657082454,10.2663280309199
-14.7523021296918,10.2970655283343
-14.7524298584383,10.3278030292634
-14.7525494498715,10.358540534238
-14.7526614244487,10.3892780437062
-14.752766269445,10.4200155578873
-14.7528644406252,10.4507530770201
-14.7529563638469,10.4814906013625
-14.7530424366035,10.5122281311153
-14.7531230295184,10.5429656664286
-14.7531984878003,10.5737032074073
-14.7532691326752,10.6044407541168
-14.753335262805,10.6351783065886
-14.7533971557021,10.6659158648249
-14.7534550691481,10.696653428803
-14.7535092426168,10.7273909984796
-14.753559898701,10.7581285737941
-14.7536072445358,10.7888661546709
-14.7536514732078,10.8196037410224
-14.7536927651342,10.8503413327502
-14.7537312893961,10.8810789297463
-14.753767205004,10.9118165318945
-14.7538006620762,10.9425541390707
-14.7538318029114,10.9732917511432
-14.7538607629367,11.0040293679736
-14.7538876715178,11.034766989417
-14.7539126526237,11.0655046153221
-14.7539358253402,11.0962422455324
-14.7539573042348,11.1269798798865
-14.7539771995819,11.1577175177074
-14.7539956174595,11.1884551581237
-14.7540126597341,11.2191928011541
-14.7540284239564,11.2499304467944
-14.7540430031903,11.2806680950217
-14.7540564858028,11.3114057457966
-14.7540689552391,11.3421433990674
-14.7540804898097,11.3728810547717
-14.7540911625145,11.4036187128398
-14.7541010409241,11.4343563731967
-14.7541101871364,11.4650940357643
-14.7541186578204,11.4958317004628
-14.7541265043535,11.5265693672129
-14.7541337730514,11.5573070359365
-14.7541405054851,11.5880447065289
-14.7541467388727,11.6187823789096
-14.7541525065277,11.649520053013
-14.7541578383461,11.6802577287776
-14.7541627613081,11.7109954061463
-14.7541672999748,11.7417330850659
-14.7541714769581,11.7724707654867
-14.7541753133474,11.8032084473614
-14.75417882908,11.833946130645
-14.7541820432452,11.8646838152938
-14.7541849743184,11.8954215012648
-14.7541876403244,11.9261591885148
-14.7541900589346,11.9568968770002
-14.7541922475044,11.9876345666762
-14.7541942230604,12.0183722574965
-14.7541960022483,12.0491099494134
-14.7541976012536,12.079847642377
-14.7541990357055,12.1105853363361
-14.7542003205763,12.1413230312343
-14.7542014700838,12.1720607269452
-14.754202497606,12.2027984234331
-14.7542034156127,12.2335361206596
-14.7542042356183,12.2642738185834
-14.7542049681572,12.2950115171615
-14.7542056227827,12.3257492163495
-14.7542062080866,12.3564869161021
-14.7542067317383,12.3872246163738
-14.754207200539,12.4179623171201
-14.7542076204878,12.4487000182972
-14.7542079968558,12.4794377198636
-14.7542083342637,12.5101754217798
-14.7542086367598,12.5409131240091
-14.754208907896,12.5716508265176
-14.7542091507983,12.6023885292746
-14.7542093682311,12.6331262322525
-14.7542095626538,12.6638639354268
-14.7542097362689,12.6946016387761
-14.7542098910629,12.7253393422813
-14.7542100288384,12.7560770459263
-14.7542101512406,12.7868147496968
-14.7542102597766,12.8175524535806
-14.7542103558307,12.8482901575671
-14.7542104406756,12.8790278616469
-14.7542105154804,12.9097655658119
-14.7542105813169,12.9405032700546
-14.7542106391652,12.9712409743685
-14.7542106899171,13.0019786787472
-14.7542107343814,13.0327163831852
-14.7542107732873,13.063454087677
-14.7542108072896,13.0941917922176
-14.754210836973,13.1249294968022
-14.7542108628577,13.1556672014264
-14.7542108854043,13.186404906086
-14.7542109050196,13.217142610777
-14.7542109220617,13.2478803154958
-14.7542109368455,13.2786180202393
-14.7542109496474,13.3093557250043
-14.7542109607102,13.3400934297884
-14.7542109702472,13.3708311345889
-14.7542109784461,13.4015688394041
-14.7542109854722,13.4323065442319
-14.7542109914715,13.4630442490709
-14.7542109965731,13.4937819539197
-14.7542110008915,13.5245196587772
-14.754211004528,13.5552573636424
-14.7542110075728,13.5859950685144
-14.7542110101058,13.6167327733924
-14.7542110121979,13.6474704782758
-14.7542110139119,13.6782081831637
-14.7542110153031,13.7089458880559
-14.7542110164205,13.7396835929517
-14.7542110173069,13.7704212978507
-14.7542110179996,13.8011590027524
-14.7542110185312,13.8318967076566
-14.7542110189298,13.8626344125629
-14.7542110192193,13.8933721174711
-14.7542110194206,13.9241098223801
-14.7542110195508,13.9548475272898
-14.7542110196247,13.9855852322004
-14.7542110196545,14.0163229371117
-14.7542110196503,14.0470606420237
-14.7542110196204,14.0777983469364
-14.7542110195716,14.1085360518497
-14.7542110195093,14.1392737567635
-14.7542110194379,14.1700114616777
-14.7542110193609,14.2007491665924
-14.754211019281,14.2314868715071
-14.7542110192005,14.262224576422
-14.7542110191209,14.2929622813369
-14.7542110190437,14.323699986252
-14.7542110189698,14.3544376911672
-14.7542110189,14.3851753960826
-14.7542110188349,14.4159131009981
-14.7542110187748,14.4466508059137
-14.7542110187201,14.4773885108293
-14.7542110186709,14.5081262157449
-14.7542110186272,14.5388639206605
-14.754211018589,14.5696016255761
-14.7542110185562,14.6003393304919
-14.7542110185287,14.6310770354078
-14.754211018506,14.6618147403239
-14.754211018488,14.6925524452401
-14.7542110184742,14.7232901501565
-14.7542110184644,14.7540278550731
-14.7542110184581,14.7847655599898
-14.7542110184549,14.8155032649067
-14.7542110184544,14.8462409698237
-14.7542110184563,14.8769786747409
-14.7542110184602,14.9077163796583
-14.7542110184658,14.9384540845758
-14.7542110184728,14.9691917894934
-14.7542110184808,14.999929494411
-14.7542110184898,15.0306671993288
-14.7542110184994,15.0614049042467
-14.7542110185096,15.0921426091646
-14.7542110185201,15.1228803140826
-14.7542110185309,15.1536180190006
-14.7542110185418,15.1843557239186
-14.7542110185528,15.2150934288366
-14.7542110185638,15.2458311337546
-14.7542110185747,15.2765688386726
-14.7542110185854,15.3073065435905
-14.754211018596,15.3380442485085
-14.7542110186063,15.3687819534265
-14.7542110186164,15.3995196583445
-14.7542110186261,15.4302573632625
-14.7542110186355,15.4609950681805
-14.7542110186446,15.4917327730985
-14.7542110186532,15.5224704780164
-14.7542110186615,15.5532081829344
-14.7542110186693,15.5839458878524
-14.7542110186768,15.6146835927704
-14.7542110186838,15.6454212976884
-14.7542110186904,15.6761590026064
-14.7542110186966,15.7068967075244
-14.7542110187024,15.7376344124424
-14.7542110187078,15.7683721173604
-14.7542110187129,15.7991098222784
-14.7542110187176,15.8298475271964
-14.754211018722,15.8605852321144
-14.7542110187261,15.8913229370324
-14.7542110187299,15.9220606419504
-14.7542110187334,15.9527983468684
-14.7542110187367,15.9835360517864
-14.7542110187397,16.0142737567044
-14.7542110187425,16.0450114616224
-14.7542110187451,16.0757491665404
-14.7542110187474,16.1064868714584
-14.7542110187496,16.1372245763764
-14.7542110187516,16.1679622812944
-14.7542110187535,16.1986999862125
-14.7542110187552,16.2294376911305
-14.7542110187567,16.2601753960485
-14.7542110187581,16.2909131009665
-14.7542110187594,16.3216508058845
-14.7542110187606,16.3523885108025
-14.7542110187616,16.3831262157206
-14.7542110187626,16.4138639206386
-14.7542110187635,16.4446016255566
-14.7542110187642,16.4753393304746
-14.754211018765,16.5060770353926
-14.7542110187656,16.5368147403107
-14.7542110187662,16.5675524452287
-14.7542110187667,16.5982901501467
-14.7542110187672,16.6290278550647
-14.7542110187676,16.6597655599827
-14.754211018768,16.6905032649008
-14.7542110187683,16.7212409698188
-14.7542110187687,16.7519786747368
-14.7542110187689,16.7827163796548
-14.7542110187692,16.8134540845729
-14.7542110187694,16.8441917894909
-14.7542110187696,16.8749294944089
-14.7542110187698,16.9056671993269
-14.7542110187699,16.936404904245
-14.7542110187701,16.967142609163
-14.7542110187702,16.997880314081
-14.7542110187703,17.028618018999
-14.7542110187704,17.0593557239171
-14.7542110187705,17.0900934288351
-14.7542110187706,17.1208311337531
-14.7542110187706,17.1515688386711
-14.7542110187707,17.1823065435891
-14.7542110187708,17.2130442485072
-14.7542110187708,17.2437819534252
-14.7542110187709,17.2745196583432
-14.7542110187709,17.3052573632612
-14.7542110187709,17.3359950681793
-14.7542110187709,17.3667327730973
-14.754211018771,17.3974704780153
-14.754211018771,17.4282081829333
-14.754211018771,17.4589458878514
-14.754211018771,17.4896835927694
-14.754211018771,17.5204212976874
-14.7542110187711,17.5511590026054
-14.7542110187711,17.5818967075235
-14.7542110187711,17.6126344124415
-14.7542110187711,17.6433721173595
-14.7542110187711,17.6741098222775
-14.7542110187711,17.7048475271956
-14.7542110187711,17.7355852321136
-14.7542110187711,17.7663229370316
-14.7542110187711,17.7970606419496
-14.7542110187711,17.8277983468677
-14.7542110187711,17.8585360517857
-14.7542110187711,17.8892737567037
-14.7542110187711,17.9200114616217
-14.7542110187711,17.9507491665398
-14.7542110187711,17.9814868714578
-14.7542110187711,18.0122245763758
-14.7542110187711,18.0429622812938
-14.7542110187711,18.0736999862119
-14.7542110187711,18.1044376911299
-14.7542110187711,18.1351753960479
-14.7542110187711,18.1659131009659
-14.7542110187711,18.196650805884
-14.7542110187711,18.227388510802
-14.7542110187711,18.25812621572
-14.7542110187711,18.288863920638
-14.7542110187711,18.3196016255561
-14.7542110187711,18.3503393304741
-14.7542110187711,18.3810770353921
-14.7542110187711,18.4118147403101
-14.7542110187711,18.4425524452282
-14.7542110187711,18.4732901501462
-14.7542110187711,18.5040278550642
-14.7542110187711,18.5347655599822
-14.7542110187711,18.5655032649003
-14.7542110187711,18.5962409698183
-14.7542110187711,18.6269786747363
-14.7542110187711,18.6577163796543
-14.7542110187711,18.6884540845724
-14.7542110187711,18.7191917894904
-14.7542110187711,18.7499294944084
-14.7542110187711,18.7806671993264
-14.7542110187711,18.8114049042445
-14.7542110187711,18.8421426091625
-14.7542110187711,18.8728803140805
-14.7542110187711,18.9036180189985
-14.7542110187711,18.9343557239166
-14.7542110187711,18.9650934288346
-14.7542110187711,18.9958311337526
-14.7542110187711,19.0265688386706
-14.7542110187711,19.0573065435887
-14.7542110187711,19.0880442485067
-14.7542110187711,19.1187819534247
-14.7542110187711,19.1495196583427
-14.7542110187711,19.1802573632608
-14.7542110187711,19.2109950681788
-14.7542110187711,19.2417327730968
-14.7542110187711,19.2724704780148
-14.7542110187711,19.3032081829328
-14.7542110187711,19.3339458878509
-14.7542110187711,19.3646835927689
-14.7542110187711,19.3954212976869
-14.7542110187711,19.4261590026049
-14.7542110187711,19.456896707523
-14.7542110187711,19.487634412441
-14.7542110187711,19.518372117359
-14.7542110187711,19.549109822277
-14.7542110187711,19.5798475271951
-14.7542110187711,19.6105852321131
-14.7542110187711,19.6413229370311
-14.7542110187711,19.6720606419491
-14.7542110187711,19.7027983468672
-14.7542110187711,19.7335360517852
-14.7542110187711,19.7642737567032
-14.7542110187711,19.7950114616212
-14.7542110187711,19.8257491665393
-14.7542110187711,19.8564868714573
-14.7542110187711,19.8872245763753
-14.7542110187711,19.9179622812933
-14.7542110187711,19.9486999862114
-14.7542110187711,19.9794376911294
-14.7542110187711,20.0101753960474
-14.7542110187711,20.0409131009654
-14.7542110187711,20.0716508058835
-14.7542110187711,20.1023885108015
-14.7542110187711,20.1331262157195
-14.7542110187711,20.1638639206375
-14.7542110187711,20.1946016255556
-14.7542110187711,20.2253393304736
-14.7542110187711,20.2560770353916
-14.7542110187711,20.2868147403096
-14.7542110187711,20.3175524452277
-14.7542110187711,20.3482901501457
-14.7542110187711,20.3790278550637
-14.7542110187711,20.4097655599817
-14.7542110187711,20.4405032648998
-14.7542110187711,20.4712409698178
-14.7542110187711,20.5019786747358
-14.7542110187711,20.5327163796538
-14.7542110187711,20.5634540845719
-14.7542110187711,20.5941917894899
-14.7542110187711,20.6249294944079
-14.7542110187711,20.6556671993259
-14.7542110187711,20.686404904244
-14.7542110187711,20.717142609162
-14.7542110187711,20.74788031408
-14.7542110187711,20.778618018998
-14.7542110187711,20.8093557239161
-14.7542110187711,20.8400934288341
-14.7542110187711,20.8708311337521
-14.7542110187711,20.9015688386701
-14.7542110187711,20.9323065435882
-14.7542110187711,20.9630442485062
-14.7542110187711,20.9937819534242
-14.7542110187711,21.0245196583422
-14.7542110187711,21.0552573632603
-14.7542110187711,21.0859950681783
-14.7542110187711,21.1167327730963
-14.7542110187711,21.1474704780143
-14.7542110187711,21.1782081829324
-14.7542110187711,21.2089458878504
-14.7542110187711,21.2396835927684
-14.7542110187711,21.2704212976864
-14.7542110187711,21.3011590026045
-14.7542110187711,21.3318967075225
-14.7542110187711,21.3626344124405
-14.7542110187711,21.3933721173585
-14.7542110187711,21.4241098222765
-14.7542110187711,21.4548475271946
-14.7542110187711,21.4855852321126
-14.7542110187711,21.5163229370306
-14.7542110187711,21.5470606419486
-14.7542110187711,21.5777983468667
-14.7542110187711,21.6085360517847
-14.7542110187711,21.6392737567027
-14.7542110187711,21.6700114616207
-14.7542110187711,21.7007491665388
-14.7542110187711,21.7314868714568
-14.7542110187711,21.7622245763748
-14.7542110187711,21.7929622812928
-14.7542110187711,21.8236999862109
-14.7542110187711,21.8544376911289
-14.7542110187711,21.8851753960469
-14.7542110187711,21.9159131009649
-14.7542110187711,21.946650805883
-14.7542110187711,21.977388510801
-14.7542110187711,22.008126215719
-14.7542110187711,22.038863920637
-14.7542110187711,22.0696016255551
-14.7542110187711,22.1003393304731
-14.7542110187711,22.1310770353911
-14.7542110187711,22.1618147403091
-14.7542110187711,22.1925524452272
-14.7542110187711,22.2232901501452
-14.7542110187711,22.2540278550632
-14.7542110187711,22.2847655599812
-14.7542110187711,22.3155032648993
-14.7542110187711,22.3462409698173
-14.7542110187711,22.3769786747353
-14.7542110187711,22.4077163796533
-14.7542110187711,22.4384540845714
-14.7542110187711,22.4691917894894
-14.7542110187711,22.4999294944074
-14.7542110187711,22.5306671993254
-14.7542110187711,22.5614049042435
-14.7542110187711,22.5921426091615
-14.7542110187711,22.6228803140795
-14.7542110187711,22.6536180189975
-14.7542110187711,22.6843557239156
-14.7542110187711,22.7150934288336
-14.7542110187711,22.7458311337516
-14.7542110187711,22.7765688386696
-14.7542110187711,22.8073065435877
-14.7542110187711,22.8380442485057
-14.7542110187711,22.8687819534237
-14.7542110187711,22.8995196583417
-14.7542110187711,22.9302573632598
-14.7542110187711,22.9609950681778
-14.7542110187711,22.9917327730958
-14.7542110187711,23.0224704780138
-14.7542110187711,23.0532081829319
-14.7542110187711,23.0839458878499
-14.7542110187711,23.1146835927679
-14.7542110187711,23.1454212976859
-14.7542110187711,23.176159002604
-14.7542110187711,23.206896707522
-14.7542110187711,23.23763441244
-14.7542110187711,23.268372117358
-14.7542110187711,23.2991098222761
-14.7542110187711,23.3298475271941
-14.7542110187711,23.3605852321121
-14.7542110187711,23.3913229370301
-14.7542110187711,23.4220606419481
-14.7542110187711,23.4527983468662
-14.7542110187711,23.4835360517842
-14.7542110187711,23.5142737567022
-14.7542110187711,23.5450114616202
-14.7542110187711,23.5757491665383
-14.7542110187711,23.6064868714563
-14.7542110187711,23.6372245763743
-14.7542110187711,23.6679622812923
-14.7542110187711,23.6986999862104
-14.7542110187711,23.7294376911284
-14.7542110187711,23.7601753960464
-14.7542110187711,23.7909131009644
-14.7542110187711,23.8216508058825
-14.7542110187711,23.8523885108005
-14.7542110187711,23.8831262157185
-14.7542110187711,23.9138639206365
-14.7542110187711,23.9446016255546
-14.7542110187711,23.9753393304726
-14.7542110187711,24.0060770353906
-14.7542110187711,24.0368147403086
-14.7542110187711,24.0675524452267
-14.7542110187711,24.0982901501447
-14.7542110187711,24.1290278550627
-14.7542110187711,24.1597655599807
-14.7542110187711,24.1905032648988
-14.7542110187711,24.2212409698168
-14.7542110187711,24.2519786747348
-14.7542110187711,24.2827163796528
-14.7542110187711,24.3134540845709
-14.7542110187711,24.3441917894889
-14.7542110187711,24.3749294944069
-14.7542110187711,24.4056671993249
-14.7542110187711,24.436404904243
-14.7542110187711,24.467142609161
-14.7542110187711,24.497880314079
-14.7542110187711,24.528618018997
-14.7542110187711,24.5593557239151
-14.7542110187711,24.5900934288331
-14.7542110187711,24.6208311337511
-14.7542110187711,24.6515688386691
-14.7542110187711,24.6823065435872
-14.7542110187711,24.7130442485052
-14.7542110187711,24.7437819534232
-14.7542110187711,24.7745196583412
-14.7542110187711,24.8052573632593
-14.7542110187711,24.8359950681773
-14.7542110187711,24.8667327730953
-14.7542110187711,24.8974704780133
-14.7542110187711,24.9282081829314
-14.7542110187711,24.9589458878494
-14.7542110187711,24.9896835927674
-14.7542110187711,25.0204212976854
-14.7542110187711,25.0511590026035
-14.7542110187711,25.0818967075215
-14.7542110187711,25.1126344124395
-14.7542110187711,25.1433721173575
-14.7542110187711,25.1741098222756
-14.7542110187711,25.2048475271936
-14.7542110187711,25.2355852321116
-14.7542110187711,25.2663229370296
-14.7542110187711,25.2970606419477
-14.7542110187711,25.3277983468657
-14.7542110187711,25.3585360517837
-14.7542110187711,25.3892737567017
-14.7542110187711,25.4200114616198
-14.7542110187711,25.4507491665378
-14.7542110187711,25.4814868714558
-14.7542110187711,25.5122245763738
-14.7542110187711,25.5429622812918
-14.7542110187711,25.5736999862099
-14.7542110187711,25.6044376911279
-14.7542110187711,25.6351753960459
-14.7542110187711,25.6659131009639
-14.7542110187711,25.696650805882
-14.7542110187711,25.7273885108
-14.7542110187711,25.758126215718
-14.7542110187711,25.788863920636
-14.7542110187711,25.8196016255541
-14.7542110187711,25.8503393304721
-14.7542110187711,25.8810770353901
-14.7542110187711,25.9118147403081
-14.7542110187711,25.9425524452262
-14.7542110187711,25.9732901501442
-14.7542110187711,26.0040278550622
-14.7542110187711,26.0347655599802
-14.7542110187711,26.0655032648983
-14.7542110187711,26.0962409698163
-14.7542110187711,26.1269786747343
-14.7542110187711,26.1577163796523
-14.7542110187711,26.1884540845704
-14.7542110187711,26.2191917894884
-14.7542110187711,26.2499294944064
-14.7542110187711,26.2806671993244
-14.7542110187711,26.3114049042425
-14.7542110187711,26.3421426091605
-14.7542110187711,26.3728803140785
-14.7542110187711,26.4036180189965
-14.7542110187711,26.4343557239146
-14.7542110187711,26.4650934288326
-14.7542110187711,26.4958311337506
-14.7542110187711,26.5265688386686
-14.7542110187711,26.5573065435867
-14.7542110187711,26.5880442485047
-14.7542110187711,26.6187819534227
-14.7542110187711,26.6495196583407
-14.7542110187711,26.6802573632588
-14.7542110187711,26.7109950681768
-14.7542110187711,26.7417327730948
-14.7542110187711,26.7724704780128
-14.7542110187711,26.8032081829309
-14.7542110187711,26.8339458878489
-14.7542110187711,26.8646835927669
-14.7542110187711,26.8954212976849
-14.7542110187711,26.926159002603
-14.7542110187711,26.956896707521
-14.7542110187711,26.987634412439
-14.7542110187711,27.018372117357
-14.7542110187711,27.0491098222751
-14.7542110187711,27.0798475271931
-14.7542110187711,27.1105852321111
-14.7542110187711,27.1413229370291
-14.7542110187711,27.1720606419472
-14.7542110187711,27.2027983468652
-14.7542110187711,27.2335360517832
-14.7542110187711,27.2642737567012
-14.7542110187711,27.2950114616193
-14.7542110187711,27.3257491665373
-14.7542110187711,27.3564868714553
-14.7542110187711,27.3872245763733
-14.7542110187711,27.4179622812914
-14.7542110187711,27.4486999862094
-14.7542110187711,27.4794376911274
-14.7542110187711,27.5101753960454
-14.7542110187711,27.5409131009635
-14.7542110187711,27.5716508058815
-14.7542110187711,27.6023885107995
-14.7542110187711,27.6331262157175
-14.7542110187711,27.6638639206355
-14.7542110187711,27.6946016255536
-14.7542110187711,27.7253393304716
-14.7542110187711,27.7560770353896
-14.7542110187711,27.7868147403076
-14.7542110187711,27.8175524452257
-14.7542110187711,27.8482901501437
-14.7542110187711,27.8790278550617
-14.7542110187711,27.9097655599797
-14.7542110187711,27.9405032648978
-14.7542110187711,27.9712409698158
-14.7542110187711,28.0019786747338
-14.7542110187711,28.0327163796518
-14.7542110187711,28.0634540845699
-14.7542110187711,28.0941917894879
-14.7542110187711,28.1249294944059
-14.7542110187711,28.1556671993239
-14.7542110187711,28.186404904242
-14.7542110187711,28.21714260916
-14.7542110187711,28.247880314078
-14.7542110187711,28.278618018996
-14.7542110187711,28.3093557239141
-14.7542110187711,28.3400934288321
-14.7542110187711,28.3708311337501
-14.7542110187711,28.4015688386681
-14.7542110187711,28.4323065435862
-14.7542110187711,28.4630442485042
-14.7542110187711,28.4937819534222
-14.7542110187711,28.5245196583402
-14.7542110187711,28.5552573632583
-14.7542110187711,28.5859950681763
-14.7542110187711,28.6167327730943
-14.7542110187711,28.6474704780123
-14.7542110187711,28.6782081829304
-14.7542110187711,28.7089458878484
-14.7542110187711,28.7396835927664
-14.7542110187711,28.7704212976844
-14.7542110187711,28.8011590026025
-14.7542110187711,28.8318967075205
-14.7542110187711,28.8626344124385
-14.7542110187711,28.8933721173565
-14.7542110187711,28.9241098222746
-14.7542110187711,28.9548475271926
-14.7542110187711,28.9855852321106
-14.7542110187711,29.0163229370286
-14.7542110187711,29.0470606419467
-14.7542110187711,29.0777983468647
-14.7542110187711,29.1085360517827
-14.7542110187711,29.1392737567007
-14.7542110187711,29.1700114616188
-14.7542110187711,29.2007491665368
-14.7542110187711,29.2314868714548
-14.7542110187711,29.2622245763728
-14.7542110187711,29.2929622812909
-14.7542110187711,29.3236999862089
-14.7542110187711,29.3544376911269
-14.7542110187711,29.3851753960449
-14.7542110187711,29.415913100963
-14.7542110187711,29.446650805881
-14.7542110187711,29.477388510799
-14.7542110187711,29.508126215717
-14.7542110187711,29.5388639206351
-14.7542110187711,29.5696016255531
-14.7542110187711,29.6003393304711
-14.7542110187711,29.6310770353891
-14.7542110187711,29.6618147403072
-14.7542110187711,29.6925524452252
-14.7542110187711,29.7232901501432
-14.7542110187711,29.7540278550612
-14.7542110187711,29.7847655599792
-14.7542110187711,29.8155032648973
-14.7542110187711,29.8462409698153
-14.7542110187711,29.8769786747333
-14.7542110187711,29.9077163796513
-14.7542110187711,29.9384540845694
-14.7542110187711,29.9691917894874
-14.7542110187711,29.9999294944054
-14.7542110187711,30.0306671993234
-14.7542110187711,30.0614049042415
-14.7542110187711,30.0921426091595
-14.7542110187711,30.1228803140775
-14.7542110187711,30.1536180189955
-14.7542110187711,30.1843557239136
-14.7542110187711,30.2150934288316
-14.7542110187711,30.2458311337496
-14.7542110187711,30.2765688386676
-14.7542110187711,30.3073065435857
-14.7542110187711,30.3380442485037
-14.7542110187711,30.3687819534217
-14.7542110187711,30.3995196583397
-14.7542110187711,30.4302573632578
-14.7542110187711,30.4609950681758
-14.7542110187711,30.4917327730938
-14.7542110187711,30.5224704780118
-14.7542110187711,30.5532081829299
-14.7542110187711,30.5839458878479
-14.7542110187711,30.6146835927659
-14.7542110187711,30.6454212976839
-14.7542110187711,30.676159002602
-14.7542110187711,30.70689670752
-14.7542110187711,30.737634412438
-14.7542110187711,30.768372117356
-14.7542110187711,30.7991098222741
-14.7542110187711,30.8298475271921
-14.7542110187711,30.8605852321101
-14.7542110187711,30.8913229370281
-14.7542110187711,30.9220606419462
-14.7542110187711,30.9527983468642
-14.7542110187711,30.9835360517822
-14.7542110187711,31.0142737567002
-14.7542110187711,31.0450114616183
-14.7542110187711,31.0757491665363
-14.7542110187711,31.1064868714543
-14.7542110187711,31.1372245763723
-14.7542110187711,31.1679622812904
-14.7542110187711,31.1986999862084
-14.7542110187711,31.2294376911264
-14.7542110187711,31.2601753960444
-14.7542110187711,31.2909131009625
-14.7542110187711,31.3216508058805
-14.7542110187711,31.3523885107985
-14.7542110187711,31.3831262157165
-14.7542110187711,31.4138639206346
-14.7542110187711,31.4446016255526
-14.7542110187711,31.4753393304706
-14.7542110187711,31.5060770353886
-14.7542110187711,31.5368147403067
-14.7542110187711,31.5675524452247
-14.7542110187711,31.5982901501427
-14.7542110187711,31.6290278550607
-14.7542110187711,31.6597655599788
-14.7542110187711,31.6905032648968
-14.7542110187711,31.7212409698148
-14.7542110187711,31.7519786747328
-14.7542110187711,31.7827163796509
-14.7542110187711,31.8134540845689
-14.7542110187711,31.8441917894869
-14.7542110187711,31.8749294944049
-14.7542110187711,31.9056671993229
-14.7542110187711,31.936404904241
-14.7542110187711,31.967142609159
-14.7542110187711,31.997880314077
-14.7542110187711,32.028618018995
-14.7542110187711,32.0593557239131
-14.7542110187711,32.0900934288311
-14.7542110187711,32.1208311337491
-14.7542110187711,32.1515688386671
-14.7542110187711,32.1823065435852
-14.7542110187711,32.2130442485032
-14.7542110187711,32.2437819534212
-14.7542110187711,32.2745196583392
-14.7542110187711,32.3052573632573
-14.7542110187711,32.3359950681753
-14.7542110187711,32.3667327730933
-14.7542110187711,32.3974704780113
-14.7542110187711,32.4282081829294
-14.7542110187711,32.4589458878474
-14.7542110187711,32.4896835927654
-14.7542110187711,32.5204212976834
-14.7542110187711,32.5511590026015
-14.7542110187711,32.5818967075195
-14.7542110187711,32.6126344124375
-14.7542110187711,32.6433721173555
-14.7542110187711,32.6741098222736
-14.7542110187711,32.7048475271916
-14.7542110187711,32.7355852321096
-14.7542110187711,32.7663229370276
-14.7542110187711,32.7970606419457
-14.7542110187711,32.8277983468637
-14.7542110187711,32.8585360517817
-14.7542110187711,32.8892737566997
-14.7542110187711,32.9200114616178
-14.7542110187711,32.9507491665358
-14.7542110187711,32.9814868714538
-14.7542110187711,33.0122245763718
-14.7542110187711,33.0429622812899
-14.7542110187711,33.0736999862079
-14.7542110187711,33.1044376911259
-14.7542110187711,33.1351753960439
-14.7542110187711,33.165913100962
-14.7542110187711,33.19665080588
-14.7542110187711,33.227388510798
-14.7542110187711,33.258126215716
-14.7542110187711,33.2888639206341
-14.7542110187711,33.3196016255521
-14.7542110187711,33.3503393304701
-14.7542110187711,33.3810770353881
-14.7542110187711,33.4118147403062
-14.7542110187711,33.4425524452242
-14.7542110187711,33.4732901501422
-14.7542110187711,33.5040278550602
-14.7542110187711,33.5347655599783
-14.7542110187711,33.5655032648963
-14.7542110187711,33.5962409698143
-14.7542110187711,33.6269786747323
-14.7542110187711,33.6577163796504
-14.7542110187711,33.6884540845684
-14.7542110187711,33.7191917894864
-14.7542110187711,33.7499294944044
-14.7542110187711,33.7806671993225
-14.7542110187711,33.8114049042405
-14.7542110187711,33.8421426091585
-14.7542110187711,33.8728803140765
-14.7542110187711,33.9036180189945
-14.7542110187711,33.9343557239126
-14.7542110187711,33.9650934288306
-14.7542110187711,33.9958311337486
-14.7542110187711,34.0265688386666
-14.7542110187711,34.0573065435847
-14.7542110187711,34.0880442485027
-14.7542110187711,34.1187819534207
-14.7542110187711,34.1495196583387
-14.7542110187711,34.1802573632568
-14.7542110187711,34.2109950681748
-14.7542110187711,34.2417327730928
-14.7542110187711,34.2724704780108
-14.7542110187711,34.3032081829289
-14.7542110187711,34.3339458878469
-14.7542110187711,34.3646835927649
-14.7542110187711,34.3954212976829
-14.7542110187711,34.426159002601
-14.7542110187711,34.456896707519
-14.7542110187711,34.487634412437
-14.7542110187711,34.518372117355
-14.7542110187711,34.5491098222731
-14.7542110187711,34.5798475271911
-14.7542110187711,34.6105852321091
-14.7542110187711,34.6413229370271
-14.7542110187711,34.6720606419452
-14.7542110187711,34.7027983468632
-14.7542110187711,34.7335360517812
-14.7542110187711,34.7642737566992
-14.7542110187711,34.7950114616173
-14.7542110187711,34.8257491665353
-14.7542110187711,34.8564868714533
-14.7542110187711,34.8872245763713
-14.7542110187711,34.9179622812894
-14.7542110187711,34.9486999862074
-14.7542110187711,34.9794376911254
-14.7542110187711,35.0101753960434
-14.7542110187711,35.0409131009615
-14.7542110187711,35.0716508058795
-14.7542110187711,35.1023885107975
-14.7542110187711,35.1331262157155
-14.7542110187711,35.1638639206336
-14.7542110187711,35.1946016255516
-14.7542110187711,35.2253393304696
-14.7542110187711,35.2560770353876
-14.7542110187711,35.2868147403057
-14.7542110187711,35.3175524452237
-14.7542110187711,35.3482901501417
-14.7542110187711,35.3790278550597
-14.7542110187711,35.4097655599778
-14.7542110187711,35.4405032648958
-14.7542110187711,35.4712409698138
-14.7542110187711,35.5019786747318
-14.7542110187711,35.5327163796499
-14.7542110187711,35.5634540845679
-14.7542110187711,35.5941917894859
-14.7542110187711,35.6249294944039
-14.7542110187711,35.655667199322
-14.7542110187711,35.68640490424
-14.7542110187711,35.717142609158
-14.7542110187711,35.747880314076
-14.7542110187711,35.7786180189941
-14.7542110187711,35.8093557239121
-14.7542110187711,35.8400934288301
-14.7542110187711,35.8708311337481
-14.7542110187711,35.9015688386662
-14.7542110187711,35.9323065435842
-14.7542110187711,35.9630442485022
-14.7542110187711,35.9937819534202
-14.7542110187711,36.0245196583382
-14.7542110187711,36.0552573632563
-14.7542110187711,36.0859950681743
-14.7542110187711,36.1167327730923
-14.7542110187711,36.1474704780103
-14.7542110187711,36.1782081829284
-14.7542110187711,36.2089458878464
-14.7542110187711,36.2396835927644
-14.7542110187711,36.2704212976824
-14.7542110187711,36.3011590026005
-14.7542110187711,36.3318967075185
-14.7542110187711,36.3626344124365
-14.7542110187711,36.3933721173545
-14.7542110187711,36.4241098222726
-14.7542110187711,36.4548475271906
-14.7542110187711,36.4855852321086
-14.7542110187711,36.5163229370266
-14.7542110187711,36.5470606419447
-14.7542110187711,36.5777983468627
-14.7542110187711,36.6085360517807
-14.7542110187711,36.6392737566987
-14.7542110187711,36.6700114616168
-14.7542110187711,36.7007491665348
-14.7542110187711,36.7314868714528
-14.7542110187711,36.7622245763708
-14.7542110187711,36.7929622812889
-14.7542110187711,36.8236999862069
-14.7542110187711,36.8544376911249
-14.7542110187711,36.8851753960429
-14.7542110187711,36.915913100961
-14.7542110187711,36.946650805879
-14.7542110187711,36.977388510797
-14.7542110187711,37.008126215715
-14.7542110187711,37.0388639206331
-14.7542110187711,37.0696016255511
-14.7542110187711,37.1003393304691
-14.7542110187711,37.1310770353871
-14.7542110187711,37.1618147403052
-14.7542110187711,37.1925524452232
-14.7542110187711,37.2232901501412
-14.7542110187711,37.2540278550592
-14.7542110187711,37.2847655599773
-14.7542110187711,37.3155032648953
-14.7542110187711,37.3462409698133
-14.7542110187711,37.3769786747313
-14.7542110187711,37.4077163796494
-14.7542110187711,37.4384540845674
-14.7542110187711,37.4691917894854
-14.7542110187711,37.4999294944034
-14.7542110187711,37.5306671993215
-14.7542110187711,37.5614049042395
-14.7542110187711,37.5921426091575
-14.7542110187711,37.6228803140755
-14.7542110187711,37.6536180189936
-14.7542110187711,37.6843557239116
-14.7542110187711,37.7150934288296
-14.7542110187711,37.7458311337476
-14.7542110187711,37.7765688386657
-14.7542110187711,37.8073065435837
-14.7542110187711,37.8380442485017
-14.7542110187711,37.8687819534197
-14.7542110187711,37.8995196583378
-14.7542110187711,37.9302573632558
-14.7542110187711,37.9609950681738
-14.7542110187711,37.9917327730918
-14.7542110187711,38.0224704780099
-14.7542110187711,38.0532081829279
-14.7542110187711,38.0839458878459
-14.7542110187711,38.1146835927639
-14.7542110187711,38.1454212976819
-14.7542110187711,38.1761590026
-14.7542110187711,38.206896707518
-14.7542110187711,38.237634412436
-14.7542110187711,38.268372117354
-14.7542110187711,38.2991098222721
-14.7542110187711,38.3298475271901
-14.7542110187711,38.3605852321081
-14.7542110187711,38.3913229370261
-14.7542110187711,38.4220606419442
-14.7542110187711,38.4527983468622
-14.7542110187711,38.4835360517802
-14.7542110187711,38.5142737566982
-14.7542110187711,38.5450114616163
-14.7542110187711,38.5757491665343
-14.7542110187711,38.6064868714523
-14.7542110187711,38.6372245763703
-14.7542110187711,38.6679622812884
-14.7542110187711,38.6986999862064
-14.7542110187711,38.7294376911244
-14.7542110187711,38.7601753960424
-14.7542110187711,38.7909131009605
-14.7542110187711,38.8216508058785
-14.7542110187711,38.8523885107965
-14.7542110187711,38.8831262157145
-14.7542110187711,38.9138639206326
-14.7542110187711,38.9446016255506
-14.7542110187711,38.9753393304686
-14.7542110187711,39.0060770353866
-14.7542110187711,39.0368147403047
-14.7542110187711,39.0675524452227
-14.7542110187711,39.0982901501407
-14.7542110187711,39.1290278550587
-14.7542110187711,39.1597655599768
-14.7542110187711,39.1905032648948
-14.7542110187711,39.2212409698128
-14.7542110187711,39.2519786747308
-14.7542110187711,39.2827163796489
-14.7542110187711,39.3134540845669
-14.7542110187711,39.3441917894849
-14.7542110187711,39.3749294944029
-14.7542110187711,39.405667199321
-14.7542110187711,39.436404904239
-14.7542110187711,39.467142609157
-14.7542110187711,39.497880314075
-14.7542110187711,39.5286180189931
-14.7542110187711,39.5593557239111
-14.7542110187711,39.5900934288291
-14.7542110187711,39.6208311337471
-14.7542110187711,39.6515688386652
-14.7542110187711,39.6823065435832
-14.7542110187711,39.7130442485012
-14.7542110187711,39.7437819534192
-14.7542110187711,39.7745196583373
-14.7542110187711,39.8052573632553
-14.7542110187711,39.8359950681733
-14.7542110187711,39.8667327730913
-14.7542110187711,39.8974704780094
-14.7542110187711,39.9282081829274
-14.7542110187711,39.9589458878454
-14.7542110187711,39.9896835927634
-14.7542110187711,40.0204212976815
-14.7542110187711,40.0511590025995
-14.7542110187711,40.0818967075175
-14.7542110187711,40.1126344124355
-14.7542110187711,40.1433721173536
-14.7542110187711,40.1741098222716
-14.7542110187711,40.2048475271896
-14.7542110187711,40.2355852321076
-14.7542110187711,40.2663229370256
-14.7542110187711,40.2970606419437
-14.7542110187711,40.3277983468617
-14.7542110187711,40.3585360517797
-14.7542110187711,40.3892737566977
-14.7542110187711,40.4200114616158
-14.7542110187711,40.4507491665338
-14.7542110187711,40.4814868714518
-14.7542110187711,40.5122245763698
-14.7542110187711,40.5429622812879
-14.7542110187711,40.5736999862059
-14.7542110187711,40.6044376911239
-14.7542110187711,40.6351753960419
-14.7542110187711,40.66591310096
-14.7542110187711,40.696650805878
-14.7542110187711,40.727388510796
-14.7542110187711,40.758126215714
-14.7542110187711,40.7888639206321
-14.7542110187711,40.8196016255501
-14.7542110187711,40.8503393304681
-14.7542110187711,40.8810770353861
-14.7542110187711,40.9118147403042
-14.7542110187711,40.9425524452222
-14.7542110187711,40.9732901501402
-14.7542110187711,41.0040278550582
-14.7542110187711,41.0347655599763
-14.7542110187711,41.0655032648943
-14.7542110187711,41.0962409698123
-14.7542110187711,41.1269786747303
-14.7542110187711,41.1577163796484
-14.7542110187711,41.1884540845664
-14.7542110187711,41.2191917894844
-14.7542110187711,41.2499294944024
-14.7542110187711,41.2806671993205
-14.7542110187711,41.3114049042385
-14.7542110187711,41.3421426091565
-14.7542110187711,41.3728803140745
-14.7542110187711,41.4036180189926
-14.7542110187711,41.4343557239106
-14.7542110187711,41.4650934288286
-14.7542110187711,41.4958311337466
-14.7542110187711,41.5265688386647
-14.7542110187711,41.5573065435827
-14.7542110187711,41.5880442485007
-14.7542110187711,41.6187819534187
-14.7542110187711,41.6495196583368
-14.7542110187711,41.6802573632548
-14.7542110187711,41.7109950681728
-14.7542110187711,41.7417327730908
-14.7542110187711,41.7724704780089
-14.7542110187711,41.8032081829269
-14.7542110187711,41.8339458878449
-14.7542110187711,41.8646835927629
-14.7542110187711,41.895421297681
-14.7542110187711,41.926159002599
-14.7542110187711,41.956896707517
-14.7542110187711,41.987634412435
-14.7542110187711,42.0183721173531
-14.7542110187711,42.0491098222711
-14.7542110187711,42.0798475271891
-14.7542110187711,42.1105852321071
-14.7542110187711,42.1413229370252
-14.7542110187711,42.1720606419432
-14.7542110187711,42.2027983468612
-14.7542110187711,42.2335360517792
-14.7542110187711,42.2642737566972
-14.7542110187711,42.2950114616153
-14.7542110187711,42.3257491665333
-14.7542110187711,42.3564868714513
-14.7542110187711,42.3872245763693
-14.7542110187711,42.4179622812874
-14.7542110187711,42.4486999862054
-14.7542110187711,42.4794376911234
-14.7542110187711,42.5101753960414
-14.7542110187711,42.5409131009595
-14.7542110187711,42.5716508058775
-14.7542110187711,42.6023885107955
-14.7542110187711,42.6331262157135
-14.7542110187711,42.6638639206316
-14.7542110187711,42.6946016255496
-14.7542110187711,42.7253393304676
-14.7542110187711,42.7560770353856
-14.7542110187711,42.7868147403037
-14.7542110187711,42.8175524452217
-14.7542110187711,42.8482901501397
-14.7542110187711,42.8790278550577
-14.7542110187711,42.9097655599758
-14.7542110187711,42.9405032648938
-14.7542110187711,42.9712409698118
-14.7542110187711,43.0019786747298
-14.7542110187711,43.0327163796479
-14.7542110187711,43.0634540845659
-14.7542110187711,43.0941917894839
-14.7542110187711,43.1249294944019
-14.7542110187711,43.15566719932
-14.7542110187711,43.186404904238
-14.7542110187711,43.217142609156
-14.7542110187711,43.247880314074
-14.7542110187711,43.2786180189921
-14.7542110187711,43.3093557239101
-14.7542110187711,43.3400934288281
-14.7542110187711,43.3708311337461
-14.7542110187711,43.4015688386642
-14.7542110187711,43.4323065435822
-14.7542110187711,43.4630442485002
-14.7542110187711,43.4937819534182
-14.7542110187711,43.5245196583363
-14.7542110187711,43.5552573632543
-14.7542110187711,43.5859950681723
-14.7542110187711,43.6167327730903
-14.7542110187711,43.6474704780084
-14.7542110187711,43.6782081829264
-14.7542110187711,43.7089458878444
-14.7542110187711,43.7396835927624
-14.7542110187711,43.7704212976805
-14.7542110187711,43.8011590025985
-14.7542110187711,43.8318967075165
-14.7542110187711,43.8626344124345
-14.7542110187711,43.8933721173526
-14.7542110187711,43.9241098222706
-14.7542110187711,43.9548475271886
-14.7542110187711,43.9855852321066
-14.7542110187711,44.0163229370247
-14.7542110187711,44.0470606419427
-14.7542110187711,44.0777983468607
-14.7542110187711,44.1085360517787
-14.7542110187711,44.1392737566968
-14.7542110187711,44.1700114616148
-14.7542110187711,44.2007491665328
-14.7542110187711,44.2314868714508
-14.7542110187711,44.2622245763689
-14.7542110187711,44.2929622812869
-14.7542110187711,44.3236999862049
-14.7542110187711,44.3544376911229
-14.7542110187711,44.3851753960409
-14.7542110187711,44.415913100959
-14.7542110187711,44.446650805877
-14.7542110187711,44.477388510795
-14.7542110187711,44.508126215713
-14.7542110187711,44.5388639206311
-14.7542110187711,44.5696016255491
-14.7542110187711,44.6003393304671
-14.7542110187711,44.6310770353851
-14.7542110187711,44.6618147403032
-14.7542110187711,44.6925524452212
-14.7542110187711,44.7232901501392
-14.7542110187711,44.7540278550572
-14.7542110187711,44.7847655599753
-14.7542110187711,44.8155032648933
-14.7542110187711,44.8462409698113
-14.7542110187711,44.8769786747293
-14.7542110187711,44.9077163796474
-14.7542110187711,44.9384540845654
-14.7542110187711,44.9691917894834
-14.7542110187711,44.9999294944014
-14.7542110187711,45.0306671993195
-14.7542110187711,45.0614049042375
-14.7542110187711,45.0921426091555
-14.7542110187711,45.1228803140735
-14.7542110187711,45.1536180189916
-14.7542110187711,45.1843557239096
-14.7542110187711,45.2150934288276
-14.7542110187711,45.2458311337456
-14.7542110187711,45.2765688386637
-14.7542110187711,45.3073065435817
-14.7542110187711,45.3380442484997
-14.7542110187711,45.3687819534177
-14.7542110187711,45.3995196583358
-14.7542110187711,45.4302573632538
-14.7542110187711,45.4609950681718
-14.7542110187711,45.4917327730898
-14.7542110187711,45.5224704780079
-14.7542110187711,45.5532081829259
-14.7542110187711,45.5839458878439
-14.7542110187711,45.6146835927619
-14.7542110187711,45.64542129768
-14.7542110187711,45.676159002598
-14.7542110187711,45.706896707516
-14.7542110187711,45.737634412434
-14.7542110187711,45.7683721173521
-14.7542110187711,45.7991098222701
-14.7542110187711,45.8298475271881
-14.7542110187711,45.8605852321061
-14.7542110187711,45.8913229370242
-14.7542110187711,45.9220606419422
-14.7542110187711,45.9527983468602
-14.7542110187711,45.9835360517782
-14.7542110187711,46.0142737566963
-14.7542110187711,46.0450114616143
-14.7542110187711,46.0757491665323
-14.7542110187711,46.1064868714503
-14.7542110187711,46.1372245763684
-14.7542110187711,46.1679622812864
-14.7542110187711,46.1986999862044
-14.7542110187711,46.2294376911224
-14.7542110187711,46.2601753960405
-14.7542110187711,46.2909131009585
-14.7542110187711,46.3216508058765
-14.7542110187711,46.3523885107945
-14.7542110187711,46.3831262157126
-14.7542110187711,46.4138639206306
-14.7542110187711,46.4446016255486
-14.7542110187711,46.4753393304666
-14.7542110187711,46.5060770353846
-14.7542110187711,46.5368147403027
-14.7542110187711,46.5675524452207
-14.7542110187711,46.5982901501387
-14.7542110187711,46.6290278550567
-14.7542110187711,46.6597655599748
-14.7542110187711,46.6905032648928
-14.7542110187711,46.7212409698108
-14.7542110187711,46.7519786747288
-14.7542110187711,46.7827163796469
-14.7542110187711,46.8134540845649
-14.7542110187711,46.8441917894829
-14.7542110187711,46.8749294944009
-14.7542110187711,46.905667199319
-14.7542110187711,46.936404904237
-14.7542110187711,46.967142609155
-14.7542110187711,46.997880314073
-14.7542110187711,47.0286180189911
-14.7542110187711,47.0593557239091
-14.7542110187711,47.0900934288271
-14.7542110187711,47.1208311337451
-14.7542110187711,47.1515688386632
-14.7542110187711,47.1823065435812
-14.7542110187711,47.2130442484992
-14.7542110187711,47.2437819534172
-14.7542110187711,47.2745196583353
-14.7542110187711,47.3052573632533
-14.7542110187711,47.3359950681713
-14.7542110187711,47.3667327730893
-14.7542110187711,47.3974704780074
-14.7542110187711,47.4282081829254
-14.7542110187711,47.4589458878434
-14.7542110187711,47.4896835927614
-14.7542110187711,47.5204212976795
-14.7542110187711,47.5511590025975
-14.7542110187711,47.5818967075155
-14.7542110187711,47.6126344124335
-14.7542110187711,47.6433721173516
-14.7542110187711,47.6741098222696
-14.7542110187711,47.7048475271876
-14.7542110187711,47.7355852321056
-14.7542110187711,47.7663229370237
-14.7542110187711,47.7970606419417
-14.7542110187711,47.8277983468597
-14.7542110187711,47.8585360517777
-14.7542110187711,47.8892737566958
-14.7542110187711,47.9200114616138
-14.7542110187711,47.9507491665318
-14.7542110187711,47.9814868714498
-14.7542110187711,48.0122245763679
-14.7542110187711,48.0429622812859
-14.7542110187711,48.0736999862039
-14.7542110187711,48.1044376911219
-14.7542110187711,48.13517539604
-14.7542110187711,48.165913100958
-14.7542110187711,48.196650805876
-14.7542110187711,48.227388510794
-14.7542110187711,48.2581262157121
-14.7542110187711,48.2888639206301
-14.7542110187711,48.3196016255481
-14.7542110187711,48.3503393304661
-14.7542110187711,48.3810770353842
-14.7542110187711,48.4118147403022
-14.7542110187711,48.4425524452202
-14.7542110187711,48.4732901501382
-14.7542110187711,48.5040278550563
-14.7542110187711,48.5347655599743
-14.7542110187711,48.5655032648923
-14.7542110187711,48.5962409698103
-14.7542110187711,48.6269786747283
-14.7542110187711,48.6577163796464
-14.7542110187711,48.6884540845644
-14.7542110187711,48.7191917894824
-14.7542110187711,48.7499294944004
-14.7542110187711,48.7806671993185
-14.7542110187711,48.8114049042365
-14.7542110187711,48.8421426091545
-14.7542110187711,48.8728803140725
-14.7542110187711,48.9036180189906
-14.7542110187711,48.9343557239086
-14.7542110187711,48.9650934288266
-14.7542110187711,48.9958311337446
-14.7542110187711,49.0265688386627
-14.7542110187711,49.0573065435807
-14.7542110187711,49.0880442484987
-14.7542110187711,49.1187819534167
-14.7542110187711,49.1495196583348
-14.7542110187711,49.1802573632528
-14.7542110187711,49.2109950681708
-14.7542110187711,49.2417327730888
-14.7542110187711,49.2724704780069
-14.7542110187711,49.3032081829249
-14.7542110187711,49.3339458878429
-14.7542110187711,49.3646835927609
-14.7542110187711,49.395421297679
-14.7542110187711,49.426159002597
-14.7542110187711,49.456896707515
-14.7542110187711,49.487634412433
-14.7542110187711,49.5183721173511
-14.7542110187711,49.5491098222691
-14.7542110187711,49.5798475271871
-14.7542110187711,49.6105852321051
-14.7542110187711,49.6413229370232
-14.7542110187711,49.6720606419412
-14.7542110187711,49.7027983468592
-14.7542110187711,49.7335360517772
-14.7542110187711,49.7642737566953
-14.7542110187711,49.7950114616133
-14.7542110187711,49.8257491665313
-14.7542110187711,49.8564868714493
-14.7542110187711,49.8872245763674
-14.7542110187711,49.9179622812854
-14.7542110187711,49.9486999862034
-14.7542110187711,49.9794376911214
-14.7542110187711,50.0101753960395
-14.7542110187711,50.0409131009575
-14.7542110187711,50.0716508058755
-14.7542110187711,50.1023885107935
-14.7542110187711,50.1331262157116
-14.7542110187711,50.1638639206296
-14.7542110187711,50.1946016255476
-14.7542110187711,50.2253393304656
-14.7542110187711,50.2560770353837
-14.7542110187711,50.2868147403017
-14.7542110187711,50.3175524452197
-14.7542110187711,50.3482901501377
-14.7542110187711,50.3790278550558
-14.7542110187711,50.4097655599738
-14.7542110187711,50.4405032648918
-14.7542110187711,50.4712409698098
-14.7542110187711,50.5019786747279
-14.7542110187711,50.5327163796459
-14.7542110187711,50.5634540845639
-14.7542110187711,50.5941917894819
-14.7542110187711,50.6249294944
-14.7542110187711,50.655667199318
-14.7542110187711,50.686404904236
-14.7542110187711,50.717142609154
-14.7542110187711,50.747880314072
-14.7542110187711,50.7786180189901
-14.7542110187711,50.8093557239081
-14.7542110187711,50.8400934288261
-14.7542110187711,50.8708311337441
-14.7542110187711,50.9015688386622
-14.7542110187711,50.9323065435802
-14.7542110187711,50.9630442484982
-14.7542110187711,50.9937819534162
-14.7542110187711,51.0245196583343
-14.7542110187711,51.0552573632523
-14.7542110187711,51.0859950681703
-14.7542110187711,51.1167327730883
-14.7542110187711,51.1474704780064
-14.7542110187711,51.1782081829244
-14.7542110187711,51.2089458878424
-14.7542110187711,51.2396835927604
-14.7542110187711,51.2704212976785
-14.7542110187711,51.3011590025965
-14.7542110187711,51.3318967075145
-14.7542110187711,51.3626344124325
-14.7542110187711,51.3933721173506
-14.7542110187711,51.4241098222686
-14.7542110187711,51.4548475271866
-14.7542110187711,51.4855852321046
-14.7542110187711,51.5163229370227
-14.7542110187711,51.5470606419407
-14.7542110187711,51.5777983468587
-14.7542110187711,51.6085360517767
-14.7542110187711,51.6392737566948
-14.7542110187711,51.6700114616128
-14.7542110187711,51.7007491665308
-14.7542110187711,51.7314868714488
-14.7542110187711,51.7622245763669
-14.7542110187711,51.7929622812849
-14.7542110187711,51.8236999862029
-14.7542110187711,51.8544376911209
-14.7542110187711,51.885175396039
-14.7542110187711,51.915913100957
-14.7542110187711,51.946650805875
-14.7542110187711,51.977388510793
-14.7542110187711,52.0081262157111
-14.7542110187711,52.0388639206291
-14.7542110187711,52.0696016255471
-14.7542110187711,52.1003393304651
-14.7542110187711,52.1310770353832
-14.7542110187711,52.1618147403012
-14.7542110187711,52.1925524452192
-14.7542110187711,52.2232901501372
-14.7542110187711,52.2540278550553
-14.7542110187711,52.2847655599733
-14.7542110187711,52.3155032648913
-14.7542110187711,52.3462409698093
-14.7542110187711,52.3769786747274
-14.7542110187711,52.4077163796454
-14.7542110187711,52.4384540845634
-14.7542110187711,52.4691917894814
-14.7542110187711,52.4999294943995
-14.7542110187711,52.5306671993175
-14.7542110187711,52.5614049042355
-14.7542110187711,52.5921426091535
-14.7542110187711,52.6228803140716
-14.7542110187711,52.6536180189896
-14.7542110187711,52.6843557239076
-14.7542110187711,52.7150934288256
-14.7542110187711,52.7458311337436
-14.7542110187711,52.7765688386617
-14.7542110187711,52.8073065435797
-14.7542110187711,52.8380442484977
-14.7542110187711,52.8687819534157
-14.7542110187711,52.8995196583338
-14.7542110187711,52.9302573632518
-14.7542110187711,52.9609950681698
-14.7542110187711,52.9917327730878
-14.7542110187711,53.0224704780059
-14.7542110187711,53.0532081829239
-14.7542110187711,53.0839458878419
-14.7542110187711,53.1146835927599
-14.7542110187711,53.145421297678
-14.7542110187711,53.176159002596
-14.7542110187711,53.206896707514
-14.7542110187711,53.237634412432
-14.7542110187711,53.2683721173501
-14.7542110187711,53.2991098222681
-14.7542110187711,53.3298475271861
-14.7542110187711,53.3605852321041
-14.7542110187711,53.3913229370222
-14.7542110187711,53.4220606419402
-14.7542110187711,53.4527983468582
-14.7542110187711,53.4835360517762
-14.7542110187711,53.5142737566943
-14.7542110187711,53.5450114616123
-14.7542110187711,53.5757491665303
-14.7542110187711,53.6064868714483
-14.7542110187711,53.6372245763664
-14.7542110187711,53.6679622812844
-14.7542110187711,53.6986999862024
-14.7542110187711,53.7294376911204
-14.7542110187711,53.7601753960385
-14.7542110187711,53.7909131009565
-14.7542110187711,53.8216508058745
-14.7542110187711,53.8523885107925
-14.7542110187711,53.8831262157106
-14.7542110187711,53.9138639206286
-14.7542110187711,53.9446016255466
-14.7542110187711,53.9753393304646
-14.7542110187711,54.0060770353827
-14.7542110187711,54.0368147403007
-14.7542110187711,54.0675524452187
-14.7542110187711,54.0982901501367
-14.7542110187711,54.1290278550548
-14.7542110187711,54.1597655599728
-14.7542110187711,54.1905032648908
-14.7542110187711,54.2212409698088
-14.7542110187711,54.2519786747269
-14.7542110187711,54.2827163796449
-14.7542110187711,54.3134540845629
-14.7542110187711,54.3441917894809
-14.7542110187711,54.374929494399
-14.7542110187711,54.405667199317
-14.7542110187711,54.436404904235
-14.7542110187711,54.467142609153
-14.7542110187711,54.4978803140711
-14.7542110187711,54.5286180189891
-14.7542110187711,54.5593557239071
-14.7542110187711,54.5900934288251
-14.7542110187711,54.6208311337432
-14.7542110187711,54.6515688386612
-14.7542110187711,54.6823065435792
-14.7542110187711,54.7130442484972
-14.7542110187711,54.7437819534153
-14.7542110187711,54.7745196583333
-14.7542110187711,54.8052573632513
-14.7542110187711,54.8359950681693
-14.7542110187711,54.8667327730873
-14.7542110187711,54.8974704780054
-14.7542110187711,54.9282081829234
-14.7542110187711,54.9589458878414
-14.7542110187711,54.9896835927594
-14.7542110187711,55.0204212976775
-14.7542110187711,55.0511590025955
-14.7542110187711,55.0818967075135
-14.7542110187711,55.1126344124315
-14.7542110187711,55.1433721173496
-14.7542110187711,55.1741098222676
-14.7542110187711,55.2048475271856
-14.7542110187711,55.2355852321036
-14.7542110187711,55.2663229370217
-14.7542110187711,55.2970606419397
-14.7542110187711,55.3277983468577
-14.7542110187711,55.3585360517757
-14.7542110187711,55.3892737566938
-14.7542110187711,55.4200114616118
-14.7542110187711,55.4507491665298
-14.7542110187711,55.4814868714478
-14.7542110187711,55.5122245763659
-14.7542110187711,55.5429622812839
-14.7542110187711,55.5736999862019
-14.7542110187711,55.6044376911199
-14.7542110187711,55.635175396038
-14.7542110187711,55.665913100956
-14.7542110187711,55.696650805874
-14.7542110187711,55.727388510792
-14.7542110187711,55.7581262157101
-14.7542110187711,55.7888639206281
-14.7542110187711,55.8196016255461
-14.7542110187711,55.8503393304641
-14.7542110187711,55.8810770353822
-14.7542110187711,55.9118147403002
-14.7542110187711,55.9425524452182
-14.7542110187711,55.9732901501362
-14.7542110187711,56.0040278550543
-14.7542110187711,56.0347655599723
-14.7542110187711,56.0655032648903
-14.7542110187711,56.0962409698083
-14.7542110187711,56.1269786747264
-14.7542110187711,56.1577163796444
-14.7542110187711,56.1884540845624
-14.7542110187711,56.2191917894804
-14.7542110187711,56.2499294943985
-14.7542110187711,56.2806671993165
-14.7542110187711,56.3114049042345
-14.7542110187711,56.3421426091525
-14.7542110187711,56.3728803140706
-14.7542110187711,56.4036180189886
-14.7542110187711,56.4343557239066
-14.7542110187711,56.4650934288246
-14.7542110187711,56.4958311337427
-14.7542110187711,56.5265688386607
-14.7542110187711,56.5573065435787
-14.7542110187711,56.5880442484967
-14.7542110187711,56.6187819534148
-14.7542110187711,56.6495196583328
-14.7542110187711,56.6802573632508
-14.7542110187711,56.7109950681688
-14.7542110187711,56.7417327730869
-14.7542110187711,56.7724704780049
-14.7542110187711,56.8032081829229
-14.7542110187711,56.8339458878409
-14.7542110187711,56.864683592759
-14.7542110187711,56.895421297677
-14.7542110187711,56.926159002595
-14.7542110187711,56.956896707513
-14.7542110187711,56.987634412431
-14.7542110187711,57.0183721173491
-14.7542110187711,57.0491098222671
-14.7542110187711,57.0798475271851
-14.7542110187711,57.1105852321031
-14.7542110187711,57.1413229370212
-14.7542110187711,57.1720606419392
-14.7542110187711,57.2027983468572
-14.7542110187711,57.2335360517752
-14.7542110187711,57.2642737566933
-14.7542110187711,57.2950114616113
-14.7542110187711,57.3257491665293
-14.7542110187711,57.3564868714473
-14.7542110187711,57.3872245763654
-14.7542110187711,57.4179622812834
-14.7542110187711,57.4486999862014
-14.7542110187711,57.4794376911194
-14.7542110187711,57.5101753960375
-14.7542110187711,57.5409131009555
-14.7542110187711,57.5716508058735
-14.7542110187711,57.6023885107915
-14.7542110187711,57.6331262157096
-14.7542110187711,57.6638639206276
-14.7542110187711,57.6946016255456
-14.7542110187711,57.7253393304636
-14.7542110187711,57.7560770353817
-14.7542110187711,57.7868147402997
-14.7542110187711,57.8175524452177
-14.7542110187711,57.8482901501357
-14.7542110187711,57.8790278550538
-14.7542110187711,57.9097655599718
-14.7542110187711,57.9405032648898
-14.7542110187711,57.9712409698078
-14.7542110187711,58.0019786747259
-14.7542110187711,58.0327163796439
-14.7542110187711,58.0634540845619
-14.7542110187711,58.0941917894799
-14.7542110187711,58.124929494398
-14.7542110187711,58.155667199316
-14.7542110187711,58.186404904234
-14.7542110187711,58.217142609152
-14.7542110187711,58.2478803140701
-14.7542110187711,58.2786180189881
-14.7542110187711,58.3093557239061
-14.7542110187711,58.3400934288241
-14.7542110187711,58.3708311337422
-14.7542110187711,58.4015688386602
-14.7542110187711,58.4323065435782
-14.7542110187711,58.4630442484962
-14.7542110187711,58.4937819534143
-14.7542110187711,58.5245196583323
-14.7542110187711,58.5552573632503
-14.7542110187711,58.5859950681683
-14.7542110187711,58.6167327730864
-14.7542110187711,58.6474704780044
-14.7542110187711,58.6782081829224
-14.7542110187711,58.7089458878404
-14.7542110187711,58.7396835927585
-14.7542110187711,58.7704212976765
-14.7542110187711,58.8011590025945
-14.7542110187711,58.8318967075125
-14.7542110187711,58.8626344124306
-14.7542110187711,58.8933721173486
-14.7542110187711,58.9241098222666
-14.7542110187711,58.9548475271846
-14.7542110187711,58.9855852321027
-14.7542110187711,59.0163229370207
-14.7542110187711,59.0470606419387
-14.7542110187711,59.0777983468567
-14.7542110187711,59.1085360517747
-14.7542110187711,59.1392737566928
-14.7542110187711,59.1700114616108
-14.7542110187711,59.2007491665288
-14.7542110187711,59.2314868714468
-14.7542110187711,59.2622245763649
-14.7542110187711,59.2929622812829
-14.7542110187711,59.3236999862009
-14.7542110187711,59.3544376911189
-14.7542110187711,59.385175396037
-14.7542110187711,59.415913100955
-14.7542110187711,59.446650805873
-14.7542110187711,59.477388510791
-14.7542110187711,59.5081262157091
-14.7542110187711,59.5388639206271
-14.7542110187711,59.5696016255451
-14.7542110187711,59.6003393304631
-14.7542110187711,59.6310770353812
-14.7542110187711,59.6618147402992
-14.7542110187711,59.6925524452172
-14.7542110187711,59.7232901501352
-14.7542110187711,59.7540278550533
-14.7542110187711,59.7847655599713
-14.7542110187711,59.8155032648893
-14.7542110187711,59.8462409698073
-14.7542110187711,59.8769786747254
-14.7542110187711,59.9077163796434
-14.7542110187711,59.9384540845614
-14.7542110187711,59.9691917894794
-14.7542110187711,59.9999294943975
-14.7542110187711,60.0306671993155
-14.7542110187711,60.0614049042335
-14.7542110187711,60.0921426091515
-14.7542110187711,60.1228803140696
-14.7542110187711,60.1536180189876
-14.7542110187711,60.1843557239056
-14.7542110187711,60.2150934288236
-14.7542110187711,60.2458311337417
-14.7542110187711,60.2765688386597
-14.7542110187711,60.3073065435777
-14.7542110187711,60.3380442484957
-14.7542110187711,60.3687819534138
-14.7542110187711,60.3995196583318
-14.7542110187711,60.4302573632498
-14.7542110187711,60.4609950681678
-14.7542110187711,60.4917327730859
-14.7542110187711,60.5224704780039
-14.7542110187711,60.5532081829219
-14.7542110187711,60.5839458878399
-14.7542110187711,60.614683592758
-14.7542110187711,60.645421297676
-14.7542110187711,60.676159002594
-14.7542110187711,60.706896707512
-14.7542110187711,60.7376344124301
-14.7542110187711,60.7683721173481
-14.7542110187711,60.7991098222661
-14.7542110187711,60.8298475271841
-14.7542110187711,60.8605852321022
-14.7542110187711,60.8913229370202
-14.7542110187711,60.9220606419382
-14.7542110187711,60.9527983468562
-14.7542110187711,60.9835360517743
-14.7542110187711,61.0142737566923
-14.7542110187711,61.0450114616103
-14.7542110187711,61.0757491665283
-14.7542110187711,61.1064868714464
-14.7542110187711,61.1372245763644
-14.7542110187711,61.1679622812824
-14.7542110187711,61.1986999862004
-14.7542110187711,61.2294376911184
-14.7542110187711,61.2601753960365
-14.7542110187711,61.2909131009545
-14.7542110187711,61.3216508058725
-14.7542110187711,61.3523885107905
-14.7542110187711,61.3831262157086
-14.7542110187711,61.4138639206266
-14.7542110187711,61.4446016255446
-14.7542110187711,61.4753393304626
-14.7542110187711,61.5060770353807
-14.7542110187711,61.5368147402987
-14.7542110187711,61.5675524452167
-14.7542110187711,61.5982901501347
-14.7542110187711,61.6290278550528
-14.7542110187711,61.6597655599708
-14.7542110187711,61.6905032648888
-14.7542110187711,61.7212409698068
-14.7542110187711,61.7519786747249
-14.7542110187711,61.7827163796429
-14.7542110187711,61.8134540845609
-14.7542110187711,61.8441917894789
-14.7542110187711,61.874929494397
-14.7542110187711,61.905667199315
-14.7542110187711,61.936404904233
-14.7542110187711,61.967142609151
-14.7542110187711,61.9978803140691
-14.7542110187711,62.0286180189871
-14.7542110187711,62.0593557239051
-14.7542110187711,62.0900934288231
-14.7542110187711,62.1208311337412
-14.7542110187711,62.1515688386592
-14.7542110187711,62.1823065435772
-14.7542110187711,62.2130442484952
-14.7542110187711,62.2437819534133
-14.7542110187711,62.2745196583313
-14.7542110187711,62.3052573632493
-14.7542110187711,62.3359950681673
-14.7542110187711,62.3667327730854
-14.7542110187711,62.3974704780034
-14.7542110187711,62.4282081829214
-14.7542110187711,62.4589458878394
-14.7542110187711,62.4896835927575
-14.7542110187711,62.5204212976755
-14.7542110187711,62.5511590025935
-14.7542110187711,62.5818967075115
-14.7542110187711,62.6126344124296
-14.7542110187711,62.6433721173476
-14.7542110187711,62.6741098222656
-14.7542110187711,62.7048475271836
-14.7542110187711,62.7355852321017
-14.7542110187711,62.7663229370197
-14.7542110187711,62.7970606419377
-14.7542110187711,62.8277983468557
-14.7542110187711,62.8585360517738
-14.7542110187711,62.8892737566918
-14.7542110187711,62.9200114616098
-14.7542110187711,62.9507491665278
-14.7542110187711,62.9814868714459
-14.7542110187711,63.0122245763639
-14.7542110187711,63.0429622812819
-14.7542110187711,63.0736999861999
-14.7542110187711,63.104437691118
-14.7542110187711,63.135175396036
-14.7542110187711,63.165913100954
-14.7542110187711,63.196650805872
-14.7542110187711,63.22738851079
-14.7542110187711,63.2581262157081
-14.7542110187711,63.2888639206261
-14.7542110187711,63.3196016255441
-14.7542110187711,63.3503393304621
-14.7542110187711,63.3810770353802
-14.7542110187711,63.4118147402982
-14.7542110187711,63.4425524452162
-14.7542110187711,63.4732901501342
-14.7542110187711,63.5040278550523
-14.7542110187711,63.5347655599703
-14.7542110187711,63.5655032648883
-14.7542110187711,63.5962409698063
-14.7542110187711,63.6269786747244
-14.7542110187711,63.6577163796424
-14.7542110187711,63.6884540845604
-14.7542110187711,63.7191917894784
-14.7542110187711,63.7499294943965
-14.7542110187711,63.7806671993145
-14.7542110187711,63.8114049042325
-14.7542110187711,63.8421426091505
-14.7542110187711,63.8728803140686
-14.7542110187711,63.9036180189866
-14.7542110187711,63.9343557239046
-14.7542110187711,63.9650934288226
-14.7542110187711,63.9958311337407
-14.7542110187711,64.0265688386587
-14.7542110187711,64.0573065435767
-14.7542110187711,64.0880442484947
-14.7542110187711,64.1187819534128
-14.7542110187711,64.1495196583308
-14.7542110187711,64.1802573632488
-14.7542110187711,64.2109950681668
-14.7542110187711,64.2417327730849
-14.7542110187711,64.2724704780029
-14.7542110187711,64.3032081829209
-14.7542110187711,64.3339458878389
-14.7542110187711,64.364683592757
-14.7542110187711,64.395421297675
-14.7542110187711,64.426159002593
-14.7542110187711,64.456896707511
-14.7542110187711,64.4876344124291
-14.7542110187711,64.5183721173471
-14.7542110187711,64.5491098222651
-14.7542110187711,64.5798475271831
-14.7542110187711,64.6105852321012
-14.7542110187711,64.6413229370192
-14.7542110187711,64.6720606419372
-14.7542110187711,64.7027983468552
-14.7542110187711,64.7335360517733
-14.7542110187711,64.7642737566913
-14.7542110187711,64.7950114616093
-14.7542110187711,64.8257491665273
-14.7542110187711,64.8564868714454
-14.7542110187711,64.8872245763634
-14.7542110187711,64.9179622812814
-14.7542110187711,64.9486999861994
-14.7542110187711,64.9794376911175
-14.7542110187711,65.0101753960355
-14.7542110187711,65.0409131009535
-14.7542110187711,65.0716508058715
-14.7542110187711,65.1023885107896
-14.7542110187711,65.1331262157076
-14.7542110187711,65.1638639206256
-14.7542110187711,65.1946016255436
-14.7542110187711,65.2253393304617
-14.7542110187711,65.2560770353797
-14.7542110187711,65.2868147402977
-14.7542110187711,65.3175524452157
-14.7542110187711,65.3482901501337
-14.7542110187711,65.3790278550518
-14.7542110187711,65.4097655599698
-14.7542110187711,65.4405032648878
-14.7542110187711,65.4712409698058
-14.7542110187711,65.5019786747239
-14.7542110187711,65.5327163796419
-14.7542110187711,65.5634540845599
-14.7542110187711,65.5941917894779
-14.7542110187711,65.624929494396
-14.7542110187711,65.655667199314
-14.7542110187711,65.686404904232
-14.7542110187711,65.71714260915
-14.7542110187711,65.7478803140681
-14.7542110187711,65.7786180189861
-14.7542110187711,65.8093557239041
-14.7542110187711,65.8400934288221
-14.7542110187711,65.8708311337402
-14.7542110187711,65.9015688386582
-14.7542110187711,65.9323065435762
-14.7542110187711,65.9630442484942
-14.7542110187711,65.9937819534123
-14.7542110187711,66.0245196583303
-14.7542110187711,66.0552573632483
-14.7542110187711,66.0859950681663
-14.7542110187711,66.1167327730844
-14.7542110187711,66.1474704780024
-14.7542110187711,66.1782081829204
-14.7542110187711,66.2089458878384
-14.7542110187711,66.2396835927565
-14.7542110187711,66.2704212976745
-14.7542110187711,66.3011590025925
-14.7542110187711,66.3318967075105
-14.7542110187711,66.3626344124286
-14.7542110187711,66.3933721173466
-14.7542110187711,66.4241098222646
-14.7542110187711,66.4548475271826
-14.7542110187711,66.4855852321007
-14.7542110187711,66.5163229370187
-14.7542110187711,66.5470606419367
-14.7542110187711,66.5777983468547
-14.7542110187711,66.6085360517728
-14.7542110187711,66.6392737566908
-14.7542110187711,66.6700114616088
-14.7542110187711,66.7007491665268
-14.7542110187711,66.7314868714449
-14.7542110187711,66.7622245763629
-14.7542110187711,66.7929622812809
-14.7542110187711,66.8236999861989
-14.7542110187711,66.854437691117
-14.7542110187711,66.885175396035
-14.7542110187711,66.915913100953
-14.7542110187711,66.946650805871
-14.7542110187711,66.9773885107891
-14.7542110187711,67.0081262157071
-14.7542110187711,67.0388639206251
-14.7542110187711,67.0696016255431
-14.7542110187711,67.1003393304612
-14.7542110187711,67.1310770353792
-14.7542110187711,67.1618147402972
-14.7542110187711,67.1925524452152
-14.7542110187711,67.2232901501333
-14.7542110187711,67.2540278550513
-14.7542110187711,67.2847655599693
-14.7542110187711,67.3155032648873
-14.7542110187711,67.3462409698054
-14.7542110187711,67.3769786747234
-14.7542110187711,67.4077163796414
-14.7542110187711,67.4384540845594
-14.7542110187711,67.4691917894774
-14.7542110187711,67.4999294943955
-14.7542110187711,67.5306671993135
-14.7542110187711,67.5614049042315
-14.7542110187711,67.5921426091495
-14.7542110187711,67.6228803140676
-14.7542110187711,67.6536180189856
-14.7542110187711,67.6843557239036
-14.7542110187711,67.7150934288216
-14.7542110187711,67.7458311337397
-14.7542110187711,67.7765688386577
-14.7542110187711,67.8073065435757
-14.7542110187711,67.8380442484937
-14.7542110187711,67.8687819534118
-14.7542110187711,67.8995196583298
-14.7542110187711,67.9302573632478
-14.7542110187711,67.9609950681658
-14.7542110187711,67.9917327730839
-14.7542110187711,68.0224704780019
-14.7542110187711,68.0532081829199
-14.7542110187711,68.0839458878379
-14.7542110187711,68.114683592756
-14.7542110187711,68.145421297674
-14.7542110187711,68.176159002592
-14.7542110187711,68.20689670751
-14.7542110187711,68.2376344124281
-14.7542110187711,68.2683721173461
-14.7542110187711,68.2991098222641
-14.7542110187711,68.3298475271821
-14.7542110187711,68.3605852321002
-14.7542110187711,68.3913229370182
-14.7542110187711,68.4220606419362
-14.7542110187711,68.4527983468542
-14.7542110187711,68.4835360517723
-14.7542110187711,68.5142737566903
-14.7542110187711,68.5450114616083
-14.7542110187711,68.5757491665263
-14.7542110187711,68.6064868714444
-14.7542110187711,68.6372245763624
-14.7542110187711,68.6679622812804
-14.7542110187711,68.6986999861984
-14.7542110187711,68.7294376911165
-14.7542110187711,68.7601753960345
-14.7542110187711,68.7909131009525
-14.7542110187711,68.8216508058705
-14.7542110187711,68.8523885107886
-14.7542110187711,68.8831262157066
-14.7542110187711,68.9138639206246
-14.7542110187711,68.9446016255426
-14.7542110187711,68.9753393304607
-14.7542110187711,69.0060770353787
-14.7542110187711,69.0368147402967
-14.7542110187711,69.0675524452147
-14.7542110187711,69.0982901501328
-14.7542110187711,69.1290278550508
-14.7542110187711,69.1597655599688
-14.7542110187711,69.1905032648868
-14.7542110187711,69.2212409698049
-14.7542110187711,69.2519786747229
-14.7542110187711,69.2827163796409
-14.7542110187711,69.3134540845589
-14.7542110187711,69.344191789477
-14.7542110187711,69.374929494395
-14.7542110187711,69.405667199313
-14.7542110187711,69.436404904231
-14.7542110187711,69.4671426091491
-14.7542110187711,69.4978803140671
-14.7542110187711,69.5286180189851
-14.7542110187711,69.5593557239031
-14.7542110187711,69.5900934288211
-14.7542110187711,69.6208311337392
-14.7542110187711,69.6515688386572
-14.7542110187711,69.6823065435752
-14.7542110187711,69.7130442484932
-14.7542110187711,69.7437819534113
-14.7542110187711,69.7745196583293
-14.7542110187711,69.8052573632473
-14.7542110187711,69.8359950681653
-14.7542110187711,69.8667327730834
-14.7542110187711,69.8974704780014
-14.7542110187711,69.9282081829194
-14.7542110187711,69.9589458878374
-14.7542110187711,69.9896835927555
-14.7542110187711,70.0204212976735
-14.7542110187711,70.0511590025915
-14.7542110187711,70.0818967075095
-14.7542110187711,70.1126344124276
-14.7542110187711,70.1433721173456
-14.7542110187711,70.1741098222636
-14.7542110187711,70.2048475271816
-14.7542110187711,70.2355852320997
-14.7542110187711,70.2663229370177
-14.7542110187711,70.2970606419357
-14.7542110187711,70.3277983468537
-14.7542110187711,70.3585360517718
-14.7542110187711,70.3892737566898
-14.7542110187711,70.4200114616078
-14.7542110187711,70.4507491665258
-14.7542110187711,70.4814868714439
-14.7542110187711,70.5122245763619
-14.7542110187711,70.5429622812799
-14.7542110187711,70.5736999861979
-14.7542110187711,70.604437691116
-14.7542110187711,70.635175396034
-14.7542110187711,70.665913100952
-14.7542110187711,70.69665080587
-14.7542110187711,70.7273885107881
-14.7542110187711,70.7581262157061
-14.7542110187711,70.7888639206241
-14.7542110187711,70.8196016255421
-14.7542110187711,70.8503393304602
-14.7542110187711,70.8810770353782
-14.7542110187711,70.9118147402962
-14.7542110187711,70.9425524452142
-14.7542110187711,70.9732901501323
-14.7542110187711,71.0040278550503
-14.7542110187711,71.0347655599683
-14.7542110187711,71.0655032648863
-14.7542110187711,71.0962409698044
-14.7542110187711,71.1269786747224
-14.7542110187711,71.1577163796404
-14.7542110187711,71.1884540845584
-14.7542110187711,71.2191917894765
-14.7542110187711,71.2499294943945
-14.7542110187711,71.2806671993125
-14.7542110187711,71.3114049042305
-14.7542110187711,71.3421426091486
-14.7542110187711,71.3728803140666
-14.7542110187711,71.4036180189846
-14.7542110187711,71.4343557239026
-14.7542110187711,71.4650934288207
-14.7542110187711,71.4958311337387
-14.7542110187711,71.5265688386567
-14.7542110187711,71.5573065435747
-14.7542110187711,71.5880442484927
-14.7542110187711,71.6187819534108
-14.7542110187711,71.6495196583288
-14.7542110187711,71.6802573632468
-14.7542110187711,71.7109950681648
-14.7542110187711,71.7417327730829
-14.7542110187711,71.7724704780009
-14.7542110187711,71.8032081829189
-14.7542110187711,71.8339458878369
-14.7542110187711,71.864683592755
-14.7542110187711,71.895421297673
-14.7542110187711,71.926159002591
-14.7542110187711,71.956896707509
-14.7542110187711,71.9876344124271
-14.7542110187711,72.0183721173451
-14.7542110187711,72.0491098222631
-14.7542110187711,72.0798475271811
-14.7542110187711,72.1105852320992
-14.7542110187711,72.1413229370172
-14.7542110187711,72.1720606419352
-14.7542110187711,72.2027983468532
-14.7542110187711,72.2335360517713
-14.7542110187711,72.2642737566893
-14.7542110187711,72.2950114616073
-14.7542110187711,72.3257491665253
-14.7542110187711,72.3564868714434
-14.7542110187711,72.3872245763614
-14.7542110187711,72.4179622812794
-14.7542110187711,72.4486999861974
-14.7542110187711,72.4794376911155
-14.7542110187711,72.5101753960335
-14.7542110187711,72.5409131009515
-14.7542110187711,72.5716508058695
-14.7542110187711,72.6023885107876
-14.7542110187711,72.6331262157056
-14.7542110187711,72.6638639206236
-14.7542110187711,72.6946016255416
-14.7542110187711,72.7253393304597
-14.7542110187711,72.7560770353777
-14.7542110187711,72.7868147402957
-14.7542110187711,72.8175524452137
-14.7542110187711,72.8482901501318
-14.7542110187711,72.8790278550498
-14.7542110187711,72.9097655599678
-14.7542110187711,72.9405032648858
-14.7542110187711,72.9712409698039
-14.7542110187711,73.0019786747219
-14.7542110187711,73.0327163796399
-14.7542110187711,73.0634540845579
-14.7542110187711,73.094191789476
-14.7542110187711,73.124929494394
-14.7542110187711,73.155667199312
-14.7542110187711,73.18640490423
-14.7542110187711,73.2171426091481
-14.7542110187711,73.2478803140661
-14.7542110187711,73.2786180189841
-14.7542110187711,73.3093557239021
-14.7542110187711,73.3400934288202
-14.7542110187711,73.3708311337382
-14.7542110187711,73.4015688386562
-14.7542110187711,73.4323065435742
-14.7542110187711,73.4630442484923
-14.7542110187711,73.4937819534103
-14.7542110187711,73.5245196583283
-14.7542110187711,73.5552573632463
-14.7542110187711,73.5859950681644
-14.7542110187711,73.6167327730824
-14.7542110187711,73.6474704780004
-14.7542110187711,73.6782081829184
-14.7542110187711,73.7089458878364
-14.7542110187711,73.7396835927545
-14.7542110187711,73.7704212976725
-14.7542110187711,73.8011590025905
-14.7542110187711,73.8318967075085
-14.7542110187711,73.8626344124266
-14.7542110187711,73.8933721173446
-14.7542110187711,73.9241098222626
-14.7542110187711,73.9548475271806
-14.7542110187711,73.9855852320987
-14.7542110187711,74.0163229370167
-14.7542110187711,74.0470606419347
-14.7542110187711,74.0777983468527
-14.7542110187711,74.1085360517708
-14.7542110187711,74.1392737566888
-14.7542110187711,74.1700114616068
-14.7542110187711,74.2007491665248
-14.7542110187711,74.2314868714429
-14.7542110187711,74.2622245763609
-14.7542110187711,74.2929622812789
-14.7542110187711,74.3236999861969
-14.7542110187711,74.354437691115
-14.7542110187711,74.385175396033
-14.7542110187711,74.415913100951
-14.7542110187711,74.446650805869
-14.7542110187711,74.4773885107871
-14.7542110187711,74.5081262157051
-14.7542110187711,74.5388639206231
-14.7542110187711,74.5696016255411
-14.7542110187711,74.6003393304592
-14.7542110187711,74.6310770353772
-14.7542110187711,74.6618147402952
-14.7542110187711,74.6925524452132
-14.7542110187711,74.7232901501313
-14.7542110187711,74.7540278550493
-14.7542110187711,74.7847655599673
-14.7542110187711,74.8155032648853
-14.7542110187711,74.8462409698034
-14.7542110187711,74.8769786747214
-14.7542110187711,74.9077163796394
-14.7542110187711,74.9384540845574
-14.7542110187711,74.9691917894755
-14.7542110187711,74.9999294943935
-14.7542110187711,75.0306671993115
-14.7542110187711,75.0614049042295
-14.7542110187711,75.0921426091476
-14.7542110187711,75.1228803140656
-14.7542110187711,75.1536180189836
-14.7542110187711,75.1843557239016
-14.7542110187711,75.2150934288197
-14.7542110187711,75.2458311337377
-14.7542110187711,75.2765688386557
-14.7542110187711,75.3073065435737
-14.7542110187711,75.3380442484918
-14.7542110187711,75.3687819534098
-14.7542110187711,75.3995196583278
-14.7542110187711,75.4302573632458
-14.7542110187711,75.4609950681639
-14.7542110187711,75.4917327730819
-14.7542110187711,75.5224704779999
-14.7542110187711,75.5532081829179
-14.7542110187711,75.583945887836
-14.7542110187711,75.614683592754
-14.7542110187711,75.645421297672
-14.7542110187711,75.67615900259
-14.7542110187711,75.7068967075081
-14.7542110187711,75.7376344124261
-14.7542110187711,75.7683721173441
-14.7542110187711,75.7991098222621
-14.7542110187711,75.8298475271801
-14.7542110187711,75.8605852320982
-14.7542110187711,75.8913229370162
-14.7542110187711,75.9220606419342
-14.7542110187711,75.9527983468522
-14.7542110187711,75.9835360517703
-14.7542110187711,76.0142737566883
-14.7542110187711,76.0450114616063
-14.7542110187711,76.0757491665243
-14.7542110187711,76.1064868714424
-14.7542110187711,76.1372245763604
-14.7542110187711,76.1679622812784
-14.7542110187711,76.1986999861964
-14.7542110187711,76.2294376911145
-14.7542110187711,76.2601753960325
-14.7542110187711,76.2909131009505
-14.7542110187711,76.3216508058685
-14.7542110187711,76.3523885107866
-14.7542110187711,76.3831262157046
-14.7542110187711,76.4138639206226
-14.7542110187711,76.4446016255406
-14.7542110187711,76.4753393304587
-14.7542110187711,76.5060770353767
-14.7542110187711,76.5368147402947
-14.7542110187711,76.5675524452127
-14.7542110187711,76.5982901501308
-14.7542110187711,76.6290278550488
-14.7542110187711,76.6597655599668
-14.7542110187711,76.6905032648848
-14.7542110187711,76.7212409698029
-14.7542110187711,76.7519786747209
-14.7542110187711,76.7827163796389
-14.7542110187711,76.8134540845569
-14.7542110187711,76.844191789475
-14.7542110187711,76.874929494393
-14.7542110187711,76.905667199311
-14.7542110187711,76.936404904229
-14.7542110187711,76.9671426091471
-14.7542110187711,76.9978803140651
-14.7542110187711,77.0286180189831
-14.7542110187711,77.0593557239011
-14.7542110187711,77.0900934288192
-14.7542110187711,77.1208311337372
-14.7542110187711,77.1515688386552
-14.7542110187711,77.1823065435732
-14.7542110187711,77.2130442484913
-14.7542110187711,77.2437819534093
-14.7542110187711,77.2745196583273
-14.7542110187711,77.3052573632453
-14.7542110187711,77.3359950681634
-14.7542110187711,77.3667327730814
-14.7542110187711,77.3974704779994
-14.7542110187711,77.4282081829174
-14.7542110187711,77.4589458878355
-14.7542110187711,77.4896835927535
-14.7542110187711,77.5204212976715
-14.7542110187711,77.5511590025895
-14.7542110187711,77.5818967075076
-14.7542110187711,77.6126344124256
-14.7542110187711,77.6433721173436
-14.7542110187711,77.6741098222616
-14.7542110187711,77.7048475271797
-14.7542110187711,77.7355852320977
-14.7542110187711,77.7663229370157
-14.7542110187711,77.7970606419337
-14.7542110187711,77.8277983468518
-14.7542110187711,77.8585360517698
-14.7542110187711,77.8892737566878
-14.7542110187711,77.9200114616058
-14.7542110187711,77.9507491665238
-14.7542110187711,77.9814868714419
-14.7542110187711,78.0122245763599
-14.7542110187711,78.0429622812779
-14.7542110187711,78.0736999861959
-14.7542110187711,78.104437691114
-14.7542110187711,78.135175396032
-14.7542110187711,78.16591310095
-14.7542110187711,78.196650805868
-14.7542110187711,78.2273885107861
-14.7542110187711,78.2581262157041
-14.7542110187711,78.2888639206221
-14.7542110187711,78.3196016255401
-14.7542110187711,78.3503393304582
-14.7542110187711,78.3810770353762
-14.7542110187711,78.4118147402942
-14.7542110187711,78.4425524452122
-14.7542110187711,78.4732901501303
-14.7542110187711,78.5040278550483
-14.7542110187711,78.5347655599663
-14.7542110187711,78.5655032648843
-14.7542110187711,78.5962409698024
-14.7542110187711,78.6269786747204
-14.7542110187711,78.6577163796384
-14.7542110187711,78.6884540845564
-14.7542110187711,78.7191917894745
-14.7542110187711,78.7499294943925
-14.7542110187711,78.7806671993105
-14.7542110187711,78.8114049042285
-14.7542110187711,78.8421426091466
-14.7542110187711,78.8728803140646
-14.7542110187711,78.9036180189826
-14.7542110187711,78.9343557239006
-14.7542110187711,78.9650934288187
-14.7542110187711,78.9958311337367
-14.7542110187711,79.0265688386547
-14.7542110187711,79.0573065435727
-14.7542110187711,79.0880442484908
-14.7542110187711,79.1187819534088
-14.7542110187711,79.1495196583268
-14.7542110187711,79.1802573632448
-14.7542110187711,79.2109950681629
-14.7542110187711,79.2417327730809
-14.7542110187711,79.2724704779989
-14.7542110187711,79.3032081829169
-14.7542110187711,79.333945887835
-14.7542110187711,79.364683592753
-14.7542110187711,79.395421297671
-14.7542110187711,79.426159002589
-14.7542110187711,79.4568967075071
-14.7542110187711,79.4876344124251
-14.7542110187711,79.5183721173431
-14.7542110187711,79.5491098222611
-14.7542110187711,79.5798475271792
-14.7542110187711,79.6105852320972
-14.7542110187711,79.6413229370152
-14.7542110187711,79.6720606419332
-14.7542110187711,79.7027983468513
-14.7542110187711,79.7335360517693
-14.7542110187711,79.7642737566873
-14.7542110187711,79.7950114616053
-14.7542110187711,79.8257491665234
-14.7542110187711,79.8564868714414
-14.7542110187711,79.8872245763594
-14.7542110187711,79.9179622812774
-14.7542110187711,79.9486999861955
-14.7542110187711,79.9794376911135
-14.7542110187711,80.0101753960315
-14.7542110187711,80.0409131009495
-14.7542110187711,80.0716508058675
-14.7542110187711,80.1023885107856
-14.7542110187711,80.1331262157036
-14.7542110187711,80.1638639206216
-14.7542110187711,80.1946016255396
-14.7542110187711,80.2253393304577
-14.7542110187711,80.2560770353757
-14.7542110187711,80.2868147402937
-14.7542110187711,80.3175524452117
-14.7542110187711,80.3482901501298
-14.7542110187711,80.3790278550478
-14.7542110187711,80.4097655599658
-14.7542110187711,80.4405032648838
-14.7542110187711,80.4712409698019
-14.7542110187711,80.5019786747199
-14.7542110187711,80.5327163796379
-14.7542110187711,80.5634540845559
-14.7542110187711,80.594191789474
-14.7542110187711,80.624929494392
-14.7542110187711,80.65566719931
-14.7542110187711,80.686404904228
-14.7542110187711,80.7171426091461
-14.7542110187711,80.7478803140641
-14.7542110187711,80.7786180189821
-14.7542110187711,80.8093557239001
-14.7542110187711,80.8400934288182
-14.7542110187711,80.8708311337362
-14.7542110187711,80.9015688386542
-14.7542110187711,80.9323065435722
-14.7542110187711,80.9630442484903
-14.7542110187711,80.9937819534083
-14.7542110187711,81.0245196583263
-14.7542110187711,81.0552573632443
-14.7542110187711,81.0859950681624
-14.7542110187711,81.1167327730804
-14.7542110187711,81.1474704779984
-14.7542110187711,81.1782081829164
-14.7542110187711,81.2089458878345
-14.7542110187711,81.2396835927525
-14.7542110187711,81.2704212976705
-14.7542110187711,81.3011590025885
-14.7542110187711,81.3318967075066
-14.7542110187711,81.3626344124246
-14.7542110187711,81.3933721173426
-14.7542110187711,81.4241098222606
-14.7542110187711,81.4548475271787
-14.7542110187711,81.4855852320967
-14.7542110187711,81.5163229370147
-14.7542110187711,81.5470606419327
-14.7542110187711,81.5777983468508
-14.7542110187711,81.6085360517688
-14.7542110187711,81.6392737566868
-14.7542110187711,81.6700114616048
-14.7542110187711,81.7007491665229
-14.7542110187711,81.7314868714409
-14.7542110187711,81.7622245763589
-14.7542110187711,81.7929622812769
-14.7542110187711,81.823699986195
-14.7542110187711,81.854437691113
-14.7542110187711,81.885175396031
-14.7542110187711,81.915913100949
-14.7542110187711,81.9466508058671
-14.7542110187711,81.9773885107851
-14.7542110187711,82.0081262157031
-14.7542110187711,82.0388639206211
-14.7542110187711,82.0696016255391
-14.7542110187711,82.1003393304572
-14.7542110187711,82.1310770353752
-14.7542110187711,82.1618147402932
-14.7542110187711,82.1925524452112
-14.7542110187711,82.2232901501293
-14.7542110187711,82.2540278550473
-14.7542110187711,82.2847655599653
-14.7542110187711,82.3155032648833
-14.7542110187711,82.3462409698014
-14.7542110187711,82.3769786747194
-14.7542110187711,82.4077163796374
-14.7542110187711,82.4384540845554
-14.7542110187711,82.4691917894735
-14.7542110187711,82.4999294943915
-14.7542110187711,82.5306671993095
-14.7542110187711,82.5614049042275
-14.7542110187711,82.5921426091456
-14.7542110187711,82.6228803140636
-14.7542110187711,82.6536180189816
-14.7542110187711,82.6843557238996
-14.7542110187711,82.7150934288177
-14.7542110187711,82.7458311337357
-14.7542110187711,82.7765688386537
-14.7542110187711,82.8073065435717
-14.7542110187711,82.8380442484898
-14.7542110187711,82.8687819534078
-14.7542110187711,82.8995196583258
-14.7542110187711,82.9302573632438
-14.7542110187711,82.9609950681619
-14.7542110187711,82.9917327730799
-14.7542110187711,83.0224704779979
-14.7542110187711,83.0532081829159
-14.7542110187711,83.083945887834
-14.7542110187711,83.114683592752
-14.7542110187711,83.14542129767
-14.7542110187711,83.176159002588
-14.7542110187711,83.2068967075061
-14.7542110187711,83.2376344124241
-14.7542110187711,83.2683721173421
-14.7542110187711,83.2991098222601
-14.7542110187711,83.3298475271782
-14.7542110187711,83.3605852320962
-14.7542110187711,83.3913229370142
-14.7542110187711,83.4220606419322
-14.7542110187711,83.4527983468503
-14.7542110187711,83.4835360517683
-14.7542110187711,83.5142737566863
-14.7542110187711,83.5450114616043
-14.7542110187711,83.5757491665224
-14.7542110187711,83.6064868714404
-14.7542110187711,83.6372245763584
-14.7542110187711,83.6679622812764
-14.7542110187711,83.6986999861945
-14.7542110187711,83.7294376911125
-14.7542110187711,83.7601753960305
-14.7542110187711,83.7909131009485
-14.7542110187711,83.8216508058666
-14.7542110187711,83.8523885107846
-14.7542110187711,83.8831262157026
-14.7542110187711,83.9138639206206
-14.7542110187711,83.9446016255387
-14.7542110187711,83.9753393304567
-14.7542110187711,84.0060770353747
-14.7542110187711,84.0368147402927
-14.7542110187711,84.0675524452108
-14.7542110187711,84.0982901501288
-14.7542110187711,84.1290278550468
-14.7542110187711,84.1597655599648
-14.7542110187711,84.1905032648828
-14.7542110187711,84.2212409698009
-14.7542110187711,84.2519786747189
-14.7542110187711,84.2827163796369
-14.7542110187711,84.3134540845549
-14.7542110187711,84.344191789473
-14.7542110187711,84.374929494391
-14.7542110187711,84.405667199309
-14.7542110187711,84.436404904227
-14.7542110187711,84.4671426091451
-14.7542110187711,84.4978803140631
-14.7542110187711,84.5286180189811
-14.7542110187711,84.5593557238991
-14.7542110187711,84.5900934288172
-14.7542110187711,84.6208311337352
-14.7542110187711,84.6515688386532
-14.7542110187711,84.6823065435712
-14.7542110187711,84.7130442484893
-14.7542110187711,84.7437819534073
-14.7542110187711,84.7745196583253
-14.7542110187711,84.8052573632433
-14.7542110187711,84.8359950681614
-14.7542110187711,84.8667327730794
-14.7542110187711,84.8974704779974
-14.7542110187711,84.9282081829154
-14.7542110187711,84.9589458878335
-14.7542110187711,84.9896835927515
-14.7542110187711,85.0204212976695
-14.7542110187711,85.0511590025875
-14.7542110187711,85.0818967075056
-14.7542110187711,85.1126344124236
-14.7542110187711,85.1433721173416
-14.7542110187711,85.1741098222596
-14.7542110187711,85.2048475271777
-14.7542110187711,85.2355852320957
-14.7542110187711,85.2663229370137
-14.7542110187711,85.2970606419317
-14.7542110187711,85.3277983468498
-14.7542110187711,85.3585360517678
-14.7542110187711,85.3892737566858
-14.7542110187711,85.4200114616038
-14.7542110187711,85.4507491665219
-14.7542110187711,85.4814868714399
-14.7542110187711,85.5122245763579
-14.7542110187711,85.5429622812759
-14.7542110187711,85.573699986194
-14.7542110187711,85.604437691112
-14.7542110187711,85.63517539603
-14.7542110187711,85.665913100948
-14.7542110187711,85.6966508058661
-14.7542110187711,85.7273885107841
-14.7542110187711,85.7581262157021
-14.7542110187711,85.7888639206201
-14.7542110187711,85.8196016255382
-14.7542110187711,85.8503393304562
-14.7542110187711,85.8810770353742
-14.7542110187711,85.9118147402922
-14.7542110187711,85.9425524452103
-14.7542110187711,85.9732901501283
-14.7542110187711,86.0040278550463
-14.7542110187711,86.0347655599643
-14.7542110187711,86.0655032648824
-14.7542110187711,86.0962409698004
-14.7542110187711,86.1269786747184
-14.7542110187711,86.1577163796364
-14.7542110187711,86.1884540845545
-14.7542110187711,86.2191917894725
-14.7542110187711,86.2499294943905
-14.7542110187711,86.2806671993085
-14.7542110187711,86.3114049042265
-14.7542110187711,86.3421426091446
-14.7542110187711,86.3728803140626
-14.7542110187711,86.4036180189806
-14.7542110187711,86.4343557238986
-14.7542110187711,86.4650934288167
-14.7542110187711,86.4958311337347
-14.7542110187711,86.5265688386527
-14.7542110187711,86.5573065435707
-14.7542110187711,86.5880442484888
-14.7542110187711,86.6187819534068
-14.7542110187711,86.6495196583248
-14.7542110187711,86.6802573632428
-14.7542110187711,86.7109950681609
-14.7542110187711,86.7417327730789
-14.7542110187711,86.7724704779969
-14.7542110187711,86.8032081829149
-14.7542110187711,86.833945887833
-14.7542110187711,86.864683592751
-14.7542110187711,86.895421297669
-14.7542110187711,86.926159002587
-14.7542110187711,86.9568967075051
-14.7542110187711,86.9876344124231
-14.7542110187711,87.0183721173411
-14.7542110187711,87.0491098222591
-14.7542110187711,87.0798475271772
-14.7542110187711,87.1105852320952
-14.7542110187711,87.1413229370132
-14.7542110187711,87.1720606419312
-14.7542110187711,87.2027983468493
-14.7542110187711,87.2335360517673
-14.7542110187711,87.2642737566853
-14.7542110187711,87.2950114616033
-14.7542110187711,87.3257491665214
-14.7542110187711,87.3564868714394
-14.7542110187711,87.3872245763574
-14.7542110187711,87.4179622812754
-14.7542110187711,87.4486999861935
-14.7542110187711,87.4794376911115
-14.7542110187711,87.5101753960295
-14.7542110187711,87.5409131009475
-14.7542110187711,87.5716508058656
-14.7542110187711,87.6023885107836
-14.7542110187711,87.6331262157016
-14.7542110187711,87.6638639206196
-14.7542110187711,87.6946016255377
-14.7542110187711,87.7253393304557
-14.7542110187711,87.7560770353737
-14.7542110187711,87.7868147402917
-14.7542110187711,87.8175524452098
-14.7542110187711,87.8482901501278
-14.7542110187711,87.8790278550458
-14.7542110187711,87.9097655599638
-14.7542110187711,87.9405032648819
-14.7542110187711,87.9712409697999
-14.7542110187711,88.0019786747179
-14.7542110187711,88.0327163796359
-14.7542110187711,88.063454084554
-14.7542110187711,88.094191789472
-14.7542110187711,88.12492949439
-14.7542110187711,88.155667199308
-14.7542110187711,88.1864049042261
-14.7542110187711,88.2171426091441
-14.7542110187711,88.2478803140621
-14.7542110187711,88.2786180189801
-14.7542110187711,88.3093557238982
-14.7542110187711,88.3400934288162
-14.7542110187711,88.3708311337342
-14.7542110187711,88.4015688386522
-14.7542110187711,88.4323065435702
-14.7542110187711,88.4630442484883
-14.7542110187711,88.4937819534063
-14.7542110187711,88.5245196583243
-14.7542110187711,88.5552573632423
-14.7542110187711,88.5859950681604
-14.7542110187711,88.6167327730784
-14.7542110187711,88.6474704779964
-14.7542110187711,88.6782081829144
-14.7542110187711,88.7089458878325
-14.7542110187711,88.7396835927505
-14.7542110187711,88.7704212976685
-14.7542110187711,88.8011590025865
-14.7542110187711,88.8318967075046
-14.7542110187711,88.8626344124226
-14.7542110187711,88.8933721173406
-14.7542110187711,88.9241098222586
-14.7542110187711,88.9548475271767
-14.7542110187711,88.9855852320947
-14.7542110187711,89.0163229370127
-14.7542110187711,89.0470606419307
-14.7542110187711,89.0777983468488
-14.7542110187711,89.1085360517668
-14.7542110187711,89.1392737566848
-14.7542110187711,89.1700114616028
-14.7542110187711,89.2007491665209
-14.7542110187711,89.2314868714389
-14.7542110187711,89.2622245763569
-14.7542110187711,89.2929622812749
-14.7542110187711,89.323699986193
-14.7542110187711,89.354437691111
-14.7542110187711,89.385175396029
-14.7542110187711,89.415913100947
-14.7542110187711,89.4466508058651
-14.7542110187711,89.4773885107831
-14.7542110187711,89.5081262157011
-14.7542110187711,89.5388639206191
-14.7542110187711,89.5696016255372
-14.7542110187711,89.6003393304552
-14.7542110187711,89.6310770353732
-14.7542110187711,89.6618147402912
-14.7542110187711,89.6925524452093
-14.7542110187711,89.7232901501273
-14.7542110187711,89.7540278550453
-14.7542110187711,89.7847655599633
-14.7542110187711,89.8155032648814
-14.7542110187711,89.8462409697994
-14.7542110187711,89.8769786747174
-14.7542110187711,89.9077163796354
-14.7542110187711,89.9384540845535
-14.7542110187711,89.9691917894715
-14.7542110187711,89.9999294943895
-14.7542110187711,90.0306671993075
-14.7542110187711,90.0614049042256
-14.7542110187711,90.0921426091436
-14.7542110187711,90.1228803140616
-14.7542110187711,90.1536180189796
-14.7542110187711,90.1843557238977
-14.7542110187711,90.2150934288157
-14.7542110187711,90.2458311337337
-14.7542110187711,90.2765688386517
-14.7542110187711,90.3073065435698
-14.7542110187711,90.3380442484878
-14.7542110187711,90.3687819534058
-14.7542110187711,90.3995196583238
-14.7542110187711,90.4302573632419
-14.7542110187711,90.4609950681599
-14.7542110187711,90.4917327730779
-14.7542110187711,90.5224704779959
-14.7542110187711,90.5532081829139
-14.7542110187711,90.583945887832
-14.7542110187711,90.61468359275
-14.7542110187711,90.645421297668
-14.7542110187711,90.676159002586
-14.7542110187711,90.7068967075041
-14.7542110187711,90.7376344124221
-14.7542110187711,90.7683721173401
-14.7542110187711,90.7991098222581
-14.7542110187711,90.8298475271762
-14.7542110187711,90.8605852320942
-14.7542110187711,90.8913229370122
-14.7542110187711,90.9220606419302
-14.7542110187711,90.9527983468483
-14.7542110187711,90.9835360517663
-14.7542110187711,91.0142737566843
-14.7542110187711,91.0450114616023
-14.7542110187711,91.0757491665204
-14.7542110187711,91.1064868714384
-14.7542110187711,91.1372245763564
-14.7542110187711,91.1679622812744
-14.7542110187711,91.1986999861925
-14.7542110187711,91.2294376911105
-14.7542110187711,91.2601753960285
-14.7542110187711,91.2909131009465
-14.7542110187711,91.3216508058646
-14.7542110187711,91.3523885107826
-14.7542110187711,91.3831262157006
-14.7542110187711,91.4138639206186
-14.7542110187711,91.4446016255367
-14.7542110187711,91.4753393304547
-14.7542110187711,91.5060770353727
-14.7542110187711,91.5368147402907
-14.7542110187711,91.5675524452088
-14.7542110187711,91.5982901501268
-14.7542110187711,91.6290278550448
-14.7542110187711,91.6597655599628
-14.7542110187711,91.6905032648809
-14.7542110187711,91.7212409697989
-14.7542110187711,91.7519786747169
-14.7542110187711,91.7827163796349
-14.7542110187711,91.813454084553
-14.7542110187711,91.844191789471
-14.7542110187711,91.874929494389
-14.7542110187711,91.905667199307
-14.7542110187711,91.9364049042251
-14.7542110187711,91.9671426091431
-14.7542110187711,91.9978803140611
-14.7542110187711,92.0286180189791
-14.7542110187711,92.0593557238972
-14.7542110187711,92.0900934288152
-14.7542110187711,92.1208311337332
-14.7542110187711,92.1515688386512
-14.7542110187711,92.1823065435693
-14.7542110187711,92.2130442484873
-14.7542110187711,92.2437819534053
-14.7542110187711,92.2745196583233
-14.7542110187711,92.3052573632414
-14.7542110187711,92.3359950681594
-14.7542110187711,92.3667327730774
-14.7542110187711,92.3974704779954
-14.7542110187711,92.4282081829135
-14.7542110187711,92.4589458878315
-14.7542110187711,92.4896835927495
-14.7542110187711,92.5204212976675
-14.7542110187711,92.5511590025855
-14.7542110187711,92.5818967075036
-14.7542110187711,92.6126344124216
-14.7542110187711,92.6433721173396
-14.7542110187711,92.6741098222576
-14.7542110187711,92.7048475271757
-14.7542110187711,92.7355852320937
-14.7542110187711,92.7663229370117
-14.7542110187711,92.7970606419297
-14.7542110187711,92.8277983468478
-14.7542110187711,92.8585360517658
-14.7542110187711,92.8892737566838
-14.7542110187711,92.9200114616018
-14.7542110187711,92.9507491665199
-14.7542110187711,92.9814868714379
-14.7542110187711,93.0122245763559
-14.7542110187711,93.0429622812739
-14.7542110187711,93.073699986192
-14.7542110187711,93.10443769111
-14.7542110187711,93.135175396028
-14.7542110187711,93.165913100946
-14.7542110187711,93.1966508058641
-14.7542110187711,93.2273885107821
-14.7542110187711,93.2581262157001
-14.7542110187711,93.2888639206181
-14.7542110187711,93.3196016255362
-14.7542110187711,93.3503393304542
-14.7542110187711,93.3810770353722
-14.7542110187711,93.4118147402902
-14.7542110187711,93.4425524452083
-14.7542110187711,93.4732901501263
-14.7542110187711,93.5040278550443
-14.7542110187711,93.5347655599623
-14.7542110187711,93.5655032648804
-14.7542110187711,93.5962409697984
-14.7542110187711,93.6269786747164
-14.7542110187711,93.6577163796344
-14.7542110187711,93.6884540845525
-14.7542110187711,93.7191917894705
-14.7542110187711,93.7499294943885
-14.7542110187711,93.7806671993065
-14.7542110187711,93.8114049042246
-14.7542110187711,93.8421426091426
-14.7542110187711,93.8728803140606
-14.7542110187711,93.9036180189786
-14.7542110187711,93.9343557238967
-14.7542110187711,93.9650934288147
-14.7542110187711,93.9958311337327
-14.7542110187711,94.0265688386507
-14.7542110187711,94.0573065435688
-14.7542110187711,94.0880442484868
-14.7542110187711,94.1187819534048
-14.7542110187711,94.1495196583228
-14.7542110187711,94.1802573632409
-14.7542110187711,94.2109950681589
-14.7542110187711,94.2417327730769
-14.7542110187711,94.2724704779949
-14.7542110187711,94.303208182913
-14.7542110187711,94.333945887831
-14.7542110187711,94.364683592749
-14.7542110187711,94.395421297667
-14.7542110187711,94.4261590025851
-14.7542110187711,94.4568967075031
-14.7542110187711,94.4876344124211
-14.7542110187711,94.5183721173391
-14.7542110187711,94.5491098222572
-14.7542110187711,94.5798475271752
-14.7542110187711,94.6105852320932
-14.7542110187711,94.6413229370112
-14.7542110187711,94.6720606419292
-14.7542110187711,94.7027983468473
-14.7542110187711,94.7335360517653
-14.7542110187711,94.7642737566833
-14.7542110187711,94.7950114616013
-14.7542110187711,94.8257491665194
-14.7542110187711,94.8564868714374
-14.7542110187711,94.8872245763554
-14.7542110187711,94.9179622812734
-14.7542110187711,94.9486999861915
-14.7542110187711,94.9794376911095
-14.7542110187711,95.0101753960275
-14.7542110187711,95.0409131009455
-14.7542110187711,95.0716508058636
-14.7542110187711,95.1023885107816
-14.7542110187711,95.1331262156996
-14.7542110187711,95.1638639206176
-14.7542110187711,95.1946016255357
-14.7542110187711,95.2253393304537
-14.7542110187711,95.2560770353717
-14.7542110187711,95.2868147402897
-14.7542110187711,95.3175524452078
-14.7542110187711,95.3482901501258
-14.7542110187711,95.3790278550438
-14.7542110187711,95.4097655599618
-14.7542110187711,95.4405032648799
-14.7542110187711,95.4712409697979
-14.7542110187711,95.5019786747159
-14.7542110187711,95.5327163796339
-14.7542110187711,95.563454084552
-14.7542110187711,95.59419178947
-14.7542110187711,95.624929494388
-14.7542110187711,95.655667199306
-14.7542110187711,95.6864049042241
-14.7542110187711,95.7171426091421
-14.7542110187711,95.7478803140601
-14.7542110187711,95.7786180189781
-14.7542110187711,95.8093557238962
-14.7542110187711,95.8400934288142
-14.7542110187711,95.8708311337322
-14.7542110187711,95.9015688386502
-14.7542110187711,95.9323065435683
-14.7542110187711,95.9630442484863
-14.7542110187711,95.9937819534043
-14.7542110187711,96.0245196583223
-14.7542110187711,96.0552573632404
-14.7542110187711,96.0859950681584
-14.7542110187711,96.1167327730764
-14.7542110187711,96.1474704779944
-14.7542110187711,96.1782081829125
-14.7542110187711,96.2089458878305
-14.7542110187711,96.2396835927485
-14.7542110187711,96.2704212976665
-14.7542110187711,96.3011590025846
-14.7542110187711,96.3318967075026
-14.7542110187711,96.3626344124206
-14.7542110187711,96.3933721173386
-14.7542110187711,96.4241098222567
-14.7542110187711,96.4548475271747
-14.7542110187711,96.4855852320927
-14.7542110187711,96.5163229370107
-14.7542110187711,96.5470606419288
-14.7542110187711,96.5777983468468
-14.7542110187711,96.6085360517648
-14.7542110187711,96.6392737566828
-14.7542110187711,96.6700114616009
-14.7542110187711,96.7007491665189
-14.7542110187711,96.7314868714369
-14.7542110187711,96.7622245763549
-14.7542110187711,96.7929622812729
-14.7542110187711,96.823699986191
-14.7542110187711,96.854437691109
-14.7542110187711,96.885175396027
-14.7542110187711,96.915913100945
-14.7542110187711,96.9466508058631
-14.7542110187711,96.9773885107811
-14.7542110187711,97.0081262156991
-14.7542110187711,97.0388639206171
-14.7542110187711,97.0696016255352
-14.7542110187711,97.1003393304532
-14.7542110187711,97.1310770353712
-14.7542110187711,97.1618147402892
-14.7542110187711,97.1925524452073
-14.7542110187711,97.2232901501253
-14.7542110187711,97.2540278550433
-14.7542110187711,97.2847655599613
-14.7542110187711,97.3155032648794
-14.7542110187711,97.3462409697974
-14.7542110187711,97.3769786747154
-14.7542110187711,97.4077163796334
-14.7542110187711,97.4384540845515
-14.7542110187711,97.4691917894695
-14.7542110187711,97.4999294943875
-14.7542110187711,97.5306671993055
-14.7542110187711,97.5614049042236
-14.7542110187711,97.5921426091416
-14.7542110187711,97.6228803140596
-14.7542110187711,97.6536180189776
-14.7542110187711,97.6843557238957
-14.7542110187711,97.7150934288137
-14.7542110187711,97.7458311337317
-14.7542110187711,97.7765688386497
-14.7542110187711,97.8073065435678
-14.7542110187711,97.8380442484858
-14.7542110187711,97.8687819534038
-14.7542110187711,97.8995196583218
-14.7542110187711,97.9302573632399
-14.7542110187711,97.9609950681579
-14.7542110187711,97.9917327730759
-14.7542110187711,98.0224704779939
-14.7542110187711,98.053208182912
-14.7542110187711,98.08394588783
-14.7542110187711,98.114683592748
-14.7542110187711,98.145421297666
-14.7542110187711,98.1761590025841
-14.7542110187711,98.2068967075021
-14.7542110187711,98.2376344124201
-14.7542110187711,98.2683721173381
-14.7542110187711,98.2991098222562
-14.7542110187711,98.3298475271742
-14.7542110187711,98.3605852320922
-14.7542110187711,98.3913229370102
-14.7542110187711,98.4220606419283
-14.7542110187711,98.4527983468463
-14.7542110187711,98.4835360517643
-14.7542110187711,98.5142737566823
-14.7542110187711,98.5450114616004
-14.7542110187711,98.5757491665184
-14.7542110187711,98.6064868714364
-14.7542110187711,98.6372245763544
-14.7542110187711,98.6679622812725
-14.7542110187711,98.6986999861905
-14.7542110187711,98.7294376911085
-14.7542110187711,98.7601753960265
-14.7542110187711,98.7909131009446
-14.7542110187711,98.8216508058626
-14.7542110187711,98.8523885107806
-14.7542110187711,98.8831262156986
-14.7542110187711,98.9138639206166
-14.7542110187711,98.9446016255347
-14.7542110187711,98.9753393304527
-14.7542110187711,99.0060770353707
-14.7542110187711,99.0368147402887
-14.7542110187711,99.0675524452068
-14.7542110187711,99.0982901501248
-14.7542110187711,99.1290278550428
-14.7542110187711,99.1597655599608
-14.7542110187711,99.1905032648789
-14.7542110187711,99.2212409697969
-14.7542110187711,99.2519786747149
-14.7542110187711,99.2827163796329
-14.7542110187711,99.313454084551
-14.7542110187711,99.344191789469
-14.7542110187711,99.374929494387
-14.7542110187711,99.405667199305
-14.7542110187711,99.4364049042231
-14.7542110187711,99.4671426091411
-14.7542110187711,99.4978803140591
-14.7542110187711,99.5286180189771
-14.7542110187711,99.5593557238952
-14.7542110187711,99.5900934288132
-14.7542110187711,99.6208311337312
-14.7542110187711,99.6515688386492
-14.7542110187711,99.6823065435673
-14.7542110187711,99.7130442484853
-14.7542110187711,99.7437819534033
-14.7542110187711,99.7745196583213
-14.7542110187711,99.8052573632394
-14.7542110187711,99.8359950681574
-14.7542110187711,99.8667327730754
-14.7542110187711,99.8974704779934
-14.7542110187711,99.9282081829115
-14.7542110187711,99.9589458878295
-14.7542110187711,99.9896835927475
