0,0
0,0.0307377049180251
0,0.0614753966700895
3.07234988524879e-30,0.0922130864341894
-6.74516150993382e-23,0.122950768974113
-6.2937324247861e-24,0.153688444194525
-3.89019170612533e-21,0.184426112318815
1.45405889851845e-20,0.215163774215449
1.29695805099874e-19,0.245901430821691
4.49588865291137e-20,0.276639082821369
-1.63247843534174e-18,0.307376712606194
-5.65322130972195e-18,0.338114336398977
-4.23774321063154e-18,0.368851968791531
2.73003162571222e-17,0.399589606765027
1.13828204015281e-16,0.430327231095415
2.07143606220322e-16,0.461064849750589
7.43124432788335e-17,0.491802474083976
-7.1742851290611e-16,0.522540099589484
-2.47686217867739e-15,0.553277722693785
-4.56064719608875e-15,0.584015346382834
-4.30156253987518e-15,0.614752957741165
3.31262450924115e-15,0.645490554381119
2.35993527439072e-14,0.676228153161601
5.64475386006785e-14,0.706965752400039
8.74805728733636e-14,0.737703354083679
8.03496046592755e-14,0.768440959515758
-2.15063077339326e-14,0.799178553328514
-2.73488120960965e-13,0.829916139629945
-6.82686724858566e-13,0.860653724423589
-1.14101622865944e-12,0.891391312607915
-1.36426132183919e-12,0.922128882975316
-8.83447846263595e-13,0.952866442530222
8.54434560366358e-13,0.983604001133354
4.2327461330439e-12,1.01434156368367
9.06305516451391e-12,1.04507910719983
1.41219107005971e-11,1.07581664244748
1.68148065878893e-11,1.1065541839234
1.32388919825826e-11,1.13729172081686
-1.06775826913913e-12,1.16802922573545
-2.95023189865613e-11,1.19876673057084
-7.19561136591304e-11,1.22950424911793
-1.21991575094698e-10,1.26024178606405
-1.64513552275601e-10,1.29097928900317
-1.75183043984007e-10,1.32171678576782
-1.22956429906531e-10,1.3524542967885
2.31457405329117e-11,1.3831918352423
2.82745876937178e-10,1.41392940794652
6.49342338155599e-10,1.44466699617525
1.07483507480722e-09,1.47540456111303
1.45784655605331e-09,1.50614212223006
1.64160727172935e-09,1.53687969293758
1.42737860509819e-09,1.56761723715142
6.08000499892336e-10,1.59835475968125
-9.7711579929208e-10,1.62909228042571
-3.36934405588752e-09,1.65982981285649
-6.41076228093221e-09,1.69056734891932
-9.6734558230357e-09,1.72130492348235
-1.2420442991829e-08,1.7520425197024
-1.36227590818654e-08,1.78278012905907
-1.20549112782234e-08,1.81351773949065
-6.48266168004754e-09,1.8442553513876
4.05737240744763e-09,1.87499296118175
1.99068665868787e-08,1.90573052695462
4.04069657134887e-08,1.93646813333606
6.35582548576956e-08,1.96720573878276
8.58037302279807e-08,1.99794334362979
1.02027629266043e-07,2.02868094789403
1.05856865903704e-07,2.05941855169196
9.03281964451324e-08,2.09015615519919
4.89418347330441e-08,2.12089375785415
-2.29371923932808e-08,2.15163136008736
-1.26440163230065e-07,2.18236896133531
-2.57503780432702e-07,2.21310656421734
-4.05381458945475e-07,2.24384416772206
-5.51660351524691e-07,2.2745817629154
-6.70105950725679e-07,2.30531931516827
-7.27628601492771e-07,2.33605686269554
-6.86594231133523e-07,2.36679443479292
-5.08571272598763e-07,2.39753199728922
-1.59431214549068e-07,2.42826957210467
3.84485205542186e-07,2.45900717173392
1.129653441822e-06,2.48974475124044
2.05882429911439e-06,2.52048234004912
3.12557681951548e-06,2.55121993122369
4.25101624628036e-06,2.58195749533575
5.32370813147436e-06,2.61269508900748
6.20393279836701e-06,2.64343268175994
6.73313925608826e-06,2.67417027488084
6.74917639242675e-06,2.7049078598834
6.10740614508215e-06,2.73564542683909
4.70727011918191e-06,2.76638298349204
2.52328442767557e-06,2.79712054208399
-3.61364294718668e-07,2.82785809531527
-3.72119248645676e-06,2.85859564173091
-7.15617322459016e-06,2.88933318984476
-1.00569481271697e-05,2.920070748132
-1.15568655265956e-05,2.95080830436933
-1.04588314596302e-05,2.98154585750041
-5.13054415640266e-06,3.01228341450958
6.63098419614464e-06,3.04302097835324
2.77613210821894e-05,3.07375852817991
6.21113308678156e-05,3.10449606594684
0.000114640318249533,3.13523359870005
0.000191612374611409,3.16597112640198
0.000300823581305532,3.19670863791392
0.000451924277637266,3.22744614163985
0.000656884863358971,3.25818364130778
0.000930614050639628,3.28892113598177
0.00129172749818827,3.31965862299139
0.00176345829819783,3.35039609882521
0.00237468934251508,3.38113357835594
0.0031611361048905,3.41187107129174
0.00416678314457571,3.44260857017352
0.00544565206815667,3.47334606426771
0.00706384851851671,3.50408355396565
0.00910181880523959,3.53482105447805
0.0116570425956091,3.56555855484575
0.0148474134869351,3.59629606464649
0.0188147685884414,3.6270335683877
0.0237273066363072,3.6577710736173
0.0297800910300999,3.68850858158152
0.0371936542073921,3.71924609036812
0.0462111094659996,3.74998360240824
0.0570942299920538,3.78072111234062
0.070118842692212,3.81145862151981
0.0855697102755535,3.84219612755322
0.103734762139891,3.87293363611975
0.124898510762264,3.90367114056489
0.149334794215642,3.93440863772798
0.177299665078575,3.96514612994911
0.209025636760458,3.99588362074366
0.244718143391012,4.02662111349075
0.284554346719839,4.05735860164838
0.32868374150505,4.08809608343779
0.377229843192781,4.1188335626115
0.43029242848382,4.1495710339449
0.487949843571849,4.18030849920165
0.550261154433138,4.21104596138274
0.617267988272376,4.24178342135718
0.688995878469579,4.27252088352293
0.765454876159165,4.30325835251682
0.846639239494652,4.33399581960866
0.932526090092356,4.36473328125955
1.02307399197362,4.39547074072541
1.11822321124078,4.42620819052853
1.21789791007863,4.45694563175839
1.32200929529717,4.48768306666411
1.43045812124617,4.51842049874518
1.54313601216292,4.54915792070285
1.65992645389673,4.57989533643054
1.78070627173423,4.61063275025579
1.90534645016012,4.64137016699809
2.03371208458324,4.67210759205981
2.1656630503395,4.70284503077287
2.30105612188354,4.73358248645976
2.43974725524604,4.7643199613268
2.58159283854502,4.79505744849371
2.7264501946695,4.82579493227847
2.87417809308937,4.85653240895721
3.02463810837336,4.88726988106148
3.17769667495598,4.91800735158725
3.33322697617267,4.94874481393165
3.49110967868452,4.97948226930361
3.65123297260737,5.01021972011542
3.81349337868859,5.04095716928585
3.97779752872768,5.07169462040769
4.14406277402482,5.10243207798221
4.31221539213979,5.13316954087463
4.48218731819323,5.16390700978273
4.65391287553404,5.19464449061902
4.82732736503813,5.22538199113697
5.00236715069362,5.25611952143613
5.17896933029749,5.28685706318769
5.35707027132308,5.31759460178014
5.53660394811667,5.3483321392989
5.71750056128636,5.37906967819758
5.89968513920712,5.4098072194794
6.08307636982276,5.4405447589342
6.26758532549836,5.47128229850036
6.45311483738288,5.50201984017675
6.63955914161362,5.53275738595356
6.826801548486,5.56349493472749
7.01471047130814,5.59423248577468
7.20313931533547,5.62497003904972
7.39193050497757,5.6557075870949
7.58092026473956,5.68644513126462
7.76994519230162,5.71718267307639
7.95884845808367,5.74792021120811
8.14748524425329,5.77865774676239
8.33572874903704,5.80939528079264
8.52347415619881,5.84013281428005
8.71063694223915,5.87087034928541
8.89714999291033,5.90160788777484
9.08296226822721,5.93234543156651
9.26803815858748,5.96308298204921
9.45235634068645,5.99382053348543
9.63590701954263,6.02455808408358
9.81868975216052,6.05529563397822
10.0007257425462,6.08603318327464
10.1820742476529,6.11677073205124
10.3628296075008,6.14750828036165
10.5431100685444,6.17824582823659
10.7230494430916,6.20898337568568
10.9027911648615,6.23972092269948
11.0824836056275,6.27045846925205
11.2622755119684,6.30119601520986
11.4423105959349,6.33193356036838
11.6227218518533,6.36267110473692
11.803629462732,6.39340864833055
11.9851422904288,6.42414619116744
12.1673602429197,6.45488373326568
12.3503759198374,6.48562127463335
12.5342761087903,6.51635878593548
12.7191426808963,6.54709626553287
12.9050532948503,6.5778337259476
13.0920817070268,6.6085711681035
13.2802972654501,6.63930859245882
13.4697633233978,6.67004600413959
13.6605344391594,6.70078341208515
13.8526543646829,6.73152081617248
14.0461559546996,6.76225821313973
14.2410611874771,6.79299560235143
14.437381343583,6.82373298739859
14.6351178305501,6.85447036814592
14.8342633487591,6.88520774070282
15.034802937257,6.91594510269397
15.2367148157995,6.946682453745
15.4399714099871,6.97741979352623
15.6445404676772,7.00815711876564
15.8503861475728,7.03889442699096
16.0574704801758,7.06963171742137
16.2657543101272,7.10036898980153
16.4751978693187,7.13110624221301
16.6857613728657,7.16184347335849
16.8974050247086,7.19258068407563
17.110089125623,7.22331787592419
17.3237741428572,7.25405504981605
17.5384200110745,7.28479220731495
17.7539858475102,7.31552935117089
17.9704306051684,7.34626648519219
18.1877157275242,7.37700361219105
18.4058073762183,7.4077407348531
18.6246776248967,7.43847785664653
18.8443026817391,7.46921498151339
19.0646659893162,7.49995211263346
19.2857558711507,7.53068925237624
19.5075668904649,7.56142640364526
19.7301008440267,7.59216356928913
19.9533643459921,7.62290075149255
20.177369836519,7.65363795100071
20.4021358432632,7.68437516863245
20.6276851880042,7.7151124050235
20.8540439954064,7.74584965947762
21.0812404869401,7.77658692667493
21.3093033519502,7.80732420989447
21.5382604528776,7.83806150923504
21.7681377912028,7.86879882516756
21.9989580794415,7.89953615613375
22.2307394258276,7.93027349708872
22.4634943916322,7.96101084659442
22.6972289536907,7.99174820346242
22.9319402490111,8.02248556642029
23.167613112628,8.05322293406266
23.4042162914653,8.08396030584114
23.6416996184004,8.11469768165859
23.8799914678534,8.14543506153642
24.118994328461,8.17617244527918
24.3585776695822,8.20690983331644
24.5985669738903,8.23764722656172
24.8387216660397,8.26838462603004
25.0787064798142,8.29912203244916
25.3180738958559,8.32985944666361
25.5562638508941,8.36059686950212
25.7926151074114,8.39133429741909
26.0263800698799,8.42207173120547
26.2567327479437,8.45280917148157
26.4827643947022,8.48354661905972
26.7034712948134,8.51428407475091
26.9177406402932,8.54502153922225
27.1243614865941,8.57575901139393
27.3221240603289,8.60649649139832
27.5099755144569,8.6372339550235
27.687115946246,8.66797140945631
27.8529998745661,8.69870886747479
28.007279892614,8.7294463388272
28.1497364085342,8.76018379794202
28.2802656585925,8.79092123922808
28.3989469630586,8.82165867883912
28.5061029402958,8.85239612967466
28.6022950835683,8.88313359945902
28.688270164233,8.91387105380217
28.7648912158134,8.94460850043464
28.8330706108143,8.97534595019465
28.8937154592333,9.00608341159517
28.9476905725354,9.03682087195666
28.9957967519331,9.06755830583849
29.0387598328343,9.09829572992412
29.0772271561077,9.12903315788955
29.1117687788137,9.15977060027885
29.1428817377021,9.19050804363695
29.170996001411,9.22124548836702
29.1964813010456,9.25198294090999
29.2196542152064,9.2827204068576
29.2407850838273,9.31345788731423
29.2601045401235,9.34419536657661
29.2778094567654,9.37493285027326
29.2940683302658,9.40567033640553
29.3090260457617,9.43640782196906
29.3228080316867,9.46714529340042
29.3355237450421,9.49788276071577
29.3472695465838,9.52862023279478
29.3581310080547,9.55935771214873
29.3681847336541,9.5900951917137
29.3774997670859,9.62083267061452
29.386138662841,9.65157015579563
29.3941582971679,9.68230764736115
29.4016104743228,9.71304513858391
29.4085423781537,9.74378262588975
29.4149969180541,9.77452011287438
29.421013012013,9.80525760552042
29.4266258391365,9.83599510520476
29.4318670850715,9.86673260508919
29.436765197587,9.89747009372455
29.4413456539777,9.92820757575958
29.4456312499285,9.9589450582718
29.4496424082212,9.98968253718351
29.4533974903412,10.0204200113611
29.4569130990933,10.0511574841682
29.4602043600069,10.0818949579644
29.4632851760492,10.1126324232741
29.4661684406176,10.1433698856779
29.4688662150347,10.1741073443748
29.4713898684007,10.2048447957947
29.4737501817651,10.2355822382447
29.4759574209697,10.2663196703745
29.4780213812833,10.297057094816
29.4799514091368,10.3277945156329
29.4817564062745,10.3585319367971
29.4834448219363,10.3892693617153
29.4850246391628,10.4200067905612
29.4865033603444,10.4507442194947
29.48788799754,10.4814816374381
29.4891850680057,10.5122190466892
29.4904005988288,10.542956451211
29.4915401407644,10.5736938538386
29.4926087901888,10.6044312577662
29.4936112187683,10.6351686597807
29.4945517074842,10.6659060632904
29.4954341839813,10.6966434695533
29.4962622609489,10.7273808765266
29.4970392734766,10.7581182825833
29.4977683137486,10.788855689855
29.4984522622944,10.8195931006308
29.499093815171,10.8503305159814
29.4996955066818,10.8810679376368
29.500259727803,10.9118053665426
29.5007887405013,10.9425428028908
29.5012846885707,10.9732802423051
29.5017496055023,11.0040176782171
29.5021854197212,11.0347551105222
29.5025939580833,11.0654925416918
29.5029769482601,11.0962299738333
29.5033360205187,11.1269674087362
29.5036727093626,11.1577048479154
29.5039884553918,11.1884422926485
29.5042846076218,11.2191797440079
29.504562426379,11.2499172028852
29.5048230867934,11.2806546700101
29.5050676828486,11.3113921453168
29.5052972318297,11.3421296290787
29.5055126790823,11.3728671187523
29.5057149029606,11.4036046081736
29.5059047197157,11.4343420947063
29.5060828882299,11.4650795799768
29.5062501145627,11.4958170653676
29.5064070562078,11.5265545520464
29.5065543260217,11.5572920409938
29.5066924958123,11.5880295330293
29.5068220995939,11.6187670288339
29.5069436365347,11.6495045289703
29.5070575736309,11.6802420338996
29.5071643481482,11.710979543995
29.5072643698717,11.7417170595539
29.5073580232012,11.7724545808069
29.5074456691224,11.8031921079265
29.507527647076,11.8339296410335
29.5076042767377,11.8646671802032
29.507675859713,11.8954047254709
29.5077426811425,11.9261422768364
29.5078050112085,11.9568798342689
29.5078631065294,11.987617397711
29.5079172114258,12.0183549670825
29.5079675590445,12.0490925422841
29.508014372328,12.0798301232007
29.5080578648198,12.1105677097043
29.5080982413039,12.1413053016566
29.5081356982773,12.1720428989114
29.5081704242651,12.2027805013164
29.5082025999882,12.2335181087152
29.5082323984039,12.2642557209484
29.5082599846389,12.2949933378547
29.5082855158438,12.325730959272
29.5083091409965,12.3564685850378
29.5083310006876,12.3872062149899
29.5083512269187,12.4179438489668
29.5083699429457,12.4486814868077
29.5083872631938,12.4794191283528
29.5084032932692,12.5101567734437
29.508418130083,12.540894421887
29.5084318620983,12.5716320728536
29.5084445697007,12.6023697263079
29.5084563256846,12.6331073821996
29.5084671958436,12.6638450404659
29.5084772396401,12.6945827010345
29.5084865109306,12.7253203638263
29.5084950587161,12.756058028757
29.508502927889,12.7867956957398
29.5085101599457,12.8175333646871
29.5085167936418,12.8482710355119
29.5085228655669,12.8790087081296
29.5085284106264,12.9097463824588
29.5085334624189,12.9404840584224
29.5085380535097,12.9712217359482
29.5085422156024,13.0019594149692
29.5085459796181,13.0326970954238
29.5085493756959,13.0634347772557
29.5085524331295,13.0941724604135
29.5085551802585,13.1249101448501
29.508557644331,13.1556478305222
29.5085598513555,13.1863855173898
29.5085618259566,13.2171232054146
29.508563591247,13.2478608945602
29.508565168726,13.2785985847902
29.5085665782109,13.3093362760685
29.5085678378046,13.3400739683579
29.5085689639002,13.37081166162
29.508569971221,13.4015493558147
29.5085708728916,13.4322870509
29.5085716805352,13.4630247468319
29.5085724043903,13.4937624435647
29.508573053441,13.5245001410512
29.5085736355537,13.5552378392427
29.5085741576149,13.5859755380902
29.5085746256638,13.6167132375443
29.5085750450172,13.6474509375559
29.5085754203816,13.6781886380771
29.5085757559522,13.7089263390612
29.508576055497,13.7396640404638
29.5085763224257,13.7704017422427
29.5085765598461,13.8011394443585
29.5085767706057,13.8318771467748
29.5085769573246,13.8626148494583
29.5085771224183,13.8933525523791
29.5085772681139,13.9240902555103
29.5085773964617,13.954827958828
29.5085775093431,13.9855656623113
29.5085776084772,14.016303365942
29.5085776954267,14.0470410697041
29.5085777716036,14.077778773584
29.5085778382767,14.1085164775696
29.5085778965788,14.1392541816506
29.508577947516,14.169991885818
29.5085779919776,14.2007295900638
29.508578030746,14.2314672943808
29.5085780645083,14.2622049987627
29.5085780938665,14.2929427032035
29.5085781193478,14.3236804076979
29.508578141415,14.354418112241
29.5085781604746,14.3851558168279
29.5085781768854,14.4158935214543
29.5085781909649,14.4466312261162
29.5085782029952,14.4773689308097
29.5085782132281,14.5081066355313
29.5085782218885,14.5388443402778
29.508578229178,14.5695820450461
29.5085782352769,14.6003197498337
29.5085782403466,14.6310574546381
29.508578244531,14.6617951594571
29.5085782479577,14.6925328642889
29.5085782507396,14.7232705691319
29.508578252976,14.7540082739846
29.5085782547532,14.7847459788459
29.5085782561463,14.8154836837145
29.5085782572196,14.8462213885898
29.5085782580283,14.8769590934708
29.5085782586192,14.9076967983568
29.5085782590319,14.9384345032474
29.5085782592995,14.9691722081419
29.5085782594501,14.99990991304
29.5085782595068,15.0306476179411
29.5085782594894,15.061385322845
29.5085782594139,15.0921230277512
29.5085782592942,15.1228607326584
29.5085782591417,15.1535984375663
29.5085782589659,15.1843361424752
29.5085782587748,15.2150738473849
29.5085782585751,15.2458115522951
29.5085782583723,15.2765492572056
29.5085782581708,15.3072869621167
29.5085782579742,15.3380246670282
29.5085782577853,15.3687623719403
29.5085782576062,15.3995000768528
29.5085782574384,15.4302377817657
29.508578257283,15.4609754866791
29.5085782571404,15.4917131915927
29.5085782570109,15.5224508965066
29.5085782568944,15.5531886014208
29.5085782567905,15.5839263063352
29.5085782566987,15.6146640112499
29.5085782566184,15.6454017161649
29.508578256549,15.6761394210801
29.5085782564897,15.7068771259956
29.5085782564397,15.7376148309112
29.5085782563982,15.7683525358267
29.5085782563646,15.7990902407421
29.508578256338,15.8298279456576
29.5085782563178,15.8605656505732
29.5085782563034,15.8913033554888
29.5085782562942,15.9220410604047
29.5085782562894,15.9527787653206
29.5085782562887,15.9835164702367
29.5085782562915,16.014254175153
29.5085782562972,16.0449918800695
29.5085782563056,16.0757295849862
29.5085782563161,16.106467289903
29.5085782563284,16.13720499482
29.5085782563421,16.1679426997372
29.508578256357,16.1986804046544
29.5085782563727,16.2294181095718
29.5085782563891,16.2601558144894
29.508578256406,16.290893519407
29.508578256423,16.3216312243247
29.5085782564402,16.3523689292425
29.5085782564573,16.3831066341603
29.5085782564742,16.4138443390783
29.5085782564909,16.4445820439962
29.5085782565072,16.4753197489142
29.5085782565231,16.5060574538321
29.5085782565385,16.5367951587501
29.5085782565535,16.567532863668
29.5085782565679,16.598270568586
29.5085782565817,16.629008273504
29.5085782565949,16.6597459784219
29.5085782566076,16.6904836833399
29.5085782566196,16.7212213882578
29.5085782566311,16.7519590931758
29.5085782566419,16.7826967980938
29.5085782566521,16.8134345030118
29.5085782566618,16.8441722079297
29.5085782566709,16.8749099128477
29.5085782566794,16.9056476177657
29.5085782566875,16.9363853226837
29.508578256695,16.9671230276017
29.508578256702,16.9978607325197
29.5085782567086,17.0285984374377
29.5085782567147,17.0593361423556
29.5085782567204,17.0900738472736
29.5085782567257,17.1208115521916
29.5085782567307,17.1515492571096
29.5085782567353,17.1822869620276
29.5085782567395,17.2130246669456
29.5085782567435,17.2437623718636
29.5085782567471,17.2745000767816
29.5085782567505,17.3052377816997
29.5085782567536,17.3359754866177
29.5085782567565,17.3667131915357
29.5085782567592,17.3974508964537
29.5085782567616,17.4281886013717
29.5085782567638,17.4589263062897
29.5085782567659,17.4896640112077
29.5085782567678,17.5204017161257
29.5085782567695,17.5511394210437
29.5085782567711,17.5818771259618
29.5085782567726,17.6126148308798
29.5085782567739,17.6433525357978
29.5085782567751,17.6740902407158
29.5085782567763,17.7048279456338
29.5085782567773,17.7355656505518
29.5085782567782,17.7663033554699
29.5085782567791,17.7970410603879
29.5085782567798,17.8277787653059
29.5085782567805,17.8585164702239
29.5085782567812,17.8892541751419
29.5085782567818,17.91999188006
29.5085782567823,17.950729584978
29.5085782567828,17.981467289896
29.5085782567832,18.012204994814
29.5085782567836,18.042942699732
29.508578256784,18.0736804046501
29.5085782567843,18.1044181095681
29.5085782567846,18.1351558144861
29.5085782567849,18.1658935194041
29.5085782567851,18.1966312243222
29.5085782567854,18.2273689292402
29.5085782567856,18.2581066341582
29.5085782567858,18.2888443390762
29.5085782567859,18.3195820439943
29.5085782567861,18.3503197489123
29.5085782567862,18.3810574538303
29.5085782567863,18.4117951587483
29.5085782567864,18.4425328636664
29.5085782567865,18.4732705685844
29.5085782567866,18.5040082735024
29.5085782567867,18.5347459784204
29.5085782567868,18.5654836833385
29.5085782567868,18.5962213882565
29.5085782567869,18.6269590931745
29.508578256787,18.6576967980925
29.508578256787,18.6884345030106
29.5085782567871,18.7191722079286
29.5085782567871,18.7499099128466
29.5085782567871,18.7806476177646
29.5085782567872,18.8113853226827
29.5085782567872,18.8421230276007
29.5085782567872,18.8728607325187
29.5085782567872,18.9035984374367
29.5085782567873,18.9343361423548
29.5085782567873,18.9650738472728
29.5085782567873,18.9958115521908
29.5085782567873,19.0265492571088
29.5085782567873,19.0572869620269
29.5085782567873,19.0880246669449
29.5085782567873,19.1187623718629
29.5085782567874,19.1495000767809
29.5085782567874,19.180237781699
29.5085782567874,19.210975486617
29.5085782567874,19.241713191535
29.5085782567874,19.272450896453
29.5085782567874,19.3031886013711
29.5085782567874,19.3339263062891
29.5085782567874,19.3646640112071
29.5085782567874,19.3954017161251
29.5085782567874,19.4261394210431
29.5085782567874,19.4568771259612
29.5085782567874,19.4876148308792
29.5085782567874,19.5183525357972
29.5085782567874,19.5490902407152
29.5085782567874,19.5798279456333
29.5085782567874,19.6105656505513
29.5085782567874,19.6413033554693
29.5085782567874,19.6720410603873
29.5085782567874,19.7027787653054
29.5085782567874,19.7335164702234
29.5085782567874,19.7642541751414
29.5085782567874,19.7949918800594
29.5085782567874,19.8257295849775
29.5085782567874,19.8564672898955
29.5085782567874,19.8872049948135
29.5085782567874,19.9179426997315
29.5085782567874,19.9486804046496
29.5085782567874,19.9794181095676
29.5085782567874,20.0101558144856
29.5085782567874,20.0408935194036
29.5085782567874,20.0716312243217
29.5085782567874,20.1023689292397
29.5085782567874,20.1331066341577
29.5085782567874,20.1638443390757
29.5085782567874,20.1945820439938
29.5085782567874,20.2253197489118
29.5085782567874,20.2560574538298
29.5085782567874,20.2867951587478
29.5085782567874,20.3175328636659
29.5085782567874,20.3482705685839
29.5085782567874,20.3790082735019
29.5085782567874,20.4097459784199
29.5085782567874,20.440483683338
29.5085782567874,20.471221388256
29.5085782567874,20.501959093174
29.5085782567874,20.532696798092
29.5085782567874,20.5634345030101
29.5085782567874,20.5941722079281
29.5085782567874,20.6249099128461
29.5085782567874,20.6556476177641
29.5085782567874,20.6863853226822
29.5085782567874,20.7171230276002
29.5085782567874,20.7478607325182
29.5085782567874,20.7785984374362
29.5085782567874,20.8093361423543
29.5085782567874,20.8400738472723
29.5085782567874,20.8708115521903
29.5085782567874,20.9015492571083
29.5085782567874,20.9322869620264
29.5085782567874,20.9630246669444
29.5085782567874,20.9937623718624
29.5085782567874,21.0245000767804
29.5085782567874,21.0552377816985
29.5085782567874,21.0859754866165
29.5085782567874,21.1167131915345
29.5085782567874,21.1474508964525
29.5085782567874,21.1781886013706
29.5085782567874,21.2089263062886
29.5085782567874,21.2396640112066
29.5085782567874,21.2704017161246
29.5085782567874,21.3011394210427
29.5085782567874,21.3318771259607
29.5085782567874,21.3626148308787
29.5085782567874,21.3933525357967
29.5085782567874,21.4240902407148
29.5085782567874,21.4548279456328
29.5085782567874,21.4855656505508
29.5085782567874,21.5163033554688
29.5085782567874,21.5470410603868
29.5085782567874,21.5777787653049
29.5085782567874,21.6085164702229
29.5085782567874,21.6392541751409
29.5085782567874,21.6699918800589
29.5085782567874,21.700729584977
29.5085782567874,21.731467289895
29.5085782567874,21.762204994813
29.5085782567874,21.792942699731
29.5085782567874,21.8236804046491
29.5085782567874,21.8544181095671
29.5085782567874,21.8851558144851
29.5085782567874,21.9158935194031
29.5085782567874,21.9466312243212
29.5085782567874,21.9773689292392
29.5085782567874,22.0081066341572
29.5085782567874,22.0388443390752
29.5085782567874,22.0695820439933
29.5085782567874,22.1003197489113
29.5085782567874,22.1310574538293
29.5085782567874,22.1617951587473
29.5085782567874,22.1925328636654
29.5085782567874,22.2232705685834
29.5085782567874,22.2540082735014
29.5085782567874,22.2847459784194
29.5085782567874,22.3154836833375
29.5085782567874,22.3462213882555
29.5085782567874,22.3769590931735
29.5085782567874,22.4076967980915
29.5085782567874,22.4384345030096
29.5085782567874,22.4691722079276
29.5085782567874,22.4999099128456
29.5085782567874,22.5306476177636
29.5085782567874,22.5613853226817
29.5085782567874,22.5921230275997
29.5085782567874,22.6228607325177
29.5085782567874,22.6535984374357
29.5085782567874,22.6843361423538
29.5085782567874,22.7150738472718
29.5085782567874,22.7458115521898
29.5085782567874,22.7765492571078
29.5085782567874,22.8072869620259
29.5085782567874,22.8380246669439
29.5085782567874,22.8687623718619
29.5085782567874,22.8995000767799
29.5085782567874,22.930237781698
29.5085782567874,22.960975486616
29.5085782567874,22.991713191534
29.5085782567874,23.022450896452
29.5085782567874,23.0531886013701
29.5085782567874,23.0839263062881
29.5085782567874,23.1146640112061
29.5085782567874,23.1454017161241
29.5085782567874,23.1761394210422
29.5085782567874,23.2068771259602
29.5085782567874,23.2376148308782
29.5085782567874,23.2683525357962
29.5085782567874,23.2990902407143
29.5085782567874,23.3298279456323
29.5085782567874,23.3605656505503
29.5085782567874,23.3913033554683
29.5085782567874,23.4220410603864
29.5085782567874,23.4527787653044
29.5085782567874,23.4835164702224
29.5085782567874,23.5142541751404
29.5085782567874,23.5449918800585
29.5085782567874,23.5757295849765
29.5085782567874,23.6064672898945
29.5085782567874,23.6372049948125
29.5085782567874,23.6679426997305
29.5085782567874,23.6986804046486
29.5085782567874,23.7294181095666
29.5085782567874,23.7601558144846
29.5085782567874,23.7908935194026
29.5085782567874,23.8216312243207
29.5085782567874,23.8523689292387
29.5085782567874,23.8831066341567
29.5085782567874,23.9138443390747
29.5085782567874,23.9445820439928
29.5085782567874,23.9753197489108
29.5085782567874,24.0060574538288
29.5085782567874,24.0367951587468
29.5085782567874,24.0675328636649
29.5085782567874,24.0982705685829
29.5085782567874,24.1290082735009
29.5085782567874,24.1597459784189
29.5085782567874,24.190483683337
29.5085782567874,24.221221388255
29.5085782567874,24.251959093173
29.5085782567874,24.282696798091
29.5085782567874,24.3134345030091
29.5085782567874,24.3441722079271
29.5085782567874,24.3749099128451
29.5085782567874,24.4056476177631
29.5085782567874,24.4363853226812
29.5085782567874,24.4671230275992
29.5085782567874,24.4978607325172
29.5085782567874,24.5285984374352
29.5085782567874,24.5593361423533
29.5085782567874,24.5900738472713
29.5085782567874,24.6208115521893
29.5085782567874,24.6515492571073
29.5085782567874,24.6822869620254
29.5085782567874,24.7130246669434
29.5085782567874,24.7437623718614
29.5085782567874,24.7745000767794
29.5085782567874,24.8052377816975
29.5085782567874,24.8359754866155
29.5085782567874,24.8667131915335
29.5085782567874,24.8974508964515
29.5085782567874,24.9281886013696
29.5085782567874,24.9589263062876
29.5085782567874,24.9896640112056
29.5085782567874,25.0204017161236
29.5085782567874,25.0511394210417
29.5085782567874,25.0818771259597
29.5085782567874,25.1126148308777
29.5085782567874,25.1433525357957
29.5085782567874,25.1740902407138
29.5085782567874,25.2048279456318
29.5085782567874,25.2355656505498
29.5085782567874,25.2663033554678
29.5085782567874,25.2970410603859
29.5085782567874,25.3277787653039
29.5085782567874,25.3585164702219
29.5085782567874,25.3892541751399
29.5085782567874,25.419991880058
29.5085782567874,25.450729584976
29.5085782567874,25.481467289894
29.5085782567874,25.512204994812
29.5085782567874,25.5429426997301
29.5085782567874,25.5736804046481
29.5085782567874,25.6044181095661
29.5085782567874,25.6351558144841
29.5085782567874,25.6658935194022
29.5085782567874,25.6966312243202
29.5085782567874,25.7273689292382
29.5085782567874,25.7581066341562
29.5085782567874,25.7888443390742
29.5085782567874,25.8195820439923
29.5085782567874,25.8503197489103
29.5085782567874,25.8810574538283
29.5085782567874,25.9117951587463
29.5085782567874,25.9425328636644
29.5085782567874,25.9732705685824
29.5085782567874,26.0040082735004
29.5085782567874,26.0347459784184
29.5085782567874,26.0654836833365
29.5085782567874,26.0962213882545
29.5085782567874,26.1269590931725
29.5085782567874,26.1576967980905
29.5085782567874,26.1884345030086
29.5085782567874,26.2191722079266
29.5085782567874,26.2499099128446
29.5085782567874,26.2806476177626
29.5085782567874,26.3113853226807
29.5085782567874,26.3421230275987
29.5085782567874,26.3728607325167
29.5085782567874,26.4035984374347
29.5085782567874,26.4343361423528
29.5085782567874,26.4650738472708
29.5085782567874,26.4958115521888
29.5085782567874,26.5265492571068
29.5085782567874,26.5572869620249
29.5085782567874,26.5880246669429
29.5085782567874,26.6187623718609
29.5085782567874,26.6495000767789
29.5085782567874,26.680237781697
29.5085782567874,26.710975486615
29.5085782567874,26.741713191533
29.5085782567874,26.772450896451
29.5085782567874,26.8031886013691
29.5085782567874,26.8339263062871
29.5085782567874,26.8646640112051
29.5085782567874,26.8954017161231
29.5085782567874,26.9261394210412
29.5085782567874,26.9568771259592
29.5085782567874,26.9876148308772
29.5085782567874,27.0183525357952
29.5085782567874,27.0490902407133
29.5085782567874,27.0798279456313
29.5085782567874,27.1105656505493
29.5085782567874,27.1413033554673
29.5085782567874,27.1720410603854
29.5085782567874,27.2027787653034
29.5085782567874,27.2335164702214
29.5085782567874,27.2642541751394
29.5085782567874,27.2949918800575
29.5085782567874,27.3257295849755
29.5085782567874,27.3564672898935
29.5085782567874,27.3872049948115
29.5085782567874,27.4179426997296
29.5085782567874,27.4486804046476
29.5085782567874,27.4794181095656
29.5085782567874,27.5101558144836
29.5085782567874,27.5408935194017
29.5085782567874,27.5716312243197
29.5085782567874,27.6023689292377
29.5085782567874,27.6331066341557
29.5085782567874,27.6638443390738
29.5085782567874,27.6945820439918
29.5085782567874,27.7253197489098
29.5085782567874,27.7560574538278
29.5085782567874,27.7867951587458
29.5085782567874,27.8175328636639
29.5085782567874,27.8482705685819
29.5085782567874,27.8790082734999
29.5085782567874,27.9097459784179
29.5085782567874,27.940483683336
29.5085782567874,27.971221388254
29.5085782567874,28.001959093172
29.5085782567874,28.03269679809
29.5085782567874,28.0634345030081
29.5085782567874,28.0941722079261
29.5085782567874,28.1249099128441
29.5085782567874,28.1556476177621
29.5085782567874,28.1863853226802
29.5085782567874,28.2171230275982
29.5085782567874,28.2478607325162
29.5085782567874,28.2785984374342
29.5085782567874,28.3093361423523
29.5085782567874,28.3400738472703
29.5085782567874,28.3708115521883
29.5085782567874,28.4015492571063
29.5085782567874,28.4322869620244
29.5085782567874,28.4630246669424
29.5085782567874,28.4937623718604
29.5085782567874,28.5245000767784
29.5085782567874,28.5552377816965
29.5085782567874,28.5859754866145
29.5085782567874,28.6167131915325
29.5085782567874,28.6474508964505
29.5085782567874,28.6781886013686
29.5085782567874,28.7089263062866
29.5085782567874,28.7396640112046
29.5085782567874,28.7704017161226
29.5085782567874,28.8011394210407
29.5085782567874,28.8318771259587
29.5085782567874,28.8626148308767
29.5085782567874,28.8933525357947
29.5085782567874,28.9240902407128
29.5085782567874,28.9548279456308
29.5085782567874,28.9855656505488
29.5085782567874,29.0163033554668
29.5085782567874,29.0470410603849
29.5085782567874,29.0777787653029
29.5085782567874,29.1085164702209
29.5085782567874,29.1392541751389
29.5085782567874,29.169991880057
29.5085782567874,29.200729584975
29.5085782567874,29.231467289893
29.5085782567874,29.262204994811
29.5085782567874,29.2929426997291
29.5085782567874,29.3236804046471
29.5085782567874,29.3544181095651
29.5085782567874,29.3851558144831
29.5085782567874,29.4158935194012
29.5085782567874,29.4466312243192
29.5085782567874,29.4773689292372
29.5085782567874,29.5081066341552
29.5085782567874,29.5388443390733
29.5085782567874,29.5695820439913
29.5085782567874,29.6003197489093
29.5085782567874,29.6310574538273
29.5085782567874,29.6617951587454
29.5085782567874,29.6925328636634
29.5085782567874,29.7232705685814
29.5085782567874,29.7540082734994
29.5085782567874,29.7847459784175
29.5085782567874,29.8154836833355
29.5085782567874,29.8462213882535
29.5085782567874,29.8769590931715
29.5085782567874,29.9076967980895
29.5085782567874,29.9384345030076
29.5085782567874,29.9691722079256
29.5085782567874,29.9999099128436
29.5085782567874,30.0306476177616
29.5085782567874,30.0613853226797
29.5085782567874,30.0921230275977
29.5085782567874,30.1228607325157
29.5085782567874,30.1535984374337
29.5085782567874,30.1843361423518
29.5085782567874,30.2150738472698
29.5085782567874,30.2458115521878
29.5085782567874,30.2765492571058
29.5085782567874,30.3072869620239
29.5085782567874,30.3380246669419
29.5085782567874,30.3687623718599
29.5085782567874,30.3995000767779
29.5085782567874,30.430237781696
29.5085782567874,30.460975486614
29.5085782567874,30.491713191532
29.5085782567874,30.52245089645
29.5085782567874,30.5531886013681
29.5085782567874,30.5839263062861
29.5085782567874,30.6146640112041
29.5085782567874,30.6454017161221
29.5085782567874,30.6761394210402
29.5085782567874,30.7068771259582
29.5085782567874,30.7376148308762
29.5085782567874,30.7683525357942
29.5085782567874,30.7990902407123
29.5085782567874,30.8298279456303
29.5085782567874,30.8605656505483
29.5085782567874,30.8913033554663
29.5085782567874,30.9220410603844
29.5085782567874,30.9527787653024
29.5085782567874,30.9835164702204
29.5085782567874,31.0142541751384
29.5085782567874,31.0449918800565
29.5085782567874,31.0757295849745
29.5085782567874,31.1064672898925
29.5085782567874,31.1372049948105
29.5085782567874,31.1679426997286
29.5085782567874,31.1986804046466
29.5085782567874,31.2294181095646
29.5085782567874,31.2601558144826
29.5085782567874,31.2908935194007
29.5085782567874,31.3216312243187
29.5085782567874,31.3523689292367
29.5085782567874,31.3831066341547
29.5085782567874,31.4138443390728
29.5085782567874,31.4445820439908
29.5085782567874,31.4753197489088
29.5085782567874,31.5060574538268
29.5085782567874,31.5367951587449
29.5085782567874,31.5675328636629
29.5085782567874,31.5982705685809
29.5085782567874,31.6290082734989
29.5085782567874,31.659745978417
29.5085782567874,31.690483683335
29.5085782567874,31.721221388253
29.5085782567874,31.751959093171
29.5085782567874,31.7826967980891
29.5085782567874,31.8134345030071
29.5085782567874,31.8441722079251
29.5085782567874,31.8749099128431
29.5085782567874,31.9056476177612
29.5085782567874,31.9363853226792
29.5085782567874,31.9671230275972
29.5085782567874,31.9978607325152
29.5085782567874,32.0285984374333
29.5085782567874,32.0593361423513
29.5085782567874,32.0900738472693
29.5085782567874,32.1208115521873
29.5085782567874,32.1515492571054
29.5085782567874,32.1822869620234
29.5085782567874,32.2130246669414
29.5085782567874,32.2437623718594
29.5085782567874,32.2745000767774
29.5085782567874,32.3052377816955
29.5085782567874,32.3359754866135
29.5085782567874,32.3667131915315
29.5085782567874,32.3974508964495
29.5085782567874,32.4281886013676
29.5085782567874,32.4589263062856
29.5085782567874,32.4896640112036
29.5085782567874,32.5204017161216
29.5085782567874,32.5511394210397
29.5085782567874,32.5818771259577
29.5085782567874,32.6126148308757
29.5085782567874,32.6433525357937
29.5085782567874,32.6740902407118
29.5085782567874,32.7048279456298
29.5085782567874,32.7355656505478
29.5085782567874,32.7663033554658
29.5085782567874,32.7970410603839
29.5085782567874,32.8277787653019
29.5085782567874,32.8585164702199
29.5085782567874,32.8892541751379
29.5085782567874,32.919991880056
29.5085782567874,32.950729584974
29.5085782567874,32.981467289892
29.5085782567874,33.01220499481
29.5085782567874,33.0429426997281
29.5085782567874,33.0736804046461
29.5085782567874,33.1044181095641
29.5085782567874,33.1351558144821
29.5085782567874,33.1658935194002
29.5085782567874,33.1966312243182
29.5085782567874,33.2273689292362
29.5085782567874,33.2581066341542
29.5085782567874,33.2888443390723
29.5085782567874,33.3195820439903
29.5085782567874,33.3503197489083
29.5085782567874,33.3810574538263
29.5085782567874,33.4117951587444
29.5085782567874,33.4425328636624
29.5085782567874,33.4732705685804
29.5085782567874,33.5040082734984
29.5085782567874,33.5347459784165
29.5085782567874,33.5654836833345
29.5085782567874,33.5962213882525
29.5085782567874,33.6269590931705
29.5085782567874,33.6576967980886
29.5085782567874,33.6884345030066
29.5085782567874,33.7191722079246
29.5085782567874,33.7499099128426
29.5085782567874,33.7806476177607
29.5085782567874,33.8113853226787
29.5085782567874,33.8421230275967
29.5085782567874,33.8728607325147
29.5085782567874,33.9035984374328
29.5085782567874,33.9343361423508
29.5085782567874,33.9650738472688
29.5085782567874,33.9958115521868
29.5085782567874,34.0265492571049
29.5085782567874,34.0572869620229
29.5085782567874,34.0880246669409
29.5085782567874,34.1187623718589
29.5085782567874,34.149500076777
29.5085782567874,34.180237781695
29.5085782567874,34.210975486613
29.5085782567874,34.241713191531
29.5085782567874,34.2724508964491
29.5085782567874,34.3031886013671
29.5085782567874,34.3339263062851
29.5085782567874,34.3646640112031
29.5085782567874,34.3954017161211
29.5085782567874,34.4261394210392
29.5085782567874,34.4568771259572
29.5085782567874,34.4876148308752
29.5085782567874,34.5183525357932
29.5085782567874,34.5490902407113
29.5085782567874,34.5798279456293
29.5085782567874,34.6105656505473
29.5085782567874,34.6413033554653
29.5085782567874,34.6720410603834
29.5085782567874,34.7027787653014
29.5085782567874,34.7335164702194
29.5085782567874,34.7642541751374
29.5085782567874,34.7949918800555
29.5085782567874,34.8257295849735
29.5085782567874,34.8564672898915
29.5085782567874,34.8872049948095
29.5085782567874,34.9179426997276
29.5085782567874,34.9486804046456
29.5085782567874,34.9794181095636
29.5085782567874,35.0101558144816
29.5085782567874,35.0408935193997
29.5085782567874,35.0716312243177
29.5085782567874,35.1023689292357
29.5085782567874,35.1331066341537
29.5085782567874,35.1638443390718
29.5085782567874,35.1945820439898
29.5085782567874,35.2253197489078
29.5085782567874,35.2560574538258
29.5085782567874,35.2867951587439
29.5085782567874,35.3175328636619
29.5085782567874,35.3482705685799
29.5085782567874,35.3790082734979
29.5085782567874,35.409745978416
29.5085782567874,35.440483683334
29.5085782567874,35.471221388252
29.5085782567874,35.50195909317
29.5085782567874,35.5326967980881
29.5085782567874,35.5634345030061
29.5085782567874,35.5941722079241
29.5085782567874,35.6249099128421
29.5085782567874,35.6556476177602
29.5085782567874,35.6863853226782
29.5085782567874,35.7171230275962
29.5085782567874,35.7478607325142
29.5085782567874,35.7785984374323
29.5085782567874,35.8093361423503
29.5085782567874,35.8400738472683
29.5085782567874,35.8708115521863
29.5085782567874,35.9015492571044
29.5085782567874,35.9322869620224
29.5085782567874,35.9630246669404
29.5085782567874,35.9937623718584
29.5085782567874,36.0245000767765
29.5085782567874,36.0552377816945
29.5085782567874,36.0859754866125
29.5085782567874,36.1167131915305
29.5085782567874,36.1474508964486
29.5085782567874,36.1781886013666
29.5085782567874,36.2089263062846
29.5085782567874,36.2396640112026
29.5085782567874,36.2704017161207
29.5085782567874,36.3011394210387
29.5085782567874,36.3318771259567
29.5085782567874,36.3626148308747
29.5085782567874,36.3933525357928
29.5085782567874,36.4240902407108
29.5085782567874,36.4548279456288
29.5085782567874,36.4855656505468
29.5085782567874,36.5163033554648
29.5085782567874,36.5470410603829
29.5085782567874,36.5777787653009
29.5085782567874,36.6085164702189
29.5085782567874,36.6392541751369
29.5085782567874,36.669991880055
29.5085782567874,36.700729584973
29.5085782567874,36.731467289891
29.5085782567874,36.762204994809
29.5085782567874,36.7929426997271
29.5085782567874,36.8236804046451
29.5085782567874,36.8544181095631
29.5085782567874,36.8851558144811
29.5085782567874,36.9158935193992
29.5085782567874,36.9466312243172
29.5085782567874,36.9773689292352
29.5085782567874,37.0081066341532
29.5085782567874,37.0388443390713
29.5085782567874,37.0695820439893
29.5085782567874,37.1003197489073
29.5085782567874,37.1310574538253
29.5085782567874,37.1617951587434
29.5085782567874,37.1925328636614
29.5085782567874,37.2232705685794
29.5085782567874,37.2540082734974
29.5085782567874,37.2847459784155
29.5085782567874,37.3154836833335
29.5085782567874,37.3462213882515
29.5085782567874,37.3769590931695
29.5085782567874,37.4076967980876
29.5085782567874,37.4384345030056
29.5085782567874,37.4691722079236
29.5085782567874,37.4999099128416
29.5085782567874,37.5306476177597
29.5085782567874,37.5613853226777
29.5085782567874,37.5921230275957
29.5085782567874,37.6228607325137
29.5085782567874,37.6535984374318
29.5085782567874,37.6843361423498
29.5085782567874,37.7150738472678
29.5085782567874,37.7458115521858
29.5085782567874,37.7765492571039
29.5085782567874,37.8072869620219
29.5085782567874,37.8380246669399
29.5085782567874,37.8687623718579
29.5085782567874,37.899500076776
29.5085782567874,37.930237781694
29.5085782567874,37.960975486612
29.5085782567874,37.99171319153
29.5085782567874,38.0224508964481
29.5085782567874,38.0531886013661
29.5085782567874,38.0839263062841
29.5085782567874,38.1146640112021
29.5085782567874,38.1454017161202
29.5085782567874,38.1761394210382
29.5085782567874,38.2068771259562
29.5085782567874,38.2376148308742
29.5085782567874,38.2683525357923
29.5085782567874,38.2990902407103
29.5085782567874,38.3298279456283
29.5085782567874,38.3605656505463
29.5085782567874,38.3913033554644
29.5085782567874,38.4220410603824
29.5085782567874,38.4527787653004
29.5085782567874,38.4835164702184
29.5085782567874,38.5142541751365
29.5085782567874,38.5449918800545
29.5085782567874,38.5757295849725
29.5085782567874,38.6064672898905
29.5085782567874,38.6372049948085
29.5085782567874,38.6679426997266
29.5085782567874,38.6986804046446
29.5085782567874,38.7294181095626
29.5085782567874,38.7601558144806
29.5085782567874,38.7908935193987
29.5085782567874,38.8216312243167
29.5085782567874,38.8523689292347
29.5085782567874,38.8831066341527
29.5085782567874,38.9138443390708
29.5085782567874,38.9445820439888
29.5085782567874,38.9753197489068
29.5085782567874,39.0060574538248
29.5085782567874,39.0367951587429
29.5085782567874,39.0675328636609
29.5085782567874,39.0982705685789
29.5085782567874,39.1290082734969
29.5085782567874,39.159745978415
29.5085782567874,39.190483683333
29.5085782567874,39.221221388251
29.5085782567874,39.251959093169
29.5085782567874,39.2826967980871
29.5085782567874,39.3134345030051
29.5085782567874,39.3441722079231
29.5085782567874,39.3749099128411
29.5085782567874,39.4056476177592
29.5085782567874,39.4363853226772
29.5085782567874,39.4671230275952
29.5085782567874,39.4978607325132
29.5085782567874,39.5285984374313
29.5085782567874,39.5593361423493
29.5085782567874,39.5900738472673
29.5085782567874,39.6208115521853
29.5085782567874,39.6515492571034
29.5085782567874,39.6822869620214
29.5085782567874,39.7130246669394
29.5085782567874,39.7437623718574
29.5085782567874,39.7745000767755
29.5085782567874,39.8052377816935
29.5085782567874,39.8359754866115
29.5085782567874,39.8667131915295
29.5085782567874,39.8974508964476
29.5085782567874,39.9281886013656
29.5085782567874,39.9589263062836
29.5085782567874,39.9896640112016
29.5085782567874,40.0204017161197
29.5085782567874,40.0511394210377
29.5085782567874,40.0818771259557
29.5085782567874,40.1126148308737
29.5085782567874,40.1433525357918
29.5085782567874,40.1740902407098
29.5085782567874,40.2048279456278
29.5085782567874,40.2355656505458
29.5085782567874,40.2663033554639
29.5085782567874,40.2970410603819
29.5085782567874,40.3277787652999
29.5085782567874,40.3585164702179
29.5085782567874,40.389254175136
29.5085782567874,40.419991880054
29.5085782567874,40.450729584972
29.5085782567874,40.48146728989
29.5085782567874,40.5122049948081
29.5085782567874,40.5429426997261
29.5085782567874,40.5736804046441
29.5085782567874,40.6044181095621
29.5085782567874,40.6351558144802
29.5085782567874,40.6658935193982
29.5085782567874,40.6966312243162
29.5085782567874,40.7273689292342
29.5085782567874,40.7581066341522
29.5085782567874,40.7888443390703
29.5085782567874,40.8195820439883
29.5085782567874,40.8503197489063
29.5085782567874,40.8810574538243
29.5085782567874,40.9117951587424
29.5085782567874,40.9425328636604
29.5085782567874,40.9732705685784
29.5085782567874,41.0040082734964
29.5085782567874,41.0347459784145
29.5085782567874,41.0654836833325
29.5085782567874,41.0962213882505
29.5085782567874,41.1269590931685
29.5085782567874,41.1576967980866
29.5085782567874,41.1884345030046
29.5085782567874,41.2191722079226
29.5085782567874,41.2499099128406
29.5085782567874,41.2806476177587
29.5085782567874,41.3113853226767
29.5085782567874,41.3421230275947
29.5085782567874,41.3728607325127
29.5085782567874,41.4035984374308
29.5085782567874,41.4343361423488
29.5085782567874,41.4650738472668
29.5085782567874,41.4958115521848
29.5085782567874,41.5265492571029
29.5085782567874,41.5572869620209
29.5085782567874,41.5880246669389
29.5085782567874,41.6187623718569
29.5085782567874,41.649500076775
29.5085782567874,41.680237781693
29.5085782567874,41.710975486611
29.5085782567874,41.741713191529
29.5085782567874,41.7724508964471
29.5085782567874,41.8031886013651
29.5085782567874,41.8339263062831
29.5085782567874,41.8646640112011
29.5085782567874,41.8954017161192
29.5085782567874,41.9261394210372
29.5085782567874,41.9568771259552
29.5085782567874,41.9876148308732
29.5085782567874,42.0183525357913
29.5085782567874,42.0490902407093
29.5085782567874,42.0798279456273
29.5085782567874,42.1105656505453
29.5085782567874,42.1413033554634
29.5085782567874,42.1720410603814
29.5085782567874,42.2027787652994
29.5085782567874,42.2335164702174
29.5085782567874,42.2642541751355
29.5085782567874,42.2949918800535
29.5085782567874,42.3257295849715
29.5085782567874,42.3564672898895
29.5085782567874,42.3872049948076
29.5085782567874,42.4179426997256
29.5085782567874,42.4486804046436
29.5085782567874,42.4794181095616
29.5085782567874,42.5101558144797
29.5085782567874,42.5408935193977
29.5085782567874,42.5716312243157
29.5085782567874,42.6023689292337
29.5085782567874,42.6331066341518
29.5085782567874,42.6638443390698
29.5085782567874,42.6945820439878
29.5085782567874,42.7253197489058
29.5085782567874,42.7560574538238
29.5085782567874,42.7867951587419
29.5085782567874,42.8175328636599
29.5085782567874,42.8482705685779
29.5085782567874,42.8790082734959
29.5085782567874,42.909745978414
29.5085782567874,42.940483683332
29.5085782567874,42.97122138825
29.5085782567874,43.001959093168
29.5085782567874,43.0326967980861
29.5085782567874,43.0634345030041
29.5085782567874,43.0941722079221
29.5085782567874,43.1249099128401
29.5085782567874,43.1556476177582
29.5085782567874,43.1863853226762
29.5085782567874,43.2171230275942
29.5085782567874,43.2478607325122
29.5085782567874,43.2785984374303
29.5085782567874,43.3093361423483
29.5085782567874,43.3400738472663
29.5085782567874,43.3708115521843
29.5085782567874,43.4015492571024
29.5085782567874,43.4322869620204
29.5085782567874,43.4630246669384
29.5085782567874,43.4937623718564
29.5085782567874,43.5245000767745
29.5085782567874,43.5552377816925
29.5085782567874,43.5859754866105
29.5085782567874,43.6167131915285
29.5085782567874,43.6474508964466
29.5085782567874,43.6781886013646
29.5085782567874,43.7089263062826
29.5085782567874,43.7396640112006
29.5085782567874,43.7704017161187
29.5085782567874,43.8011394210367
29.5085782567874,43.8318771259547
29.5085782567874,43.8626148308727
29.5085782567874,43.8933525357908
29.5085782567874,43.9240902407088
29.5085782567874,43.9548279456268
29.5085782567874,43.9855656505448
29.5085782567874,44.0163033554629
29.5085782567874,44.0470410603809
29.5085782567874,44.0777787652989
29.5085782567874,44.1085164702169
29.5085782567874,44.139254175135
29.5085782567874,44.169991880053
29.5085782567874,44.200729584971
29.5085782567874,44.231467289889
29.5085782567874,44.2622049948071
29.5085782567874,44.2929426997251
29.5085782567874,44.3236804046431
29.5085782567874,44.3544181095611
29.5085782567874,44.3851558144792
29.5085782567874,44.4158935193972
29.5085782567874,44.4466312243152
29.5085782567874,44.4773689292332
29.5085782567874,44.5081066341513
29.5085782567874,44.5388443390693
29.5085782567874,44.5695820439873
29.5085782567874,44.6003197489053
29.5085782567874,44.6310574538234
29.5085782567874,44.6617951587414
29.5085782567874,44.6925328636594
29.5085782567874,44.7232705685774
29.5085782567874,44.7540082734955
29.5085782567874,44.7847459784135
29.5085782567874,44.8154836833315
29.5085782567874,44.8462213882495
29.5085782567874,44.8769590931675
29.5085782567874,44.9076967980856
29.5085782567874,44.9384345030036
29.5085782567874,44.9691722079216
29.5085782567874,44.9999099128396
29.5085782567874,45.0306476177577
29.5085782567874,45.0613853226757
29.5085782567874,45.0921230275937
29.5085782567874,45.1228607325117
29.5085782567874,45.1535984374298
29.5085782567874,45.1843361423478
29.5085782567874,45.2150738472658
29.5085782567874,45.2458115521838
29.5085782567874,45.2765492571019
29.5085782567874,45.3072869620199
29.5085782567874,45.3380246669379
29.5085782567874,45.3687623718559
29.5085782567874,45.399500076774
29.5085782567874,45.430237781692
29.5085782567874,45.46097548661
29.5085782567874,45.491713191528
29.5085782567874,45.5224508964461
29.5085782567874,45.5531886013641
29.5085782567874,45.5839263062821
29.5085782567874,45.6146640112001
29.5085782567874,45.6454017161182
29.5085782567874,45.6761394210362
29.5085782567874,45.7068771259542
29.5085782567874,45.7376148308722
29.5085782567874,45.7683525357903
29.5085782567874,45.7990902407083
29.5085782567874,45.8298279456263
29.5085782567874,45.8605656505443
29.5085782567874,45.8913033554624
29.5085782567874,45.9220410603804
29.5085782567874,45.9527787652984
29.5085782567874,45.9835164702164
29.5085782567874,46.0142541751345
29.5085782567874,46.0449918800525
29.5085782567874,46.0757295849705
29.5085782567874,46.1064672898885
29.5085782567874,46.1372049948066
29.5085782567874,46.1679426997246
29.5085782567874,46.1986804046426
29.5085782567874,46.2294181095606
29.5085782567874,46.2601558144787
29.5085782567874,46.2908935193967
29.5085782567874,46.3216312243147
29.5085782567874,46.3523689292327
29.5085782567874,46.3831066341508
29.5085782567874,46.4138443390688
29.5085782567874,46.4445820439868
29.5085782567874,46.4753197489048
29.5085782567874,46.5060574538229
29.5085782567874,46.5367951587409
29.5085782567874,46.5675328636589
29.5085782567874,46.5982705685769
29.5085782567874,46.629008273495
29.5085782567874,46.659745978413
29.5085782567874,46.690483683331
29.5085782567874,46.721221388249
29.5085782567874,46.7519590931671
29.5085782567874,46.7826967980851
29.5085782567874,46.8134345030031
29.5085782567874,46.8441722079211
29.5085782567874,46.8749099128392
29.5085782567874,46.9056476177572
29.5085782567874,46.9363853226752
29.5085782567874,46.9671230275932
29.5085782567874,46.9978607325112
29.5085782567874,47.0285984374293
29.5085782567874,47.0593361423473
29.5085782567874,47.0900738472653
29.5085782567874,47.1208115521833
29.5085782567874,47.1515492571014
29.5085782567874,47.1822869620194
29.5085782567874,47.2130246669374
29.5085782567874,47.2437623718554
29.5085782567874,47.2745000767735
29.5085782567874,47.3052377816915
29.5085782567874,47.3359754866095
29.5085782567874,47.3667131915275
29.5085782567874,47.3974508964456
29.5085782567874,47.4281886013636
29.5085782567874,47.4589263062816
29.5085782567874,47.4896640111996
29.5085782567874,47.5204017161177
29.5085782567874,47.5511394210357
29.5085782567874,47.5818771259537
29.5085782567874,47.6126148308717
29.5085782567874,47.6433525357898
29.5085782567874,47.6740902407078
29.5085782567874,47.7048279456258
29.5085782567874,47.7355656505438
29.5085782567874,47.7663033554619
29.5085782567874,47.7970410603799
29.5085782567874,47.8277787652979
29.5085782567874,47.8585164702159
29.5085782567874,47.889254175134
29.5085782567874,47.919991880052
29.5085782567874,47.95072958497
29.5085782567874,47.981467289888
29.5085782567874,48.0122049948061
29.5085782567874,48.0429426997241
29.5085782567874,48.0736804046421
29.5085782567874,48.1044181095601
29.5085782567874,48.1351558144782
29.5085782567874,48.1658935193962
29.5085782567874,48.1966312243142
29.5085782567874,48.2273689292322
29.5085782567874,48.2581066341503
29.5085782567874,48.2888443390683
29.5085782567874,48.3195820439863
29.5085782567874,48.3503197489043
29.5085782567874,48.3810574538224
29.5085782567874,48.4117951587404
29.5085782567874,48.4425328636584
29.5085782567874,48.4732705685764
29.5085782567874,48.5040082734945
29.5085782567874,48.5347459784125
29.5085782567874,48.5654836833305
29.5085782567874,48.5962213882485
29.5085782567874,48.6269590931666
29.5085782567874,48.6576967980846
29.5085782567874,48.6884345030026
29.5085782567874,48.7191722079206
29.5085782567874,48.7499099128387
29.5085782567874,48.7806476177567
29.5085782567874,48.8113853226747
29.5085782567874,48.8421230275927
29.5085782567874,48.8728607325108
29.5085782567874,48.9035984374288
29.5085782567874,48.9343361423468
29.5085782567874,48.9650738472648
29.5085782567874,48.9958115521829
29.5085782567874,49.0265492571009
29.5085782567874,49.0572869620189
29.5085782567874,49.0880246669369
29.5085782567874,49.1187623718549
29.5085782567874,49.149500076773
29.5085782567874,49.180237781691
29.5085782567874,49.210975486609
29.5085782567874,49.241713191527
29.5085782567874,49.2724508964451
29.5085782567874,49.3031886013631
29.5085782567874,49.3339263062811
29.5085782567874,49.3646640111991
29.5085782567874,49.3954017161172
29.5085782567874,49.4261394210352
29.5085782567874,49.4568771259532
29.5085782567874,49.4876148308712
29.5085782567874,49.5183525357893
29.5085782567874,49.5490902407073
29.5085782567874,49.5798279456253
29.5085782567874,49.6105656505433
29.5085782567874,49.6413033554614
29.5085782567874,49.6720410603794
29.5085782567874,49.7027787652974
29.5085782567874,49.7335164702154
29.5085782567874,49.7642541751335
29.5085782567874,49.7949918800515
29.5085782567874,49.8257295849695
29.5085782567874,49.8564672898875
29.5085782567874,49.8872049948056
29.5085782567874,49.9179426997236
29.5085782567874,49.9486804046416
29.5085782567874,49.9794181095596
29.5085782567874,50.0101558144777
29.5085782567874,50.0408935193957
29.5085782567874,50.0716312243137
29.5085782567874,50.1023689292317
29.5085782567874,50.1331066341498
29.5085782567874,50.1638443390678
29.5085782567874,50.1945820439858
29.5085782567874,50.2253197489038
29.5085782567874,50.2560574538219
29.5085782567874,50.2867951587399
29.5085782567874,50.3175328636579
29.5085782567874,50.3482705685759
29.5085782567874,50.379008273494
29.5085782567874,50.409745978412
29.5085782567874,50.44048368333
29.5085782567874,50.471221388248
29.5085782567874,50.5019590931661
29.5085782567874,50.5326967980841
29.5085782567874,50.5634345030021
29.5085782567874,50.5941722079201
29.5085782567874,50.6249099128382
29.5085782567874,50.6556476177562
29.5085782567874,50.6863853226742
29.5085782567874,50.7171230275922
29.5085782567874,50.7478607325103
29.5085782567874,50.7785984374283
29.5085782567874,50.8093361423463
29.5085782567874,50.8400738472643
29.5085782567874,50.8708115521824
29.5085782567874,50.9015492571004
29.5085782567874,50.9322869620184
29.5085782567874,50.9630246669364
29.5085782567874,50.9937623718545
29.5085782567874,51.0245000767725
29.5085782567874,51.0552377816905
29.5085782567874,51.0859754866085
29.5085782567874,51.1167131915266
29.5085782567874,51.1474508964446
29.5085782567874,51.1781886013626
29.5085782567874,51.2089263062806
29.5085782567874,51.2396640111986
29.5085782567874,51.2704017161167
29.5085782567874,51.3011394210347
29.5085782567874,51.3318771259527
29.5085782567874,51.3626148308707
29.5085782567874,51.3933525357888
29.5085782567874,51.4240902407068
29.5085782567874,51.4548279456248
29.5085782567874,51.4855656505428
29.5085782567874,51.5163033554609
29.5085782567874,51.5470410603789
29.5085782567874,51.5777787652969
29.5085782567874,51.6085164702149
29.5085782567874,51.639254175133
29.5085782567874,51.669991880051
29.5085782567874,51.700729584969
29.5085782567874,51.731467289887
29.5085782567874,51.7622049948051
29.5085782567874,51.7929426997231
29.5085782567874,51.8236804046411
29.5085782567874,51.8544181095591
29.5085782567874,51.8851558144772
29.5085782567874,51.9158935193952
29.5085782567874,51.9466312243132
29.5085782567874,51.9773689292312
29.5085782567874,52.0081066341493
29.5085782567874,52.0388443390673
29.5085782567874,52.0695820439853
29.5085782567874,52.1003197489033
29.5085782567874,52.1310574538214
29.5085782567874,52.1617951587394
29.5085782567874,52.1925328636574
29.5085782567874,52.2232705685754
29.5085782567874,52.2540082734935
29.5085782567874,52.2847459784115
29.5085782567874,52.3154836833295
29.5085782567874,52.3462213882475
29.5085782567874,52.3769590931656
29.5085782567874,52.4076967980836
29.5085782567874,52.4384345030016
29.5085782567874,52.4691722079196
29.5085782567874,52.4999099128377
29.5085782567874,52.5306476177557
29.5085782567874,52.5613853226737
29.5085782567874,52.5921230275917
29.5085782567874,52.6228607325098
29.5085782567874,52.6535984374278
29.5085782567874,52.6843361423458
29.5085782567874,52.7150738472638
29.5085782567874,52.7458115521819
29.5085782567874,52.7765492570999
29.5085782567874,52.8072869620179
29.5085782567874,52.8380246669359
29.5085782567874,52.868762371854
29.5085782567874,52.899500076772
29.5085782567874,52.93023778169
29.5085782567874,52.960975486608
29.5085782567874,52.9917131915261
29.5085782567874,53.0224508964441
29.5085782567874,53.0531886013621
29.5085782567874,53.0839263062801
29.5085782567874,53.1146640111982
29.5085782567874,53.1454017161162
29.5085782567874,53.1761394210342
29.5085782567874,53.2068771259522
29.5085782567874,53.2376148308702
29.5085782567874,53.2683525357883
29.5085782567874,53.2990902407063
29.5085782567874,53.3298279456243
29.5085782567874,53.3605656505423
29.5085782567874,53.3913033554604
29.5085782567874,53.4220410603784
29.5085782567874,53.4527787652964
29.5085782567874,53.4835164702144
29.5085782567874,53.5142541751325
29.5085782567874,53.5449918800505
29.5085782567874,53.5757295849685
29.5085782567874,53.6064672898865
29.5085782567874,53.6372049948046
29.5085782567874,53.6679426997226
29.5085782567874,53.6986804046406
29.5085782567874,53.7294181095586
29.5085782567874,53.7601558144767
29.5085782567874,53.7908935193947
29.5085782567874,53.8216312243127
29.5085782567874,53.8523689292307
29.5085782567874,53.8831066341488
29.5085782567874,53.9138443390668
29.5085782567874,53.9445820439848
29.5085782567874,53.9753197489028
29.5085782567874,54.0060574538209
29.5085782567874,54.0367951587389
29.5085782567874,54.0675328636569
29.5085782567874,54.0982705685749
29.5085782567874,54.129008273493
29.5085782567874,54.159745978411
29.5085782567874,54.190483683329
29.5085782567874,54.221221388247
29.5085782567874,54.2519590931651
29.5085782567874,54.2826967980831
29.5085782567874,54.3134345030011
29.5085782567874,54.3441722079191
29.5085782567874,54.3749099128372
29.5085782567874,54.4056476177552
29.5085782567874,54.4363853226732
29.5085782567874,54.4671230275912
29.5085782567874,54.4978607325093
29.5085782567874,54.5285984374273
29.5085782567874,54.5593361423453
29.5085782567874,54.5900738472633
29.5085782567874,54.6208115521814
29.5085782567874,54.6515492570994
29.5085782567874,54.6822869620174
29.5085782567874,54.7130246669354
29.5085782567874,54.7437623718535
29.5085782567874,54.7745000767715
29.5085782567874,54.8052377816895
29.5085782567874,54.8359754866075
29.5085782567874,54.8667131915256
29.5085782567874,54.8974508964436
29.5085782567874,54.9281886013616
29.5085782567874,54.9589263062796
29.5085782567874,54.9896640111977
29.5085782567874,55.0204017161157
29.5085782567874,55.0511394210337
29.5085782567874,55.0818771259517
29.5085782567874,55.1126148308698
29.5085782567874,55.1433525357878
29.5085782567874,55.1740902407058
29.5085782567874,55.2048279456238
29.5085782567874,55.2355656505419
29.5085782567874,55.2663033554599
29.5085782567874,55.2970410603779
29.5085782567874,55.3277787652959
29.5085782567874,55.3585164702139
29.5085782567874,55.389254175132
29.5085782567874,55.41999188005
29.5085782567874,55.450729584968
29.5085782567874,55.481467289886
29.5085782567874,55.5122049948041
29.5085782567874,55.5429426997221
29.5085782567874,55.5736804046401
29.5085782567874,55.6044181095581
29.5085782567874,55.6351558144762
29.5085782567874,55.6658935193942
29.5085782567874,55.6966312243122
29.5085782567874,55.7273689292302
29.5085782567874,55.7581066341483
29.5085782567874,55.7888443390663
29.5085782567874,55.8195820439843
29.5085782567874,55.8503197489023
29.5085782567874,55.8810574538204
29.5085782567874,55.9117951587384
29.5085782567874,55.9425328636564
29.5085782567874,55.9732705685744
29.5085782567874,56.0040082734925
29.5085782567874,56.0347459784105
29.5085782567874,56.0654836833285
29.5085782567874,56.0962213882465
29.5085782567874,56.1269590931646
29.5085782567874,56.1576967980826
29.5085782567874,56.1884345030006
29.5085782567874,56.2191722079186
29.5085782567874,56.2499099128367
29.5085782567874,56.2806476177547
29.5085782567874,56.3113853226727
29.5085782567874,56.3421230275907
29.5085782567874,56.3728607325088
29.5085782567874,56.4035984374268
29.5085782567874,56.4343361423448
29.5085782567874,56.4650738472628
29.5085782567874,56.4958115521809
29.5085782567874,56.5265492570989
29.5085782567874,56.5572869620169
29.5085782567874,56.5880246669349
29.5085782567874,56.618762371853
29.5085782567874,56.649500076771
29.5085782567874,56.680237781689
29.5085782567874,56.710975486607
29.5085782567874,56.7417131915251
29.5085782567874,56.7724508964431
29.5085782567874,56.8031886013611
29.5085782567874,56.8339263062791
29.5085782567874,56.8646640111972
29.5085782567874,56.8954017161152
29.5085782567874,56.9261394210332
29.5085782567874,56.9568771259512
29.5085782567874,56.9876148308693
29.5085782567874,57.0183525357873
29.5085782567874,57.0490902407053
29.5085782567874,57.0798279456233
29.5085782567874,57.1105656505414
29.5085782567874,57.1413033554594
29.5085782567874,57.1720410603774
29.5085782567874,57.2027787652954
29.5085782567874,57.2335164702135
29.5085782567874,57.2642541751315
29.5085782567874,57.2949918800495
29.5085782567874,57.3257295849675
29.5085782567874,57.3564672898856
29.5085782567874,57.3872049948036
29.5085782567874,57.4179426997216
29.5085782567874,57.4486804046396
29.5085782567874,57.4794181095576
29.5085782567874,57.5101558144757
29.5085782567874,57.5408935193937
29.5085782567874,57.5716312243117
29.5085782567874,57.6023689292297
29.5085782567874,57.6331066341478
29.5085782567874,57.6638443390658
29.5085782567874,57.6945820439838
29.5085782567874,57.7253197489018
29.5085782567874,57.7560574538199
29.5085782567874,57.7867951587379
29.5085782567874,57.8175328636559
29.5085782567874,57.8482705685739
29.5085782567874,57.879008273492
29.5085782567874,57.90974597841
29.5085782567874,57.940483683328
29.5085782567874,57.971221388246
29.5085782567874,58.0019590931641
29.5085782567874,58.0326967980821
29.5085782567874,58.0634345030001
29.5085782567874,58.0941722079181
29.5085782567874,58.1249099128362
29.5085782567874,58.1556476177542
29.5085782567874,58.1863853226722
29.5085782567874,58.2171230275902
29.5085782567874,58.2478607325083
29.5085782567874,58.2785984374263
29.5085782567874,58.3093361423443
29.5085782567874,58.3400738472623
29.5085782567874,58.3708115521804
29.5085782567874,58.4015492570984
29.5085782567874,58.4322869620164
29.5085782567874,58.4630246669344
29.5085782567874,58.4937623718525
29.5085782567874,58.5245000767705
29.5085782567874,58.5552377816885
29.5085782567874,58.5859754866065
29.5085782567874,58.6167131915246
29.5085782567874,58.6474508964426
29.5085782567874,58.6781886013606
29.5085782567874,58.7089263062786
29.5085782567874,58.7396640111967
29.5085782567874,58.7704017161147
29.5085782567874,58.8011394210327
29.5085782567874,58.8318771259507
29.5085782567874,58.8626148308688
29.5085782567874,58.8933525357868
29.5085782567874,58.9240902407048
29.5085782567874,58.9548279456228
29.5085782567874,58.9855656505409
29.5085782567874,59.0163033554589
29.5085782567874,59.0470410603769
29.5085782567874,59.0777787652949
29.5085782567874,59.108516470213
29.5085782567874,59.139254175131
29.5085782567874,59.169991880049
29.5085782567874,59.200729584967
29.5085782567874,59.2314672898851
29.5085782567874,59.2622049948031
29.5085782567874,59.2929426997211
29.5085782567874,59.3236804046391
29.5085782567874,59.3544181095572
29.5085782567874,59.3851558144752
29.5085782567874,59.4158935193932
29.5085782567874,59.4466312243112
29.5085782567874,59.4773689292293
29.5085782567874,59.5081066341473
29.5085782567874,59.5388443390653
29.5085782567874,59.5695820439833
29.5085782567874,59.6003197489013
29.5085782567874,59.6310574538194
29.5085782567874,59.6617951587374
29.5085782567874,59.6925328636554
29.5085782567874,59.7232705685734
29.5085782567874,59.7540082734915
29.5085782567874,59.7847459784095
29.5085782567874,59.8154836833275
29.5085782567874,59.8462213882455
29.5085782567874,59.8769590931636
29.5085782567874,59.9076967980816
29.5085782567874,59.9384345029996
29.5085782567874,59.9691722079176
29.5085782567874,59.9999099128357
29.5085782567874,60.0306476177537
29.5085782567874,60.0613853226717
29.5085782567874,60.0921230275897
29.5085782567874,60.1228607325078
29.5085782567874,60.1535984374258
29.5085782567874,60.1843361423438
29.5085782567874,60.2150738472618
29.5085782567874,60.2458115521799
29.5085782567874,60.2765492570979
29.5085782567874,60.3072869620159
29.5085782567874,60.3380246669339
29.5085782567874,60.368762371852
29.5085782567874,60.39950007677
29.5085782567874,60.430237781688
29.5085782567874,60.460975486606
29.5085782567874,60.4917131915241
29.5085782567874,60.5224508964421
29.5085782567874,60.5531886013601
29.5085782567874,60.5839263062781
29.5085782567874,60.6146640111962
29.5085782567874,60.6454017161142
29.5085782567874,60.6761394210322
29.5085782567874,60.7068771259502
29.5085782567874,60.7376148308683
29.5085782567874,60.7683525357863
29.5085782567874,60.7990902407043
29.5085782567874,60.8298279456223
29.5085782567874,60.8605656505404
29.5085782567874,60.8913033554584
29.5085782567874,60.9220410603764
29.5085782567874,60.9527787652944
29.5085782567874,60.9835164702125
29.5085782567874,61.0142541751305
29.5085782567874,61.0449918800485
29.5085782567874,61.0757295849665
29.5085782567874,61.1064672898846
29.5085782567874,61.1372049948026
29.5085782567874,61.1679426997206
29.5085782567874,61.1986804046386
29.5085782567874,61.2294181095567
29.5085782567874,61.2601558144747
29.5085782567874,61.2908935193927
29.5085782567874,61.3216312243107
29.5085782567874,61.3523689292288
29.5085782567874,61.3831066341468
29.5085782567874,61.4138443390648
29.5085782567874,61.4445820439828
29.5085782567874,61.4753197489009
29.5085782567874,61.5060574538189
29.5085782567874,61.5367951587369
29.5085782567874,61.5675328636549
29.5085782567874,61.5982705685729
29.5085782567874,61.629008273491
29.5085782567874,61.659745978409
29.5085782567874,61.690483683327
29.5085782567874,61.721221388245
29.5085782567874,61.7519590931631
29.5085782567874,61.7826967980811
29.5085782567874,61.8134345029991
29.5085782567874,61.8441722079171
29.5085782567874,61.8749099128352
29.5085782567874,61.9056476177532
29.5085782567874,61.9363853226712
29.5085782567874,61.9671230275892
29.5085782567874,61.9978607325073
29.5085782567874,62.0285984374253
29.5085782567874,62.0593361423433
29.5085782567874,62.0900738472613
29.5085782567874,62.1208115521794
29.5085782567874,62.1515492570974
29.5085782567874,62.1822869620154
29.5085782567874,62.2130246669334
29.5085782567874,62.2437623718515
29.5085782567874,62.2745000767695
29.5085782567874,62.3052377816875
29.5085782567874,62.3359754866055
29.5085782567874,62.3667131915236
29.5085782567874,62.3974508964416
29.5085782567874,62.4281886013596
29.5085782567874,62.4589263062776
29.5085782567874,62.4896640111957
29.5085782567874,62.5204017161137
29.5085782567874,62.5511394210317
29.5085782567874,62.5818771259497
29.5085782567874,62.6126148308678
29.5085782567874,62.6433525357858
29.5085782567874,62.6740902407038
29.5085782567874,62.7048279456218
29.5085782567874,62.7355656505399
29.5085782567874,62.7663033554579
29.5085782567874,62.7970410603759
29.5085782567874,62.8277787652939
29.5085782567874,62.858516470212
29.5085782567874,62.88925417513
29.5085782567874,62.919991880048
29.5085782567874,62.950729584966
29.5085782567874,62.9814672898841
29.5085782567874,63.0122049948021
29.5085782567874,63.0429426997201
29.5085782567874,63.0736804046381
29.5085782567874,63.1044181095562
29.5085782567874,63.1351558144742
29.5085782567874,63.1658935193922
29.5085782567874,63.1966312243102
29.5085782567874,63.2273689292283
29.5085782567874,63.2581066341463
29.5085782567874,63.2888443390643
29.5085782567874,63.3195820439823
29.5085782567874,63.3503197489004
29.5085782567874,63.3810574538184
29.5085782567874,63.4117951587364
29.5085782567874,63.4425328636544
29.5085782567874,63.4732705685725
29.5085782567874,63.5040082734905
29.5085782567874,63.5347459784085
29.5085782567874,63.5654836833265
29.5085782567874,63.5962213882446
29.5085782567874,63.6269590931626
29.5085782567874,63.6576967980806
29.5085782567874,63.6884345029986
29.5085782567874,63.7191722079166
29.5085782567874,63.7499099128347
29.5085782567874,63.7806476177527
29.5085782567874,63.8113853226707
29.5085782567874,63.8421230275887
29.5085782567874,63.8728607325068
29.5085782567874,63.9035984374248
29.5085782567874,63.9343361423428
29.5085782567874,63.9650738472608
29.5085782567874,63.9958115521789
29.5085782567874,64.0265492570969
29.5085782567874,64.0572869620149
29.5085782567874,64.088024666933
29.5085782567874,64.118762371851
29.5085782567874,64.149500076769
29.5085782567874,64.180237781687
29.5085782567874,64.2109754866051
29.5085782567874,64.2417131915231
29.5085782567874,64.2724508964411
29.5085782567874,64.3031886013591
29.5085782567874,64.3339263062771
29.5085782567874,64.3646640111952
29.5085782567874,64.3954017161132
29.5085782567874,64.4261394210312
29.5085782567874,64.4568771259492
29.5085782567874,64.4876148308673
29.5085782567874,64.5183525357853
29.5085782567874,64.5490902407033
29.5085782567874,64.5798279456213
29.5085782567874,64.6105656505394
29.5085782567874,64.6413033554574
29.5085782567874,64.6720410603754
29.5085782567874,64.7027787652934
29.5085782567874,64.7335164702115
29.5085782567874,64.7642541751295
29.5085782567874,64.7949918800475
29.5085782567874,64.8257295849655
29.5085782567874,64.8564672898836
29.5085782567874,64.8872049948016
29.5085782567874,64.9179426997196
29.5085782567874,64.9486804046376
29.5085782567874,64.9794181095557
29.5085782567874,65.0101558144737
29.5085782567874,65.0408935193917
29.5085782567874,65.0716312243097
29.5085782567874,65.1023689292278
29.5085782567874,65.1331066341458
29.5085782567874,65.1638443390638
29.5085782567874,65.1945820439818
29.5085782567874,65.2253197488999
29.5085782567874,65.2560574538179
29.5085782567874,65.2867951587359
29.5085782567874,65.3175328636539
29.5085782567874,65.348270568572
29.5085782567874,65.37900827349
29.5085782567874,65.409745978408
29.5085782567874,65.440483683326
29.5085782567874,65.4712213882441
29.5085782567874,65.5019590931621
29.5085782567874,65.5326967980801
29.5085782567874,65.5634345029981
29.5085782567874,65.5941722079162
29.5085782567874,65.6249099128342
29.5085782567874,65.6556476177522
29.5085782567874,65.6863853226702
29.5085782567874,65.7171230275883
29.5085782567874,65.7478607325063
29.5085782567874,65.7785984374243
29.5085782567874,65.8093361423423
29.5085782567874,65.8400738472604
29.5085782567874,65.8708115521784
29.5085782567874,65.9015492570964
29.5085782567874,65.9322869620144
29.5085782567874,65.9630246669325
29.5085782567874,65.9937623718505
29.5085782567874,66.0245000767685
29.5085782567874,66.0552377816865
29.5085782567874,66.0859754866046
29.5085782567874,66.1167131915226
29.5085782567874,66.1474508964406
29.5085782567874,66.1781886013586
29.5085782567874,66.2089263062767
29.5085782567874,66.2396640111947
29.5085782567874,66.2704017161127
29.5085782567874,66.3011394210307
29.5085782567874,66.3318771259488
29.5085782567874,66.3626148308668
29.5085782567874,66.3933525357848
29.5085782567874,66.4240902407028
29.5085782567874,66.4548279456208
29.5085782567874,66.4855656505389
29.5085782567874,66.5163033554569
29.5085782567874,66.5470410603749
29.5085782567874,66.5777787652929
29.5085782567874,66.608516470211
29.5085782567874,66.639254175129
29.5085782567874,66.669991880047
29.5085782567874,66.700729584965
29.5085782567874,66.7314672898831
29.5085782567874,66.7622049948011
29.5085782567874,66.7929426997191
29.5085782567874,66.8236804046371
29.5085782567874,66.8544181095552
29.5085782567874,66.8851558144732
29.5085782567874,66.9158935193912
29.5085782567874,66.9466312243092
29.5085782567874,66.9773689292273
29.5085782567874,67.0081066341453
29.5085782567874,67.0388443390633
29.5085782567874,67.0695820439813
29.5085782567874,67.1003197488994
29.5085782567874,67.1310574538174
29.5085782567874,67.1617951587354
29.5085782567874,67.1925328636534
29.5085782567874,67.2232705685715
29.5085782567874,67.2540082734895
29.5085782567874,67.2847459784075
29.5085782567874,67.3154836833255
29.5085782567874,67.3462213882436
29.5085782567874,67.3769590931616
29.5085782567874,67.4076967980796
29.5085782567874,67.4384345029976
29.5085782567874,67.4691722079157
29.5085782567874,67.4999099128337
29.5085782567874,67.5306476177517
29.5085782567874,67.5613853226697
29.5085782567874,67.5921230275878
29.5085782567874,67.6228607325058
29.5085782567874,67.6535984374238
29.5085782567874,67.6843361423418
29.5085782567874,67.7150738472599
29.5085782567874,67.7458115521779
29.5085782567874,67.7765492570959
29.5085782567874,67.8072869620139
29.5085782567874,67.838024666932
29.5085782567874,67.86876237185
29.5085782567874,67.899500076768
29.5085782567874,67.930237781686
29.5085782567874,67.9609754866041
29.5085782567874,67.9917131915221
29.5085782567874,68.0224508964401
29.5085782567874,68.0531886013581
29.5085782567874,68.0839263062762
29.5085782567874,68.1146640111942
29.5085782567874,68.1454017161122
29.5085782567874,68.1761394210302
29.5085782567874,68.2068771259483
29.5085782567874,68.2376148308663
29.5085782567874,68.2683525357843
29.5085782567874,68.2990902407023
29.5085782567874,68.3298279456204
29.5085782567874,68.3605656505384
29.5085782567874,68.3913033554564
29.5085782567874,68.4220410603744
29.5085782567874,68.4527787652925
29.5085782567874,68.4835164702105
29.5085782567874,68.5142541751285
29.5085782567874,68.5449918800465
29.5085782567874,68.5757295849645
29.5085782567874,68.6064672898826
29.5085782567874,68.6372049948006
29.5085782567874,68.6679426997186
29.5085782567874,68.6986804046366
29.5085782567874,68.7294181095547
29.5085782567874,68.7601558144727
29.5085782567874,68.7908935193907
29.5085782567874,68.8216312243087
29.5085782567874,68.8523689292268
29.5085782567874,68.8831066341448
29.5085782567874,68.9138443390628
29.5085782567874,68.9445820439808
29.5085782567874,68.9753197488989
29.5085782567874,69.0060574538169
29.5085782567874,69.0367951587349
29.5085782567874,69.0675328636529
29.5085782567874,69.098270568571
29.5085782567874,69.129008273489
29.5085782567874,69.159745978407
29.5085782567874,69.190483683325
29.5085782567874,69.2212213882431
29.5085782567874,69.2519590931611
29.5085782567874,69.2826967980791
29.5085782567874,69.3134345029971
29.5085782567874,69.3441722079152
29.5085782567874,69.3749099128332
29.5085782567874,69.4056476177512
29.5085782567874,69.4363853226692
29.5085782567874,69.4671230275873
29.5085782567874,69.4978607325053
29.5085782567874,69.5285984374233
29.5085782567874,69.5593361423413
29.5085782567874,69.5900738472594
29.5085782567874,69.6208115521774
29.5085782567874,69.6515492570954
29.5085782567874,69.6822869620134
29.5085782567874,69.7130246669315
29.5085782567874,69.7437623718495
29.5085782567874,69.7745000767675
29.5085782567874,69.8052377816855
29.5085782567874,69.8359754866036
29.5085782567874,69.8667131915216
29.5085782567874,69.8974508964396
29.5085782567874,69.9281886013576
29.5085782567874,69.9589263062757
29.5085782567874,69.9896640111937
29.5085782567874,70.0204017161117
29.5085782567874,70.0511394210297
29.5085782567874,70.0818771259478
29.5085782567874,70.1126148308658
29.5085782567874,70.1433525357838
29.5085782567874,70.1740902407018
29.5085782567874,70.2048279456199
29.5085782567874,70.2355656505379
29.5085782567874,70.2663033554559
29.5085782567874,70.2970410603739
29.5085782567874,70.327778765292
29.5085782567874,70.35851647021
29.5085782567874,70.389254175128
29.5085782567874,70.419991880046
29.5085782567874,70.4507295849641
29.5085782567874,70.4814672898821
29.5085782567874,70.5122049948001
29.5085782567874,70.5429426997181
29.5085782567874,70.5736804046361
29.5085782567874,70.6044181095542
29.5085782567874,70.6351558144722
29.5085782567874,70.6658935193902
29.5085782567874,70.6966312243082
29.5085782567874,70.7273689292263
29.5085782567874,70.7581066341443
29.5085782567874,70.7888443390623
29.5085782567874,70.8195820439803
29.5085782567874,70.8503197488984
29.5085782567874,70.8810574538164
29.5085782567874,70.9117951587344
29.5085782567874,70.9425328636524
29.5085782567874,70.9732705685705
29.5085782567874,71.0040082734885
29.5085782567874,71.0347459784065
29.5085782567874,71.0654836833245
29.5085782567874,71.0962213882426
29.5085782567874,71.1269590931606
29.5085782567874,71.1576967980786
29.5085782567874,71.1884345029966
29.5085782567874,71.2191722079147
29.5085782567874,71.2499099128327
29.5085782567874,71.2806476177507
29.5085782567874,71.3113853226687
29.5085782567874,71.3421230275868
29.5085782567874,71.3728607325048
29.5085782567874,71.4035984374228
29.5085782567874,71.4343361423408
29.5085782567874,71.4650738472589
29.5085782567874,71.4958115521769
29.5085782567874,71.5265492570949
29.5085782567874,71.5572869620129
29.5085782567874,71.588024666931
29.5085782567874,71.618762371849
29.5085782567874,71.649500076767
29.5085782567874,71.680237781685
29.5085782567874,71.7109754866031
29.5085782567874,71.7417131915211
29.5085782567874,71.7724508964391
29.5085782567874,71.8031886013571
29.5085782567874,71.8339263062752
29.5085782567874,71.8646640111932
29.5085782567874,71.8954017161112
29.5085782567874,71.9261394210292
29.5085782567874,71.9568771259473
29.5085782567874,71.9876148308653
29.5085782567874,72.0183525357833
29.5085782567874,72.0490902407013
29.5085782567874,72.0798279456194
29.5085782567874,72.1105656505374
29.5085782567874,72.1413033554554
29.5085782567874,72.1720410603734
29.5085782567874,72.2027787652915
29.5085782567874,72.2335164702095
29.5085782567874,72.2642541751275
29.5085782567874,72.2949918800455
29.5085782567874,72.3257295849636
29.5085782567874,72.3564672898816
29.5085782567874,72.3872049947996
29.5085782567874,72.4179426997176
29.5085782567874,72.4486804046357
29.5085782567874,72.4794181095537
29.5085782567874,72.5101558144717
29.5085782567874,72.5408935193897
29.5085782567874,72.5716312243078
29.5085782567874,72.6023689292258
29.5085782567874,72.6331066341438
29.5085782567874,72.6638443390618
29.5085782567874,72.6945820439798
29.5085782567874,72.7253197488979
29.5085782567874,72.7560574538159
29.5085782567874,72.7867951587339
29.5085782567874,72.8175328636519
29.5085782567874,72.84827056857
29.5085782567874,72.879008273488
29.5085782567874,72.909745978406
29.5085782567874,72.940483683324
29.5085782567874,72.9712213882421
29.5085782567874,73.0019590931601
29.5085782567874,73.0326967980781
29.5085782567874,73.0634345029961
29.5085782567874,73.0941722079142
29.5085782567874,73.1249099128322
29.5085782567874,73.1556476177502
29.5085782567874,73.1863853226682
29.5085782567874,73.2171230275863
29.5085782567874,73.2478607325043
29.5085782567874,73.2785984374223
29.5085782567874,73.3093361423403
29.5085782567874,73.3400738472584
29.5085782567874,73.3708115521764
29.5085782567874,73.4015492570944
29.5085782567874,73.4322869620124
29.5085782567874,73.4630246669305
29.5085782567874,73.4937623718485
29.5085782567874,73.5245000767665
29.5085782567874,73.5552377816845
29.5085782567874,73.5859754866026
29.5085782567874,73.6167131915206
29.5085782567874,73.6474508964386
29.5085782567874,73.6781886013566
29.5085782567874,73.7089263062747
29.5085782567874,73.7396640111927
29.5085782567874,73.7704017161107
29.5085782567874,73.8011394210287
29.5085782567874,73.8318771259468
29.5085782567874,73.8626148308648
29.5085782567874,73.8933525357828
29.5085782567874,73.9240902407008
29.5085782567874,73.9548279456189
29.5085782567874,73.9855656505369
29.5085782567874,74.0163033554549
29.5085782567874,74.0470410603729
29.5085782567874,74.077778765291
29.5085782567874,74.108516470209
29.5085782567874,74.139254175127
29.5085782567874,74.169991880045
29.5085782567874,74.2007295849631
29.5085782567874,74.2314672898811
29.5085782567874,74.2622049947991
29.5085782567874,74.2929426997171
29.5085782567874,74.3236804046352
29.5085782567874,74.3544181095532
29.5085782567874,74.3851558144712
29.5085782567874,74.4158935193892
29.5085782567874,74.4466312243073
29.5085782567874,74.4773689292253
29.5085782567874,74.5081066341433
29.5085782567874,74.5388443390613
29.5085782567874,74.5695820439794
29.5085782567874,74.6003197488974
29.5085782567874,74.6310574538154
29.5085782567874,74.6617951587334
29.5085782567874,74.6925328636515
29.5085782567874,74.7232705685695
29.5085782567874,74.7540082734875
29.5085782567874,74.7847459784055
29.5085782567874,74.8154836833235
29.5085782567874,74.8462213882416
29.5085782567874,74.8769590931596
29.5085782567874,74.9076967980776
29.5085782567874,74.9384345029956
29.5085782567874,74.9691722079137
29.5085782567874,74.9999099128317
29.5085782567874,75.0306476177497
29.5085782567874,75.0613853226677
29.5085782567874,75.0921230275858
29.5085782567874,75.1228607325038
29.5085782567874,75.1535984374218
29.5085782567874,75.1843361423398
29.5085782567874,75.2150738472579
29.5085782567874,75.2458115521759
29.5085782567874,75.2765492570939
29.5085782567874,75.3072869620119
29.5085782567874,75.33802466693
29.5085782567874,75.368762371848
29.5085782567874,75.399500076766
29.5085782567874,75.430237781684
29.5085782567874,75.4609754866021
29.5085782567874,75.4917131915201
29.5085782567874,75.5224508964381
29.5085782567874,75.5531886013561
29.5085782567874,75.5839263062742
29.5085782567874,75.6146640111922
29.5085782567874,75.6454017161102
29.5085782567874,75.6761394210282
29.5085782567874,75.7068771259463
29.5085782567874,75.7376148308643
29.5085782567874,75.7683525357823
29.5085782567874,75.7990902407003
29.5085782567874,75.8298279456184
29.5085782567874,75.8605656505364
29.5085782567874,75.8913033554544
29.5085782567874,75.9220410603724
29.5085782567874,75.9527787652905
29.5085782567874,75.9835164702085
29.5085782567874,76.0142541751265
29.5085782567874,76.0449918800445
29.5085782567874,76.0757295849626
29.5085782567874,76.1064672898806
29.5085782567874,76.1372049947986
29.5085782567874,76.1679426997166
29.5085782567874,76.1986804046347
29.5085782567874,76.2294181095527
29.5085782567874,76.2601558144707
29.5085782567874,76.2908935193887
29.5085782567874,76.3216312243068
29.5085782567874,76.3523689292248
29.5085782567874,76.3831066341428
29.5085782567874,76.4138443390608
29.5085782567874,76.4445820439789
29.5085782567874,76.4753197488969
29.5085782567874,76.5060574538149
29.5085782567874,76.5367951587329
29.5085782567874,76.567532863651
29.5085782567874,76.598270568569
29.5085782567874,76.629008273487
29.5085782567874,76.659745978405
29.5085782567874,76.6904836833231
29.5085782567874,76.7212213882411
29.5085782567874,76.7519590931591
29.5085782567874,76.7826967980771
29.5085782567874,76.8134345029952
29.5085782567874,76.8441722079132
29.5085782567874,76.8749099128312
29.5085782567874,76.9056476177492
29.5085782567874,76.9363853226672
29.5085782567874,76.9671230275853
29.5085782567874,76.9978607325033
29.5085782567874,77.0285984374213
29.5085782567874,77.0593361423393
29.5085782567874,77.0900738472574
29.5085782567874,77.1208115521754
29.5085782567874,77.1515492570934
29.5085782567874,77.1822869620114
29.5085782567874,77.2130246669295
29.5085782567874,77.2437623718475
29.5085782567874,77.2745000767655
29.5085782567874,77.3052377816835
29.5085782567874,77.3359754866016
29.5085782567874,77.3667131915196
29.5085782567874,77.3974508964376
29.5085782567874,77.4281886013556
29.5085782567874,77.4589263062737
29.5085782567874,77.4896640111917
29.5085782567874,77.5204017161097
29.5085782567874,77.5511394210277
29.5085782567874,77.5818771259458
29.5085782567874,77.6126148308638
29.5085782567874,77.6433525357818
29.5085782567874,77.6740902406998
29.5085782567874,77.7048279456179
29.5085782567874,77.7355656505359
29.5085782567874,77.7663033554539
29.5085782567874,77.7970410603719
29.5085782567874,77.82777876529
29.5085782567874,77.858516470208
29.5085782567874,77.889254175126
29.5085782567874,77.919991880044
29.5085782567874,77.9507295849621
29.5085782567874,77.9814672898801
29.5085782567874,78.0122049947981
29.5085782567874,78.0429426997161
29.5085782567874,78.0736804046342
29.5085782567874,78.1044181095522
29.5085782567874,78.1351558144702
29.5085782567874,78.1658935193882
29.5085782567874,78.1966312243063
29.5085782567874,78.2273689292243
29.5085782567874,78.2581066341423
29.5085782567874,78.2888443390603
29.5085782567874,78.3195820439784
29.5085782567874,78.3503197488964
29.5085782567874,78.3810574538144
29.5085782567874,78.4117951587324
29.5085782567874,78.4425328636505
29.5085782567874,78.4732705685685
29.5085782567874,78.5040082734865
29.5085782567874,78.5347459784045
29.5085782567874,78.5654836833226
29.5085782567874,78.5962213882406
29.5085782567874,78.6269590931586
29.5085782567874,78.6576967980766
29.5085782567874,78.6884345029947
29.5085782567874,78.7191722079127
29.5085782567874,78.7499099128307
29.5085782567874,78.7806476177487
29.5085782567874,78.8113853226668
29.5085782567874,78.8421230275848
29.5085782567874,78.8728607325028
29.5085782567874,78.9035984374208
29.5085782567874,78.9343361423389
29.5085782567874,78.9650738472569
29.5085782567874,78.9958115521749
29.5085782567874,79.0265492570929
29.5085782567874,79.0572869620109
29.5085782567874,79.088024666929
29.5085782567874,79.118762371847
29.5085782567874,79.149500076765
29.5085782567874,79.180237781683
29.5085782567874,79.2109754866011
29.5085782567874,79.2417131915191
29.5085782567874,79.2724508964371
29.5085782567874,79.3031886013551
29.5085782567874,79.3339263062732
29.5085782567874,79.3646640111912
29.5085782567874,79.3954017161092
29.5085782567874,79.4261394210272
29.5085782567874,79.4568771259453
29.5085782567874,79.4876148308633
29.5085782567874,79.5183525357813
29.5085782567874,79.5490902406993
29.5085782567874,79.5798279456174
29.5085782567874,79.6105656505354
29.5085782567874,79.6413033554534
29.5085782567874,79.6720410603714
29.5085782567874,79.7027787652895
29.5085782567874,79.7335164702075
29.5085782567874,79.7642541751255
29.5085782567874,79.7949918800435
29.5085782567874,79.8257295849616
29.5085782567874,79.8564672898796
29.5085782567874,79.8872049947976
29.5085782567874,79.9179426997156
29.5085782567874,79.9486804046337
29.5085782567874,79.9794181095517
29.5085782567874,80.0101558144697
29.5085782567874,80.0408935193877
29.5085782567874,80.0716312243058
29.5085782567874,80.1023689292238
29.5085782567874,80.1331066341418
29.5085782567874,80.1638443390598
29.5085782567874,80.1945820439779
29.5085782567874,80.2253197488959
29.5085782567874,80.2560574538139
29.5085782567874,80.2867951587319
29.5085782567874,80.31753286365
29.5085782567874,80.348270568568
29.5085782567874,80.379008273486
29.5085782567874,80.409745978404
29.5085782567874,80.4404836833221
29.5085782567874,80.4712213882401
29.5085782567874,80.5019590931581
29.5085782567874,80.5326967980761
29.5085782567874,80.5634345029942
29.5085782567874,80.5941722079122
29.5085782567874,80.6249099128302
29.5085782567874,80.6556476177482
29.5085782567874,80.6863853226663
29.5085782567874,80.7171230275843
29.5085782567874,80.7478607325023
29.5085782567874,80.7785984374203
29.5085782567874,80.8093361423384
29.5085782567874,80.8400738472564
29.5085782567874,80.8708115521744
29.5085782567874,80.9015492570924
29.5085782567874,80.9322869620105
29.5085782567874,80.9630246669285
29.5085782567874,80.9937623718465
29.5085782567874,81.0245000767645
29.5085782567874,81.0552377816825
29.5085782567874,81.0859754866006
29.5085782567874,81.1167131915186
29.5085782567874,81.1474508964366
29.5085782567874,81.1781886013546
29.5085782567874,81.2089263062727
29.5085782567874,81.2396640111907
29.5085782567874,81.2704017161087
29.5085782567874,81.3011394210267
29.5085782567874,81.3318771259448
29.5085782567874,81.3626148308628
29.5085782567874,81.3933525357808
29.5085782567874,81.4240902406988
29.5085782567874,81.4548279456169
29.5085782567874,81.4855656505349
29.5085782567874,81.5163033554529
29.5085782567874,81.5470410603709
29.5085782567874,81.577778765289
29.5085782567874,81.608516470207
29.5085782567874,81.639254175125
29.5085782567874,81.669991880043
29.5085782567874,81.7007295849611
29.5085782567874,81.7314672898791
29.5085782567874,81.7622049947971
29.5085782567874,81.7929426997151
29.5085782567874,81.8236804046332
29.5085782567874,81.8544181095512
29.5085782567874,81.8851558144692
29.5085782567874,81.9158935193872
29.5085782567874,81.9466312243053
29.5085782567874,81.9773689292233
29.5085782567874,82.0081066341413
29.5085782567874,82.0388443390593
29.5085782567874,82.0695820439774
29.5085782567874,82.1003197488954
29.5085782567874,82.1310574538134
29.5085782567874,82.1617951587314
29.5085782567874,82.1925328636495
29.5085782567874,82.2232705685675
29.5085782567874,82.2540082734855
29.5085782567874,82.2847459784035
29.5085782567874,82.3154836833216
29.5085782567874,82.3462213882396
29.5085782567874,82.3769590931576
29.5085782567874,82.4076967980756
29.5085782567874,82.4384345029937
29.5085782567874,82.4691722079117
29.5085782567874,82.4999099128297
29.5085782567874,82.5306476177477
29.5085782567874,82.5613853226658
29.5085782567874,82.5921230275838
29.5085782567874,82.6228607325018
29.5085782567874,82.6535984374198
29.5085782567874,82.6843361423379
29.5085782567874,82.7150738472559
29.5085782567874,82.7458115521739
29.5085782567874,82.7765492570919
29.5085782567874,82.80728696201
29.5085782567874,82.838024666928
29.5085782567874,82.868762371846
29.5085782567874,82.899500076764
29.5085782567874,82.9302377816821
29.5085782567874,82.9609754866001
29.5085782567874,82.9917131915181
29.5085782567874,83.0224508964361
29.5085782567874,83.0531886013542
29.5085782567874,83.0839263062722
29.5085782567874,83.1146640111902
29.5085782567874,83.1454017161082
29.5085782567874,83.1761394210262
29.5085782567874,83.2068771259443
29.5085782567874,83.2376148308623
29.5085782567874,83.2683525357803
29.5085782567874,83.2990902406983
29.5085782567874,83.3298279456164
29.5085782567874,83.3605656505344
29.5085782567874,83.3913033554524
29.5085782567874,83.4220410603704
29.5085782567874,83.4527787652885
29.5085782567874,83.4835164702065
29.5085782567874,83.5142541751245
29.5085782567874,83.5449918800425
29.5085782567874,83.5757295849606
29.5085782567874,83.6064672898786
29.5085782567874,83.6372049947966
29.5085782567874,83.6679426997146
29.5085782567874,83.6986804046327
29.5085782567874,83.7294181095507
29.5085782567874,83.7601558144687
29.5085782567874,83.7908935193867
29.5085782567874,83.8216312243048
29.5085782567874,83.8523689292228
29.5085782567874,83.8831066341408
29.5085782567874,83.9138443390588
29.5085782567874,83.9445820439769
29.5085782567874,83.9753197488949
29.5085782567874,84.0060574538129
29.5085782567874,84.0367951587309
29.5085782567874,84.067532863649
29.5085782567874,84.098270568567
29.5085782567874,84.129008273485
29.5085782567874,84.159745978403
29.5085782567874,84.1904836833211
29.5085782567874,84.2212213882391
29.5085782567874,84.2519590931571
29.5085782567874,84.2826967980751
29.5085782567874,84.3134345029932
29.5085782567874,84.3441722079112
29.5085782567874,84.3749099128292
29.5085782567874,84.4056476177472
29.5085782567874,84.4363853226653
29.5085782567874,84.4671230275833
29.5085782567874,84.4978607325013
29.5085782567874,84.5285984374193
29.5085782567874,84.5593361423374
29.5085782567874,84.5900738472554
29.5085782567874,84.6208115521734
29.5085782567874,84.6515492570914
29.5085782567874,84.6822869620095
29.5085782567874,84.7130246669275
29.5085782567874,84.7437623718455
29.5085782567874,84.7745000767635
29.5085782567874,84.8052377816816
29.5085782567874,84.8359754865996
29.5085782567874,84.8667131915176
29.5085782567874,84.8974508964356
29.5085782567874,84.9281886013537
29.5085782567874,84.9589263062717
29.5085782567874,84.9896640111897
29.5085782567874,85.0204017161077
29.5085782567874,85.0511394210258
29.5085782567874,85.0818771259438
29.5085782567874,85.1126148308618
29.5085782567874,85.1433525357798
29.5085782567874,85.1740902406979
29.5085782567874,85.2048279456159
29.5085782567874,85.2355656505339
29.5085782567874,85.2663033554519
29.5085782567874,85.2970410603699
29.5085782567874,85.327778765288
29.5085782567874,85.358516470206
29.5085782567874,85.389254175124
29.5085782567874,85.419991880042
29.5085782567874,85.4507295849601
29.5085782567874,85.4814672898781
29.5085782567874,85.5122049947961
29.5085782567874,85.5429426997141
29.5085782567874,85.5736804046322
29.5085782567874,85.6044181095502
29.5085782567874,85.6351558144682
29.5085782567874,85.6658935193862
29.5085782567874,85.6966312243043
29.5085782567874,85.7273689292223
29.5085782567874,85.7581066341403
29.5085782567874,85.7888443390583
29.5085782567874,85.8195820439764
29.5085782567874,85.8503197488944
29.5085782567874,85.8810574538124
29.5085782567874,85.9117951587304
29.5085782567874,85.9425328636485
29.5085782567874,85.9732705685665
29.5085782567874,86.0040082734845
29.5085782567874,86.0347459784025
29.5085782567874,86.0654836833206
29.5085782567874,86.0962213882386
29.5085782567874,86.1269590931566
29.5085782567874,86.1576967980746
29.5085782567874,86.1884345029927
29.5085782567874,86.2191722079107
29.5085782567874,86.2499099128287
29.5085782567874,86.2806476177467
29.5085782567874,86.3113853226648
29.5085782567874,86.3421230275828
29.5085782567874,86.3728607325008
29.5085782567874,86.4035984374188
29.5085782567874,86.4343361423369
29.5085782567874,86.4650738472549
29.5085782567874,86.4958115521729
29.5085782567874,86.5265492570909
29.5085782567874,86.557286962009
29.5085782567874,86.588024666927
29.5085782567874,86.618762371845
29.5085782567874,86.649500076763
29.5085782567874,86.6802377816811
29.5085782567874,86.7109754865991
29.5085782567874,86.7417131915171
29.5085782567874,86.7724508964351
29.5085782567874,86.8031886013532
29.5085782567874,86.8339263062712
29.5085782567874,86.8646640111892
29.5085782567874,86.8954017161072
29.5085782567874,86.9261394210253
29.5085782567874,86.9568771259433
29.5085782567874,86.9876148308613
29.5085782567874,87.0183525357793
29.5085782567874,87.0490902406974
29.5085782567874,87.0798279456154
29.5085782567874,87.1105656505334
29.5085782567874,87.1413033554514
29.5085782567874,87.1720410603695
29.5085782567874,87.2027787652875
29.5085782567874,87.2335164702055
29.5085782567874,87.2642541751235
29.5085782567874,87.2949918800416
29.5085782567874,87.3257295849596
29.5085782567874,87.3564672898776
29.5085782567874,87.3872049947956
29.5085782567874,87.4179426997136
29.5085782567874,87.4486804046317
29.5085782567874,87.4794181095497
29.5085782567874,87.5101558144677
29.5085782567874,87.5408935193857
29.5085782567874,87.5716312243038
29.5085782567874,87.6023689292218
29.5085782567874,87.6331066341398
29.5085782567874,87.6638443390578
29.5085782567874,87.6945820439759
29.5085782567874,87.7253197488939
29.5085782567874,87.7560574538119
29.5085782567874,87.7867951587299
29.5085782567874,87.817532863648
29.5085782567874,87.848270568566
29.5085782567874,87.879008273484
29.5085782567874,87.909745978402
29.5085782567874,87.9404836833201
29.5085782567874,87.9712213882381
29.5085782567874,88.0019590931561
29.5085782567874,88.0326967980741
29.5085782567874,88.0634345029922
29.5085782567874,88.0941722079102
29.5085782567874,88.1249099128282
29.5085782567874,88.1556476177462
29.5085782567874,88.1863853226643
29.5085782567874,88.2171230275823
29.5085782567874,88.2478607325003
29.5085782567874,88.2785984374183
29.5085782567874,88.3093361423364
29.5085782567874,88.3400738472544
29.5085782567874,88.3708115521724
29.5085782567874,88.4015492570904
29.5085782567874,88.4322869620085
29.5085782567874,88.4630246669265
29.5085782567874,88.4937623718445
29.5085782567874,88.5245000767625
29.5085782567874,88.5552377816806
29.5085782567874,88.5859754865986
29.5085782567874,88.6167131915166
29.5085782567874,88.6474508964346
29.5085782567874,88.6781886013527
29.5085782567874,88.7089263062707
29.5085782567874,88.7396640111887
29.5085782567874,88.7704017161067
29.5085782567874,88.8011394210248
29.5085782567874,88.8318771259428
29.5085782567874,88.8626148308608
29.5085782567874,88.8933525357788
29.5085782567874,88.9240902406969
29.5085782567874,88.9548279456149
29.5085782567874,88.9855656505329
29.5085782567874,89.0163033554509
29.5085782567874,89.047041060369
29.5085782567874,89.077778765287
29.5085782567874,89.108516470205
29.5085782567874,89.139254175123
29.5085782567874,89.1699918800411
29.5085782567874,89.2007295849591
29.5085782567874,89.2314672898771
29.5085782567874,89.2622049947951
29.5085782567874,89.2929426997132
29.5085782567874,89.3236804046312
29.5085782567874,89.3544181095492
29.5085782567874,89.3851558144672
29.5085782567874,89.4158935193852
29.5085782567874,89.4466312243033
29.5085782567874,89.4773689292213
29.5085782567874,89.5081066341393
29.5085782567874,89.5388443390573
29.5085782567874,89.5695820439754
29.5085782567874,89.6003197488934
29.5085782567874,89.6310574538114
29.5085782567874,89.6617951587294
29.5085782567874,89.6925328636475
29.5085782567874,89.7232705685655
29.5085782567874,89.7540082734835
29.5085782567874,89.7847459784015
29.5085782567874,89.8154836833196
29.5085782567874,89.8462213882376
29.5085782567874,89.8769590931556
29.5085782567874,89.9076967980736
29.5085782567874,89.9384345029917
29.5085782567874,89.9691722079097
29.5085782567874,89.9999099128277
29.5085782567874,90.0306476177457
29.5085782567874,90.0613853226638
29.5085782567874,90.0921230275818
29.5085782567874,90.1228607324998
29.5085782567874,90.1535984374178
29.5085782567874,90.1843361423359
29.5085782567874,90.2150738472539
29.5085782567874,90.2458115521719
29.5085782567874,90.2765492570899
29.5085782567874,90.307286962008
29.5085782567874,90.338024666926
29.5085782567874,90.368762371844
29.5085782567874,90.399500076762
29.5085782567874,90.4302377816801
29.5085782567874,90.4609754865981
29.5085782567874,90.4917131915161
29.5085782567874,90.5224508964341
29.5085782567874,90.5531886013522
29.5085782567874,90.5839263062702
29.5085782567874,90.6146640111882
29.5085782567874,90.6454017161062
29.5085782567874,90.6761394210243
29.5085782567874,90.7068771259423
29.5085782567874,90.7376148308603
29.5085782567874,90.7683525357783
29.5085782567874,90.7990902406964
29.5085782567874,90.8298279456144
29.5085782567874,90.8605656505324
29.5085782567874,90.8913033554504
29.5085782567874,90.9220410603685
29.5085782567874,90.9527787652865
29.5085782567874,90.9835164702045
29.5085782567874,91.0142541751225
29.5085782567874,91.0449918800406
29.5085782567874,91.0757295849586
29.5085782567874,91.1064672898766
29.5085782567874,91.1372049947946
29.5085782567874,91.1679426997127
29.5085782567874,91.1986804046307
29.5085782567874,91.2294181095487
29.5085782567874,91.2601558144667
29.5085782567874,91.2908935193848
29.5085782567874,91.3216312243028
29.5085782567874,91.3523689292208
29.5085782567874,91.3831066341388
29.5085782567874,91.4138443390569
29.5085782567874,91.4445820439749
29.5085782567874,91.4753197488929
29.5085782567874,91.5060574538109
29.5085782567874,91.5367951587289
29.5085782567874,91.567532863647
29.5085782567874,91.598270568565
29.5085782567874,91.629008273483
29.5085782567874,91.659745978401
29.5085782567874,91.6904836833191
29.5085782567874,91.7212213882371
29.5085782567874,91.7519590931551
29.5085782567874,91.7826967980731
29.5085782567874,91.8134345029912
29.5085782567874,91.8441722079092
29.5085782567874,91.8749099128272
29.5085782567874,91.9056476177452
29.5085782567874,91.9363853226633
29.5085782567874,91.9671230275813
29.5085782567874,91.9978607324993
29.5085782567874,92.0285984374173
29.5085782567874,92.0593361423354
29.5085782567874,92.0900738472534
29.5085782567874,92.1208115521714
29.5085782567874,92.1515492570894
29.5085782567874,92.1822869620075
29.5085782567874,92.2130246669255
29.5085782567874,92.2437623718435
29.5085782567874,92.2745000767615
29.5085782567874,92.3052377816796
29.5085782567874,92.3359754865976
29.5085782567874,92.3667131915156
29.5085782567874,92.3974508964336
29.5085782567874,92.4281886013517
29.5085782567874,92.4589263062697
29.5085782567874,92.4896640111877
29.5085782567874,92.5204017161057
29.5085782567874,92.5511394210238
29.5085782567874,92.5818771259418
29.5085782567874,92.6126148308598
29.5085782567874,92.6433525357778
29.5085782567874,92.6740902406959
29.5085782567874,92.7048279456139
29.5085782567874,92.7355656505319
29.5085782567874,92.7663033554499
29.5085782567874,92.797041060368
29.5085782567874,92.827778765286
29.5085782567874,92.858516470204
29.5085782567874,92.889254175122
29.5085782567874,92.9199918800401
29.5085782567874,92.9507295849581
29.5085782567874,92.9814672898761
29.5085782567874,93.0122049947941
29.5085782567874,93.0429426997122
29.5085782567874,93.0736804046302
29.5085782567874,93.1044181095482
29.5085782567874,93.1351558144662
29.5085782567874,93.1658935193843
29.5085782567874,93.1966312243023
29.5085782567874,93.2273689292203
29.5085782567874,93.2581066341383
29.5085782567874,93.2888443390564
29.5085782567874,93.3195820439744
29.5085782567874,93.3503197488924
29.5085782567874,93.3810574538104
29.5085782567874,93.4117951587285
29.5085782567874,93.4425328636465
29.5085782567874,93.4732705685645
29.5085782567874,93.5040082734825
29.5085782567874,93.5347459784006
29.5085782567874,93.5654836833186
29.5085782567874,93.5962213882366
29.5085782567874,93.6269590931546
29.5085782567874,93.6576967980726
29.5085782567874,93.6884345029907
29.5085782567874,93.7191722079087
29.5085782567874,93.7499099128267
29.5085782567874,93.7806476177447
29.5085782567874,93.8113853226628
29.5085782567874,93.8421230275808
29.5085782567874,93.8728607324988
29.5085782567874,93.9035984374168
29.5085782567874,93.9343361423349
29.5085782567874,93.9650738472529
29.5085782567874,93.9958115521709
29.5085782567874,94.0265492570889
29.5085782567874,94.057286962007
29.5085782567874,94.088024666925
29.5085782567874,94.118762371843
29.5085782567874,94.149500076761
29.5085782567874,94.1802377816791
29.5085782567874,94.2109754865971
29.5085782567874,94.2417131915151
29.5085782567874,94.2724508964331
29.5085782567874,94.3031886013512
29.5085782567874,94.3339263062692
29.5085782567874,94.3646640111872
29.5085782567874,94.3954017161052
29.5085782567874,94.4261394210233
29.5085782567874,94.4568771259413
29.5085782567874,94.4876148308593
29.5085782567874,94.5183525357773
29.5085782567874,94.5490902406954
29.5085782567874,94.5798279456134
29.5085782567874,94.6105656505314
29.5085782567874,94.6413033554494
29.5085782567874,94.6720410603675
29.5085782567874,94.7027787652855
29.5085782567874,94.7335164702035
29.5085782567874,94.7642541751215
29.5085782567874,94.7949918800396
29.5085782567874,94.8257295849576
29.5085782567874,94.8564672898756
29.5085782567874,94.8872049947936
29.5085782567874,94.9179426997117
29.5085782567874,94.9486804046297
29.5085782567874,94.9794181095477
29.5085782567874,95.0101558144657
29.5085782567874,95.0408935193838
29.5085782567874,95.0716312243018
29.5085782567874,95.1023689292198
29.5085782567874,95.1331066341378
29.5085782567874,95.1638443390559
29.5085782567874,95.1945820439739
29.5085782567874,95.2253197488919
29.5085782567874,95.2560574538099
29.5085782567874,95.286795158728
29.5085782567874,95.317532863646
29.5085782567874,95.348270568564
29.5085782567874,95.379008273482
29.5085782567874,95.4097459784001
29.5085782567874,95.4404836833181
29.5085782567874,95.4712213882361
29.5085782567874,95.5019590931541
29.5085782567874,95.5326967980722
29.5085782567874,95.5634345029902
29.5085782567874,95.5941722079082
29.5085782567874,95.6249099128262
29.5085782567874,95.6556476177443
29.5085782567874,95.6863853226623
29.5085782567874,95.7171230275803
29.5085782567874,95.7478607324983
29.5085782567874,95.7785984374163
29.5085782567874,95.8093361423344
29.5085782567874,95.8400738472524
29.5085782567874,95.8708115521704
29.5085782567874,95.9015492570884
29.5085782567874,95.9322869620065
29.5085782567874,95.9630246669245
29.5085782567874,95.9937623718425
29.5085782567874,96.0245000767605
29.5085782567874,96.0552377816786
29.5085782567874,96.0859754865966
29.5085782567874,96.1167131915146
29.5085782567874,96.1474508964326
29.5085782567874,96.1781886013507
29.5085782567874,96.2089263062687
29.5085782567874,96.2396640111867
29.5085782567874,96.2704017161047
29.5085782567874,96.3011394210228
29.5085782567874,96.3318771259408
29.5085782567874,96.3626148308588
29.5085782567874,96.3933525357768
29.5085782567874,96.4240902406949
29.5085782567874,96.4548279456129
29.5085782567874,96.4855656505309
29.5085782567874,96.5163033554489
29.5085782567874,96.547041060367
29.5085782567874,96.577778765285
29.5085782567874,96.608516470203
29.5085782567874,96.639254175121
29.5085782567874,96.6699918800391
29.5085782567874,96.7007295849571
29.5085782567874,96.7314672898751
29.5085782567874,96.7622049947931
29.5085782567874,96.7929426997112
29.5085782567874,96.8236804046292
29.5085782567874,96.8544181095472
29.5085782567874,96.8851558144652
29.5085782567874,96.9158935193833
29.5085782567874,96.9466312243013
29.5085782567874,96.9773689292193
29.5085782567874,97.0081066341373
29.5085782567874,97.0388443390554
29.5085782567874,97.0695820439734
29.5085782567874,97.1003197488914
29.5085782567874,97.1310574538094
29.5085782567874,97.1617951587275
29.5085782567874,97.1925328636455
29.5085782567874,97.2232705685635
29.5085782567874,97.2540082734815
29.5085782567874,97.2847459783996
29.5085782567874,97.3154836833176
29.5085782567874,97.3462213882356
29.5085782567874,97.3769590931536
29.5085782567874,97.4076967980717
29.5085782567874,97.4384345029897
29.5085782567874,97.4691722079077
29.5085782567874,97.4999099128257
29.5085782567874,97.5306476177438
29.5085782567874,97.5613853226618
29.5085782567874,97.5921230275798
29.5085782567874,97.6228607324978
29.5085782567874,97.6535984374159
29.5085782567874,97.6843361423339
29.5085782567874,97.7150738472519
29.5085782567874,97.7458115521699
29.5085782567874,97.776549257088
29.5085782567874,97.807286962006
29.5085782567874,97.838024666924
29.5085782567874,97.868762371842
29.5085782567874,97.89950007676
29.5085782567874,97.9302377816781
29.5085782567874,97.9609754865961
29.5085782567874,97.9917131915141
29.5085782567874,98.0224508964321
29.5085782567874,98.0531886013502
29.5085782567874,98.0839263062682
29.5085782567874,98.1146640111862
29.5085782567874,98.1454017161042
29.5085782567874,98.1761394210223
29.5085782567874,98.2068771259403
29.5085782567874,98.2376148308583
29.5085782567874,98.2683525357763
29.5085782567874,98.2990902406944
29.5085782567874,98.3298279456124
29.5085782567874,98.3605656505304
29.5085782567874,98.3913033554484
29.5085782567874,98.4220410603665
29.5085782567874,98.4527787652845
29.5085782567874,98.4835164702025
29.5085782567874,98.5142541751205
29.5085782567874,98.5449918800386
29.5085782567874,98.5757295849566
29.5085782567874,98.6064672898746
29.5085782567874,98.6372049947926
29.5085782567874,98.6679426997107
29.5085782567874,98.6986804046287
29.5085782567874,98.7294181095467
29.5085782567874,98.7601558144647
29.5085782567874,98.7908935193828
29.5085782567874,98.8216312243008
29.5085782567874,98.8523689292188
29.5085782567874,98.8831066341368
29.5085782567874,98.9138443390549
29.5085782567874,98.9445820439729
29.5085782567874,98.9753197488909
29.5085782567874,99.0060574538089
29.5085782567874,99.036795158727
29.5085782567874,99.067532863645
29.5085782567874,99.098270568563
29.5085782567874,99.129008273481
29.5085782567874,99.1597459783991
29.5085782567874,99.1904836833171
29.5085782567874,99.2212213882351
29.5085782567874,99.2519590931531
29.5085782567874,99.2826967980712
29.5085782567874,99.3134345029892
29.5085782567874,99.3441722079072
29.5085782567874,99.3749099128252
29.5085782567874,99.4056476177433
29.5085782567874,99.4363853226613
29.5085782567874,99.4671230275793
29.5085782567874,99.4978607324973
29.5085782567874,99.5285984374154
29.5085782567874,99.5593361423334
29.5085782567874,99.5900738472514
29.5085782567874,99.6208115521694
29.5085782567874,99.6515492570875
29.5085782567874,99.6822869620055
29.5085782567874,99.7130246669235
29.5085782567874,99.7437623718415
29.5085782567874,99.7745000767596
29.5085782567874,99.8052377816776
29.5085782567874,99.8359754865956
29.5085782567874,99.8667131915136
29.5085782567874,99.8974508964316
29.5085782567874,99.9281886013497
29.5085782567874,99.9589263062677
29.5085782567874,99.9896640111857
